0.6320441720,0.9435325056,0.3594210333,0.7848054120
1.5856206384,0.5912781852,0.2943285612,0.9227256864
0.9067829311,0.8693315447,0.3641384263,0.9731768146
1.3112209167,0.2245243307,0.8054958679,0.6808962313
1.2906030027,0.4710605212,0.0308054706,0.8947982031
1.5286698619,0.5736325238,0.3903082577,0.3546790372
1.4002228589,0.6519730195,0.3470284246,0.5075799081
0.8584647265,0.3709357027,0.0552028539,0.2504092003
1.2429838513,0.8409630382,0.8181544146,0.6673254262
1.8182125576,0.4705875911,0.9698444927,0.8402607540
1.2889441994,0.2450674613,0.5675470894,0.9559512473
1.0273181883,0.7856175646,0.3693502797,0.4699236659
1.9343167630,0.5178268273,0.9018934017,0.7142955456
1.2166935284,0.3981379235,0.4620413497,0.0923098061
1.2901934630,0.4920349578,0.2290223638,0.0931320280
0.4910064841,0.0912768202,0.2158254595,0.6991263910
1.0816014771,0.1791832249,0.5683871583,0.6026190587
0.6469882888,0.9662654268,0.4581998481,0.7745273112
0.5592037218,0.0348943207,0.6446066187,0.9803033293
0.9365893793,0.0473827949,0.9076498214,0.1557783648
1.0111016938,0.6752487079,0.0252779212,0.0614655915
1.1107929273,0.1346966562,0.9013229583,0.7828889387
1.6388655900,0.6617883437,0.6494568421,0.2937609463
1.5798088019,0.5281052871,0.4818685348,0.9511148453
1.6524143612,0.4542040976,0.7469234737,0.3586530944
1.0902700613,0.9254249509,0.8523723209,0.9918857235
1.3848145765,0.2270426286,0.8703851293,0.4769903583
1.4884924284,0.5093821142,0.5417980970,0.0918404166
0.7724255399,0.8810777642,0.6043950323,0.1053065172
0.8794394748,0.7390570909,0.1134350822,0.3812482551
1.3818620817,0.6695266463,0.4652623430,0.0649695622
1.5001690828,0.6222619493,0.3667278335,0.3813389429
0.8023802441,0.1629516558,0.1839122956,0.9930890049
1.6822753483,0.6044454403,0.5874248354,0.7809758584
1.1318666212,0.3835388450,0.1541601974,0.6071659526
1.2135433423,0.4048348306,0.4034558557,0.0878309843
1.1395666103,0.4209050994,0.0519361161,0.9019569217
1.4957276524,0.3748499283,0.7153179795,0.5883298596
1.2649048006,0.4401443827,0.3384512988,0.0319409405
1.1650246305,0.6545933215,0.0994545789,0.2348020912
0.5219870055,0.9589081170,0.3758380185,0.3624961816
1.1599877943,0.6898904407,0.2697473617,0.3681897295
1.3874956556,0.3074777350,0.6953240533,0.0772831711
1.7950462668,0.3809095318,0.9972630420,0.6409518080
1.2053974469,0.4751502507,0.2891956439,0.0226761062
1.2256752015,0.9094937224,0.9208027935,0.9785156260
1.5063023235,0.4794784175,0.5932916873,0.2889972025
0.9870335046,0.8283978673,0.5826546219,0.2966726389
1.1371079643,0.2950591331,0.3562295302,0.6706954261
0.9930064919,0.7695699353,0.1037302902,0.9288857162
1.4836929969,0.7531299653,0.8048760838,0.1975351832
1.0300689862,0.1428738862,0.7342128324,0.9389650636
1.0060982120,0.3467293659,0.0999995225,0.3265488288
1.0238973832,0.8377456955,0.8237511344,0.2343547807
0.9508507938,0.1548952317,0.4954866225,0.3205338385
0.7415758947,0.8506611815,0.4649752148,0.2267679584
1.1750852898,0.4304727752,0.2226132202,0.7038933328
0.6208851580,0.9720259446,0.6084430670,0.2375674208
0.8572034944,0.8120563145,0.3648452999,0.0881532470
0.8825925216,0.1537128292,0.3708814465,0.8348566746
1.4051073325,0.2266648281,0.7824811859,0.0823628664
0.9785886688,0.8396315245,0.7149868584,0.0882694466
0.3910453641,0.0423782107,0.2514671318,0.1792270701
1.4100971480,0.6473700308,0.4710393321,0.5730588620
1.6050787263,0.2851849962,0.9783676438,0.1021245570
1.5479115491,0.6629381865,0.5315172200,0.9898750327
0.5631224818,0.9548557242,0.4796249727,0.4480076427
1.0819156806,0.3566639343,0.1718464380,0.6818431257
0.8696994804,0.8868451026,0.4761978029,0.9176055384
1.0481939728,0.2451468885,0.2670815140,0.9551391351
0.7291180265,0.9194460480,0.5123844017,0.5507836232
0.8566197563,0.3532081549,0.0285165098,0.3748285981
0.6876171897,0.9850909068,0.5081698139,0.8071756941
1.3244061252,0.1608940433,0.7341634148,0.5902935715
0.4046961945,0.9866647030,0.3118540587,0.4665226817
1.4549569728,0.2715751386,0.7373789941,0.0685326955
1.5803309595,0.7313143911,0.8344154522,0.2481266501
1.3129784326,0.3585807360,0.3455065480,0.8764257957
1.4311451170,0.1558639181,0.9143115660,0.0925997027
0.8106793510,0.0370804479,0.8117915990,0.0653547509
1.6715570362,0.5681616154,0.5178425247,0.8858050797
1.8789927939,0.6743598491,0.9821016257,0.6815333711
1.6656040847,0.3342865848,0.9374205674,0.0790833756
0.9798932926,0.6822094712,0.1082293619,0.1792798327
1.2948602444,0.3863176014,0.4996800161,0.0535824864
1.3297724073,0.4057003113,0.5369944129,0.2789253795
1.5159221919,0.4060930458,0.7795275170,0.1904733622
1.0183863534,0.3090028500,0.2760914212,0.2489365428
0.9672339152,0.0372722613,0.9567434407,0.5086107407
1.5336839249,0.3269938694,0.8804788538,0.0219318583
0.4602742760,0.1059878344,0.0187787313,0.0305894454
0.4201773452,0.0026419996,0.6085496819,0.7175640716
1.6480850894,0.3541077355,0.9280014409,0.7556578242
0.7502349781,0.9879278059,0.7682878869,0.5224425043
0.3612869197,0.0560907453,0.1197352839,0.3267944385
1.1292004777,0.1359690364,0.6374474355,0.0695024442
1.4384343483,0.5424425234,0.3632457599,0.3838943560
0.8790188495,0.0790388823,0.7190117511,0.7640212340
1.3068385193,0.3190505314,0.3763651799,0.6924100793
0.9457100668,0.1319064130,0.6145692799,0.3421036108
1.4590012049,0.7004463912,0.6355039267,0.3117922050
1.1161888251,0.2799712738,0.3919002866,0.2959541815
1.3338740103,0.7589543023,0.7905969472,0.4954855219
1.1356664535,0.2369290876,0.4924378768,0.7564595936
1.1262784531,0.5455409641,0.0155257959,0.0876093198
1.5590446252,0.3844727388,0.8426312877,0.4276218988
1.6827307909,0.6235442698,0.5643705385,0.0809023263
1.3792915435,0.4775740853,0.4316389482,0.4579629361
0.7079518743,0.9107232218,0.2993448016,0.9774548228
1.4988722779,0.4720253113,0.4777146085,0.7123506604
1.1373639264,0.4771006989,0.0591704353,0.5621795486
1.1200900703,0.0866809295,0.9293267002,0.3113399494
0.8131269209,0.9337322482,0.5185972541,0.7813124853
1.4322163133,0.5064052076,0.2106655182,0.9970746826
1.5562969783,0.6343774920,0.4505774509,0.9402476162
1.5363825708,0.5564510795,0.4062645208,0.1986551548
1.4900966970,0.3337086622,0.8115932901,0.1615316244
1.5749635251,0.4628860722,0.6427808242,0.4441596369
1.0317420717,0.3989417892,0.0370265481,0.8157184976
0.7022468092,0.0739528311,0.4327455454,0.0842992170
1.4475308777,0.3140742596,0.7808576460,0.9250517181
0.4709816506,0.0401618955,0.3011735922,0.6886043838
1.6223147085,0.3718391337,0.9871953012,0.1421196573
1.2605557046,0.1378834482,0.7280971263,0.6942383308
0.1298267038,0.9368237860,0.0742299916,0.0165378729
1.2718439669,0.1283140016,0.9220067526,0.4339453878
1.1676715669,0.4290089059,0.2698031985,0.1946378077
1.1435952403,0.1168486549,0.7533399547,0.0429575436
1.1980198688,0.7412332661,0.5008089311,0.1806256601
0.7170901780,0.2290742320,0.0435520436,0.8422095291
1.7376012175,0.5970032786,0.7353083796,0.5388469002
0.7386976891,0.0599850886,0.7106684398,0.8891344574
1.1154533385,0.2643106943,0.3900272935,0.9914195845
1.2102599560,0.6173129944,0.1304649887,0.1737708841
1.4756961129,0.2576204834,0.9278241225,0.8085997833
0.5135489519,0.0167898496,0.5621356752,0.2000940553
1.2130338891,0.2498171684,0.5271652082,0.1927563304
0.9238317624,0.6863947032,0.0379895481,0.0318312963
0.9124178465,0.2892995854,0.0923519970,0.8546662678
1.1954531792,0.7690557400,0.5600721468,0.7345080979
0.1574512737,0.0098079293,0.2393669971,0.5184107389
1.0904023695,0.8044426439,0.5907211915,0.3312265414
1.4482293231,0.2502259116,0.8594845211,0.5564704692
0.5992913719,0.8536720450,0.1033517163,0.8027797058
0.5097651729,0.0695483148,0.3507669503,0.4010438090
0.9736439890,0.0646790162,0.9293041049,0.4154618039
0.7761150180,0.0646750987,0.6909010872,0.3346891336
1.8070435186,0.5993729170,0.6665245011,0.9708162982
1.8065496106,0.5754631824,0.6426452351,0.9599493860
1.1105439897,0.3232892407,0.3323855690,0.7115406043
1.5518070394,0.6441303739,0.3289530615,0.9344013668
0.9885081203,0.9776750526,0.9946146227,0.6969968885
1.2339451795,0.8307929870,0.9006451992,0.5996033471
0.7726102811,0.9051283017,0.5511240651,0.3247671361
1.4514580402,0.5195282359,0.1611063882,0.9721942699
0.7555214051,0.1611415117,0.3329260198,0.1250626238
1.3122640890,0.8293122594,0.7436950090,0.8454201623
0.9052621097,0.9231103759,0.7825593708,0.6009084289
1.6036366694,0.6969356796,0.8499885768,0.1591903768
1.2750408141,0.2300996677,0.5794119764,0.4748876084
0.4050051975,0.9339202560,0.3308150446,0.0688122172
0.9406750491,0.2851569051,0.1783033178,0.4247667249
0.9310078830,0.1058957804,0.6220830782,0.3877813217
1.3866847416,0.2287170937,0.8874813543,0.9883800035
1.1187795153,0.6852943800,0.1068882868,0.5262475739
1.3553974352,0.6998155355,0.4679046625,0.1686020814
1.5705020967,0.3469555575,0.8951290731,0.0410104533
0.7813795061,0.0516729325,0.6975933640,0.8289914623
1.9263802417,0.6170379231,0.9010357006,0.5137470020
1.5845289526,0.6502323621,0.4314381390,0.7917003305
0.4769490371,0.0351592669,0.3914861793,0.3621140184
0.8171349265,0.1090834334,0.4779696262,0.7446932910
1.4100218563,0.1484490334,0.9945711419,0.2000022841
0.3500168272,0.9005196131,0.0193015716,0.5103300479
0.3729190361,0.0615151871,0.2942021581,0.8056303405
1.8845188421,0.6095674160,0.8905600048,0.4884447167
0.5706715547,0.1088774568,0.0767903848,0.5288811350
1.1814770212,0.9185169988,0.9855534477,0.7515522615
0.4610494365,0.0698301030,0.1745140729,0.6327941951
1.9118773866,0.5884129593,0.9104742497,0.4822946555
0.9739810009,0.2764393790,0.1200295938,0.7520014162
0.7603197926,0.9066643399,0.7285257008,0.1612538009
1.7987853590,0.6171888932,0.8992592314,0.4781174715
0.3762427612,0.0390840781,0.2714907671,0.6582797380
0.7180734463,0.1257293039,0.3499350351,0.9800509980
0.8307988896,0.1303262468,0.4363929552,0.6489118446
1.3699981125,0.2122601889,0.8096048630,0.1722881796
1.3847138084,0.5983308880,0.0375353565,0.9996871413
1.3439631717,0.5271082372,0.2388628885,0.1352719514
0.3726118573,0.0406287781,0.2668559146,0.8423401476
1.5267317997,0.2484285328,0.9394837270,0.9923706355
1.2395691575,0.5741071527,0.1167436116,0.3405626482
1.3073186792,0.7039181379,0.3731421812,0.6502910325
1.1510424076,0.6903490137,0.1693109605,0.2942319742
1.6018231824,0.6562455084,0.5110295128,0.5059580680
1.3649828492,0.1207052233,0.9032409817,0.0292031110
1.1730060243,0.7511472558,0.2917986422,0.7702161315
1.4795270262,0.3133137170,0.8041831405,0.6190313284
0.9570143093,0.9626169555,0.7153866620,0.8972628852
1.4375318552,0.3523297414,0.7020813200,0.6870585191
1.3711134711,0.2064883148,0.7649219029,0.5435452824
0.8705400365,0.9170411109,0.5106388815,0.8688202113
1.1459865636,0.3098180905,0.3524733377,0.5562446302
0.5646234567,0.0709141005,0.4372099900,0.8918383020
1.9882884139,0.6580959945,0.9350824549,0.9209577213
0.6096352269,0.1035822287,0.2570124347,0.7385689353
1.6385236729,0.4457424794,0.7918914701,0.4798329348
1.0066196605,0.1948248904,0.2851186247,0.5586992880
0.3595231386,0.8886795412,0.0223181026,0.5101325007
1.9521558100,0.5578854613,0.9133042677,0.0528748085
1.5075362175,0.4008643192,0.7110885294,0.2033606484
1.2066337126,0.6642039337,0.2558726696,0.5298320720
1.2542791626,0.5507695001,0.1062606427,0.5453120228
1.1532111614,0.4942060822,0.2142017582,0.0140355960
1.0582570526,0.7858703850,0.4558701978,0.4934767022
1.1956477796,0.3709869797,0.3636955277,0.5676695610
1.4579658125,0.5539355331,0.3567565584,0.5813208013
1.3390803753,0.3597982355,0.4419803581,0.3608384473
0.1694010170,0.0250753059,0.0670700424,0.9107105105
1.2517625734,0.4741486873,0.1393288537,0.6339612626
0.7436494326,0.8404966752,0.3525496052,0.4184162460
1.0614524543,0.9166677783,0.9271641363,0.8264244528
1.2657712696,0.4583669244,0.3516870612,0.0604251314
1.1884587341,0.7159396554,0.1976043852,0.7605396092
0.8763090226,0.8601441840,0.4964845719,0.6064865059
1.3331584225,0.6298055990,0.2626027337,0.3045006403
1.3066276601,0.3112702641,0.6426559719,0.8532555916
1.2859150298,0.7452886897,0.6164545830,0.0883004863
1.2399826040,0.3744367960,0.4504228459,0.6886807328
1.0766074932,0.8191689212,0.4720886184,0.8085118015
1.2110799378,0.4578516953,0.2469364954,0.0988032405
1.2744540223,0.2980367488,0.4613186628,0.7404918699
0.6873202314,0.8706523093,0.4164843479,0.3087646971
1.3745435451,0.5244542020,0.3744414896,0.2444702331
1.1223327415,0.7486899930,0.2562844404,0.7279519595
1.4107764703,0.6509432647,0.3172447034,0.8015551962
1.6559735017,0.3190291067,0.8372202057,0.6579201870
0.7194171384,0.0938565162,0.4606158855,0.1935122091
1.0024496595,0.4799068466,0.0551533155,0.0842023931
1.7206076124,0.5355517123,0.7122707239,0.1658462399
1.7582713266,0.5540766495,0.7109818953,0.8385502466
1.8140205263,0.4391130732,0.9914918371,0.9792159013
0.7793761983,0.8182483550,0.3488387071,0.1693842581
1.4786673570,0.1999020534,0.9164836262,0.0535734852
1.6557646358,0.4202917026,0.8379943033,0.2157603975
0.6804932959,0.1251061928,0.2453671883,0.7079044681
1.1452669034,0.6248181753,0.0901765341,0.1516099140
1.6029043407,0.5896702745,0.5429582169,0.7224371905
1.1511403374,0.2299192790,0.5354089732,0.8244794965
0.9377770023,0.9617283093,0.7577839214,0.8761871845
1.0106642851,0.2029513619,0.4862338316,0.9745181552
1.2613855171,0.6154747330,0.1506620096,0.3845235278
1.2816194786,0.1880591025,0.8265260425,0.1539943319
1.3767895513,0.4382376506,0.4875529330,0.5027699958
0.4361037521,0.8361660769,0.0456120220,0.1848749401
1.1017188225,0.2006606207,0.4489373061,0.9154181600
1.1632893937,0.7291688849,0.4440653880,0.3370494596
1.1747034735,0.8082237123,0.6452022636,0.7039138985
0.4344860579,0.8928109674,0.0519961179,0.8098757419
0.4933790749,0.9877527666,0.4987914707,0.0751283065
1.2664249436,0.0962876301,0.9088163321,0.1790038530
1.2999091734,0.7720798571,0.7562694559,0.4044731928
0.7929881128,0.2278332879,0.1174997476,0.2869685299
1.8331578603,0.6360348264,0.8301775409,0.4825663175
1.0968626349,0.1185658297,0.8224407920,0.5028413427
1.5484105126,0.4442354624,0.7402669200,0.0375400483
0.6913168022,0.1809813780,0.0334571928,0.2545475777
1.0747387605,0.4653832918,0.1848313010,0.0351053817
0.6655024189,0.0795962441,0.3536231761,0.4424312671
1.0725246138,0.1771678622,0.4890274484,0.6356383421
1.2316085497,0.3454159627,0.5210149607,0.1891403034
1.2773014275,0.3651483361,0.3807153804,0.6741509141
1.1524616469,0.7772681218,0.3191702427,0.6721940376
1.5480132518,0.2508451450,0.8793440544,0.1267223069
1.3717300988,0.5979425845,0.2341206703,0.3204817183
0.9711375369,0.3813674928,0.1903471477,0.5243509583
0.9927842180,0.8971637269,0.9743770255,0.1048426640
0.5572187599,0.0814106100,0.3855536046,0.9502808212
1.3092745993,0.7268886988,0.3506951154,0.9551678947
0.7887682812,0.8873335151,0.4024945518,0.9495374493
1.2605545051,0.8143355882,0.7014751149,0.7655500269
0.8105814727,0.9364306738,0.7206176174,0.6682634319
1.8448658030,0.4628275046,0.9594267319,0.2741332262
0.4657475516,0.8735807583,0.2384442397,0.2299529285
1.3479830681,0.2259138243,0.8970185622,0.7331616660
0.9698561130,0.2557167434,0.1608810367,0.7024735141
1.3449366321,0.1423066659,0.9175776687,0.1241228475
1.3251235681,0.6687642161,0.2137886257,0.6438662324
0.8966854050,0.9165421562,0.8355902573,0.6148901151
1.5237576050,0.4948644814,0.4282088836,0.7036547987
1.3904714164,0.7625894854,0.6530877085,0.4766097598
1.0116399222,0.7395756778,0.3473886280,0.2593345909
0.3354173499,0.0489714759,0.1967230400,0.9706183528
1.5133992289,0.6332001752,0.3751103524,0.9554451968
0.6157896282,0.0680522762,0.3223810499,0.4193552658
1.5190744638,0.2452729426,0.8137976681,0.2645475112
1.8417448064,0.4866130744,0.9696877831,0.4913589776
1.2189251523,0.2369825221,0.5956938951,0.8578383324
1.0115313286,0.3555893052,0.0755311058,0.4210415670
0.6885526313,0.8040714325,0.1540815802,0.3033607132
1.3666983952,0.1971838202,0.9028889371,0.8370772492
0.5849937155,0.1373659807,0.1263515682,0.2303919844
0.8918239181,0.7637483555,0.0870072208,0.5652315930
1.7638629674,0.7042719655,0.9180313444,0.9679605778
1.7845995520,0.4335891700,0.8537308958,0.9872089205
0.8598458180,0.9923967091,0.8452299869,0.6156253284
0.8851951667,0.1033802146,0.5522439587,0.0103386822
0.8178572661,0.7972760784,0.1890659603,0.4758900678
1.2310420805,0.1313242019,0.8055362911,0.4452680146
0.9319653552,0.3818362325,0.0518903539,0.6981614432
0.2671831346,0.0299374162,0.2985089157,0.8232286784
1.3630998227,0.4625410197,0.2925364413,0.8539970271
1.6297870489,0.2261164221,0.9845081404,0.2903994294
1.4391745155,0.2317712063,0.8958835412,0.0183995996
0.9049461841,0.8803187263,0.5588440523,0.8047395220
1.1858144443,0.4216548185,0.2532475980,0.4433173713
0.6745301554,0.1913969545,0.0363316700,0.3400909458
1.2621326851,0.6359968866,0.2343151358,0.1072568235
1.0492270580,0.7302229374,0.0149923233,0.8613790288
0.2470127623,0.0125581151,0.2346641798,0.4423495992
1.1208793914,0.2562678883,0.5246305465,0.7714204292
1.4864740388,0.4943215946,0.4686118183,0.6136357542
1.2250038644,0.3274795623,0.4125695028,0.4050483215
1.1901721163,0.2657509211,0.5345664264,0.9910571928
1.1733092962,0.6207604749,0.0955988365,0.2536839723
1.2426757409,0.4965464524,0.1133980201,0.6426284523
1.5187808383,0.6897203713,0.6207801498,0.5492221036
1.0561926457,0.2625632727,0.3691715799,0.2543873291
1.7367057886,0.4885786054,0.8695864634,0.3518002390
1.3542738837,0.7116949882,0.4218923517,0.4660394820
0.5925504717,0.9302362598,0.2735368730,0.8848106450
1.0362816540,0.0981421743,0.7464201845,0.3624314590
0.6072908061,0.8689464842,0.0925789331,0.8111065264
1.3362111273,0.8299780774,0.9775596915,0.7296894131
1.2649051809,0.1903952883,0.6946234795,0.3113098686
0.7723066586,0.9850146321,0.8177478081,0.5647349888
0.7283595899,0.0910162854,0.3721372696,0.6016680799
0.2965194462,0.9436892714,0.1530518953,0.2992947033
1.6511759056,0.7480619272,0.9829107915,0.9926041007
1.4027101920,0.2813494685,0.7314884248,0.1622130456
0.8096454486,0.0641394245,0.6132518036,0.4005110227
1.3705982872,0.5907155107,0.3501207300,0.0081398906
0.7281604302,0.2015059149,0.0316842496,0.8129336094
0.4410146654,0.0838853850,0.1551465482,0.0642521003
1.0247865461,0.8163966171,0.6037418177,0.1904163311
0.9445884711,0.2061829255,0.1961538489,0.1553115255
1.7700631110,0.4317756219,0.9260778883,0.9499428047
0.3436923086,0.9677406684,0.1035910573,0.7722280504
1.3205519106,0.3485651560,0.5344474702,0.3055294912
1.3931553045,0.6907883931,0.3272204242,0.8771864024
1.1615242747,0.2126087677,0.3712010027,0.7495161193
0.4806731124,0.1179357470,0.0594842797,0.1042921649
1.7712686048,0.6893143716,0.9617774670,0.4638028864
0.9908473712,0.4318896116,0.0910573558,0.1006043730
1.1694229130,0.2051238846,0.5103965869,0.3014697890
1.4841899319,0.3426622976,0.5976952329,0.8901316776
0.4823413902,0.0944258603,0.1278842700,0.1916663972
1.1118466918,0.8213076476,0.4062645695,0.8556523704
1.2481247428,0.4976639249,0.1655746582,0.6487439284
1.2991582895,0.1823043790,0.8188260558,0.1822048038
1.3661345060,0.2125048456,0.8450345859,0.8149158596
1.5867105181,0.6151785626,0.4643067916,0.6828270089
0.8725300109,0.2390760679,0.0349654705,0.3546562136
1.4027520823,0.6230452434,0.1898198991,0.7261738869
0.6701296754,0.8655911587,0.3847674618,0.3413222007
1.0710786211,0.1240047878,0.8061304143,0.3821507711
0.6406690971,0.9647433957,0.4758365814,0.5698803958
1.3907225870,0.3233778638,0.5206857332,0.7329730218
1.2536331512,0.2628771782,0.6229020045,0.9864019597
1.1627557707,0.3757431509,0.1809799201,0.9188517534
0.9952506335,0.0775089787,0.9719084600,0.9507261475
1.3862436168,0.3483284497,0.4997472346,0.1467242540
1.2763093279,0.5897233029,0.0272371454,0.8407958593
1.2497401059,0.1086672420,0.9201959610,0.2240107704
0.8732813731,0.3613119119,0.0276043520,0.3774864216
0.9393060327,0.0643956810,0.9271323399,0.8179087308
0.5511060543,0.9771070345,0.4490000666,0.6273194620
1.8121642000,0.5128204778,0.9751984406,0.5519751366
0.9466235713,0.7983719239,0.3176880126,0.7340619147
1.0679037131,0.7404110298,0.4212380154,0.2201517295
1.0861191495,0.1498312205,0.8082153326,0.9464073549
1.1814018693,0.2026667328,0.5451144395,0.6339681210
1.2579973132,0.1165926746,0.8768872787,0.1968731167
1.5756034244,0.6619893267,0.5343092277,0.7077179238
1.2956789976,0.5848004630,0.1581504855,0.0573749950
1.7066853283,0.6780660052,0.9035700655,0.4847100909
1.0795088430,0.9012906563,0.9995543175,0.5559060525
1.0520443561,0.3212471635,0.2039003729,0.5804113543
0.1625043516,0.9122364452,0.0371409802,0.5098940564
0.8219843616,0.9873059225,0.7911459572,0.7213410299
0.8627022377,0.2830323716,0.0400828503,0.7737089468
0.4691893627,0.8287788692,0.1286261070,0.1174429304
0.9520356567,0.1707060447,0.5635015616,0.5574874776
1.7373263307,0.3826826666,0.9748631934,0.7424751412
1.2201943074,0.5241591824,0.1839252802,0.0726876939
1.7800215341,0.4850726640,0.9020827619,0.7027727213
0.5696169651,0.9148930000,0.2709644746,0.3851364317
1.2578736894,0.4782723982,0.2249794070,0.6250851626
0.9231216703,0.1465407917,0.5335456411,0.4785974711
0.7825448631,0.3161654312,0.0551264131,0.3015554603
1.1909888429,0.3923340035,0.2867138970,0.3589124626
1.1689288257,0.3395672439,0.3947752247,0.2322185706
0.3795135375,0.0895023873,0.1174498087,0.4155815233
1.2304083052,0.7126856223,0.3589493380,0.2371785493
1.3150483356,0.6265462215,0.2715056962,0.3815590634
0.8602998431,0.8305568749,0.4312164434,0.3190775393
1.3664506366,0.2900874773,0.5886530853,0.9995978854
1.7832573449,0.5670054324,0.8171766817,0.0138492748
0.7264222016,0.9901074632,0.4997385005,0.8336613958
0.8220035699,0.9823772179,0.5814234801,0.8503539097
0.9351191735,0.0710401405,0.8492913468,0.1392985858
0.4466054699,0.0396686490,0.3116243496,0.4782138615
1.3195763553,0.6388424872,0.1868673006,0.6085409201
0.8454215309,0.0354758185,0.9672408125,0.9090525285
1.2615231832,0.4126538282,0.3410906128,0.4862021766
0.9334558879,0.9555945095,0.6679670352,0.7877496961
1.9441830260,0.6634994543,0.9965400527,0.1032462280
0.4528091820,0.8873289779,0.3311862987,0.0778476889
0.8672785415,0.2885690279,0.0848734630,0.7784531530
1.5264319852,0.6629972752,0.4863742628,0.8213797458
1.3495859159,0.3387300449,0.5104385390,0.5623078136
1.2461319102,0.4727798858,0.1762848485,0.7273020703
0.7695423506,0.2265381493,0.0803917223,0.2590980569
1.3947605922,0.3876385626,0.7065660300,0.5519462700
0.7297401954,0.9258887478,0.5360822956,0.3050864507
0.3463189013,0.8902744909,0.0296542985,0.1943099120
1.1951066787,0.7703503486,0.3114405260,0.9501130210
0.4960765848,0.0827917548,0.0863712854,0.3116880567
1.7373629735,0.7019317310,0.8537012980,0.2593003867
1.4917507816,0.3593675816,0.7452564135,0.6193330608
1.7461543585,0.5566212689,0.6684768931,0.5521470816
0.4810392637,0.0980903400,0.1205546774,0.4362367560
0.3640795798,0.0206022954,0.3502412375,0.4756710280
0.6186756287,0.9847431056,0.5825820013,0.1626055508
1.4630295457,0.4939093453,0.4885496122,0.7055394982
1.3139783143,0.7082656219,0.3228123344,0.8264403770
1.1110200012,0.4992189255,0.0376417048,0.4580071997
1.1597072910,0.1549759004,0.6395325419,0.7127923469
1.3306923919,0.6441007645,0.3387599650,0.2327299347
0.5090688483,0.0847299177,0.3380229652,0.5417180757
1.0489980438,0.0696311577,0.8185410013,0.3929147195
0.5790760278,0.0786853077,0.2882454874,0.1751097501
1.0195696512,0.2671061568,0.3546882569,0.2479593529
0.9574089643,0.0614934445,0.8509027579,0.6925032041
1.7596666801,0.5942874069,0.7349635564,0.6167697272
1.4147100769,0.5476677039,0.2163515006,0.5690411193
1.7089449211,0.4994132076,0.7957621677,0.8166205688
1.3896428618,0.6780549287,0.4857877680,0.0838590973
0.9429805993,0.8952445156,0.5051915711,0.9678697437
0.3830438752,0.0823908848,0.0583443506,0.6101502314
0.9014043234,0.0223267246,0.9591365145,0.0085885964
1.2897406251,0.7784871088,0.7557818153,0.6279534514
1.7453378395,0.5936965171,0.6992565186,0.8870628832
0.5526014787,0.8839785119,0.4342295839,0.0689889316
1.0579320562,0.7575959820,0.2871984889,0.4864032013
0.8517339045,0.2758768732,0.1515988844,0.1579547385
1.4492868196,0.6659308428,0.5378842366,0.1995241059
1.5719067544,0.7581934641,0.8154021228,0.6879746651
1.8081392425,0.5732651522,0.8942178849,0.2927152588
1.4737787252,0.6885079367,0.6009902927,0.5919576809
1.0240976958,0.3491528340,0.2732007394,0.0625115725
1.5897652191,0.4290493740,0.7325230418,0.5838685840
0.3015164658,0.9559840786,0.1130299408,0.4985939152
1.1353666575,0.0805882752,0.9288927198,0.2719800489
1.5603150963,0.3425620482,0.7673606746,0.8725409821
0.4751183479,0.9678532926,0.4442685022,0.2352608720
0.8969640698,0.9325633331,0.6010487098,0.9034728313
1.3360537761,0.1820029444,0.8278773906,0.8373255320
0.4030128518,0.9776671175,0.3695445928,0.4066924310
1.3679241046,0.6866510598,0.2890004681,0.7416463956
0.6944139160,0.9463943067,0.5304024566,0.5817261441
0.9255279025,0.2469289833,0.2173143825,0.2363072753
1.3813299609,0.3002325794,0.7805940594,0.7765901729
1.0855072767,0.2384612080,0.3916243671,0.9644644402
1.3949111988,0.4019359878,0.4127871658,0.8530370865
1.1481313868,0.7873452308,0.4506657881,0.8149452461
0.8104377562,0.3449479101,0.0370478938,0.2845400274
0.5465379138,0.8965511727,0.0890803885,0.7952742922
1.2429941489,0.4932191184,0.2402223133,0.3085795185
0.8967893174,0.9078108326,0.8257045416,0.6165353473
1.2973318788,0.7716099740,0.8411750271,0.3821466599
1.0224212397,0.3673955384,0.2230791237,0.0345301574
1.1677412725,0.5556142819,0.0295749611,0.6447573597
1.6875617283,0.5846725518,0.8621738180,0.3158741884
1.0107362969,0.7949852225,0.5010422714,0.1985185525
1.6531979368,0.6462808765,0.5878628121,0.9966109194
1.2418793764,0.7637383182,0.7254943820,0.3353646281
0.2445857870,0.9314738793,0.0316371499,0.4240477122
0.3386212764,0.8991866190,0.0742975684,0.4926046167
0.7263206851,0.7725736236,0.0484024762,0.3393448925
1.4869231315,0.6631472514,0.3369722207,0.7292583650
1.4704124221,0.3694061331,0.6868609272,0.5077225968
0.9094329748,0.1180372885,0.5704871509,0.5320462416
1.5544185811,0.3921936077,0.8590749783,0.6080581779
1.1377776104,0.6860117400,0.1451821539,0.3885232113
1.3568209468,0.3071472265,0.7393253610,0.1224416831
1.2414497436,0.3176844847,0.3989069959,0.4148597567
0.9932859805,0.7296101116,0.2391346718,0.3461257305
1.0846607101,0.1137551094,0.7605775882,0.2573244476
1.0943580205,0.3320696305,0.3112243425,0.4761374960
1.0807971143,0.8101555523,0.6508569420,0.4931945472
0.9599025691,0.8990049133,0.6363643630,0.9853272049
1.2385934203,0.6581321549,0.0561826666,0.7215550205
1.7234210329,0.4528669235,0.8298511103,0.8701485838
1.7727081756,0.5319389425,0.6692891257,0.6415577291
1.5885899117,0.3617830196,0.9402522285,0.0409435542
0.7610559763,0.0593243372,0.5970791518,0.4699629598
1.5534246815,0.3309198159,0.8641180073,0.6997084630
1.0896272157,0.9120609318,0.9217114852,0.7739375023
1.1613953471,0.2001524301,0.5080565338,0.6717691293
1.0728463500,0.7872090471,0.4601903564,0.1151119780
0.8200635314,0.1196213950,0.4790285804,0.8831536591
0.7342553650,0.9052459452,0.5245700960,0.5939174680
0.9370690259,0.8689484174,0.5679279378,0.5862184382
0.6530660809,0.0837875538,0.5214873057,0.8443476693
1.2829219404,0.5125046090,0.2324759920,0.0855619943
0.9095039648,0.8514003605,0.2188014744,0.9174188490
0.5881455321,0.0932395688,0.3552224104,0.8989015825
1.1231097903,0.6485337519,0.0378646840,0.1742207434
1.6413190174,0.7101808577,0.8463441659,0.5805740922
0.5476978393,0.1461101205,0.0700571709,0.9958496567
1.3763452746,0.8058158215,0.8365305582,0.6751703012
1.0537933937,0.2937937183,0.1042658064,0.8020604786
1.2775841993,0.5544653369,0.0462902934,0.8004937650
1.6121747364,0.5167436757,0.6689850865,0.0088422398
1.5026140059,0.6302319197,0.3879034887,0.4669340075
1.6915091375,0.5719758432,0.6160425929,0.8021311807
1.0513204567,0.8187740015,0.1862091348,0.9780808754
0.4775263384,0.9110364183,0.1759955469,0.6858188147
1.7008319272,0.3951898519,0.9077987837,0.5282724950
1.6521424429,0.5388628685,0.6677094144,0.0508811096
0.9010592477,0.3700646484,0.1443893953,0.1188696090
1.3744812443,0.1620324551,0.9761383444,0.5128119926
1.7178531184,0.5725199888,0.6814321477,0.0271944382
1.5662929192,0.7542610646,0.8506693847,0.3873625253
0.9803597888,0.7702908689,0.3014944475,0.3151130442
1.1758457725,0.3172837451,0.3519612006,0.7874003882
1.0406422042,0.8463909939,0.6685699610,0.3568758185
0.5891190078,0.9619958638,0.2034113701,0.8822276342
1.2658422402,0.8495469548,0.7467711881,0.9535911327
0.8246155853,0.0347882385,0.8845635755,0.5465555616
0.6473872464,0.8566882645,0.1490621880,0.8214908137
0.6038379788,0.8671281805,0.2859955680,0.2106409416
1.2769655804,0.7772928821,0.7289833252,0.0360120380
1.4676962741,0.6532223654,0.4331047952,0.2302411959
1.5175414476,0.3417410761,0.8152021951,0.0952151343
1.4583173329,0.5370111299,0.4451588495,0.4466371215
0.0879420723,0.0307017350,0.0305752794,0.1266150724
0.7789483986,0.9554520622,0.7721896810,0.2899764266
1.2596257056,0.2968497648,0.5275702216,0.8366632312
1.4150026400,0.4853651761,0.1472004188,0.9021972522
1.4421121105,0.2673857306,0.8037183204,0.9605167778
1.4721017726,0.7642885623,0.7533879343,0.5237078262
1.6068306528,0.5782576790,0.5020843106,0.0396963456
0.8636140716,0.0795649258,0.6565986613,0.1714442563
1.7767467995,0.4700998896,0.9643689667,0.9488772385
0.7371624311,0.9354790348,0.5978381506,0.3606997595
1.6125783556,0.5159338753,0.5954094536,0.4037708699
0.5259520520,0.1356537971,0.0800285906,0.1106402643
1.6482804761,0.6806043976,0.7406747552,0.0552632882
1.4007804944,0.4868234930,0.2788878983,0.7669590271
1.5944823045,0.3519863298,0.8736397420,0.2240377170
1.2313201662,0.1664463681,0.8303252992,0.4315176614
1.5930405176,0.7161709493,0.6914055551,0.7885171805
1.7692493515,0.6670709900,0.9076307298,0.1257728799
0.9427640847,0.4053092431,0.0616767279,0.1432128983
0.7802141643,0.1841570493,0.1585892135,0.2530524621
0.9729110865,0.8925275834,0.8186283406,0.4756650138
0.9180140996,0.8697282654,0.8278485599,0.2397272130
1.4919568575,0.4114622583,0.5709627415,0.8017661494
0.8910443862,0.2542342057,0.1458212190,0.2233728310
0.2364137621,0.9751034295,0.3357264689,0.0000677228
1.4964402433,0.6420390063,0.3313053289,0.7376461946
1.2384734836,0.6320476270,0.1628828026,0.0733161740
0.1287822311,0.0008876958,0.1748068217,0.2108545557
0.8365063419,0.0850749500,0.5849384409,0.1991232011
1.1624839859,0.2646878316,0.4980399102,0.2663318545
1.0301496887,0.7779702682,0.1482248568,0.9751689002
0.5948181113,0.8944075715,0.3840715836,0.2273578442
0.5535068992,0.0356696656,0.4109928958,0.1084904482
1.3724961533,0.5825929019,0.2536049244,0.8090721662
1.4190178552,0.2910226733,0.7426065079,0.6915965234
0.5347875321,0.1329904919,0.0149692387,0.1500787449
1.8587460131,0.5325963737,0.8313604632,0.6779215472
0.6212297516,0.0321930966,0.5803415405,0.3037186923
1.8849935556,0.6490258676,0.9748292759,0.8733726359
1.2509147895,0.7568026541,0.5940006089,0.4105534732
0.4077931358,0.9031262477,0.2001965919,0.2575989630
1.1474917087,0.6547220105,0.1001269630,0.3093032528
0.4559872089,0.1228384808,0.0244295947,0.7498993535
1.4758946799,0.7706351280,0.8695940565,0.8878917175
0.7889457796,0.1054020634,0.5667203517,0.6903803109
1.5910118716,0.4212478875,0.7181481090,0.9032023451
0.4059369743,0.0687588263,0.1435761576,0.2953236815
0.5542770278,0.1431044306,0.1125781260,0.1091726216
1.1029860272,0.8439746460,0.6374225485,0.5246889071
1.9384501345,0.6084049060,0.9658506971,0.8403552259
1.4770242520,0.4366312130,0.6105926683,0.4722370964
1.2401727038,0.1682249549,0.8482335883,0.2991394240
1.1263393756,0.2219828222,0.5617091059,0.9795830805
1.2445537234,0.1676860065,0.8893628331,0.4576483769
0.9026442244,0.1787381666,0.2659672475,0.7219265380
0.9943174129,0.9808639822,0.8443235528,0.9388337852
0.2404797895,0.9077774098,0.0784248460,0.0231918926
0.9485558979,0.1805573427,0.3135124172,0.7786300891
1.1171567513,0.2452465732,0.4294893080,0.1309885837
1.7734255183,0.5491054582,0.7305720911,0.3456461373
1.5977130068,0.7051654610,0.6631079179,0.6706200021
1.3273677567,0.7247263827,0.2834128912,0.7587358659
0.4307455753,0.9181098590,0.2893047482,0.0634120164
1.7292824579,0.6775895453,0.8260574243,0.0264056115
1.1889496716,0.6502947849,0.0688142454,0.2473820845
1.3247017121,0.5674980507,0.1188014329,0.6922698012
0.9291017532,0.7844863374,0.2218127580,0.6005389662
1.2955193696,0.7063955057,0.2601681738,0.6707885623
0.8773335625,0.8842557149,0.7428771915,0.1795262282
0.9428319051,0.8423580532,0.6565211323,0.2181210447
0.5342734437,0.1527981606,0.0346223722,0.8523148761
0.7369413437,0.9305019284,0.7751385099,0.3783108697
1.2746307932,0.6677668722,0.2264446396,0.5969601134
0.5246285856,0.0880307439,0.2465345418,0.5354083605
1.9084206223,0.6005211661,0.9387603446,0.0912048336
1.0859789486,0.8142657898,0.6208699225,0.4450431599
0.8230623468,0.1935308359,0.1299421592,0.6636958512
1.2501096468,0.3448266172,0.3669330856,0.5894189349
1.1516178445,0.1684627654,0.6225562062,0.3271607664
1.3555175697,0.4710342132,0.3925377095,0.3913871579
1.1765171040,0.3200722548,0.4244409316,0.4877117142
1.4490105003,0.6072275353,0.3621722783,0.8407929202
0.4461328074,0.9206834141,0.3444559998,0.0104927640
0.4385593823,0.8725016974,0.0443862390,0.5709803700
1.0952920329,0.2894186397,0.2985051041,0.9189578899
1.1962287539,0.3361940675,0.2354678722,0.5536998277
0.9512327162,0.8536570425,0.6423325325,0.4044315110
1.2568860033,0.2946086273,0.6247721397,0.3721531846
1.5276751353,0.7151408679,0.6283339862,0.7993674687
1.1505142659,0.3651843117,0.2737388986,0.7429919607
1.7663615403,0.5762406621,0.7484908712,0.1072296971
1.6096983324,0.4609605830,0.6134666630,0.6737591323
0.9818511648,0.0945094584,0.5572895765,0.3264465202
1.5897222880,0.5331680088,0.5238212823,0.5524755412
1.6457083687,0.6013255643,0.4834033788,0.6670596395
0.8703161769,0.2065035975,0.2672453570,0.4153507383
1.7515002487,0.4123219664,0.9316890416,0.3480928747
0.8629062974,0.9123251331,0.7913449792,0.5521082460
0.7078739099,0.8401315186,0.3252856096,0.0666877549
0.7941582375,0.2703956629,0.0589629425,0.2648490249
1.3178957276,0.5366115824,0.2190585056,0.1825631422
0.8850641018,0.7062136266,0.0328284150,0.2375845506
0.3974550231,0.0432115297,0.3839050918,0.9908863632
0.9731891599,0.2147734728,0.3167497058,0.1432011772
0.3052699979,0.9267110376,0.0591059344,0.5253359323
1.2604817284,0.8066197186,0.8910528146,0.1607991321
0.5554804990,0.9860498663,0.6709259623,0.0475016294
0.8786150467,0.9187010415,0.7512955902,0.4500004971
1.5197597874,0.6731954119,0.3897852203,0.8594125615
0.8113369405,0.1633367027,0.3824802367,0.6049112615
0.9517147164,0.7295937044,0.1405185293,0.4362090670
1.6662307400,0.4863539487,0.7973445609,0.1815319241
0.8384538735,0.8450318719,0.5359591614,0.6115831446
1.1024233579,0.0938142862,0.9097780391,0.3642429498
1.8188257686,0.4335490283,0.9515935598,0.5275719347
1.0814363122,0.4063806406,0.0336523622,0.7339316291
1.3989093183,0.4952336374,0.3497061164,0.2756778120
0.4865812894,0.1129296912,0.1091595835,0.6795680451
0.2265346633,0.9852044060,0.1411423571,0.0446937229
0.4599741466,0.0405147844,0.4090953659,0.1056255546
0.9686791564,0.1999696923,0.4022670387,0.4497937088
1.8309388336,0.5933357960,0.7875528989,0.4229537698
0.7018138563,0.8392201354,0.3363338286,0.6076269198
0.9501223522,0.1494568346,0.5047078431,0.7312696368
1.0425286150,0.3340472038,0.3009540088,0.0347615048
1.5181213165,0.3996807226,0.7354569397,0.6330060042
1.4249834584,0.7341767577,0.5337188709,0.9510227246
1.2060233016,0.3661652693,0.3187042668,0.8841770651
0.8424673704,0.1672448807,0.3745317249,0.9846338698
0.6419843711,0.9342016283,0.4358995679,0.4469843018
0.7055609307,0.8299079818,0.3873042214,0.0210551960
1.3222449183,0.1996126536,0.9610026573,0.8548258832
0.9359332771,0.8515113158,0.6903345212,0.2837274323
1.9118134711,0.6411237492,0.9567836385,0.6110757639
1.0614263791,0.2872563530,0.3365767153,0.3435071741
0.3597705818,0.9106170342,0.0017772496,0.7636795223
1.2756422301,0.4631827040,0.3020163347,0.1924192264
0.8147591084,0.9346387045,0.4119955161,0.9960541634
1.7789353293,0.4734776600,0.9695373019,0.5864475479
1.4872529792,0.3016113954,0.8097039324,0.3048734586
1.0215407723,0.8405955901,0.6737439398,0.3426661590
1.3234630719,0.5587027492,0.4289937086,0.0801198715
0.2394260729,0.9891502185,0.1092221788,0.4994530876
1.3694046388,0.7566379125,0.7658862551,0.3237226682
1.2590160371,0.6897662154,0.2567631828,0.5094455157
1.3675460291,0.2966529728,0.6953254397,0.2669895039
1.4517389930,0.7004505044,0.6270334881,0.3394814981
1.4351579653,0.2494834145,0.8649195336,0.8261278990
0.8971654623,0.9412712689,0.6701050125,0.8811579096
0.6520452630,0.1143749712,0.3256853010,0.7324227683
1.0188715023,0.1240756482,0.6596767640,0.2226351108
1.0480990322,0.8328382553,0.6821100358,0.5640840981
0.8062639690,0.8559993422,0.2261598260,0.9078546274
1.5877839911,0.4331966321,0.7590063241,0.1301929970
1.8284946470,0.6297996612,0.8401215970,0.8663085967
1.2627405355,0.3349792510,0.4586023931,0.4695912839
0.6859208857,0.9041435565,0.4897668733,0.4667184704
0.5145516266,0.9665936393,0.3580282573,0.6727773403
0.8763778558,0.8905762237,0.8133421709,0.1024227940
0.2522959515,0.9951679210,0.0168065416,0.4962244842
0.8788113712,0.7606735911,0.1410100920,0.2501610711
0.6409533096,0.9578345541,0.4423188869,0.6577003800
1.4459899225,0.7434771729,0.4650495235,0.9791438517
1.3914998905,0.7485654130,0.7746356910,0.5286982326
1.2730617457,0.1465429611,0.7463542131,0.1512853097
1.0921101495,0.8305635584,0.8208194248,0.0967329900
1.1085505097,0.3507313577,0.3346071501,0.3221057126
1.9160702869,0.6018966530,0.9796229432,0.1135655438
0.7246281071,0.8501684446,0.0366915738,0.9762603483
1.5491452633,0.5908512715,0.4535561582,0.2476569905
1.4932152440,0.2905918304,0.9551971595,0.3153732669
0.5179915683,0.0672246311,0.2631789510,0.9376491158
1.2368061124,0.6433752749,0.1245749947,0.4542668364
0.6245645883,0.9338706444,0.3651666438,0.6439026787
1.2844148594,0.5758209110,0.0818441392,0.6000949345
1.7204150877,0.4599869267,0.8865185081,0.3303644640
1.4415386525,0.6984841028,0.4846680704,0.2397380111
1.4827562184,0.3813592220,0.5875071273,0.8139046429
0.4232056177,0.9291321377,0.4059989153,0.0306917328
1.5102486207,0.5098846768,0.4588829290,0.7548823705
1.3140302082,0.2430436654,0.6082585571,0.9855642023
1.6550226803,0.4130388018,0.8869338968,0.4456562060
0.6763238880,0.1849589053,0.0044208953,0.1960526090
0.5476844683,0.1721185363,0.0054071558,0.2142533090
1.5225609031,0.4023504879,0.6446150520,0.7753995558
1.5824260839,0.5527405373,0.5172431184,0.2186855227
1.0459153754,0.2292333536,0.2932985191,0.5957261353
1.2342483003,0.6563917844,0.2424797740,0.1532509371
0.9202521364,0.0448295789,0.9403745811,0.2984162242
1.1144489200,0.7604931997,0.5605142002,0.2534556698
0.5719494348,0.8333979709,0.2041561658,0.0869342864
1.7219882761,0.5075369829,0.7717945517,0.0921147480
1.4497625171,0.5331237610,0.2786291596,0.8620433208
0.3043735573,0.0430153411,0.1731134621,0.3164699506
1.6782707677,0.5175730351,0.5729331544,0.6761162776
0.5627273993,0.0455673028,0.4330295546,0.9271219739
1.1758790640,0.4758036462,0.1033273207,0.6696880965
1.6088138682,0.4363662114,0.8048321552,0.1296187615
0.9191825607,0.9437991141,0.5866812287,0.9055003423
1.2397561437,0.3147788666,0.3822784348,0.5624598650
1.5550961445,0.5232500309,0.5758740859,0.2176165627
0.8631314740,0.8068090724,0.1497398275,0.8832906925
1.5868762128,0.4112155993,0.8980906409,0.6653930383
0.8925513861,0.8692741734,0.4691970719,0.7548629461
1.1167622100,0.3157883508,0.2000662651,0.9426256899
0.7204367740,0.1218510959,0.3308435317,0.8064219571
1.3968667379,0.6383787400,0.2901827427,0.9210935281
1.8888488670,0.6831247573,0.9300880127,0.9460767302
1.6492179825,0.3859672879,0.9367192021,0.7692503432
1.2874707497,0.2934159716,0.6019504620,0.6571468840
0.8957907492,0.9107235244,0.6716729303,0.4144765242
1.1084838322,0.7925004172,0.4606594630,0.7138712629
0.7611166066,0.1459397971,0.2899357714,0.2158757370
1.2200628269,0.8145131142,0.9075508587,0.0801773568
1.5329083682,0.3547853365,0.8411740224,0.7948168448
1.2888395795,0.2593345714,0.6734440690,0.5337312891
0.8581517030,0.8905251764,0.8865505901,0.1856949923
0.8016921243,0.8117799269,0.3339747981,0.1005348360
0.9912361561,0.7467129155,0.1490369918,0.2466891792
1.4641842781,0.2964744248,0.9904477449,0.9785202468
0.5002759312,0.9392025970,0.1216959235,0.8294317024
1.1238409872,0.7557912039,0.4005178573,0.1652695004
1.1435249078,0.5458602999,0.0865258174,0.4733419426
0.8552512243,0.9049702504,0.9709346604,0.4128996615
1.6157720111,0.5178033998,0.7657838172,0.0541042264
1.2950617530,0.3249209645,0.4261183487,0.8073372369
1.6902840125,0.6068637800,0.7474696790,0.2804331580
0.9221860997,0.9782913894,0.7993841843,0.6264610568
0.9890962573,0.8240464153,0.1750298695,0.8412740877
1.3396588594,0.2739482765,0.6646716513,0.9645001607
1.4072264602,0.6341806501,0.1466981356,0.7915680242
1.4790851125,0.5517402970,0.4446938112,0.2641076174
1.7151654679,0.6479988434,0.8674364559,0.1855336202
1.8084924813,0.4753828418,0.9718515031,0.3849472517
1.9967431777,0.6522559908,0.9384928567,0.9786182278
0.9616713887,0.8257942440,0.3926229672,0.7055290437
1.2008993374,0.8152119542,0.9571942353,0.0150866516
1.4852340110,0.3667101259,0.6117974508,0.9361355276
0.9087881029,0.9201881913,0.9879396845,0.0216963393
1.4018177339,0.2452664389,0.8400936609,0.5008810965
0.6303529225,0.0810675458,0.3396593382,0.0291973493
1.0419370967,0.1266416628,0.6430899125,0.8905251983
1.1298907229,0.3290057551,0.3198009348,0.7375975502
0.6153910713,0.9469650969,0.3032977973,0.7822175760
1.2389201124,0.2352668968,0.5852864421,0.9069163929
0.7381156471,0.1330031806,0.3389487392,0.4408839856
1.1355594864,0.5332321247,0.0716855447,0.2298292901
1.0755920187,0.1599937349,0.6410845729,0.6756676031
0.7835349114,0.8731746923,0.5293777186,0.1734309006
0.2298033630,0.9987775532,0.2084186888,0.2405730902
1.0355967352,0.7006472412,0.1719601603,0.1712322544
1.1753895555,0.0682280658,0.9689954630,0.0223407742
1.4123266443,0.7794632160,0.8035887873,0.8727720016
1.0920434199,0.3531956041,0.2847303580,0.6105486872
0.4975147344,0.9458472015,0.1429955635,0.7681613526
1.8250335189,0.6647739598,0.7304430921,0.9414304548
1.9643937143,0.5538525129,0.9159284733,0.1932243142
1.3375478544,0.2424163483,0.6579266191,0.6744174362
1.3367086105,0.1785844901,0.8883449358,0.2821118592
1.2627109687,0.7777286182,0.8759552555,0.1689097619
1.5525109849,0.3387271649,0.7975818921,0.8389956709
0.4959761408,0.1370754018,0.0088863186,0.9485706956
1.8018675564,0.5206610565,0.7574512672,0.7159470077
0.2408854212,0.9550580325,0.0157871386,0.5132590165
0.3589146991,0.9239089440,0.2130218028,0.1453791172
1.5058793976,0.4827318352,0.3265778974,0.9850411625
1.3494665065,0.6415003752,0.3832203327,0.2109331287
1.5084363521,0.4807229234,0.6727954475,0.0756298860
1.1640643244,0.5809354230,0.0661872749,0.1546392659
0.3274365776,0.0007809363,0.5632753295,0.6590801497
1.3549594012,0.2584294100,0.5784513948,0.3007864192
1.7569662553,0.5514246471,0.6960626864,0.6344106453
0.5510796676,0.8769513966,0.3431431982,0.1137574912
0.6021510222,0.8676198628,0.0246332310,0.9557164670
0.6980736111,0.2367375378,0.0163423721,0.0374029951
1.8682235440,0.6068409255,0.7747492693,0.8162130461
1.6236910559,0.4370670489,0.7529716572,0.6872286207
1.3046970557,0.3431746763,0.5115383247,0.7828858600
0.2730165447,0.9845358717,0.0791668787,0.6758269362
0.6880200618,0.7956464680,0.0534261784,0.4080117709
1.2761076717,0.7625909505,0.6409380350,0.5010468185
0.8012159245,0.9887701562,0.8298240111,0.4916796594
1.4797049265,0.5060965525,0.2937315080,0.7994155383
1.6897127973,0.7425323516,0.9642087165,0.9927975233
1.2484496533,0.7060860016,0.3186475542,0.6442133948
1.4585775521,0.3262686959,0.6840400281,0.5324947632
1.7381493304,0.6795544252,0.9003095649,0.4223136846
0.5517116880,0.9105538870,0.3862134441,0.4574449505
1.1304075839,0.3148441730,0.2723350189,0.9250937371
1.3330140197,0.6094077027,0.0431198295,0.9304335616
1.1992440740,0.3648318455,0.4001340301,0.2643671595
0.4152135598,0.0591489135,0.2065018658,0.2559633914
0.8532740541,0.3271592147,0.0519052156,0.3180541739
1.0209031670,0.3577322719,0.2185938684,0.2739891964
0.3311099704,0.9482136078,0.0779982995,0.2993660265
1.4787467323,0.3114769706,0.8573527414,0.4749285899
0.7567439064,0.0487754823,0.6875566600,0.0010083962
1.1208403540,0.1574106798,0.6743620941,0.7284214249
1.2158747323,0.8766542166,0.9890866378,0.9101178089
1.1136339543,0.1564530674,0.6707778762,0.1759437081
0.8964448830,0.9833701823,0.7463025554,0.9733601468
1.3794077981,0.6417068342,0.1718318737,0.6120563683
1.5764207288,0.5812641279,0.4308913478,0.0414889749
0.8545233429,0.2998434279,0.0181669709,0.2727493997
0.4684462992,0.8221706210,0.0575729651,0.2978386475
1.1037103891,0.6858814233,0.0968162484,0.1761158040
0.9964925250,0.6476066439,0.0234462889,0.0253603243
1.5103645566,0.2335876731,0.8655844905,0.5052262753
1.4584867717,0.8165472488,0.9503829690,0.8466247384
1.5241305782,0.4322386399,0.6008455023,0.2785310251
1.3984979679,0.2434253529,0.8103356851,0.4543573932
1.6674169162,0.3230402491,0.9840756893,0.0769662326
1.3479344787,0.6710381096,0.3478456312,0.2751255167
1.5754391868,0.4949780575,0.6368010345,0.1257273751
0.5913183302,0.0485718333,0.4450776481,0.5026781870
1.6063438575,0.4203852366,0.7794392666,0.9150419629
1.3616314196,0.3922640570,0.4804233251,0.4073965526
1.4942915953,0.6689631951,0.4081157687,0.8181671360
1.4632360204,0.6267198644,0.3629166231,0.1843831109
0.9431331940,0.9075723509,0.6961493470,0.8803303604
1.7212030618,0.6277265842,0.7890161268,0.1375674754
1.2139078540,0.4238364140,0.2002966404,0.8718484273
0.5593481116,0.1401394680,0.0893578709,0.2920739241
0.8986808133,0.0529768693,0.8924771989,0.9130819037
1.1669645648,0.9201942162,0.8736984227,0.9714505614
0.3851463182,0.9657317775,0.1072340885,0.7642725273
1.3441886596,0.4913578835,0.0653162459,0.8396897786
1.4750204056,0.6749078378,0.5228885032,0.1129197895
1.5826721817,0.2821786280,0.8695405729,0.4724326820
0.6255931525,0.1339377999,0.1246702027,0.4416769146
1.0439810005,0.7510011240,0.0271508824,0.9080599001
1.5666644771,0.3076072688,0.8808113599,0.6839723121
1.3006951796,0.6856609528,0.2392472254,0.9805141136
1.0021745797,0.1330608027,0.5557500262,0.3847427916
0.4098548071,0.0605680664,0.2643315377,0.7499228419
0.9532755678,0.9076519044,0.9541852922,0.3778948904
1.1399252213,0.2138793472,0.5088210326,0.0932986320
1.0111044308,0.1233944065,0.5694855771,0.3243535067
1.2733077457,0.5041485537,0.0675271267,0.8333329046
1.5211909747,0.4390466012,0.7947491383,0.5581261291
1.7187716775,0.7350827732,0.9856685407,0.9223020248
1.8147703869,0.6639579507,0.9940012225,0.0865948374
1.2781439835,0.1866990804,0.8483243063,0.8413131823
1.0933431768,0.4825905611,0.1162709923,0.0804035876
1.0053865878,0.3550549475,0.0537308471,0.9379594751
1.7830938619,0.6366517454,0.8784327349,0.4655969289
1.4051250134,0.6737257178,0.2003504350,0.9618600012
0.8270447211,0.0402448773,0.9415043438,0.6420215286
1.0107861275,0.3207435518,0.0613163358,0.8454198995
1.6399193773,0.5124046697,0.6821089401,0.4080839551
1.0370772839,0.1557105257,0.5137166193,0.7533060836
1.4697257022,0.5302608489,0.3474964040,0.6516431917
1.2125617105,0.6778185368,0.0560593411,0.6782281783
0.5994042659,0.1373893275,0.0666263898,0.5159592080
0.4749210129,0.1008487485,0.1375451849,0.5140578881
1.4776455594,0.6920715428,0.5764639752,0.0603883818
1.0358623143,0.8733631586,0.9592116197,0.2141511395
0.9696819987,0.1738199618,0.4656376236,0.2099571733
1.0756369481,0.3105856275,0.4482591682,0.7853885733
1.3998871064,0.7630508125,0.6023852465,0.9003503435
1.6142655725,0.4743167773,0.8188570478,0.0888757740
0.3010623840,0.9203493165,0.1220239600,0.0738336124
0.9069196908,0.9822310769,0.9485843776,0.4920642932
1.3235448927,0.2636006872,0.6403017324,0.0792172900
1.0472942846,0.1975999774,0.4701493669,0.3181188903
0.7254825341,0.9598670003,0.6800751699,0.0654822059
0.9921909353,0.9970074993,0.8453407290,0.7562136177
1.4805900317,0.2613106883,0.8667044744,0.1341503502
1.6434156978,0.5571559985,0.6428755296,0.2082420521
1.3190367642,0.5376855815,0.2965942688,0.1630111103
0.8594466559,0.0290362195,0.7647356177,0.0713272715
0.9092662579,0.1416747609,0.5330795769,0.5236760919
1.3589579461,0.4373558913,0.4702489226,0.9507828946
1.8576481009,0.6372708557,0.9546711447,0.4096414756
1.5197419206,0.5937352124,0.3029676863,0.8175747560
1.5556777750,0.4928453410,0.5256896803,0.2086559875
1.3415140607,0.3467266793,0.4453879030,0.5546493792
1.0471571738,0.2250526975,0.3689017747,0.6473917770
1.3691517842,0.4304554669,0.3234677335,0.9690461288
1.1514195032,0.3784802892,0.2092612978,0.7158406221
1.4529842414,0.3962189908,0.6840521626,0.5146911192
0.6985693402,0.0907408238,0.4744022598,0.7968495850
0.9106896857,0.8409617986,0.4459104782,0.6865611052
1.4507141131,0.5635926861,0.2100642800,0.9023387063
0.5363960069,0.9522910268,0.4285363797,0.6072150292
1.5852804943,0.6208036265,0.5230987911,0.4453954574
0.3524096225,0.0277144525,0.5377282230,0.9084056941
1.0958315129,0.2550642511,0.3318906107,0.6491920143
0.9098388547,0.8500117142,0.5624109340,0.5833568954
1.3783866513,0.7835581045,0.8622178552,0.7034577422
0.9536319034,0.8469147028,0.4692246773,0.7836187001
0.2115820986,0.0176712555,0.2371488659,0.2061047751
1.4680398342,0.2121213506,0.8911460562,0.0480492248
1.1460347498,0.8132592630,0.8870127767,0.1933726637
1.2225319704,0.8731214463,0.9159563467,0.9416746454
0.6888794067,0.1062846152,0.3128872516,0.0129402835
0.4454448957,0.0370859741,0.3640971686,0.1151599136
1.4285839891,0.2383179234,0.8626901205,0.4599822171
1.7857434092,0.5810344936,0.8013077472,0.2446212334
0.5249052510,0.9484445162,0.3864470994,0.4069056506
0.8104723978,0.1860540868,0.1360290033,0.5847665791
1.2043000438,0.5297068316,0.1827644610,0.1525953723
1.5002856228,0.3563657281,0.7387996750,0.6644311999
1.1100513108,0.7178580111,0.3651460543,0.1093308547
1.2401564304,0.3315364495,0.4352466800,0.6014376569
1.1131140900,0.4352126300,0.0740790340,0.7261077861
0.3519499487,0.8445417983,0.0131338830,0.0004402050
1.5095849081,0.1589005766,0.9829503472,0.1610907366
1.7894248326,0.5134335332,0.9623883081,0.8749154560
0.9857913492,0.7926417903,0.0893717015,0.9833013762
1.3096784141,0.5646227953,0.1550231323,0.4437780187
0.9847786040,0.2196746071,0.2322975084,0.8593835579
0.4146258708,0.0945122200,0.1053004070,0.9699492013
0.8655723747,0.9770257552,0.8544126224,0.8815950971
1.6323802128,0.4965163628,0.5611105061,0.6170399230
1.4937970618,0.4911465234,0.5462878551,0.7634049241
0.9167383181,0.9200719419,0.8926241661,0.0338814744
1.2121106908,0.4019882782,0.1074583938,0.9721831752
1.6546831547,0.4857990695,0.6342905883,0.1832519114
1.7525147719,0.4602131597,0.9605132759,0.4612803835
1.2047569140,0.3672555845,0.3899298973,0.1149787050
1.6530560073,0.3971532654,0.8814467975,0.1778831191
0.7683718590,0.7428835035,0.0618166461,0.0856900838
1.9094683716,0.6290560983,0.9333423740,0.5614781189
1.3356235933,0.3955958939,0.4373660133,0.5369397059
1.1923736000,0.4318804852,0.1278950299,0.9331011982
1.2399792388,0.4780100599,0.0798728682,0.8041339070
0.9212547532,0.7140472928,0.0729077097,0.0551163886
1.7169522428,0.6858259026,0.7514691024,0.8738980272
1.3313037592,0.4526929321,0.3360632501,0.7122943286
1.0068873828,0.7079111178,0.0981854624,0.2898279991
1.1309176564,0.4802123356,0.1669766214,0.0354348876
0.5560043326,0.9897509197,0.4289176131,0.3705132443
0.3233354090,0.0674709820,0.1989359892,0.8116222292
1.8843439589,0.5513257272,0.8596712511,0.8303643810
1.1424448120,0.7950982152,0.7485887832,0.1999711283
1.0951565341,0.6930744322,0.1399337482,0.3831947330
1.3956743844,0.8111339958,0.9127960144,0.8618870098
1.0749948903,0.2164199345,0.5276109551,0.2843619631
0.8590431128,0.1070252779,0.5733627885,0.5126634058
0.9092007815,0.7486457722,0.1296602684,0.3802599771
0.7738513487,0.1382034559,0.2979713593,0.7199980543
1.0659416951,0.6742439120,0.0359031627,0.3137296878
1.6146937858,0.4662535469,0.5515002046,0.9386764803
1.4522336147,0.3617903633,0.6089596076,0.5262662413
1.0135445675,0.6862716323,0.0790329725,0.6078635379
0.9321895115,0.9932635946,0.9474617423,0.5844135116
0.8117913997,0.0514119740,0.6450554069,0.3033298679
0.5868055947,0.9935035534,0.5188959194,0.4855921299
0.8008688891,0.9215569454,0.4054348132,0.9372971662
1.1316881789,0.4234639788,0.1623657611,0.2170280432
0.7419527437,0.9262904462,0.6191088896,0.3305732867
0.8190289057,0.2193266622,0.0366895768,0.5477548830
0.9513462803,0.1544840469,0.5663528636,0.8314843957
1.1060785343,0.7928348577,0.6047410627,0.1124066910
1.4840557445,0.2584642944,0.9124221215,0.2649544132
0.9556212589,0.8717163960,0.8476717456,0.3627671732
0.4397414554,0.0298387134,0.5127561414,0.9877830746
0.5766391711,0.0203262785,0.6527564749,0.5907750434
1.1699595476,0.2107355039,0.6878852748,0.0893318915
1.3069325039,0.1831435015,0.7983250860,0.2173549939
0.3675912155,0.0250792316,0.4070848178,0.8374184673
0.9637432780,0.9316299800,0.9608133877,0.3307009057
0.8823923406,0.1335411907,0.3486123825,0.1450876039
0.3064108723,0.0456545421,0.1093677356,0.6007985401
0.8302510167,0.2998365829,0.1140909387,0.5166460150
1.8034243884,0.6321459066,0.8793499944,0.0228468103
0.7361127973,0.1057133718,0.4758259214,0.8877161990
0.8393953895,0.2868263541,0.0557989109,0.3220983065
1.1669307466,0.7914466486,0.3559775307,0.9494235668
1.5405823341,0.5469019706,0.3744105589,0.1044364798
1.2290265732,0.5311899676,0.0640327288,0.5111668310
0.4450988460,0.0401546205,0.4091312837,0.5305917194
1.1053354885,0.0688704511,0.8602977983,0.2271515668
0.5109310855,0.9239002883,0.0243819137,0.8811093060
1.3862500137,0.5678903030,0.3879260433,0.2522919281
0.7063631644,0.7684259325,0.1232013958,0.0950427346
1.2682130484,0.2043716190,0.5052513947,0.1266521293
1.4023172271,0.7794003915,0.8020041516,0.7361779771
1.0273653559,0.7064466161,0.0737392841,0.0604994587
1.8364069081,0.5744322290,0.8171371669,0.5853567413
0.7109965238,0.1905127118,0.1519109279,0.0646621657
1.6081738559,0.4381832456,0.6721401331,0.5362743583
0.9882740509,0.1709703669,0.3374927798,0.8389230934
1.3162014792,0.6096999671,0.1562142830,0.1669517641
1.0329471440,0.7698215003,0.5238240128,0.0743301074
0.9994685730,0.8959126915,0.9165484909,0.6309624330
0.7741374248,0.0389663008,0.7643743216,0.1411272940
1.4517763150,0.4398037226,0.4574824880,0.8303783633
0.8488938630,0.3670864728,0.0826379616,0.2268710098
1.3923014257,0.2285753688,0.7219577915,0.1165798070
1.1750614875,0.7826800977,0.5534441419,0.3613486171
0.2318236056,0.0292196750,0.2580839594,0.9517416649
0.6315108117,0.9586911918,0.2684654676,0.8069971395
1.2591177307,0.8856485474,0.9903283867,0.9972416928
1.3619196031,0.5363998552,0.1708115395,0.8901132653
1.2785952077,0.7206035482,0.4341140435,0.3030542517
1.7142096569,0.4792820855,0.7273518572,0.5259439710
0.8367657946,0.7884939648,0.0069724160,0.7960761781
1.2886601284,0.2318264221,0.6926271589,0.5944627586
1.4134021086,0.2483228428,0.7866499753,0.6251741004
1.2487860978,0.7322590359,0.5072853281,0.0985979924
1.7772876741,0.6530127063,0.7683582912,0.8276875312
0.9881245480,0.8606512950,0.5002345283,0.9115385930
0.8753598330,0.2166343283,0.1114937104,0.7496746647
1.5366972378,0.7684250503,0.9412223112,0.7175206003
0.9773312773,0.7946067011,0.4912160748,0.2028546520
1.4512450831,0.1701767363,0.9434494177,0.3271155452
0.5126980558,0.0089414143,0.7019579949,0.4347346683
0.9783637057,0.9133631177,0.6634240572,0.8296536030
0.6873671034,0.0962094476,0.4157837515,0.6543233896
1.5694049537,0.5823348064,0.4403253557,0.7775288273
1.1488314330,0.7085125238,0.3464173873,0.0818122651
0.7929657259,0.8739805333,0.2379661562,0.8722099330
1.4840389482,0.3971033797,0.7284133105,0.7675036016
0.9920378090,0.3124756407,0.2096466665,0.7960602042
1.5127071851,0.2468361043,0.9421767286,0.3917304473
1.1635187040,0.7718969871,0.6020909925,0.6360182739
1.7844668898,0.6189093252,0.8294836830,0.1995835030
1.5555965542,0.4634857687,0.5377330881,0.4812873128
1.3091059549,0.5754727202,0.2092089192,0.5759272859
1.2606497227,0.4716984080,0.1882901445,0.5951299135
0.6343790926,0.1552749242,0.1496401846,0.5472000065
0.7528766490,0.1624944737,0.1163470044,0.8726827822
1.0392363510,0.7913990749,0.1942885767,0.9681720353
1.5819784409,0.3656083869,0.8188585150,0.5326565229
1.1268366673,0.9681815282,0.9407339673,0.9816434830
0.5480669185,0.1189993363,0.0107580185,0.4028403867
1.1009238576,0.0867431229,0.8647431876,0.0413303570
1.4554864765,0.5918897327,0.2480171335,0.6772288040
1.2749093102,0.2686233665,0.6143184152,0.6744490378
1.5733617584,0.2973413392,0.8612983676,0.3741850460
1.9451801147,0.5754097931,0.9506787396,0.0949699098
1.4505091883,0.2001211536,0.9555513727,0.8160401841
1.6325453340,0.6478650400,0.7194156196,0.1617950868
1.6700008328,0.3468881966,0.9511933126,0.5804796794
1.3252694026,0.7044560275,0.3332767084,0.6881656371
1.0194310112,0.1826487398,0.5691411457,0.1099201720
0.9657117146,0.3880835325,0.0790650933,0.4780146679
1.2926871507,0.7803344514,0.6674074146,0.7272967245
0.7447935147,0.3362024559,0.0254704798,0.3481244109
1.7374221539,0.6346068612,0.6765948673,0.1808314662
0.6079567595,0.9586295131,0.5008223299,0.4332277584
0.8039873325,0.9338352980,0.4266358577,0.9671295507
1.5704553507,0.3087033659,0.9290332860,0.5398528820
1.2957579402,0.6268036584,0.1655764417,0.1881254160
0.8134983604,0.8763241339,0.5513461573,0.4124201875
1.6900506859,0.4355000475,0.9632196826,0.1436319483
1.8642811621,0.4798479231,0.9920931112,0.7060138365
0.0467668239,0.9697675831,0.0009325442,0.2424764025
0.9266207480,0.8671404404,0.8982031272,0.0996129634
1.1216492954,0.2645223986,0.4242821221,0.9124694447
1.4036700290,0.7779624344,0.9178924998,0.4192721408
1.2545727999,0.3269732480,0.4727845976,0.2167266727
1.1014098723,0.6994888185,0.1182285784,0.4924879422
1.5157162351,0.5233956975,0.5867636078,0.4097590363
1.5313935344,0.3081744729,0.8560452597,0.9456626874
1.5371403810,0.3494955079,0.7940028231,0.0736454175
0.8711943116,0.9897506961,0.9797621457,0.3678404975
1.3917107448,0.2369925084,0.8779407814,0.8120073525
0.8482281861,0.2675237837,0.0550071552,0.8470247931
1.3603956796,0.2852866853,0.7398653096,0.5629581749
1.7831430190,0.6305757506,0.8018802033,0.7094299702
0.7411339288,0.2179994710,0.1076785843,0.0070740520
1.0958605503,0.8204225791,0.5509879371,0.5544587767
1.0752876996,0.6989186765,0.1628878540,0.3400092059
0.6914254943,0.9240219958,0.4639603932,0.5490350159
1.9209806997,0.6178321176,0.8792513065,0.1467747170
1.7104909556,0.6886045580,0.7776635496,0.6389675270
1.2679400153,0.7418865183,0.2288185201,0.9324110744
1.6951713191,0.3933215698,0.8266926357,0.5131858189
0.7855538759,0.9078205361,0.7155346572,0.3693356054
1.8532286325,0.6276178967,0.9667588240,0.2637551756
1.3478430807,0.4128654792,0.5582800804,0.1082393982
0.7797091464,0.9441137317,0.5941160045,0.3502736113
0.9595541627,0.3717771769,0.1371433069,0.1460828376
0.8052485075,0.2088491585,0.1980619806,0.1269295943
0.6219425363,0.9012523786,0.5406712859,0.3572815911
0.8272396777,0.3772363283,0.0577562688,0.3093345319
1.0476438283,0.1859708350,0.5053268178,0.1215713594
0.1305706518,0.9418197648,0.0046850907,0.1623255296
0.9544405120,0.1266949114,0.5337740164,0.7474374761
0.7990150068,0.8522229529,0.2333997271,0.7702591929
1.2379393590,0.4587607570,0.2856303759,0.0347881509
0.1931885826,0.8671314086,0.0045494933,0.1122626677
0.9362758997,0.8225430187,0.5807621087,0.4523806129
0.0579007371,0.9376090030,0.0480767409,0.1149650360
1.2794714390,0.3400952425,0.4687879307,0.0887521487
0.6607726436,0.9059543348,0.3769210114,0.4535451822
1.3391511851,0.4286125693,0.3329923997,0.9445935798
1.3909350705,0.7706572319,0.9112463239,0.3626173130
1.5728608919,0.2995979538,0.8908098314,0.9907652383
1.0365116396,0.3798026752,0.2138845971,0.2781374386
1.1647311873,0.3114457838,0.2962056169,0.5823397894
1.5319542969,0.2931225006,0.9221626184,0.2196589767
1.6402818014,0.4592227792,0.6088002051,0.8647101788
0.7742217149,0.1406235939,0.3888619413,0.8259650486
1.7823489100,0.6093375093,0.6534342252,0.7543778186
1.2171088239,0.8300410179,0.9309017250,0.5465391547
1.0794267952,0.8374871877,0.5609805777,0.8311470779
0.6519984214,0.8382726246,0.2949798926,0.3076665405
1.1621858888,0.1794952265,0.6298192746,0.2897803419
0.6684798196,0.9738205917,0.4267843773,0.7498178156
1.6334974662,0.5636324546,0.4612754965,0.7721542436
1.6203251589,0.6162109949,0.5577009093,0.4510181722
1.6620460934,0.4473994832,0.8235637531,0.5583381547
0.9789638286,0.0372182803,0.9868768811,0.0628307733
0.5931877107,0.9871696265,0.6410258917,0.1120577855
1.4523250242,0.7666554060,0.6114143316,0.9336675712
0.9744257621,0.2465445362,0.3538471858,0.1844741865
1.7965621070,0.6502363695,0.9273093647,0.3672078525
1.3003749110,0.4095745825,0.4947498870,0.0923787930
1.1990346381,0.6812529330,0.1913407319,0.5504954399
0.3165888936,0.0020659835,0.4432314632,0.3464645244
1.3072471877,0.6166615477,0.2167217749,0.0213522116
0.5891043198,0.8778624612,0.2660292035,0.4279449950
0.9513914817,0.3429413107,0.0489731790,0.6019199476
1.2681169672,0.4631637918,0.4142303445,0.1049832975
1.0466086988,0.3855577997,0.1349677796,0.4279028836
1.3938446167,0.6081655145,0.0571907289,0.9099335863
1.5614844365,0.7273335425,0.8397381260,0.4304897399
1.3802200198,0.7628789321,0.8466095991,0.2747899576
0.7144665065,0.9226576238,0.6235992036,0.6214802682
0.7685012619,0.9540029036,0.4593536078,0.9721809957
1.7667485682,0.5409095414,0.6175675684,0.8173849627
1.2271880220,0.4823988765,0.3003805186,0.1566837964
1.4758962264,0.2307724287,0.9852122887,0.7674212970
2.0762659005,0.5945320876,0.9543442831,0.9422783408
1.0756610210,0.8501789367,0.8001003871,0.5363666101
1.4294721358,0.1487383572,0.9825598980,0.1377199465
1.4675454632,0.3882220782,0.5414132102,0.8029021213
0.8413177050,0.2978789747,0.0440927029,0.3663122104
1.2732512660,0.4753903753,0.2920039852,0.4170309245
0.4039645695,0.0920050325,0.0347216949,0.1087954271
0.3477627713,0.9134605893,0.2989061530,0.3005121398
1.1682154706,0.2856254003,0.3777468504,0.6147994207
1.8074539709,0.6208384231,0.7345284242,0.4838915251
1.0687358419,0.2830616197,0.3123333354,0.1817706864
1.1028660222,0.1322938976,0.7442172009,0.8709891498
1.5239906674,0.4624925452,0.5338109730,0.4570583756
1.1999552330,0.1832735644,0.6900734594,0.8164774640
0.6562513855,0.2084993168,0.0390409566,0.5603639821
1.0618848504,0.9782282805,0.9904731729,0.7472964112
0.9924202422,0.3584760123,0.0265141880,0.8186960657
0.7324541460,0.8773573191,0.4973291808,0.1807466554
1.5754633660,0.7235748398,0.9195192618,0.4506424627
1.2172488511,0.5007726349,0.1341678201,0.6125244088
0.7802554239,0.9229263037,0.6914393393,0.2972382849
0.5283076309,0.0376925339,0.4766421169,0.5417401761
1.3504297905,0.5510850981,0.2027856151,0.7543949126
0.8758722721,0.0963183093,0.6421387030,0.9612885590
0.4063987674,0.9002352445,0.0855967911,0.5463605038
0.8041869705,0.0385253662,0.7120244435,0.1679448907
1.2308051905,0.9273703699,0.9889025062,0.9555700104
0.9887157955,0.2610028807,0.2436373158,0.9308571894
0.7039775826,0.7588866698,0.0840127714,0.2090655638
0.8565363344,0.2013188804,0.1173287652,0.7351697680
1.4882704544,0.2214622849,0.8792414049,0.4464678738
0.4301665130,0.9250454206,0.3135340487,0.1109440850
1.5147817183,0.2973754267,0.8601116353,0.9340709426
1.4118638969,0.4056120799,0.5480212541,0.9639086810
1.2043666529,0.2712376109,0.4539846517,0.5742309850
0.3141569307,0.9949843119,0.2691723049,0.0772055845
1.2963309057,0.5512571670,0.2089476787,0.3424291308
1.3050383808,0.1753754678,0.9815106454,0.9211664398
0.6949262322,0.9724909159,0.4801230598,0.8077587529
0.9544958115,0.9981352127,0.9167930486,0.6979923349
1.6166640446,0.3443728671,0.9157544957,0.9203335077
1.2500163661,0.6637074017,0.2525471655,0.4216857915
0.8725114386,0.2105050087,0.2955258416,0.5553040044
1.2901447029,0.8123214654,0.9495592794,0.6051151375
0.8368778180,0.2725305800,0.0036996962,0.6186671401
0.8272151394,0.9050947523,0.9260086749,0.0531881531
0.3632917684,0.0245797136,0.4019374674,0.6650916591
0.8251153954,0.9763436985,0.4400765784,0.9807575608
0.8994336986,0.3646435855,0.1047413357,0.0905359574
1.2669849320,0.2819678926,0.6899986634,0.3992173008
1.0461975387,0.1063335863,0.7827414206,0.3419307888
1.3535425329,0.2883079512,0.6896673245,0.2950117760
1.6904240806,0.3491116983,0.9240223872,0.7980437130
1.0929006767,0.1177513985,0.9962166459,0.9809161031
1.0518006071,0.2737720979,0.2628106703,0.6691598697
1.4525130054,0.4155795796,0.6084073958,0.1512063766
0.9503644142,0.2527076842,0.2120571998,0.3726074485
1.0967628184,0.1135194001,0.8215930598,0.2992844507
0.8916056624,0.7403390578,0.0045230588,0.6597696295
1.6383840756,0.4274558216,0.8741229666,0.6001609834
1.4834549675,0.3847934417,0.6464013492,0.6508552636
0.5557662478,0.9192570204,0.3376303578,0.5525002113
1.6794271846,0.5715998686,0.4083576649,0.8092774703
0.7630671390,0.3406103323,0.0005588226,0.1865772549
1.4714306860,0.7621105834,0.7622658047,0.6325686108
1.3387155869,0.3358060463,0.6342627594,0.0377899906
1.1319211163,0.2012873475,0.5404352661,0.3871379381
0.5460671127,0.0300061436,0.5541321603,0.0479577765
0.7897851070,0.1837502151,0.2035320812,0.3384518341
0.6147210757,0.1580334423,0.0429068789,0.2750062716
1.0588733660,0.8014720670,0.5721149198,0.3368157730
0.8545796678,0.2803099630,0.1764960129,0.5894402999
0.5017727364,0.9259988331,0.4755366488,0.1818007074
0.8005386387,0.1360246755,0.2863076805,0.6266533550
1.5778823492,0.3236542262,0.8988125189,0.9264204225
0.5900040737,0.8612043824,0.0663861261,0.5885252138
1.6110230730,0.4611006934,0.6295315336,0.8133134239
0.9113529709,0.4171594886,0.0439438867,0.0600336902
0.9372662519,0.3647862700,0.1012646966,0.1222174021
0.5237415479,0.1217930749,0.0724465229,0.8985441617
1.3770087221,0.7852466355,0.8961484385,0.3653546451
0.7184955278,0.0593802173,0.6704976430,0.7749777938
1.3503371749,0.7404861655,0.6613004098,0.1921543769
1.5090685514,0.2424575266,0.9771416393,0.3476384646
0.5473212283,0.8981120821,0.1710756823,0.4447949659
0.6721903710,0.8524262424,0.0463789587,0.9696635280
1.3807641464,0.2305002551,0.7592673915,0.9483755306
1.5581288241,0.4499137198,0.4670525445,0.8713278278
0.7824618848,0.0870672881,0.5062885782,0.0631844519
1.2427109171,0.8945154255,0.9986257124,0.9514247130
0.5228051938,0.9071181438,0.3393323730,0.1135265766
0.8817211767,0.9249387197,0.5541657152,0.7153036614
1.3791193152,0.3821614582,0.4713069590,0.5505791763
1.4945501208,0.3942552074,0.4597361171,0.7134143624
1.2772412750,0.6152164318,0.2275237927,0.2310764105
0.2018370662,0.0487909580,0.0465927951,0.4711152138
0.5788867799,0.8498928860,0.2681310951,0.1375335814
1.7880301371,0.3763529416,0.9566846224,0.7995405974
1.3430891663,0.3036429679,0.5756819344,0.8190713487
1.1545600341,0.8164316641,0.6744427590,0.5441647688
1.2044212851,0.2529142580,0.4553684878,0.1737818291
1.3662106865,0.3550782191,0.6455005958,0.0002103293
1.4285185903,0.7720253328,0.8809611139,0.4197640029
1.5384750002,0.6222113371,0.4958182582,0.4648815054
1.2756856684,0.3320629942,0.4017781365,0.8370114875
1.0949515354,0.7092258022,0.1094327637,0.7571146558
1.4978468562,0.7087710718,0.6672877328,0.3773680282
1.2717923587,0.8374545783,0.7701817503,0.9737698607
1.5457463650,0.7007854413,0.6850301270,0.3715846738
1.3288829430,0.2401279456,0.7404459702,0.7542057457
1.2012993269,0.7725997632,0.2862895658,0.9952107164
1.7576365588,0.6413157462,0.6892663123,0.9094407258
0.3852667178,0.9066907298,0.2258523892,0.6613433898
1.1748750441,0.7714502770,0.4930791866,0.4163740421
1.2636637042,0.7648044625,0.5208847922,0.1115817133
1.1490794374,0.3451362878,0.2070473769,0.8820087426
1.5375458128,0.6313277809,0.5074631774,0.1040336729
1.7878399806,0.5648322667,0.8179955101,0.0691444995
1.8246158252,0.5660551000,0.7910370225,0.0388617910
0.5673283070,0.9648351185,0.4528736439,0.5932570919
1.8830463360,0.6591323225,0.8318666137,0.4055511822
1.0566648088,0.1007425765,0.7966449324,0.1622051739
1.1946784463,0.5989116518,0.0374761811,0.1660494747
0.9149562837,0.8499871389,0.7368620732,0.0153028622
1.2925938439,0.6743952319,0.3094022707,0.6863959576
0.3237767041,0.8922238001,0.1380151115,0.0542760727
1.5257054066,0.3637382832,0.7226277595,0.6765270697
1.3323294183,0.4067463446,0.3306971750,0.9021562313
0.8363873196,0.8484844816,0.2976784618,0.7585956954
1.1857382579,0.7833560156,0.4456858249,0.9167965190
0.7040702345,0.0472136074,0.6917608999,0.3515332441
1.5227430138,0.3899371874,0.7999569235,0.4217713658
1.6290040746,0.6858202565,0.8252294106,0.5585546824
1.0680856286,0.1700408706,0.4823690485,0.6582239956
0.4843185366,0.0008680809,0.7429742717,0.8952819803
0.9301364616,0.0674712236,0.7628351811,0.1172512604
0.8665854008,0.2755104032,0.1793788217,0.4236632443
1.2862123803,0.2128233694,0.6703539686,0.7841749251
1.5326178301,0.4230662499,0.7345343040,0.1896254954
1.1953317860,0.5591614933,0.0432497111,0.5792365540
1.5849808078,0.7128248922,0.8466122726,0.2169669739
1.6398731162,0.5912656161,0.5466958761,0.0692402591
1.2155884822,0.6091454364,0.0070716060,0.4950385163
1.4458457377,0.3644834007,0.7608274445,0.0089522637
1.2055937771,0.2539300964,0.4719150718,0.6159483633
1.3926256060,0.7434737885,0.6343551112,0.3773886582
0.9568261074,0.1775185274,0.3887435515,0.8716231173
0.5960556082,0.8758050769,0.0491305140,0.8077670166
0.6943395204,0.3038467698,0.0077938634,0.0377397138
1.7143140350,0.7202070183,0.9933500850,0.7514906892
0.9097853070,0.8001949417,0.3363555279,0.5035954544
1.0585676434,0.2748473753,0.2563334268,0.8936172493
0.4114623553,0.8444491447,0.0520222164,0.3257541651
1.3902641541,0.2594653754,0.8204002274,0.9450039959
1.3929138561,0.7241837698,0.3838504193,0.9959439830
1.2348813670,0.1790524336,0.7175547489,0.3762908663
1.4384790818,0.7730966032,0.7948260178,0.9724980058
1.1254099127,0.3764195483,0.4019435481,0.0186825427
1.3271673118,0.2925586552,0.6535608666,0.1564304160
0.9369767657,0.8161236799,0.4019966278,0.1227375355
1.3198401540,0.5647552078,0.2083232370,0.2227077264
1.8606294110,0.5918116553,0.6842596047,0.7692719853
0.9462752395,0.7410603672,0.0981615339,0.4974780195
0.8584108930,0.9428752382,0.6785798381,0.5795101756
1.2014482068,0.3134875903,0.4159585485,0.6773018785
0.5881691904,0.9682739499,0.5908538231,0.2399493290
0.7571130863,0.0317406774,0.9463895525,0.9575046451
0.9351854193,0.4009638139,0.0742131022,0.3793031414
0.7002616060,0.9776433406,0.5670400351,0.1338299001
0.9797890778,0.3527051762,0.0312539647,0.7738723067
0.3508516483,0.0129000462,0.3978590111,0.6345218176
0.5965024979,0.0658033326,0.4063880561,0.5981814992
0.6328346489,0.1187020704,0.2177977350,0.1603050052
1.1255528766,0.1382425419,0.7439711486,0.5132560378
1.5871827376,0.6743593782,0.5783581673,0.9886133199
1.2364696338,0.2925592990,0.4537607434,0.0115937050
1.0646192092,0.7871569200,0.4160317134,0.6275136628
1.1798592346,0.1444136536,0.8642476405,0.8482281337
1.5427432221,0.4656652630,0.4092454116,0.6990629602
1.0827185020,0.2601195986,0.3484768187,0.5673351181
1.9389520582,0.5118424586,0.9818201550,0.5939308547
0.4486808250,0.0006658363,0.5679907064,0.3345521155
1.0572158062,0.4692193701,0.0022779991,0.3848241056
1.0735988775,0.1211709852,0.7144435066,0.5023517750
1.3132142714,0.7564696389,0.4058683726,0.8562860328
1.3411581362,0.2613569145,0.6027601578,0.5151491420
1.4209592646,0.4054188256,0.4263615447,0.9233580508
0.4456764740,0.8447863928,0.1495865104,0.1420852601
0.5226757755,0.9208017283,0.3660614382,0.3416987004
0.9504800961,0.2895487484,0.1921725090,0.3653069668
0.3497332628,0.0106429766,0.4446314114,0.4892540324
1.6915104407,0.5140231343,0.7185210516,0.3343745470
1.1870381362,0.4407135184,0.1306147258,0.7593880964
0.9363400019,0.3866027672,0.1600820829,0.0923089141
0.2811990180,0.0106846096,0.2902471866,0.6202686226
1.5811927375,0.7272008386,0.7465441096,0.7867699055
0.9766910128,0.7474374440,0.1957028357,0.3887298910
1.0747248427,0.1950609361,0.4793808216,0.0066924996
0.8539242531,0.9594331539,0.9964480788,0.1965780137
1.8749276894,0.6456744255,0.9730475433,0.7571759192
1.2512483882,0.5687011673,0.0768207508,0.5587327615
1.0043559870,0.2493284159,0.3808184819,0.2666415591
0.8704998587,0.9924020261,0.8639464896,0.6513062897
0.2639702625,0.9063504971,0.0815694814,0.1821451476
0.9992440825,0.8308389381,0.6025235401,0.6353593969
1.2046435582,0.7728282429,0.6135940801,0.4321666484
1.4935379986,0.2024621023,0.9340851306,0.5861429303
1.9189915739,0.6094879802,0.7198864075,0.9669298148
1.7235510317,0.5785615742,0.6404837657,0.3353075096
1.3416678855,0.7880798122,0.9960603845,0.2209511706
1.3562321395,0.6908096072,0.2599356732,0.8608335694
1.9188125429,0.5641712094,0.9678173331,0.6521511879
1.8063359843,0.5789708319,0.8047539763,0.3798080104
1.8781247420,0.5585621741,0.7253064297,0.9940107308
1.6829608587,0.7351279070,0.8954328762,0.9111597524
1.7987875291,0.6978438921,0.8919835184,0.6580390565
0.8326917853,0.8884061145,0.4304314148,0.7639379684
0.2764360875,0.9666143816,0.1912781332,0.3237955158
0.9912986250,0.8940571530,0.7401238867,0.7176219781
0.9908758267,0.2667458482,0.3034609899,0.0512820985
0.9203046016,0.2515208674,0.1399287791,0.0650713232
0.6613007064,0.0075171568,0.8139838904,0.0609486456
1.2851081807,0.6834701279,0.3180789879,0.2855785658
0.8358769177,0.0933388030,0.6105038247,0.8375042346
1.2591503784,0.2531426427,0.5477925166,0.9870020690
1.3797355597,0.6637459798,0.4632624191,0.0905581173
1.1697460849,0.7168377018,0.1799882235,0.5615905450
0.7241506657,0.0115341036,0.9838047955,0.9323291072
1.1352903929,0.7801731830,0.5491419522,0.5216057465
1.5716154405,0.3198523856,0.9113147786,0.7026730713
1.3494937541,0.6231445608,0.2272712823,0.4447924675
1.3532541669,0.5188031675,0.3527232445,0.0996853802
0.8319278866,0.0481537796,0.7118233427,0.2241052038
1.0651434842,0.1266760856,0.7210053782,0.4359973799
0.7763996901,0.3247194095,0.0079765079,0.2395041733
0.0401047125,0.0245596605,0.0230793033,0.4602912958
0.9068004475,0.2333426576,0.2296508467,0.3509717436
1.5803006333,0.4882406083,0.5253414324,0.6352403181
1.5992643521,0.5393826340,0.4110702819,0.9683683473
1.7256071094,0.5087831066,0.8035144775,0.2280186449
0.7857190939,0.2344386605,0.1439765124,0.1997716956
0.9912047580,0.2309380808,0.2666963802,0.4772037034
0.5346034687,0.9525867982,0.4679475647,0.4908797830
1.5297171043,0.5791561127,0.5017768026,0.0174439783
1.1894944718,0.1165837800,0.8473941418,0.5311420137
1.4994566960,0.5650462694,0.4499582715,0.5364801203
1.8064155176,0.6330649089,0.7575793570,0.2353354727
1.8533156243,0.5002773041,0.9170401761,0.5793070888
1.0656019054,0.8416761121,0.6838522303,0.3436388315
0.5389633984,0.9912100515,0.5972535963,0.0674596737
0.9306136312,0.2214550264,0.2246422821,0.4054233541
1.1168660696,0.1309632129,0.7234441199,0.1659242198
1.4150815349,0.2436109141,0.7449417140,0.2034395827
0.8670465032,0.8743029967,0.7483521309,0.2471847357
1.0455031897,0.4217907271,0.1921146300,0.0194293696
1.4638380413,0.7677870302,0.8328187332,0.6057172872
1.0490156976,0.8224336687,0.3927411901,0.7342209788
0.9972166293,0.1853867415,0.3869999950,0.4806262420
1.2705933471,0.2199144840,0.6861772223,0.9560355217
0.2495661287,0.9831292350,0.1554269947,0.3966416864
1.8499142714,0.6503001574,0.8933156281,0.2115737324
0.3048256193,0.0133528387,0.4686659340,0.8686768193
0.7268034827,0.8859432986,0.4566609520,0.6379056139
0.4802709306,0.0191556345,0.3439798944,0.6226798508
1.5728060919,0.5071214697,0.4993896140,0.5228074871
1.3352937274,0.7545252077,0.6962067455,0.1572024378
0.5421781204,0.1177349818,0.0557612251,0.0776562315
0.7178249307,0.0033444667,0.8620678115,0.0427900566
0.3543340902,0.9338818763,0.0891928421,0.6026136136
0.8448832745,0.9513551920,0.9090064981,0.0522690401
0.9313903390,0.7275451701,0.0674424885,0.3223566846
0.9530113334,0.9413889755,0.7834665486,0.8591146012
1.6923183682,0.5286460190,0.5966864030,0.8394404170
0.8590525694,0.1405876253,0.3887509890,0.2407657507
1.7389649091,0.4144839066,0.9379240742,0.3748614217
0.9252604736,0.3048832053,0.0924980515,0.2060873476
0.9997719895,0.1119571076,0.6796926676,0.4218062110
1.7234155028,0.6968915347,0.9202580399,0.4913385839
0.5770548477,0.0338297861,0.6188321414,0.2788822163
1.3052662957,0.8131459209,0.8861862257,0.4481516373
1.3043639177,0.2468160864,0.7125104292,0.9205036545
1.1254938503,0.1096631547,0.8584811512,0.2950450276
1.5482226640,0.2012608115,0.9967806087,0.3536868459
1.6518504914,0.6058175054,0.4870438935,0.5505343320
1.4042899705,0.1755301538,0.9844367953,0.7855536357
0.6294475657,0.0019930086,0.7778957857,0.2216963009
1.0226340881,0.7608747430,0.3997511392,0.1821647832
1.6158298467,0.6806576447,0.6491873721,0.7532580177
1.5303473202,0.5419533760,0.5501352942,0.2218120446
1.6271779957,0.6459588640,0.5953879719,0.0475983918
0.9652509176,0.8374426968,0.7553347942,0.2929158907
0.7458678896,0.0067520193,0.8887770527,0.3095448699
1.8252768102,0.5960761178,0.8503275165,0.6048471341
1.5876401431,0.7597578058,0.9911097296,0.7093108414
1.0826877968,0.1248694338,0.7656111195,0.6019723282
1.5813620319,0.4919609722,0.4987017948,0.7591876170
1.1649604579,0.7969871644,0.5146120449,0.9919742784
1.3170945285,0.1223649337,0.9846283181,0.1395948180
1.8120577457,0.5067248795,0.9156789023,0.4931266115
1.4150295773,0.1727495410,0.9401365168,0.5011188278
1.1295155560,0.7482664382,0.5323193508,0.2440055753
0.4758254499,0.9626429409,0.3747728071,0.3077201339
0.8965927602,0.8837464967,0.5301479573,0.8119537255
1.0401372658,0.8276033151,0.6640481684,0.1831130184
0.9626355501,0.1733202648,0.4134584493,0.0826038065
1.5875919344,0.3996397141,0.7608104583,0.6999404511
1.4508020596,0.7879794758,0.9228292122,0.7587358014
1.0922755744,0.7643754915,0.4659328609,0.1961096765
0.8514331641,0.8993380576,0.7115458857,0.3405103345
0.9659711647,0.9331754270,0.8316207080,0.6417577839
1.1747059751,0.6736673465,0.0923783823,0.2550128220
1.5507751746,0.7001059153,0.6424375720,0.0781110915
0.9638873494,0.3596523862,0.1841350686,0.0089285349
1.4349753249,0.6098470467,0.3217098031,0.6692704707
1.4528748317,0.6818062510,0.2646630077,0.9191389116
1.1236154950,0.1214929127,0.9114435426,0.6964506162
0.8140913278,0.9512146882,0.7245205726,0.5928037440
0.6298951208,0.0413054817,0.4824260542,0.3998059941
0.7260801959,0.8784860320,0.3353727968,0.7500454304
0.8537930495,0.2727152951,0.1357963942,0.5372817186
0.8898066130,0.2458076747,0.1648037257,0.1622808969
0.8743397292,0.8841569169,0.5980345789,0.7374322899
1.7441531302,0.5029012612,0.7034948172,0.4991129287
1.0091749775,0.8729153810,0.5830233836,0.9408235354
0.2938029246,0.9711071613,0.1194305852,0.1235470870
0.7746891569,0.1865663356,0.0444011588,0.3803301386
1.1612152894,0.8250740044,0.9204139941,0.2853589763
0.3693615695,0.8956522796,0.2352078677,0.2049157661
1.6208546249,0.4520534282,0.6914970371,0.8126422345
1.0986557761,0.5289859003,0.0293235140,0.4746937902
0.6132012222,0.0188507236,0.7290938680,0.5912117951
1.4449477319,0.5847067974,0.2784280115,0.9687588752
1.8405304044,0.4978265329,0.9445163061,0.6878153473
0.5026837227,0.0648644285,0.2368772106,0.6023919238
1.4389317656,0.7066313936,0.5173000927,0.7225873714
1.1737531548,0.2756210706,0.4262149658,0.6434121751
0.6349286747,0.9846716595,0.6560433655,0.3875001358
1.3313618373,0.2022595386,0.8415203489,0.5971106074
1.5030938385,0.5408756535,0.5156058677,0.1184455575
0.3374508936,0.8524774090,0.0797616334,0.2183627079
1.3942993949,0.7212231664,0.4781011395,0.5442359919
1.7144386593,0.7657145853,0.9848238262,0.7853546763
1.4642218978,0.2151289387,0.9232327613,0.2952199237
0.6505161180,0.1127251421,0.2781311364,0.0400822102
1.2681146159,0.6596970774,0.1965866572,0.7454257886
0.5803638123,0.8797298217,0.3976551676,0.1011184677
0.9041618487,0.1070525124,0.6417095275,0.4255652888
1.5154733302,0.7223676802,0.6246158521,0.9468290216
0.2783178960,0.0465813813,0.1253603394,0.4248777444
1.0269879025,0.8635299827,0.8894613705,0.3720229839
1.4390295664,0.8272214639,0.9545028903,0.9393574675
0.7990802757,0.2308253751,0.0087163013,0.2885704683
1.2553627876,0.1668014973,0.7313856400,0.3050821415
0.6374445391,0.1420672753,0.2946187321,0.7414142569
0.8606642507,0.0233799490,0.9753568188,0.0866096620
0.1559137076,0.0044155701,0.2626011671,0.1901417872
1.2548431235,0.4058515809,0.2846564430,0.8761798472
1.2012398788,0.8233287994,0.9853034626,0.4523300529
0.8409964812,0.9636532194,0.6920965386,0.7679003906
1.1972726547,0.2500016698,0.5278599810,0.7100535711
1.9299232894,0.6954155135,0.9768933111,0.9538065306
1.4176632688,0.4242060636,0.5416500235,0.0991984584
0.5304052012,0.9138019553,0.3620669755,0.4739127499
0.3781972623,0.9484602740,0.1621581534,0.4743947002
1.6119263479,0.6132998767,0.4395536665,0.6861152422
0.4229021970,0.9845687860,0.1886894369,0.6782266865
0.4965975912,0.8137294837,0.0788720030,0.0919138981
1.1947509140,0.6531001134,0.1408531070,0.1230692838
0.4406703774,0.0476231078,0.3451993500,0.8429997025
0.8601196946,0.9211576864,0.7808413895,0.5238396501
1.7339148230,0.6104384919,0.6626197270,0.0246645582
0.9373343846,0.1031733305,0.6319675275,0.6824635744
1.4256793703,0.7659080383,0.8092521805,0.6657934124
1.5951819101,0.3722868553,0.8319567081,0.9458628305
1.0567798587,0.1753982563,0.5176860376,0.4418051196
1.8380041943,0.6494453823,0.9592888721,0.1690347201
1.7494997387,0.5399770072,0.6897275649,0.8112681118
0.9624878372,0.7401614589,0.0143763352,0.7736254515
0.6182972535,0.0055596748,0.8321272033,0.6359580411
0.2379747418,0.0299954492,0.1763467861,0.8074229354
0.9420493713,0.9135141559,0.7587734242,0.9376051741
1.1725349614,0.5861990255,0.0079124078,0.6470268544
1.1399277558,0.3148750071,0.3640130079,0.8182314726
1.5357044561,0.4456460451,0.5419263543,0.9276109624
0.4533384149,0.1202911835,0.0366682768,0.6569225559
1.3106525609,0.2989761413,0.6380549877,0.2456012783
1.7676858298,0.4335142269,0.8616750170,0.6419894859
0.8425173154,0.0714155606,0.7103654751,0.4745713247
1.0363421109,0.2791699319,0.4049543586,0.2726314050
1.5568696351,0.3969291512,0.7651409949,0.0961976511
1.6840387802,0.7667282266,0.9331419539,0.8731759324
1.3669672837,0.1724538187,0.9243404166,0.1287517029
1.3141956256,0.8412607408,0.8660535220,0.8591289440
1.5683225934,0.3319418431,0.9164232948,0.8520848153
1.4605594626,0.6801123367,0.4368802781,0.7258970716
0.7439664308,0.9631947430,0.8767025844,0.0902916961
1.2249979724,0.9248942664,0.8773116622,0.9385289181
1.2951356832,0.6417752828,0.2365261682,0.5101394506
0.3136710588,0.9603937535,0.1298248730,0.5217622245
1.2692946554,0.8251898611,0.6491964057,0.9321652445
0.5972895692,0.9240671243,0.5084957977,0.3883880475
1.8112515786,0.4558322639,0.8892586047,0.3937612887
1.5563443730,0.4543219995,0.5429282230,0.6011705338
1.3680958174,0.6507090818,0.4018162292,0.4644708579
1.3841932450,0.4972640693,0.3290104093,0.6504738848
1.1365351114,0.3473294010,0.4300107605,0.3737463555
1.6695692365,0.3272142101,0.9293724794,0.4815557183
0.5818347176,0.1000859730,0.2860432554,0.1907717078
0.7505743767,0.9496063531,0.7688488423,0.0910735522
0.8532112850,0.1375106766,0.3958281616,0.7198186549
1.6803204228,0.5336605749,0.7069132491,0.2182401762
1.2611535674,0.7092987357,0.3906299883,0.3763304388
0.8097229657,0.2377989779,0.0597793182,0.6612468605
0.2457021158,0.9501636241,0.0280561839,0.6854595551
1.5268433538,0.3789560801,0.8363781497,0.6827359129
1.7856915271,0.4846581400,0.9609416266,0.3975196922
0.5410122988,0.0699494281,0.3766314921,0.9906939650
1.5780593929,0.4903460819,0.8154646708,0.1590439205
0.5286678108,0.8681217013,0.1951299745,0.5081754398
1.3370017073,0.5086221464,0.2822316032,0.7807172832
1.2989255627,0.6004711621,0.0697064400,0.7610290909
1.5542142573,0.6292112924,0.4104694429,0.9473060265
1.4295444334,0.5756279697,0.3632593570,0.1497910404
1.1465681776,0.1859995672,0.5983682484,0.3254750088
0.6964942478,0.8620361324,0.0388696671,0.9948293603
0.7280853381,0.9301254324,0.6339978672,0.4360745839
1.0498694989,0.2324976219,0.3970096311,0.4975850975
0.7318900150,0.9219060655,0.6832301267,0.3637512366
1.2077359771,0.2681408738,0.5849839502,0.2030071570
1.3639445580,0.5967085414,0.2720024504,0.4485796460
1.8954026199,0.5550456849,0.8456090434,0.7569626402
1.3345135592,0.2755114013,0.7040720919,0.4475455191
1.3897201178,0.3454249016,0.5460426932,0.6179310251
1.0716707136,0.2243635074,0.4183085130,0.0149062047
0.9803867067,0.8163274680,0.4756558091,0.5666298202
1.6644335299,0.5352550173,0.6789290952,0.5395299911
0.7141180739,0.8685591825,0.4526217185,0.4526346290
1.1851915770,0.6903895828,0.0730291687,0.8048909305
1.5518849349,0.7242451072,0.8699238574,0.4985257773
0.5908070489,0.0864458136,0.3863077823,0.9034563371
1.2729975975,0.2541708972,0.4995400990,0.9634216916
1.3494976279,0.3562132180,0.4859133523,0.3964920023
0.7819385840,0.1294464502,0.3222616159,0.2789001990
1.2556408603,0.2262544202,0.6704918262,0.4131609089
1.4386557996,0.5586420304,0.3869883430,0.7610162936
1.0855815590,0.3593068432,0.3516122436,0.3187716435
1.2193424322,0.7229639364,0.2818194049,0.4778420605
1.8668320901,0.5597002949,0.7392078503,0.9007059632
1.4805363165,0.3171039754,0.7401664555,0.7388998736
0.3321067284,0.0503224025,0.2229644407,0.8533624615
1.4179632109,0.3922781546,0.5292825333,0.1392522363
0.5936994698,0.1276775725,0.1491064893,0.4167640253
0.6827059287,0.9592263503,0.5370431904,0.5905522478
1.5432642419,0.4277770712,0.7415428990,0.0511806560
1.3707877512,0.4489855368,0.3807120803,0.3499523166
0.8746357708,0.9145102972,0.6764693890,0.7048403592
1.1405489830,0.1560150446,0.7077888300,0.1814736671
0.7866563301,0.0151131313,0.9475672395,0.7334029679
1.0258798480,0.4570653608,0.0426756263,0.2708748601
0.4054529870,0.8966078939,0.0569848678,0.7006703094
0.5504479979,0.0204318053,0.5679207084,0.5495985870
0.8081592015,0.8396813193,0.1968788122,0.8990965576
1.7666056247,0.6960791587,0.9067654555,0.9470084961
1.9590642065,0.6165578200,0.9601484483,0.4961106561
0.9418494394,0.7084886072,0.0287249287,0.4506149288
1.6050034496,0.6339344649,0.5579598052,0.3179857162
0.8084843196,0.0113459883,0.8702433274,0.1825312342
1.2949197361,0.6411102687,0.1368102446,0.5309554359
1.1270438951,0.7797517884,0.6963745629,0.0599950207
0.5877421046,0.9008605477,0.4450545160,0.6417062216
0.1968261700,0.9564182939,0.1347673808,0.0842684403
0.7057134909,0.9154330894,0.2655216359,0.9301613753
1.3477692147,0.1998049646,0.8291663427,0.7823726882
1.1822492299,0.7810559991,0.5077738026,0.5782461895
0.8055645935,0.2001197578,0.3948140601,0.8164958533
0.8098171747,0.9213421748,0.9120458703,0.1395187260
1.1333492020,0.6487585435,0.1029437290,0.3763330995
1.5216133812,0.6998425360,0.5746516528,0.7921008758
1.1002880035,0.8696683045,0.5035127582,0.9137000937
0.9292541805,0.6855645239,0.0128538055,0.1062993266
1.5834751227,0.3628002927,0.7715163435,0.7790558682
0.5583749650,0.8647625657,0.1181463807,0.5414085041
1.2780317760,0.4457542044,0.2077956369,0.8320399747
1.6953609742,0.5555908500,0.7626754525,0.1413355820
1.0228842184,0.3475387925,0.2924169155,0.2313477558
0.9150005362,0.8259461982,0.5490929855,0.1062801911
1.6847125214,0.3569869838,0.8779288471,0.9035570902
1.0822902214,0.4819477010,0.0962861798,0.5128872021
1.5710846471,0.5443225421,0.5738460151,0.8395412420
1.1698313059,0.7000149020,0.2096265433,0.1376332429
1.6265632685,0.6315561717,0.4531790673,0.9456514750
0.3441995282,0.8470336838,0.0095210376,0.2174242621
0.9722792467,0.8236370943,0.5855478703,0.2894059533
1.3723589074,0.7427250923,0.6164837207,0.2521088756
1.7096650339,0.4884856548,0.7949413506,0.2278491301
1.1480483895,0.4157146596,0.0966280868,0.7763396015
1.0188971492,0.0918562348,0.8559100558,0.5493203619
1.4904660778,0.6060181214,0.4448755293,0.6189834741
1.5948577188,0.6183604785,0.4544460529,0.7413340126
0.8577649251,0.0214173884,0.8466880417,0.2466294485
0.7504853849,0.3244036755,0.0369133455,0.0172925158
1.1874318959,0.1981977649,0.6859014882,0.7077117218
1.4364208402,0.2518980415,0.7835680334,0.1504037023
0.9840093912,0.1623332321,0.4372758476,0.4792566851
0.5926911185,0.1543796625,0.0193696192,0.0173223310
1.6368382044,0.7150205521,0.9056214799,0.0182648403
1.1370343055,0.3261476281,0.2858746459,0.8929366129
0.6120755233,0.8750554460,0.0243568698,0.8804660701
1.3179654725,0.6185273322,0.1374365494,0.5813925915
1.0664894679,0.1961013477,0.4802520420,0.4182673426
1.0043497995,0.8252118063,0.4330903675,0.7149290336
1.3437080768,0.7404368469,0.5135596742,0.6266283475
0.6513044499,0.8408330373,0.2465538014,0.3555873073
1.2085732345,0.5549353810,0.1329416812,0.3982174091
0.6180412672,0.0554679040,0.4098276393,0.7278538983
1.4339733220,0.3826210867,0.5761532632,0.0507794943
1.7803647469,0.6238972737,0.7358091283,0.7792129037
1.3611759968,0.5276193193,0.2348328069,0.6587701380
0.9981737695,0.3612636670,0.0037856401,0.8456275371
0.3656399357,0.9445692869,0.2315121313,0.0139080237
1.6446090936,0.7500147130,0.9370685119,0.9122197626
1.5332947286,0.5019870386,0.3956586586,0.9695359515
1.0361909606,0.6830695313,0.0911810693,0.5037119568
1.4449390593,0.5915346158,0.3720714008,0.4001704945
1.1442953391,0.7632841316,0.5063270259,0.2628721083
0.7851505089,0.1419727476,0.2869370606,0.4550344379
0.6386290356,0.0138559394,0.8678608247,0.8863526066
1.2607492709,0.4031648864,0.3158966897,0.7254539376
1.2217310433,0.5724085430,0.1025659108,0.0399737978
0.8617823649,0.8078416860,0.3100897827,0.1782500181
1.6503467011,0.6709657277,0.7450350193,0.6375273598
0.6142083133,0.0084354501,0.6411609649,0.3344559923
1.4267515763,0.2345486642,0.7707050005,0.0993704474
1.6874795235,0.5205085274,0.5611031020,0.5285048872
0.9929633184,0.0603976255,0.8848486772,0.4899870447
0.6788106778,0.0440303395,0.6263944182,0.6203703536
1.2315146775,0.5964576302,0.0241910650,0.5830870394
1.5701892533,0.5891595115,0.4797273677,0.9135953929
1.1000655562,0.1031020003,0.7706499471,0.7093009300
0.1749463305,0.8916486592,0.0219550148,0.2211200995
1.4496578521,0.3363062400,0.7599702579,0.1596560189
1.8463831744,0.6570102016,0.7429311697,0.7634608578
1.1447871729,0.0766690670,0.9972126778,0.4605829762
1.9475105134,0.6257792239,0.9497341629,0.2623628123
1.2291476191,0.3573681456,0.3713371438,0.8846289747
0.7632155172,0.2007781217,0.1330831479,0.7884651357
0.6831975750,0.9104979300,0.4123212809,0.2778128619
0.8523615041,0.9234007167,0.7820848920,0.2464668627
0.3790550858,0.0866671700,0.0229935354,0.9771538210
1.2659935706,0.1897400213,0.9577682590,0.9646167394
1.2931201713,0.3552329732,0.4208847296,0.6519595089
1.8619088559,0.5980033554,0.8065485784,0.3636669098
0.7433096952,0.8551283276,0.4126219829,0.3587309977
1.1949708585,0.1633508000,0.6790869974,0.1064892326
1.4280282050,0.5652655171,0.3254669833,0.0142325019
1.6526538500,0.4273797111,0.8172014932,0.7915436962
0.9240292294,0.2778526355,0.0253824672,0.9248304200
1.1917118195,0.7924510544,0.6959748576,0.4075751438
1.3749407943,0.4801589034,0.4628141507,0.2029447968
0.8467089909,0.2355887298,0.1769285368,0.3457318948
1.4867135758,0.4664887284,0.4755467947,0.1170517979
0.9793760043,0.4172766235,0.1034552323,0.0490439001
1.2044856886,0.1502140824,0.7599549322,0.1783320207
1.3048297406,0.2133978999,0.6857951855,0.2946045131
0.5111970988,0.0272552536,0.5047976464,0.3339805953
1.7090836010,0.6273608876,0.7039313990,0.2529402480
0.5282079700,0.8657883399,0.2773065122,0.0551553724
1.6878483839,0.7193348643,0.8655957762,0.7990673369
1.1820297085,0.0998516260,0.8581235489,0.4030202517
0.2216546885,0.0150084983,0.1541285014,0.1541334209
1.3719947415,0.2854729665,0.6818674641,0.9385859151
1.1203041674,0.2632853354,0.4393989593,0.4105737813
0.2553949277,0.0238365676,0.3077330144,0.3225877000
1.8595697271,0.5468017801,0.8080782002,0.7227685619
0.5640824329,0.8301714345,0.0067367354,0.6585387890
0.5159567260,0.9211082786,0.3141807468,0.5193190760
0.8216883685,0.0563848880,0.8073562613,0.5003603897
1.5653160403,0.2802048247,0.8341926090,0.6991854814
1.3809218474,0.7257549759,0.5147076068,0.7875915534
0.8130884569,0.8554562503,0.2898686242,0.7130902019
0.7485434799,0.0379584193,0.8331380415,0.8564528235
1.4202358997,0.2529633897,0.7874229964,0.3367964828
0.7958607827,0.8993393436,0.5265342084,0.5892667467
1.0818065683,0.5641843553,0.0414850633,0.0200186125
1.6456821590,0.6110559653,0.6114162004,0.0254351787
0.4173951407,0.0846684227,0.1533984934,0.1233213787
1.4968931124,0.4620515913,0.5919743744,0.1529651289
0.9618855888,0.8251695624,0.6296456027,0.0044674482
1.2391793216,0.8378083872,0.9209472296,0.5225979371
0.9217757842,0.0965174046,0.6060717200,0.1009328959
1.6357191102,0.6495091952,0.6197267864,0.5144604913
1.5616601180,0.3153903397,0.7916382632,0.6472406718
1.1068361848,0.7378298926,0.2424900918,0.6030747715
0.8692090731,0.2494377154,0.1328255897,0.1255210516
1.5990271304,0.3898541826,0.9502378565,0.1165538923
0.7544367581,0.1855832096,0.1428553402,0.5894603736
1.0300072958,0.3094533364,0.3213819355,0.8416801546
0.7929007476,0.2174619114,0.1940668888,0.1079714286
0.8631553331,0.0961231697,0.5787113044,0.8108714227
1.4509620348,0.7515391840,0.8551643820,0.4453040347
1.3862731380,0.5701363226,0.1549773153,0.7840258398
0.4392578953,0.0339038614,0.3632462348,0.2576733640
0.6957235514,0.8172900784,0.0944051073,0.5640729552
1.2045626769,0.9451541585,0.9199191009,0.9706881072
1.2547634863,0.7630492946,0.4460530177,0.8219263997
1.4831838686,0.3573288727,0.7378911160,0.7240057339
1.4398073730,0.4792984035,0.2794784254,0.9978701829
1.1403832971,0.2526460258,0.3674844200,0.1466315562
0.4792990885,0.9934139921,0.1009281844,0.9062504006
1.4677090305,0.6439933948,0.2586337117,0.6943140735
1.2279107774,0.7820132352,0.7290559517,0.1211894966
0.7794539746,0.0172816290,0.9387875778,0.3315098732
0.5294549709,0.8992825140,0.2743428876,0.6152534684
1.3707810865,0.2274890117,0.7244878162,0.2994594208
0.6656650514,0.9644563381,0.3299869234,0.8707062011
1.4353934297,0.4091777451,0.7003284267,0.0892145755
1.4828515139,0.3760871813,0.8587468815,0.6675375926
1.4922555747,0.5382259997,0.4049861582,0.7055834300
1.0998445639,0.3934444461,0.2933112484,0.0723139029
0.8840159774,0.3501346078,0.1767234256,0.0587605456
1.0647460252,0.7727123725,0.4287024310,0.3414937531
0.8098320699,0.2491965942,0.0197901502,0.6207408288
1.1724195116,0.1634501874,0.7201702686,0.3513337830
0.6122559210,0.0277830451,0.5821810065,0.1695915696
1.5880668410,0.5975752890,0.3834240022,0.9056261125
1.0083028420,0.8403509919,0.4988139974,0.8600451033
1.1118847846,0.7554934958,0.3676897315,0.3452298556
1.8065494948,0.5430716032,0.8222277781,0.2182478285
1.6267912861,0.4353364239,0.7774233463,0.4215738030
1.8743270287,0.6079004152,0.8502110372,0.0748681269
1.0420932658,0.8659967537,0.8721180329,0.2277841584
0.4243103561,0.0144276977,0.4287108363,0.2899821502
0.9998068178,0.9522238191,0.7114271927,0.9371449766
1.8716481575,0.5845154349,0.6898865098,0.7823176499
0.7521906183,0.8150234154,0.3475207976,0.2880723784
1.2537673772,0.7681230178,0.5685825661,0.2309712844
1.3580780078,0.2126042974,0.8995099791,0.0110550793
0.0447502898,0.0081142887,0.1560330940,0.4069241746
0.6865224368,0.1319868371,0.2082985707,0.3135562222
0.2468571390,0.9200488756,0.0670689778,0.3357422576
1.4063479264,0.3864513033,0.5978139221,0.6928250499
0.8349270994,0.7548076069,0.1166875149,0.3098437562
0.3480318600,0.8493933265,0.0604881217,0.1558304086
1.3638397069,0.5826883314,0.1019664974,0.8268746382
1.1927664714,0.3094275945,0.3520600387,0.7641724946
0.6790975827,0.8140303375,0.1756808182,0.0717795826
1.4971504953,0.6268060417,0.2540217746,0.7866972037
1.8579766453,0.5527184746,0.8595291101,0.3216035704
1.1300376414,0.8333729300,0.9127713394,0.2440610435
1.0626151927,0.1059268529,0.7664485319,0.5908271546
0.2111082682,0.0214096571,0.1534690160,0.7704793896
0.6378957416,0.0233701245,0.6511148376,0.2255080682
0.3611603449,0.0653919394,0.0498260063,0.6139977767
1.0656121783,0.7352348219,0.1396233684,0.6127520929
1.0127673961,0.7755446450,0.0757338675,0.8363730966
1.0315589782,0.9035901691,0.8874181242,0.7224306123
0.5732780257,0.9286532882,0.4543471442,0.4616969012
1.6091432303,0.6082365901,0.4282612281,0.9529442126
0.6808699776,0.0675156376,0.4557005200,0.4753666158
1.1682466650,0.7025450198,0.0817581682,0.5464960040
1.5079501263,0.4493286325,0.6658611697,0.0390980180
1.4652267880,0.2627229781,0.9229351182,0.2908857346
1.0435634996,0.7795513835,0.3218458248,0.5847467560
1.6410895768,0.7174769865,0.9060213924,0.4052104738
1.3482299566,0.4634492486,0.1814955538,0.9995124088
0.3267015079,0.0787924644,0.1023955037,0.2625263284
1.2890927767,0.7306525009,0.5070163277,0.2887414547
1.0498592391,0.2230169848,0.4528464962,0.8105840450
0.7020035498,0.9696306648,0.7410551231,0.4033619416
0.8620342645,0.3204849420,0.1453835212,0.1146785323
1.4771342410,0.2191386131,0.9579627278,0.3379516612
1.3315662218,0.7901725095,0.8948678370,0.2940499403
0.3985472858,0.9823436638,0.1180147991,0.7020818490
1.1932553408,0.4216509957,0.0831188118,0.9923967992
0.9368428935,0.2755097803,0.2632824593,0.2886452629
1.4949240444,0.4150033282,0.5428243177,0.5632597964
1.2095100539,0.2100290873,0.6501354993,0.0545032015
1.3115375678,0.3184309565,0.6002851290,0.2790918278
1.1441184959,0.1404032235,0.6036031343,0.4449641434
1.5242464218,0.5715624308,0.5157840109,0.1040305888
1.2651898897,0.1587145713,0.7751734894,0.5859438770
1.6720771248,0.5085563475,0.5633791698,0.7765240898
0.6622175369,0.0489504462,0.5859945973,0.6255235959
1.8103854267,0.4218235192,0.9681787161,0.1212412255
1.1199979241,0.2943584283,0.2321181476,0.9098690578
1.5812977597,0.5127252689,0.4807846055,0.9138087222
0.7214833795,0.8065450341,0.1931958194,0.4308328992
1.2373312900,0.6262319899,0.1703373068,0.2398045032
1.5414844875,0.5015472370,0.4523706342,0.8768284094
0.5434486787,0.9817955116,0.5401545215,0.2273515060
1.2244000386,0.1298510799,0.8643821703,0.5780467274
1.1795801845,0.7708929956,0.4870772903,0.3072932760
0.9923837823,0.4298734093,0.0977784299,0.4646341445
1.4187686090,0.3029130216,0.8462641012,0.2710448799
0.5042149279,0.8356182928,0.1210043370,0.1728017807
1.7223236465,0.7162292171,0.9374822439,0.7121499890
0.5878089862,0.0941971293,0.0892582874,0.1925790015
0.9291340522,0.0691304205,0.7703144608,0.7266987899
0.4847715655,0.1361564888,0.0090638809,0.1899735569
0.9570435119,0.7901212419,0.5194919628,0.1239014767
1.3087473712,0.2804139533,0.5903622887,0.1978220421
1.6943777343,0.6800273094,0.9582118271,0.0432225911
1.0453831949,0.1533061678,0.5708427374,0.3785190445
1.4800534829,0.6045725923,0.4133007420,0.6912667723
1.6914188313,0.6971964320,0.9067538519,0.1214283578
0.9144635642,0.9611584161,0.7085557041,0.8629517198
1.0054633934,0.0577492966,0.9191352461,0.7308789460
0.8661869486,0.9293513595,0.9509927936,0.1660600655
0.8508513523,0.2179949786,0.2442739708,0.0720638038
0.7957271253,0.9926288005,0.6729532787,0.6710991823
1.0272143507,0.1106676264,0.7050189045,0.2228985379
0.8422924396,0.1418348575,0.4315212094,0.9174522988
0.6541546767,0.0606865841,0.4263363584,0.6083353207
1.5678201340,0.2931554267,0.8646160956,0.2795740682
0.0964003251,0.0208919002,0.0585844941,0.9559499302
0.5707667074,0.0172826610,0.9619992558,0.9391312025
0.9589748865,0.1849024352,0.4600613671,0.9901290035
1.3150212490,0.5474277290,0.2017045259,0.4082940349
1.5231299767,0.7327739198,0.7121271261,0.4676112147
1.1446888865,0.8615975130,0.8943875386,0.7790829445
0.8955322061,0.1416177788,0.4889257999,0.2017230487
1.0916543186,0.8856987982,0.9287507049,0.8125504497
1.7745198796,0.7026545776,0.9785982213,0.8199417353
1.3049333396,0.1872456668,0.7983303973,0.2040201890
1.0625946648,0.7781081336,0.3766763509,0.5303477899
0.1538618958,0.9837141729,0.0704259980,0.1878063835
1.2806283857,0.4275697137,0.3961299730,0.2567026460
0.9432098740,0.1469663554,0.5414807380,0.2706280409
1.4836377646,0.7716631092,0.9977162680,0.3801224325
0.7838471132,0.0931285123,0.4419565102,0.1847729594
0.6499900182,0.9691357871,0.8009176039,0.1009087524
0.8539805599,0.1088570863,0.5166753774,0.5102550191
0.6681172448,0.0087830440,0.7613239591,0.4641180121
1.5109596156,0.2276036897,0.9171385983,0.7103049738
1.4797451804,0.1760053030,0.9978249340,0.0871273126
1.0435704146,0.0924372953,0.8530730816,0.5381093415
0.7604610303,0.9804939066,0.8926760864,0.0334992179
1.1022153588,0.2839282027,0.4577881550,0.0022855923
0.7262274027,0.9798091574,0.4621970683,0.7578755987
0.7462153369,0.9445518801,0.3420719512,0.9714754071
1.7835725861,0.4916220261,0.7606258605,0.7430393025
0.1156900962,0.0132991454,0.1534169995,0.6532350503
1.3395081578,0.3242341234,0.4711961370,0.9698617805
0.4346616390,0.9663694092,0.1279339999,0.9400684329
1.6713287250,0.6383207489,0.6915268981,0.1410102807
0.1342080259,0.0305925743,0.0444496863,0.1083148265
1.2684480389,0.7237073174,0.2632470490,0.8126142009
1.7499975270,0.6782230542,0.7475725496,0.8700671107
1.1439315331,0.6768897530,0.1771434869,0.3985471607
1.1507619210,0.3712805861,0.3439525020,0.0502177132
0.8909634080,0.7611914698,0.2317302421,0.2511556329
1.7116562836,0.6269653374,0.5794656079,0.6108182144
1.1273336031,0.3086331195,0.3183156569,0.4216991401
0.6022430655,0.9771144456,0.4286815692,0.4251864964
0.9355255988,0.4441216820,0.0602857035,0.2355974324
1.7446737080,0.3836782315,0.9694126567,0.9658961900
0.5058292899,0.9855610790,0.2365511709,0.9205002322
1.4210953672,0.3025813882,0.6620197495,0.4513027628
1.5232338149,0.2412209007,0.9595541904,0.7486987927
1.6832391196,0.4144618967,0.9929316875,0.3572530962
1.5756829647,0.6145453221,0.4609520718,0.7699347002
1.1977630332,0.7415270834,0.4613231885,0.2076710487
1.5393845543,0.2865417106,0.8970076709,0.0639068575
1.3180528944,0.4328388592,0.3164546906,0.6173443219
1.5210456639,0.2668989641,0.8670243799,0.3193620148
1.0872259646,0.2905080944,0.3791017928,0.8073313266
1.3419910938,0.5933170568,0.2614982153,0.4617278191
1.4280529141,0.5866659342,0.1490603425,0.9330989325
0.4482569669,0.8303441722,0.0542475771,0.0361550760
1.2126556092,0.8222996113,0.5571247583,0.8152620055
0.6180096215,0.1747124283,0.0380116536,0.4359325675
1.1258820994,0.1079955730,0.8108855862,0.5282493327
1.1549247911,0.0743915620,0.8777359805,0.0584621347
0.4312341212,0.8589213710,0.1613101554,0.1726148727
1.6141292218,0.6769962084,0.6643800886,0.7188902507
0.2896738790,0.0161730826,0.2853256727,0.5905621110
1.2438782486,0.7603445739,0.6566833613,0.0028585845
1.0420471190,0.8138587023,0.5055892910,0.5988000561
1.1388713633,0.7751665966,0.4635855549,0.5414293590
1.6594941348,0.3760116707,0.7145213708,0.8727037198
1.3367662692,0.4528910894,0.4204435248,0.0425247090
0.6307048894,0.0210758060,0.7258371896,0.4062253530
0.7041628335,0.8341696019,0.1734256509,0.7119082237
0.7127282581,0.9379571310,0.6077966680,0.1707236500
1.3639317789,0.4943661490,0.1171037260,0.8504630535
1.4713512147,0.2344822362,0.9459916353,0.6755350339
1.0139112801,0.7635671846,0.1643856252,0.5215412848
1.4066250792,0.5147295286,0.1014909245,0.8456824392
0.6980796017,0.1826270412,0.0362061680,0.3364404696
1.7631746138,0.6275228453,0.7036929778,0.3591133977
1.7137010225,0.3702816412,0.9427013848,0.2845297066
1.2300937030,0.2839628453,0.4124364103,0.8512017460
1.0780798564,0.1323243883,0.8139684703,0.8891673407
1.1929285350,0.1785364065,0.6594294679,0.8074491908
1.3180564131,0.7139728850,0.4916634165,0.4180448004
1.1570520325,0.3013563642,0.4306160373,0.0186427487
1.9011545518,0.5511091754,0.8606394296,0.7177482455
1.4483390841,0.3787104552,0.6460319488,0.1174675248
1.5288966741,0.3963374594,0.7274229535,0.9518007688
1.3009465232,0.7761105476,0.5216666510,0.9659360179
1.5468922210,0.5757296386,0.3505696083,0.2213042928
1.1339548000,0.0948703511,0.9330792284,0.3363642529
0.7483762444,0.2195474272,0.0606185785,0.4456699607
1.1048683501,0.0974715252,0.9031241857,0.8046173674
0.6930204863,0.1916186826,0.0846968886,0.7021898672
1.6289341014,0.3330280689,0.9764073592,0.1807858586
0.8160023946,0.1756382591,0.3034836901,0.6849468476
1.3160894497,0.6522500459,0.3082484367,0.5773151705
1.7269363036,0.7013698183,0.7829741367,0.1927540491
1.1010422911,0.6781402326,0.0131506487,0.3617524181
0.8494448810,0.0567655576,0.7645368050,0.4148444195
1.2666980400,0.5061396473,0.2910428396,0.1649552589
1.3079769115,0.7921907999,0.5977919450,0.5442094731
0.7808667633,0.8065079063,0.3259920318,0.2050864953
1.3767292116,0.7487158006,0.8209246602,0.4599385741
1.7182191066,0.4880470176,0.9091122342,0.8258292870
1.0074656465,0.1280657654,0.6058798418,0.5530241983
1.4914224594,0.6567653538,0.5152598687,0.0901704160
1.1906159633,0.7229414825,0.1629662045,0.5739318345
1.7376929832,0.6309079917,0.5869212896,0.8269808235
1.3300443995,0.1671523060,0.8770433186,0.6981836478
0.8287242010,0.8393466955,0.5802521339,0.0169666187
1.1902935990,0.1222333880,0.8228288682,0.2245258201
1.2856843908,0.2705000757,0.5468857547,0.2806242031
1.5732209569,0.6156153426,0.4631134175,0.4325117017
0.9477986997,0.8791549658,0.7745299364,0.2292347899
