1.0714754159,0.1599911450,0.5859435148,0.8238367772,0.1789030586,0.5972631687,0.2543427817,0.4756063111,0.9004930476,0.7853176386,0.0902994889,0.6749249929,0.8130369916,0.5854524521,0.2300354565,0.3284918651,0.9386655214,0.8069891988,0.6103964000
1.3902157289,0.2972602368,0.6848995215,0.4638841603,0.0320318946,0.5469900206,0.4971035768,0.2386621231,0.7067086332,0.2130928413,0.8153616754,0.3496115899,0.4791471784,0.4654810274,0.8435642473,0.2662240975,0.2531340450,0.6630892764,0.3280577891
1.0348179058,0.8913574299,0.5648732620,0.9931919916,0.9470116476,0.8086930316,0.0398188781,0.5422301415,0.8024000346,0.1214080348,0.5230064980,0.3483383221,0.1881821600,0.7689005271,0.8925824125,0.6307042262,0.0101599937,0.5390606441,0.3941767195
0.8205143219,0.2425215601,0.1092962604,0.3455499211,0.6568606852,0.2230596718,0.0630064289,0.0561868635,0.9630004436,0.7611986800,0.4381708619,0.5738840117,0.5262636812,0.6870363341,0.0605125791,0.8890401656,0.3609158036,0.1724880406,0.1704855762
1.2360979848,0.7792144992,0.5396525108,0.9242554506,0.1714247888,0.5929128203,0.9351152711,0.5494582185,0.9432090794,0.5431483029,0.5574574127,0.1138927894,0.2061594254,0.8078225965,0.1576522953,0.8853583662,0.0660144670,0.2960481671,0.8065715630
0.7557170755,0.9943655917,0.9222445778,0.1623095721,0.6286676002,0.3079955572,0.0076660126,0.3476098746,0.7170672595,0.2093677582,0.1943346387,0.6874664621,0.6233181119,0.5310607604,0.9778445129,0.8273161353,0.5600695261,0.5276660511,0.8254335380
1.8642794453,0.5900711134,0.7256430751,0.9189663139,0.5545035839,0.9802282024,0.4107633935,0.4866834006,0.9884139034,0.6229112340,0.5268717843,0.7602528768,0.0163760459,0.2129957766,0.4607476579,0.5139788020,0.0999024655,0.4412166114,0.2813959816
1.0430910305,0.1464104202,0.6126152462,0.0541051984,0.4832634375,0.9250250364,0.8374253033,0.9846888370,0.0771632931,0.3121264503,0.5496765625,0.9680775037,0.7766394582,0.5276269577,0.3157279560,0.1844399892,0.9418069207,0.4212600418,0.4022145993
1.3032758863,0.7431127434,0.5729594796,0.1266179717,0.1669672920,0.2536458321,0.1548412026,0.0472975559,0.2121302717,0.5839500094,0.5736400892,0.2108304015,0.6107201619,0.7773785407,0.9975764392,0.3875612747,0.1446753610,0.7050349847,0.2190993359
0.8434420792,0.1136778008,0.5244697831,0.4940107263,0.4308026372,0.0708039084,0.3315734281,0.7311506660,0.8816152257,0.8581588278,0.4998624837,0.0525940742,0.9195059055,0.0092259021,0.3194293794,0.2214628182,0.7744295438,0.2566230501,0.0884884596
1.8395870103,0.5383485894,0.9770845429,0.9786377878,0.9972385559,0.8966604919,0.0488041051,0.5894114009,0.4609895960,0.8815249676,0.1703886785,0.1559051751,0.6611226281,0.0791173678,0.1484887076,0.2208903367,0.3984079044,0.0480124737,0.8227549698
0.8617306146,0.2956514637,0.0748340350,0.2919012251,0.1781856293,0.5426009356,0.6161220391,0.6584209759,0.2567590052,0.9225800987,0.2703841795,0.0050906778,0.8205436920,0.1146365556,0.0553013305,0.6860712040,0.1893120686,0.1971369623,0.6955498707
0.6925086495,0.8135053545,0.2638409887,0.1422696011,0.6288235798,0.8322677601,0.7646091267,0.1773879920,0.7587631716,0.1986104677,0.5390674112,0.2932478207,0.9360883173,0.8094268460,0.0875655291,0.5569028433,0.2291793881,0.4845843080,0.7464020022
1.7148619368,0.6039038719,0.6908146666,0.1738645809,0.4762385573,0.8447332854,0.0777349180,0.5372059587,0.7001777213,0.9663004952,0.8066427089,0.1815664720,0.5738000966,0.0554593323,0.0410932723,0.5621873069,0.5861852270,0.9002457545,0.5819730007
0.3146090195,0.0580621592,0.1637920001,0.2363429221,0.5881418417,0.3675305209,0.2396301737,0.2886536133,0.2836692311,0.6906577000,0.9508722149,0.5638491355,0.6931666714,0.8239021019,0.3416029183,0.8282664837,0.7150665121,0.0620236124,0.1902662581
1.5096701031,0.3613161398,0.5624663331,0.9132711172,0.0564489824,0.6927414892,0.5279643798,0.5431959750,0.2227027959,0.0305252517,0.1781773190,0.6753331760,0.7144396637,0.3770371468,0.6256960252,0.9527725501,0.7236961480,0.3770728493,0.1233539925
1.5542772550,0.3492477640,0.6341764992,0.6628939655,0.6478201988,0.4998985207,0.8865038978,0.7203379254,0.8943348782,0.2423034160,0.9861139363,0.0677048813,0.7945421395,0.9172174110,0.0282199056,0.8020002256,0.3215844425,0.9923477418,0.6938307843
1.2967725965,0.2827077838,0.5541177294,0.9827495999,0.1169746182,0.3345782310,0.8032231387,0.3744218194,0.2768654593,0.8347290261,0.6536165338,0.2834515599,0.6757106597,0.5934432913,0.8844826975,0.1683505438,0.1479286263,0.7835743490,0.9550512483
0.6598461030,0.9967959874,0.4246552883,0.8242522836,0.0670015943,0.5871909312,0.2906680173,0.9643955734,0.4324006085,0.1582801890,0.7953611089,0.8362637926,0.6706236179,0.1828403659,0.2487647322,0.7411948098,0.7122992846,0.7115845334,0.7971002118
1.5285053986,0.3341387522,0.8032165998,0.3778150535,0.7041631880,0.6414810740,0.1026463995,0.0685164019,0.3487692396,0.8274316958,0.3178503385,0.8147541354,0.0469032934,0.0390065120,0.4269351309,0.0271249521,0.4401045295,0.3072311141,0.7767719796
0.6850387405,0.7788888349,0.0782028864,0.2001828708,0.6079309173,0.7430945553,0.8198006650,0.0847792563,0.7367753377,0.6132577933,0.7943513613,0.0695889426,0.2284943645,0.0785631601,0.0734476522,0.9517338175,0.3758800120,0.7860592766,0.4610653705
1.2722600183,0.6284894736,0.2178021809,0.2984678147,0.0514049653,0.9691434408,0.9463158836,0.0123508339,0.9351329720,0.3710985400,0.1741194643,0.7665446438,0.5031976975,0.8495440405,0.4757635006,0.6761398652,0.7877672876,0.3702504908,0.0465389728
1.2987022407,0.6756358223,0.2951093079,0.3187122744,0.7777243314,0.0080019458,0.1617611135,0.3837476221,0.7699600209,0.4906212525,0.3081246478,0.0740903175,0.5850814142,0.3777865444,0.1517920462,0.8351440023,0.1439990634,0.5858667313,0.5954812019
0.5906929832,0.8200907056,0.1177307783,0.0390113396,0.9349707701,0.7261334243,0.3588730823,0.2567920274,0.0614550018,0.1102141512,0.2293697548,0.5806967844,0.1565041311,0.5695492939,0.2897286919,0.5408885170,0.6582873880,0.9038070424,0.5778908732
1.3221895640,0.8304591996,0.9014213604,0.6767933891,0.9466265134,0.7211694487,0.4173341460,0.0080657384,0.1200161133,0.1091153185,0.4279157219,0.4480656366,0.1132797840,0.2752722243,0.7391176387,0.4792266333,0.8511026543,0.8570260744,0.1093695775
1.9076548763,0.6267850322,0.8911732010,0.5307352600,0.3784292407,0.3856444364,0.2828346047,0.7140418559,0.4634931918,0.8582950409,0.6909709365,0.6626330068,0.3923906824,0.3839873329,0.7320502172,0.6778274625,0.0692991648,0.5764289422,0.6041723979
0.7807314460,0.1146888848,0.3756250967,0.4407173767,0.3305853560,0.3349081208,0.6760749444,0.6873503963,0.5793560450,0.1932422770,0.8775132431,0.4041031811,0.9310117636,0.9505026333,0.4200835636,0.1232914515,0.3135916853,0.3531839823,0.0399371224
0.8711733373,0.8506350651,0.6109930744,0.0651154297,0.2140986369,0.1274281352,0.6189251864,0.3022304917,0.4141739241,0.7873705955,0.1466719240,0.6983377308,0.8123116881,0.4436322901,0.6331798527,0.7205918246,0.6359942329,0.5850278868,0.8741269860
1.7886699792,0.6589722365,0.8413319841,0.0831444326,0.0883329655,0.3884303778,0.4548416237,0.4507286013,0.4495485522,0.7524990958,0.1755786335,0.2119298664,0.0845975595,0.1030879976,0.3459868196,0.3018099104,0.0298744835,0.4696839590,0.4903092143
0.4651090781,0.9179032140,0.0639783948,0.6924699503,0.6560392449,0.2906408029,0.3462236663,0.3234772694,0.0665211133,0.4286003294,0.0937739505,0.4476934338,0.2340848518,0.2871914743,0.3656946496,0.0697330013,0.5567045147,0.5749655272,0.5547474211
1.2731162132,0.3667472196,0.5034186997,0.1754929335,0.9893943553,0.5165636157,0.7461955315,0.4932229586,0.9444838835,0.8166851289,0.0767912557,0.0823895053,0.6864821776,0.8654754397,0.0122411891,0.0141120179,0.4339158200,0.6833255826,0.2306824304
0.8536077445,0.1730105170,0.2838438285,0.7979185008,0.2217983071,0.1077599310,0.3330313181,0.4231424201,0.6634617162,0.9542978851,0.3762606733,0.6249586427,0.9815658098,0.2275144505,0.6055059855,0.2461036033,0.1016008604,0.2081414962,0.2782227601
1.0583858593,0.8362558277,0.7912900723,0.3366743571,0.1353128521,0.2893989808,0.2976563003,0.9447966179,0.2430842796,0.3207921519,0.6452868911,0.6906820787,0.1238071303,0.1164975210,0.5970632551,0.8894362390,0.8377819701,0.2913384529,0.0260486428
1.1721980754,0.3405735508,0.4462139980,0.1563528461,0.6649410019,0.3451256000,0.7624755661,0.5768953060,0.2203390436,0.1185148059,0.3669596324,0.3160428005,0.1108888676,0.3569475816,0.8334989724,0.5523064452,0.5818608147,0.4150345070,0.5989594230
1.3455393688,0.3869288108,0.5476641770,0.2935959806,0.1563297736,0.9120562047,0.4380434223,0.1743084411,0.6574550165,0.4459552608,0.3546895539,0.5362475290,0.1398648821,0.8104957004,0.0482425828,0.9431672692,0.4219229230,0.8265868609,0.3693951173
0.6952060165,0.1662842555,0.0880619686,0.4538188290,0.5629826020,0.8305001577,0.4935476713,0.2315288206,0.4122501371,0.7697737262,0.8556535910,0.3494273369,0.6202676954,0.2259772444,0.6950859126,0.7288367088,0.3799551627,0.3042162043,0.1377944380
1.3421306612,0.5296020387,0.3062807694,0.0084061756,0.6647207273,0.2701989634,0.8026306579,0.9980719987,0.6182679155,0.0727015270,0.1533934976,0.8828996986,0.0154110966,0.7709152042,0.8752335160,0.4102936733,0.5337550438,0.8938956131,0.9381610943
1.7495571323,0.4717533594,0.9538915438,0.5792567106,0.8607883679,0.3271116464,0.1152664834,0.7391658384,0.5508921775,0.4911415639,0.5974608024,0.9871557036,0.1644452752,0.3897863390,0.0326043027,0.3169845237,0.0968993873,0.7719943425,0.7972848480
1.3586021018,0.4790162747,0.4540078880,0.3306606722,0.0686380771,0.5554882722,0.0435346879,0.9615912766,0.6343180520,0.5264263753,0.8341704145,0.6194155501,0.0263118390,0.9137139233,0.0501650213,0.2398140406,0.7964489891,0.1271417823,0.4109209512
1.3700957346,0.5925994932,0.1918627340,0.8924680579,0.1030745704,0.4842795653,0.1408969724,0.9864294599,0.5213977722,0.3071489541,0.7753301136,0.6551029346,0.1900574774,0.9872123719,0.1415295658,0.1016693356,0.2308061087,0.0664781869,0.8371904583
1.5902058415,0.4537896089,0.6660164126,0.0635627310,0.5204931466,0.2861433218,0.6819456919,0.8867880280,0.5030661461,0.9286053280,0.0936743207,0.0276010060,0.1339875097,0.4221041686,0.2517724011,0.7943243087,0.8305851366,0.1755450861,0.6805425869
0.9491976698,0.3663112547,0.1510053225,0.1858542312,0.0491142289,0.9063401395,0.8801312524,0.2862480183,0.9870977698,0.1131557430,0.7549354809,0.3420347655,0.0650141487,0.9144603931,0.3960264143,0.3279375045,0.5993555654,0.3962060063,0.5575304494
1.6917281489,0.6404841120,0.6586112472,0.6330001458,0.3451295613,0.4844812581,0.7116678388,0.6602355663,0.7424335312,0.9924610793,0.3668238659,0.2219259846,0.5203737408,0.1456202965,0.8113178518,0.2374661608,0.4812980647,0.9398623360,0.7937071955
1.5729050758,0.3272826445,0.8548539743,0.7792234039,0.7294490025,0.0686591268,0.9592425947,0.5552589481,0.8865179615,0.0470006877,0.7395815947,0.1829939710,0.5375107768,0.0747605027,0.5261416447,0.8087448638,0.5101893729,0.9110110092,0.3576528893
1.5268046686,0.5967599540,0.3751948437,0.7380948183,0.1364416015,0.4965961634,0.7983661808,0.1578475772,0.7594023416,0.5359692134,0.4927318364,0.8903080866,0.4545717864,0.1517665751,0.8867262053,0.8242489929,0.9282776903,0.9268065478,0.0841072256
0.9209395130,0.2661933484,0.2342990601,0.0293153089,0.6362045613,0.5666861626,0.6052499870,0.3063025023,0.9791612892,0.1066772752,0.2365702292,0.9527480695,0.2907666885,0.8642133919,0.4003922349,0.7368043527,0.5706176644,0.2498827446,0.8776863657
0.9150692775,0.7425210990,0.1608768684,0.3324463645,0.8994857037,0.8610358663,0.8880603037,0.4831740949,0.3002222899,0.7405047170,0.4525538084,0.3119306427,0.1217086976,0.3667259250,0.0984922965,0.1499599845,0.5706893148,0.2529624749,0.8137650172
1.4936610882,0.4806806929,0.4766501872,0.8002204740,0.5511131311,0.3780940676,0.1884270209,0.6624614914,0.0313886481,0.2004375962,0.3473822700,0.0427139862,0.3172683389,0.4415719181,0.0207018507,0.0363622948,0.6278910248,0.0762242219,0.1652724397
0.9909487137,0.1326246358,0.6234000952,0.5220385217,0.1962580176,0.3799934914,0.0580356586,0.2960160916,0.3460576275,0.1562666598,0.7736869792,0.5365331783,0.7706372109,0.5492800677,0.0645630750,0.7594298683,0.8164433981,0.4581527607,0.1484153492
0.9742445314,0.2243539175,0.3106745406,0.3924496026,0.9553067129,0.5932588687,0.6127924337,0.7466018426,0.3045274776,0.0191450595,0.4100356004,0.1912422143,0.4944848769,0.0715996884,0.7500297213,0.2696291726,0.2494315508,0.8240509705,0.0379675514
0.5369320679,0.1203402029,0.0501888718,0.1552342228,0.2041927036,0.3740126374,0.9875283221,0.4539180546,0.7715116088,0.5725096889,0.5904381128,0.4783921945,0.8478705371,0.1175708224,0.7302003232,0.1998583394,0.7343506341,0.9690986200,0.3014002196
1.5866842069,0.4015904950,0.8557130282,0.2957944619,0.9952146377,0.8517026262,0.3889124992,0.2807313955,0.3572443287,0.4388884934,0.1629911852,0.2773568055,0.0236187454,0.7019257816,0.8494124543,0.7911005611,0.9818161101,0.7118812461,0.1161295251
1.1853420508,0.8202793446,0.8797367789,0.2253149978,0.9742992298,0.6657349424,0.4635324009,0.1162997575,0.9154654062,0.5576028778,0.8048386384,0.1230417735,0.8494957585,0.1264172860,0.1587654173,0.5185612486,0.7867357622,0.8440689411,0.5033516156
0.9181883900,0.8224188120,0.4674808354,0.5196344250,0.6473544854,0.4836627276,0.8834336261,0.9235423045,0.9709688098,0.2768254829,0.6984995126,0.1772695580,0.9244461564,0.1631002574,0.7799288093,0.1625628570,0.1447090973,0.8394568880,0.8140653977
1.1581023356,0.7779552584,0.4890776767,0.6402464544,0.3671079522,0.0694996529,0.3045492466,0.4252911906,0.7513940976,0.3157477015,0.0718787854,0.2307487675,0.7845128946,0.4878333022,0.7529481551,0.4634916707,0.3201172566,0.1443942703,0.0104883794
0.5942486497,0.1461055918,0.0625250585,0.8439360112,0.2238720254,0.9510569223,0.4254584041,0.4920877628,0.8114647178,0.0927649772,0.4415867675,0.5031267283,0.6776071200,0.6486960716,0.0119029239,0.0060366204,0.1719198240,0.6807135969,0.4190117510
1.3224086562,0.5292045417,0.0500793614,0.7596117467,0.9939952292,0.1972248184,0.6529641023,0.6699566003,0.4638963241,0.3641403421,0.3963388165,0.4890613643,0.1346306201,0.4654790575,0.2888445627,0.7791765296,0.3954947420,0.9122219038,0.1191181251
0.9956177349,0.7591608453,0.2536931188,0.7035295825,0.5822730065,0.2863359009,0.1508059713,0.8785369418,0.2116401026,0.6845649381,0.3487926598,0.9746721556,0.4213459759,0.9159607311,0.9766167505,0.2424785330,0.3888184638,0.0866382138,0.5569665337
0.8478779118,0.9600358877,0.5853135385,0.8758813508,0.6658945240,0.4662552010,0.9862363610,0.3695794543,0.6941932533,0.8493512460,0.3441995539,0.2465648628,0.0375639851,0.2152857731,0.7798615410,0.0754352518,0.2533972648,0.9670061355,0.7975475221
0.4482177820,0.1090063601,0.0903911743,0.3657600616,0.0605944834,0.7915988513,0.3067778210,0.4303255918,0.3381509496,0.2256511159,0.6102360804,0.9690507702,0.1714097770,0.5753745082,0.6002467598,0.2660158489,0.5156587301,0.8475040090,0.2652797691
1.3042208837,0.1314768811,0.9935695594,0.1689304527,0.8403596893,0.2743637469,0.5872341864,0.9757903644,0.0715757836,0.8709326010,0.0342281923,0.4587944550,0.1686344587,0.0908994728,0.1841483589,0.7587588491,0.3139324759,0.7975137395,0.2541284773
0.9922725656,0.4959138297,0.0751522750,0.0425855571,0.5011959045,0.3960148001,0.3408866424,0.7780898773,0.8564921821,0.5377363025,0.2141415564,0.7965107845,0.3873452934,0.5262187064,0.9932664348,0.9179179841,0.6730765229,0.5489545588,0.9328313157
1.3192295199,0.7548555895,0.6668911009,0.3904081183,0.4772019717,0.7337673551,0.6866163465,0.0554686610,0.3785123241,0.3520766812,0.6182356337,0.4993010953,0.3602842638,0.9863885935,0.9754643587,0.2956430476,0.0238859715,0.4662945025,0.0007674818
1.0740183075,0.8294086179,0.7280549714,0.5233395506,0.4846864271,0.0847368727,0.5902480240,0.6895093760,0.0630097308,0.4956462352,0.3487239249,0.0411962161,0.7013956957,0.9870365726,0.5829438914,0.9392807140,0.8453723491,0.4126468598,0.2993842778
1.1503202782,0.7695020539,0.6211892405,0.0831634177,0.2163901071,0.5211837157,0.5422085828,0.0575419575,0.1621970883,0.6370937802,0.8644552372,0.1528958939,0.5593099238,0.3229988163,0.1736032305,0.1706157362,0.8514282631,0.1947648761,0.3839404034
1.2090628147,0.2505530337,0.5356524407,0.3037675889,0.7125584024,0.7982342828,0.9486894038,0.8152185863,0.0692431773,0.9568836007,0.1811406018,0.6283960951,0.3997692001,0.2913109154,0.7672678437,0.3418251649,0.8906852913,0.5256456574,0.7124919108
1.7787928095,0.5591561150,0.6641068238,0.3059383864,0.0528528904,0.4079945366,0.0679592627,0.0783990749,0.1661038368,0.9516333944,0.6870459994,0.7169262040,0.0479459669,0.0482153767,0.3877906658,0.0709967283,0.1053340151,0.0916802312,0.7875699936
1.4344597350,0.5935493605,0.2852038511,0.6782576419,0.4132919586,0.7580542027,0.3139487295,0.2220527369,0.5012610037,0.7761955174,0.3463586727,0.8078468003,0.9490513876,0.2927192603,0.0681196702,0.6115318862,0.7966223055,0.2981998309,0.2445271634
0.8684409048,0.0116214479,0.9685294001,0.5335674718,0.4697785997,0.8737554573,0.6287800370,0.5602927132,0.5144207037,0.2567844138,0.1477893717,0.9622063793,0.2167586635,0.3376934485,0.1405849734,0.0308288100,0.3142437745,0.7467685559,0.1089621054
1.2197821474,0.3767014701,0.4383439208,0.1654034248,0.9133126563,0.9385421173,0.7142154948,0.1556669590,0.5072280660,0.9831866812,0.0668440622,0.5365764604,0.3585193588,0.4411146086,0.0731985456,0.0766630151,0.5018138128,0.7980462875,0.0960573935
0.7526987515,0.9190641383,0.4831214745,0.4956647263,0.5929128568,0.1344172399,0.1540267917,0.2245880439,0.4899862720,0.5433335557,0.3924184907,0.5312128512,0.3602222318,0.3318762421,0.4953299629,0.9380827913,0.0703224424,0.8901429491,0.2837337421
0.9083678812,0.1222462754,0.4994842567,0.2715507870,0.4852858948,0.1377355020,0.4302834016,0.2498332962,0.5612627772,0.8516452427,0.5402927909,0.3116139986,0.4588942596,0.0180244401,0.0108993652,0.8609513431,0.5847949151,0.3644115196,0.5128553768
1.6302443170,0.4492222851,0.7027645395,0.7180758151,0.7259098507,0.8923301121,0.7122362804,0.4588016649,0.8555587875,0.3620588603,0.7545497646,0.5274668835,0.0049867240,0.6032284279,0.7979426311,0.6217667332,0.8841140835,0.4172669285,0.8479280880
1.1401209793,0.2494858703,0.4914612660,0.8821613834,0.0659361852,0.1081922558,0.2891846999,0.7674540960,0.8555193561,0.8127373921,0.0135925310,0.0432305443,0.9980489401,0.6693877852,0.6780791040,0.5780394794,0.7450287592,0.9632330935,0.9526462354
1.4650327008,0.5914696479,0.2648086373,0.1609029009,0.5321355547,0.3266484967,0.0523001926,0.6175819848,0.4883488845,0.7783171488,0.1078489406,0.7313192382,0.2800994292,0.2106626137,0.6123755873,0.7807064409,0.8795284604,0.0691985752,0.3731473550
0.9070089553,0.1711033251,0.3491694870,0.1607785474,0.5346174706,0.1782426939,0.8128319660,0.7602100329,0.6198882273,0.4976171025,0.8961323643,0.8928123874,0.5357536304,0.1333957666,0.3090929879,0.1035163222,0.2578630813,0.6546394246,0.6103248289
1.5426918996,0.7858279906,0.9510057036,0.9928681885,0.5377986699,0.3558668083,0.2109168787,0.8841549460,0.8144763497,0.9045572018,0.0234469054,0.9857571396,0.5416872537,0.6787601752,0.0798656210,0.8063681730,0.6750810236,0.0354849263,0.2648102364
1.4139549764,0.7017289205,0.5049605241,0.8009713251,0.7174396976,0.8598469678,0.7356271415,0.8644344719,0.0274869271,0.9167805283,0.8656194446,0.2719371249,0.7127570860,0.5906903912,0.3604974557,0.2103508663,0.7056060589,0.1092386880,0.3032143714
1.1863164746,0.4389410176,0.0359409319,0.9698328705,0.3879160374,0.5359993628,0.0616999200,0.0429530716,0.1091603624,0.2154101418,0.1017881628,0.1820430256,0.4287296695,0.2996335681,0.3738422121,0.4815945496,0.2968496354,0.6719611269,0.1246616407
0.3862132471,0.1000467895,0.0514288301,0.7582002184,0.0671840670,0.5301330453,0.8270393376,0.9305578338,0.7907569786,0.5356695370,0.1665100309,0.9820300034,0.5235769474,0.9571913499,0.4349201891,0.6501216559,0.0043135993,0.0363322929,0.3512235750
1.7098654856,0.5430533589,0.6328998010,0.6394066051,0.4942167103,0.0000511735,0.3280376428,0.7861897447,0.5047176145,0.1999459281,0.0995528896,0.0630158491,0.0603040939,0.1033837644,0.9010938974,0.9949334377,0.3484795009,0.1762091389,0.7221124018
1.0407774875,0.4433372298,0.0711065285,0.5355463910,0.5653343474,0.5758757506,0.5154235244,0.1627573831,0.0035803049,0.6567279440,0.1623203638,0.2262035395,0.0684232685,0.1122639589,0.4186567757,0.7606969893,0.3929470604,0.2739828530,0.8530709477
0.6939197697,0.9840989531,0.5316519679,0.8705984546,0.0630208494,0.2149551742,0.8921407726,0.3774853183,0.1536727961,0.6369662984,0.3702515536,0.4683373957,0.3132567231,0.3186622456,0.8383158048,0.7947425749,0.9274495040,0.7197889686,0.0221869963
0.8800107186,0.8831677064,0.6948522183,0.2040865928,0.2320384229,0.9217553059,0.1906383178,0.1185278943,0.5668592248,0.1387119341,0.1376464523,0.7847045031,0.0012910028,0.5947384435,0.5627837821,0.3760817983,0.8880143086,0.2084102101,0.9629156543
0.9704611870,0.9375428355,0.8108349864,0.7924282918,0.1205879390,0.0003366790,0.2934127010,0.3574900150,0.3506279418,0.6532834276,0.5692804540,0.3920987760,0.2018484918,0.7657652351,0.9471874036,0.8836634945,0.4154628841,0.4087694965,0.5425610527
1.0207695846,0.0735891672,0.8736670065,0.6320659756,0.5640877504,0.4419447072,0.7070984343,0.8030301934,0.6222205571,0.8543540081,0.3767998426,0.3911645346,0.0901737975,0.6500198434,0.0923745944,0.9963949260,0.3550595532,0.4749963299,0.1545476048
1.2551438509,0.6064184028,0.0959714903,0.7849082154,0.2611756735,0.2628700627,0.4578074698,0.4803174627,0.5534282199,0.5387792035,0.7166764789,0.1475572424,0.3757596621,0.2501950316,0.3168320135,0.0263551150,0.8103164506,0.3328165087,0.6202148060
0.9859454255,0.7520855115,0.2658186752,0.1392490403,0.8599599748,0.3691122906,0.0045526583,0.6386548589,0.4000368825,0.8575391997,0.0278877836,0.0531566216,0.1278503819,0.4812084228,0.0755691970,0.4512619984,0.7747912419,0.4861953802,0.5398831045
1.2211215808,0.6841546703,0.1949279861,0.4194248887,0.6668655993,0.8827514570,0.2247271529,0.0635425331,0.8598837503,0.5682129540,0.4336351101,0.6346397874,0.1752767554,0.2805206285,0.6290394610,0.7394959160,0.2011869364,0.3683091136,0.1669848232
1.3296339382,0.7366317625,0.4949362364,0.7725371198,0.4474708565,0.7831610941,0.2828349019,0.9322757141,0.3877107633,0.1885517747,0.2939561245,0.5650756396,0.7158894401,0.0637471194,0.1111145198,0.7519330767,0.2138128142,0.8238978042,0.5859413208
1.2686993521,0.1705292281,0.8533385083,0.5587550709,0.8688176860,0.3872251077,0.2559321189,0.5040572956,0.4829854915,0.1841552558,0.5412699178,0.6083254707,0.2703687934,0.2485124802,0.0533219043,0.8497802937,0.1323713437,0.9134722271,0.3320556302
1.3103361933,0.5368057683,0.1112416410,0.5579587307,0.7204905551,0.5299502983,0.7087071139,0.3558504179,0.9007225911,0.0507509901,0.5914486132,0.5890236530,0.7703803832,0.4883416022,0.3579285221,0.4465068836,0.7364668973,0.7251276259,0.6440162948
1.5235470154,0.3977731900,0.9111757537,0.1442534211,0.0853621402,0.3195695919,0.4411455262,0.3734339383,0.1474950772,0.4493453034,0.4067423227,0.2828136073,0.0930404534,0.4090025886,0.3749418430,0.1331475296,0.7461247243,0.7411625829,0.2633338354
1.6367241537,0.5464147357,0.4608919170,0.9486673020,0.2147066837,0.6925584844,0.5707468555,0.7120250219,0.1154570506,0.2893280845,0.5253864845,0.3063163450,0.0216645905,0.3236614207,0.5349077040,0.4597127511,0.9924877474,0.3861404775,0.8264911261
1.0267888308,0.8642868517,0.4885909470,0.8640029799,0.2039417241,0.0794487242,0.7438150546,0.7246115014,0.1749257210,0.5592878610,0.2837493446,0.0079485023,0.7228400419,0.1529937983,0.0206014212,0.2894485401,0.8018225517,0.6610537059,0.9193735464
1.2337153454,0.5633156365,0.1182452926,0.0977420832,0.2329894167,0.1622752947,0.9438846381,0.1157793769,0.8148949465,0.8088152257,0.3416835680,0.8200128167,0.1049977234,0.3976323010,0.1146610621,0.4557541666,0.9779859115,0.3755534811,0.7269900329
1.6934989943,0.4039609799,0.9237521209,0.7566079044,0.2588204246,0.9896301649,0.5376679766,0.2822947450,0.6058461816,0.5929932289,0.2358604570,0.6792413481,0.4844821817,0.1322444693,0.5651663617,0.4963639317,0.1663935947,0.4964081387,0.6487556830
1.1827138466,0.9010560502,0.9517672849,0.7451886239,0.3034286701,0.4921906941,0.1659011205,0.2515970559,0.9665678699,0.2656461440,0.6537502633,0.2342391757,0.2769969223,0.2764994336,0.5333976614,0.6027566464,0.3604942566,0.1184577755,0.3285377101
1.1616380928,0.3968689667,0.2636888042,0.7790562435,0.7486794635,0.2741356298,0.0480326962,0.8767635060,0.4394595774,0.5060935889,0.7522942432,0.6784660839,0.8560515179,0.8654103010,0.2588476989,0.6368826986,0.3539008760,0.7382151425,0.4283908749
1.3824021679,0.8004216936,0.9553931792,0.6348335291,0.9897138016,0.5408973689,0.2124879197,0.3114003068,0.6737887520,0.3416660617,0.1661866635,0.4442059079,0.1821862903,0.3759393154,0.8859335124,0.2461683543,0.0382018150,0.5026866177,0.2526851431
0.5540810211,0.8726825094,0.2709159621,0.2807256112,0.7089165994,0.9659875489,0.1128749361,0.4855555047,0.9024134990,0.0607716134,0.3759659104,0.8806612566,0.8522489983,0.3561121696,0.0595133450,0.5390683442,0.5221259128,0.5178757213,0.1318712230
1.3246014784,0.4560867215,0.1511969238,0.8521155941,0.1518985207,0.3009523499,0.6564120527,0.8983872073,0.1016540676,0.2747061811,0.0743229292,0.1743671697,0.0576073696,0.4274515277,0.6750482206,0.3004528360,0.4226762639,0.9815338972,0.8429808931
1.2337701912,0.8117602483,0.9066163863,0.1744335669,0.9524143524,0.9933364733,0.4603639069,0.5401344482,0.7522611784,0.1317730301,0.0816296505,0.1584960925,0.2676120716,0.5575660369,0.1581198951,0.4207109707,0.0991660786,0.9133377282,0.3097037453
1.1384088105,0.6556736213,0.0272691031,0.1023626252,0.6065453885,0.8371279015,0.9787161038,0.8794363867,0.3279933517,0.9651109551,0.0128357434,0.1590403904,0.5641750963,0.0918109960,0.9130210125,0.3264029596,0.0192399493,0.4276624675,0.0878834106
1.8041571890,0.5358326276,0.7122682733,0.6529010046,0.6071871048,0.4289711394,0.9684116025,0.7375665306,0.3602848548,0.7979891176,0.2584537629,0.2656906103,0.7905949479,0.7122204511,0.9567342063,0.8560786389,0.5841220300,0.6947389985,0.7127697010
0.6455285152,0.1131146347,0.3275319913,0.4983222878,0.9286884482,0.6364505131,0.2256070624,0.6326615018,0.3395418680,0.3585270626,0.8864747542,0.5661942273,0.8407766529,0.3835458628,0.2731745430,0.6817367761,0.0748293347,0.1202168762,0.5358394142
0.5989103014,0.0091854655,0.5842796181,0.4987208692,0.2197000585,0.1453864143,0.6976487736,0.0793389071,0.7657927706,0.1785007493,0.8522104277,0.5352400067,0.4093686717,0.7885707473,0.1229736260,0.6169245928,0.5478344891,0.9882090165,0.5366571901
1.9023406981,0.5555704884,0.9961013467,0.4532670755,0.5654927465,0.8003708533,0.5722791276,0.2725720824,0.1459662843,0.8783862963,0.8976850565,0.1398520352,0.3706249824,0.1579324042,0.0546523443,0.3054914609,0.9375491781,0.4995055873,0.3661915256
0.6475721725,0.9660048885,0.5841882007,0.4545983249,0.7185262036,0.9921705210,0.7867145185,0.9047412447,0.1660734103,0.4632298650,0.7794737574,0.2046310478,0.7601273017,0.3399351966,0.3829176332,0.9494891319,0.0294001725,0.5392924667,0.9956208723
1.4370719793,0.1992313005,0.8190469571,0.3165480730,0.3106479467,0.2903514883,0.5182523050,0.3840310535,0.0535581758,0.0182821026,0.8782015658,0.6703581662,0.0404304978,0.5999988299,0.2759442528,0.7783589041,0.0640701669,0.7072921217,0.7657028433
1.1542724271,0.2788112944,0.3772209633,0.5088298823,0.2250874678,0.6470181401,0.4240748456,0.1204045167,0.5105454185,0.4173860732,0.9179878278,0.8624899607,0.9565854996,0.2695573677,0.2852390593,0.2133581132,0.9596673852,0.6066927044,0.6535996624
1.5464357277,0.3654358623,0.7832631861,0.2157779507,0.9708780654,0.2411148628,0.3211424807,0.8145009564,0.7070088599,0.3644705733,0.6265870635,0.0466603537,0.6049911484,0.1893572220,0.2280703063,0.2945768727,0.4169436607,0.3592570289,0.7246288423
1.2651583940,0.2302071058,0.6207465363,0.0215499540,0.7029173917,0.6288252039,0.1167788566,0.4368429108,0.7419159149,0.3302278628,0.5622822434,0.4757848803,0.9390091431,0.3780000680,0.8141661389,0.0680854691,0.5429662321,0.0533403516,0.8692393551
1.5333883276,0.3561647787,0.8303645933,0.9369053219,0.3795326313,0.0535356590,0.6667024095,0.4436815889,0.9031901879,0.4320535909,0.2663737570,0.9806346003,0.9401375832,0.7560353303,0.9408559536,0.2237715463,0.3547843110,0.5311583723,0.3207675195
1.1527089948,0.6708002107,0.1919993269,0.3578127851,0.3576848089,0.8776451128,0.6569108565,0.6276124439,0.8577610196,0.0463698660,0.2786265614,0.7274769698,0.6866514453,0.8164185002,0.3068611234,0.9587564827,0.8561803434,0.2280105853,0.4010209636
1.7266892390,0.4246573647,0.8522425384,0.2497236989,0.5849406453,0.9587667264,0.9705173327,0.3951608422,0.2829063608,0.2564987402,0.6055558827,0.3390521564,0.1939263885,0.0279146572,0.3633596365,0.0844687584,0.7738714367,0.6635598286,0.2650000333
1.2054965005,0.7461673674,0.4344315001,0.7149624920,0.9009069756,0.9126042313,0.2615905522,0.8551939527,0.2619394074,0.9382577689,0.3847241385,0.6376258672,0.0498385459,0.7750422562,0.8377083224,0.7158436941,0.9772457726,0.3832865471,0.3441618194
1.8073889785,0.6694382629,0.8925498321,0.6770388842,0.5861129830,0.4578151304,0.9380236674,0.6196694847,0.0760172877,0.7471968396,0.6275513186,0.2452440580,0.8761338319,0.2160222061,0.9297378975,0.0761166348,0.3043350510,0.9205017984,0.9629689332
1.1814943040,0.2508756857,0.4314111600,0.4154025039,0.3111162866,0.4424289302,0.3974467525,0.4687590807,0.1073517801,0.7933151016,0.0300543550,0.5059147091,0.9218135664,0.6014761398,0.2096820352,0.3027015965,0.4311752290,0.7864767919,0.8022253162
1.3441996909,0.1765281748,0.9063053919,0.2004296267,0.2580594893,0.9380537495,0.0732569499,0.8228831347,0.8875064346,0.7056443884,0.3660044691,0.0942930003,0.9342703176,0.3088343738,0.5513745654,0.4552347349,0.4119089606,0.0475350008,0.1165667817
1.5590432191,0.3031538905,0.9743040854,0.6535235025,0.0306349364,0.8707317037,0.9065634746,0.6786164941,0.4684558332,0.6712546453,0.5043678333,0.3601171161,0.8904161330,0.8514361985,0.8506940098,0.4693658913,0.9900588117,0.6990010714,0.9601738162
0.5900707192,0.8383857224,0.0107322127,0.6549420831,0.2773516353,0.5125864534,0.9174048965,0.7463117532,0.8605185851,0.8711094814,0.9041897831,0.6401783103,0.2613728794,0.0623960137,0.7485304974,0.8880269246,0.1715131385,0.6120556035,0.5837591509
1.7011989646,0.4018732313,0.9585775678,0.8749760769,0.9593764084,0.9188404836,0.6591174783,0.3928341470,0.0946307746,0.0095199266,0.9510078662,0.4395213611,0.2924239313,0.4564429523,0.0435574519,0.2193863127,0.1765177731,0.0645069112,0.3760284183
1.8472126549,0.6232154221,0.9406086872,0.7452435240,0.7463714519,0.0618604521,0.6483629108,0.0828708202,0.4791053624,0.0596228666,0.2711856859,0.1540790565,0.1873023540,0.8819733766,0.6846966610,0.2188488321,0.1962315318,0.2911986016,0.7898104548
0.8083208010,0.1030524287,0.5944968286,0.9498870355,0.7040326797,0.5010790327,0.8701428491,0.0603089602,0.5589758389,0.0626746956,0.2459640134,0.4533152727,0.3695544357,0.7434670286,0.3174003549,0.5438259912,0.5454963470,0.5161742710,0.3763609665
1.0599592639,0.1394054725,0.6077459189,0.0709714079,0.5178393637,0.0010540976,0.2272957926,0.6014209189,0.4300858225,0.9855475777,0.6555939596,0.0286653331,0.6730390355,0.1597521526,0.4642765143,0.9380245327,0.8523352482,0.6936482029,0.8127321324
1.5911316463,0.4234548292,0.7415964703,0.4353903916,0.2679837073,0.3184126226,0.7827885559,0.9556685535,0.2272595336,0.8402524270,0.4074739677,0.3771579178,0.2730329425,0.4254500373,0.1776374366,0.9147027148,0.2305565789,0.2248915546,0.4562252402
0.6174441169,0.9477551041,0.3231787413,0.8105772655,0.4013434389,0.9282916817,0.2840697531,0.7425495409,0.9952456893,0.9736261544,0.9825603853,0.8973063927,0.1342857748,0.8170307192,0.8022229311,0.2163594761,0.7891788889,0.7111974452,0.9309828833
0.3694085669,0.0301512488,0.3773549987,0.8910364628,0.6305710075,0.9838322231,0.0986054162,0.8032613952,0.4108377595,0.9230333770,0.0425039154,0.5074473302,0.8770916247,0.2104198683,0.7849323112,0.9203046584,0.6565663089,0.6405750572,0.9458970164
1.6577110695,0.7143175068,0.7656393916,0.4173369465,0.0413466856,0.8881826679,0.5151368726,0.3115142696,0.2139936380,0.2183292062,0.1751058612,0.7771062300,0.7948219888,0.9801198460,0.4109147954,0.4333151436,0.0295646590,0.1092646443,0.0957976991
1.7622031168,0.5944257263,0.6749573516,0.4476713711,0.8276462504,0.8155729060,0.9703753626,0.9860737828,0.2352483371,0.8403914025,0.1655573779,0.8348230650,0.4260262752,0.5476866362,0.3950901334,0.0355823184,0.3360239908,0.0666639083,0.5200663863
1.5707300167,0.6108577936,0.5478101628,0.3907527069,0.7185895504,0.9631603638,0.0729733767,0.0207246999,0.3862650657,0.4793517214,0.1900012622,0.4183102083,0.8402578906,0.8980347371,0.4796029269,0.7238151405,0.1597697764,0.0918842805,0.5404188803
1.6051588624,0.5218305646,0.5539931160,0.6124748149,0.6457015169,0.9097357985,0.0379218251,0.6190194082,0.1160940574,0.7102469186,0.1839315017,0.8935575825,0.1093554535,0.4970222388,0.9847901454,0.1658130202,0.8456744889,0.9773283803,0.9109290751
1.5724584045,0.7288846423,0.6957145074,0.9013218807,0.3146606124,0.5822231539,0.8416549227,0.9784471054,0.7879177117,0.0281850256,0.6473920154,0.7489998285,0.4943575262,0.3781809551,0.8026073462,0.6561408813,0.2270511887,0.0916848250,0.5076168442
0.2642295677,0.9659864765,0.0090307477,0.7044544781,0.1858745128,0.6159720173,0.6228216504,0.4012945952,0.6362754038,0.3446143778,0.4185491736,0.9482749003,0.4924638125,0.7241571214,0.0512619173,0.6976573190,0.5889196427,0.5619310685,0.3485807953
0.9269687391,0.8513450164,0.5718661124,0.1442090281,0.3569312841,0.2776712986,0.7819700192,0.2962596474,0.9370949734,0.3205131817,0.0946720765,0.6901460571,0.8116355916,0.1828207774,0.3735219146,0.4989079727,0.1421302861,0.9186160357,0.5789135802
0.7352958468,0.9673427965,0.7651173027,0.3122105690,0.8951699506,0.2921666120,0.7193167511,0.9930727916,0.6306131269,0.6065569831,0.9538122834,0.6920367733,0.8821019145,0.3477078544,0.9365810797,0.7693938999,0.0925232228,0.2387148018,0.7767930055
0.9026092920,0.3033396169,0.0784237604,0.3180912369,0.3495316825,0.6987932679,0.7331162885,0.8370879504,0.1307033611,0.3222571948,0.9297792137,0.2187952847,0.0969344337,0.2212561234,0.0294666489,0.6098156166,0.3248527789,0.8242431218,0.3188854885
1.1971568728,0.4612077518,0.2710549960,0.0847034430,0.7499306749,0.5377362562,0.7536816246,0.3209137997,0.8843901529,0.6642483032,0.4434721893,0.1181070133,0.7935948623,0.5762760081,0.2675634700,0.2152139810,0.5627780832,0.3727765943,0.8369089200
0.7398922384,0.2090550499,0.0494072172,0.3951845865,0.1298752874,0.8510646896,0.9953317090,0.5846312690,0.9470587946,0.7063122737,0.5236541656,0.9294984751,0.0110041635,0.8473788423,0.9203973605,0.6735332954,0.1206757412,0.4494751787,0.0420894965
1.8931617890,0.6087992434,0.8458504912,0.8438334838,0.3272564993,0.6456582965,0.6689702549,0.7052397013,0.9029127100,0.4394100191,0.9916599035,0.2527486507,0.2759592130,0.0222047243,0.3330065327,0.8704303708,0.9284252778,0.1380236604,0.2236146184
1.3681856005,0.3418641920,0.5858961744,0.6394692966,0.5854810498,0.8673751460,0.1343285115,0.2918424715,0.2293423503,0.4574943854,0.6802988551,0.4838260772,0.3729853711,0.2700902100,0.0767546401,0.8167501069,0.3138126649,0.1876952225,0.4491184509
1.1488130810,0.1495159589,0.6362817082,0.4518283048,0.5423514012,0.6912987650,0.6575164560,0.9537957156,0.5707844353,0.6176034648,0.1044595083,0.7482470257,0.6728305681,0.8679477865,0.9041241693,0.6460234742,0.5648029388,0.6063915696,0.9737768053
1.8721471184,0.5616604325,0.8911820721,0.2664674087,0.6357096270,0.7042090642,0.4525256262,0.8112029568,0.3317160440,0.9226211671,0.3933418688,0.0313817732,0.1384573652,0.3052642115,0.0791671171,0.0418887432,0.0342820308,0.5039051511,0.1693813256
0.6868801095,0.0896173760,0.4781561118,0.0576177257,0.6647120728,0.6241333317,0.7316158452,0.9273749233,0.8456817519,0.4738900013,0.2434344002,0.1781404482,0.6216672500,0.6055391776,0.6979144061,0.0732701927,0.9987589429,0.2660770899,0.3184456495
0.7800763929,0.9585708919,0.8357762780,0.1958912842,0.9114606289,0.0410643590,0.5364484404,0.3036478575,0.2777634201,0.6029823188,0.6446875372,0.3648834361,0.3593372496,0.6347439990,0.6601914572,0.7418478601,0.8012980059,0.0397440964,0.8091436194
1.7660498675,0.4637250693,0.9283574785,0.0212769380,0.6856725901,0.9643398110,0.2254755808,0.5417024916,0.9893020268,0.2233821970,0.1141654624,0.1536381386,0.0953751983,0.4828530702,0.1892172936,0.8688542566,0.8652753526,0.0713387188,0.3649952698
1.2503311083,0.7505850792,0.4168546400,0.1321258441,0.9754727468,0.4561174392,0.6419200846,0.1228187694,0.3308781199,0.7269312108,0.2159400169,0.9136195945,0.3219172019,0.8157844408,0.3778340047,0.7116220336,0.8384040975,0.2378783042,0.7094015556
0.9376750163,0.8811682284,0.6672061994,0.4035733979,0.9579723178,0.6949447300,0.7782104089,0.8192803323,0.2157716529,0.6240789361,0.2277830290,0.5006770668,0.7308659079,0.5342578087,0.6949601280,0.4930033275,0.3140867518,0.4691109804,0.3963747556
1.3488192356,0.2063912152,0.8875910959,0.1508628658,0.4492157298,0.3582848130,0.6962878254,0.8768223148,0.1412944606,0.2953734549,0.0715637439,0.4019482707,0.4226832648,0.0619729297,0.1310856721,0.9668638022,0.0848687948,0.7492531583,0.4926636089
1.6869546364,0.6191864131,0.6322662524,0.3269936944,0.3897144546,0.7945111521,0.7648682500,0.7880577117,0.1240611819,0.9912336234,0.6647213657,0.8543182241,0.5081978598,0.3108698181,0.1764166933,0.2643903923,0.1091343475,0.3979438686,0.8133924099
0.9465830924,0.9669245463,0.9712425542,0.8144433136,0.2531592115,0.5532771648,0.8457232276,0.2337288886,0.3075630566,0.4663103228,0.6281822048,0.7056127202,0.3209693683,0.2056195514,0.6781597041,0.9890903051,0.3916838626,0.2891795617,0.7968935910
1.3094189009,0.2043505105,0.9944143878,0.9098385745,0.1067047407,0.8307478870,0.5336154464,0.0763907757,0.3375406888,0.8543649668,0.6297602420,0.7097696888,0.7531447372,0.4258755140,0.9810427685,0.4371364472,0.5149120124,0.6321741625,0.5161026698
0.8635712512,0.9579997208,0.8822820642,0.5514275855,0.1089584449,0.4624162709,0.5161635027,0.7377986154,0.0626628062,0.3797157356,0.2764996866,0.3944350386,0.7536235927,0.1918380341,0.0193391452,0.0805919896,0.3179242399,0.9407606262,0.7116974382
0.7015084324,0.1036962811,0.3970406197,0.4374066466,0.6885376863,0.8215266058,0.1596334218,0.9541903672,0.9316886965,0.4797400432,0.1724811279,0.1339999045,0.3429377239,0.9201885099,0.9267001739,0.1714078227,0.5200283832,0.3815957599,0.2046232854
1.8024852787,0.5605315572,0.7704318285,0.7641735607,0.5018332409,0.0264876680,0.0598097211,0.1200355203,0.1981517999,0.7888924255,0.2813380854,0.7800579893,0.9245814010,0.7046330876,0.1135147327,0.4200204216,0.8565438822,0.6140730982,0.0655599551
1.4885750597,0.3479832290,0.7725533553,0.1994436779,0.0472218024,0.6201976282,0.4387374882,0.0098905427,0.3438954280,0.0845012173,0.8163445529,0.8639071548,0.6826250189,0.4879140449,0.7500561181,0.4690787199,0.2659424826,0.3055808598,0.8584937108
1.7304012227,0.4471159450,0.8231334545,0.6573184468,0.6817634822,0.4703207371,0.0329236028,0.4950409378,0.8276054189,0.2882511187,0.0452953529,0.5497500955,0.9489431053,0.3432246250,0.3981583285,0.4260888016,0.9320034552,0.8297917892,0.8290587429
0.8400044768,0.0331143481,0.9180321600,0.8002278399,0.1366514905,0.6020696285,0.4482162110,0.4916080645,0.7128296411,0.5003323067,0.4067916480,0.8868988229,0.3455965463,0.6006492383,0.9715503563,0.0671839231,0.2133322092,0.6074187185,0.3269002121
1.4675791622,0.4886826756,0.4378591772,0.7192215439,0.9805383724,0.2138315480,0.5263402406,0.5753959515,0.1350538112,0.2938002389,0.2298001738,0.1298418037,0.9127045117,0.2880387570,0.8845959203,0.7849835907,0.9276178138,0.0217399604,0.2275323476
0.5244038210,0.0522631457,0.3859919259,0.3832938162,0.7670975846,0.1476912914,0.5738077996,0.4722075833,0.2607654910,0.5202819203,0.2825524542,0.5435326973,0.1274471556,0.1862965723,0.5676177027,0.9807817875,0.8778812688,0.8914298820,0.5955892235
0.4748355675,0.8965536235,0.2451116328,0.1206767038,0.6651133824,0.4487834096,0.4279291860,0.8325828700,0.1282816760,0.3534753973,0.1907207618,0.1957592118,0.4205324056,0.9561019715,0.8615894207,0.2601307418,0.6321460517,0.0039278591,0.5092693181
1.4452591548,0.5815142350,0.3502624085,0.1174914594,0.4621277642,0.3970705883,0.2970773928,0.1580091655,0.2772521012,0.5436920412,0.1583591769,0.4252873619,0.1310592344,0.8255865827,0.3767641175,0.8454858968,0.9511099127,0.9972144551,0.1298757610
1.6341395061,0.5735462217,0.5239323063,0.6009779007,0.7496746544,0.9740057646,0.3697242218,0.6567670144,0.6437111036,0.3547785401,0.1097511728,0.5203611008,0.2156367194,0.8730359984,0.8681031777,0.4480476601,0.3520248509,0.5484058658,0.2959347323
1.5750062209,0.7037118798,0.6865817032,0.8481000049,0.1833507446,0.2007704576,0.1669073580,0.3298052533,0.4009426178,0.4229513043,0.1974958666,0.8183280000,0.5012910645,0.7966917548,0.9443203597,0.7036263849,0.5730571263,0.6417340313,0.2585621238
0.9162861110,0.2696140732,0.1545385107,0.4662760765,0.8505937159,0.6832872269,0.9180699274,0.1492171202,0.2374668266,0.8766606123,0.1938584947,0.2125380427,0.6450170684,0.2897903180,0.6472027800,0.6325925399,0.1865150624,0.4222735960,0.9485360921
0.8691218950,0.2173686433,0.2461145917,0.6603547354,0.0297234094,0.2361516248,0.3216649249,0.7771357593,0.8874422745,0.3387242171,0.7419955384,0.7619472714,0.8239725406,0.8582935979,0.5354441884,0.4901909735,0.5841583606,0.7268531617,0.7634178543
1.4550362279,0.2062362578,0.8610662593,0.5581061084,0.5685901466,0.0273376904,0.4246764359,0.2946594963,0.9214108214,0.9208779295,0.1794117588,0.1558048097,0.5521095999,0.6873148727,0.7808229061,0.7439751366,0.0735838573,0.0155155443,0.2274250814
1.5075590106,0.7207357156,0.5062563657,0.9699174563,0.2790120977,0.6212927472,0.8888359384,0.0889125644,0.6820068182,0.8094066723,0.9896846918,0.6402136898,0.2240267233,0.0879497426,0.3568426678,0.1386580315,0.7447178251,0.5665331765,0.4089269565
1.8343275475,0.5893651458,0.8157836745,0.8107571425,0.0905575253,0.1347978756,0.6618915504,0.8433982353,0.8073355102,0.9745470285,0.9094421819,0.6908155556,0.0977127872,0.5274545165,0.8926862079,0.9402042088,0.8346155218,0.3344344253,0.9226756103
0.9660293151,0.3352647286,0.1811161574,0.5198781830,0.0879895304,0.6624204804,0.5608215018,0.1513394062,0.2210365859,0.7607006160,0.4786563751,0.3933180178,0.7656370003,0.6793853617,0.4671527604,0.4091046996,0.5402832311,0.1863119897,0.5501193315
1.6288921532,0.4655718843,0.7846633191,0.3641317180,0.4001058762,0.9517923352,0.1617723304,0.1059038778,0.8121380743,0.6484228638,0.7388343926,0.4421136985,0.4174034253,0.0946433604,0.2237522984,0.1856166765,0.3882950976,0.2975026402,0.5176329372
1.1740683939,0.5174902595,0.1138425392,0.3621699480,0.4296029681,0.4841411749,0.5140804502,0.8721783885,0.9435758909,0.9107067122,0.6964298085,0.4843954705,0.2725792199,0.6926190943,0.3613477477,0.7454848540,0.7499002516,0.3020669721,0.8306085815
1.0991952930,0.2797765741,0.3533393328,0.9502148281,0.4870695586,0.4198096654,0.9076543965,0.0434468608,0.1907668185,0.0744947864,0.1897584059,0.8482716091,0.3972768730,0.0378234719,0.2876290953,0.9204444003,0.3311539255,0.0771930020,0.8202292170
1.0452243110,0.8154570988,0.4694743967,0.3978289668,0.3142814329,0.3273840573,0.0177895965,0.9042128095,0.2186724084,0.6283739883,0.8894436448,0.9551064706,0.5650968316,0.9262356000,0.9097110536,0.8987533523,0.8417821078,0.1614123307,0.2524832980
1.0575789678,0.2596584751,0.4182141769,0.9684339305,0.3362023678,0.6822646975,0.0898844417,0.2633182201,0.1763461483,0.7230121381,0.1835403139,0.6897110506,0.2004934980,0.6531861401,0.8962668801,0.5904624420,0.0003462325,0.6615489154,0.1581848354
1.3183122430,0.2024162555,0.8340786711,0.6026725841,0.1881728283,0.3053374158,0.2675390307,0.7678743009,0.6583366221,0.6120070195,0.7976012160,0.5546765053,0.3373572567,0.9245064589,0.0476940743,0.6275261657,0.1180668055,0.5231913115,0.4640009110
0.8054045550,0.9240351003,0.7388021858,0.2027581453,0.2212113258,0.2713590384,0.5902261157,0.8315455956,0.6827688134,0.3275429258,0.3841167353,0.8909223517,0.8600159245,0.0726441792,0.6124023488,0.6812084824,0.8850052374,0.3563730417,0.4428089110
0.8976547916,0.9618937639,0.9445053934,0.1169260196,0.3429075137,0.6889203598,0.0002818548,0.7428600525,0.3129809522,0.9814475226,0.5703463896,0.7081923816,0.8662037457,0.4777410261,0.3983541013,0.3363290617,0.3665267762,0.2087933077,0.7868037388
0.9714985168,0.3532706004,0.0975733695,0.5009692120,0.9098391197,0.1553459199,0.9955989628,0.3826698123,0.2818556227,0.3341810649,0.9786534684,0.4062571687,0.2570788711,0.7797991458,0.1515731794,0.6401094618,0.6825881566,0.4086700091,0.6849363946
0.9545464851,0.9003380347,0.7615054580,0.6664344097,0.5688376095,0.2526883619,0.5414212827,0.6701966090,0.4635092876,0.6255315048,0.3942200901,0.9518816240,0.2667970971,0.6852030566,0.9285491857,0.4098980133,0.2651468821,0.6723764636,0.4037232901
1.1562824996,0.4542967641,0.1567145220,0.1319596061,0.2251837619,0.9517970627,0.6110061034,0.6799973814,0.1290080098,0.0687668888,0.5680953495,0.5487911358,0.8376060984,0.6568664184,0.0872132069,0.1033181262,0.8632887574,0.2398459872,0.7062702713
1.4726761458,0.5283529272,0.3462053600,0.8043990526,0.2586817595,0.3255286917,0.9818466778,0.6673345728,0.2695008131,0.3463474423,0.9636165652,0.3418661204,0.1669131576,0.5764852436,0.6203949620,0.3424504194,0.4705441998,0.8571092962,0.7089533459
1.4098176810,0.7452998547,0.7424392325,0.1890207672,0.3231782217,0.8219148697,0.0394661339,0.9236230103,0.8209307184,0.7819615170,0.8337294492,0.2779045662,0.4939451506,0.1253369075,0.4144136032,0.2420391119,0.8562390860,0.1345049310,0.5559619406
1.7526501028,0.6385195216,0.6582183422,0.6688271519,0.7480962687,0.8212286269,0.5554498273,0.8066240097,0.0772446743,0.1227452139,0.5986045028,0.6814959641,0.9779181482,0.9015396817,0.1273788673,0.6047872654,0.6193950349,0.3040602675,0.9923509134
1.6056606443,0.5227723752,0.5785061232,0.7162380258,0.6273059818,0.0144386239,0.2758942214,0.7486498844,0.5521019592,0.4588224807,0.4558207931,0.7561690798,0.0258909362,0.8050492921,0.6199574067,0.0410113072,0.1545195435,0.3191541585,0.8529548867
0.1129002314,0.9771629283,0.0257570989,0.2456418509,0.6864073465,0.9851683115,0.1509871218,0.4834263511,0.1344406513,0.9891574403,0.8913019892,0.0784612428,0.3988197584,0.2938493530,0.5692326946,0.1000944309,0.2582822288,0.5613415300,0.5680290722
1.1220593340,0.7948012986,0.5781636521,0.1747686767,0.4660667924,0.6698833235,0.7244212895,0.5119383320,0.1279937283,0.9782768280,0.6436194198,0.1790866546,0.0536354755,0.2301781200,0.4284554672,0.7679205243,0.6334917136,0.2957973831,0.3950908530
1.2814463582,0.2351072883,0.7055271895,0.4144355876,0.7415474690,0.8604038245,0.3774175817,0.8796023014,0.6569168139,0.1659370288,0.7705903299,0.8809836042,0.5678568321,0.0092257589,0.0968634807,0.3017880303,0.1795356613,0.7506225159,0.9914702495
1.4990971675,0.7749421127,0.9544026598,0.3856260709,0.4803539672,0.6985540440,0.4210812767,0.8789034193,0.3033180147,0.3876328581,0.3289409186,0.1981305503,0.9816725348,0.0274692342,0.7122952896,0.4845552422,0.0236766810,0.6642799003,0.3987325154
0.9732322037,0.8287365436,0.4523899839,0.7734160220,0.3257494714,0.9339328916,0.3040868430,0.8893385721,0.3429109938,0.2950214650,0.9406814234,0.9222885389,0.1316428645,0.5718902174,0.5681438928,0.9416781917,0.2240633712,0.7401338503,0.3730172450
0.9362636555,0.3927863374,0.1309553163,0.3114710549,0.7547750294,0.9899680436,0.3273057344,0.4484721187,0.2576360384,0.9236648172,0.2989200483,0.6008502408,0.7006582965,0.2476990795,0.1803357443,0.9333391217,0.0843119548,0.1181560079,0.7375775998
1.9807060541,0.6499277409,0.9553680122,0.3235088578,0.3204569698,0.6281014732,0.7232229066,0.3563062376,0.4221853790,0.7932950741,0.0679459561,0.4871290893,0.3101281910,0.1761952087,0.1608538206,0.3746242017,0.4285166419,0.8235425000,0.4706609068
1.8615699764,0.5152586172,0.9231118278,0.7050980007,0.8224619842,0.0161493202,0.8398691670,0.6162545159,0.2269344880,0.4681395733,0.2570434815,0.7254896965,0.4335227137,0.5521037701,0.1610788111,0.1560238712,0.7042015899,0.6529936697,0.2986998157
1.2977869441,0.2678372737,0.6157617307,0.3959085588,0.1417039629,0.9898429648,0.6833788676,0.0884759898,0.4965927961,0.6214163642,0.6734649082,0.6082305695,0.4129991849,0.1555041420,0.1451644182,0.7331271705,0.6600852246,0.1263504125,0.3969268551
0.5945510365,0.0812256791,0.4437714283,0.9813882269,0.8465135102,0.0907414634,0.5698855694,0.8720903663,0.1407204076,0.9244235498,0.7590739185,0.9991809673,0.3779259505,0.0352213280,0.7629650267,0.6425161812,0.3942669916,0.1157537588,0.7461613188
1.6295227561,0.6658974588,0.6258593200,0.5928716714,0.6741849068,0.6893009460,0.1644028706,0.4285355503,0.6306518788,0.9422958695,0.6650684386,0.9543460369,0.7040757978,0.7685533861,0.7747812699,0.1836996516,0.3324368852,0.3644308006,0.5886313388
0.5736694699,0.8851883919,0.4171423407,0.0416723180,0.8160960732,0.1671754293,0.3244162607,0.9324239275,0.6250283675,0.4835784752,0.7875524375,0.1991082246,0.4920451712,0.2609365555,0.7953494071,0.6707926217,0.7418129284,0.6938901845,0.3298165574
0.8954985484,0.3808063059,0.0160915996,0.5340497728,0.5730091993,0.2923220307,0.4214161610,0.3160428930,0.2837965825,0.8565680620,0.9538801110,0.6088736254,0.4222103152,0.0203042982,0.2330219370,0.4818655839,0.3591386396,0.4524264755,0.8352160715
0.6480335166,0.8998625276,0.3670049216,0.4788535098,0.5582498640,0.0227584451,0.7124523788,0.4466947977,0.8067921461,0.3487180449,0.2182830222,0.4056310075,0.4376318532,0.0997911012,0.3231106729,0.5432452412,0.5821851236,0.2425858003,0.4197754669
1.1681319718,0.8157540755,0.7733578050,0.2554156321,0.6579047738,0.8028948854,0.5273051277,0.0969403818,0.3766464176,0.4735573581,0.2472609435,0.6155536587,0.1414218000,0.9324810525,0.6345421739,0.9069445249,0.4984695944,0.4361232781,0.5275210479
0.6973279013,0.9802328040,0.7134682334,0.1342197923,0.5983724701,0.0327689071,0.2814813474,0.7713548469,0.1567353036,0.7675757716,0.0333826532,0.9388352016,0.6248537139,0.3062144949,0.4450182742,0.6116593332,0.4575762194,0.4790941386,0.8319100106
0.7902913603,0.1670479632,0.2033850836,0.9579487622,0.3411184063,0.9614904889,0.0978499125,0.4821964682,0.5336551013,0.4534835536,0.5415444255,0.1644073456,0.8488500348,0.5234212493,0.6510788567,0.8112329926,0.4498947870,0.3747328872,0.1431942932
1.7055171450,0.7593946225,0.9695650292,0.8466954545,0.7154326733,0.3037046169,0.6129396790,0.5883462493,0.7110317046,0.7441377344,0.3149310390,0.0091939104,0.3459704542,0.6497766338,0.3499651969,0.5516411889,0.3776373808,0.3532184928,0.5038705612
1.7736683350,0.5217440994,0.8585290204,0.2806030423,0.0976103745,0.7509647475,0.0421221179,0.2930256199,0.9685518931,0.6501708527,0.5686281116,0.7972821363,0.9503239587,0.4283805252,0.6179088787,0.8068610632,0.6363909434,0.9167566513,0.7515352577
1.7412171810,0.6503342967,0.6751095314,0.7813814570,0.2774691674,0.5696208760,0.8802002492,0.6306925127,0.3332266467,0.3809366959,0.8685853203,0.9715698181,0.1362145869,0.4182864922,0.4852388595,0.7110812059,0.8614871611,0.6506402669,0.2533440289
1.0021464902,0.8527339006,0.9166012434,0.1145335677,0.9526613461,0.0468047543,0.7700927434,0.1751070253,0.4092213323,0.9062868135,0.5514371030,0.7094218609,0.4551617385,0.3762467001,0.5129696556,0.1045984583,0.2539936769,0.3932242489,0.8932743729
0.4052083211,0.0167652291,0.4335530925,0.7535869537,0.2398891482,0.1609769858,0.9347678519,0.9097034943,0.2762569532,0.7834413456,0.6966009213,0.5820318830,0.5528463117,0.0717544584,0.5819296267,0.7856176481,0.4323894154,0.6365481262,0.5950354951
1.6438686605,0.3627235508,0.9738142859,0.9585094357,0.1767480865,0.3276647162,0.9647699047,0.9179788484,0.8951551024,0.5401771228,0.7394568473,0.9453707091,0.9850722469,0.4884704448,0.2341335944,0.4683046411,0.5754889904,0.6225060201,0.6548485202
1.9829008637,0.5983901602,0.8691659161,0.7160581993,0.3603015774,0.0042872655,0.4351762642,0.3772638973,0.4122346293,0.3396396425,0.5582031440,0.5224930536,0.7512922781,0.9995105007,0.3842251511,0.7303620706,0.8015168483,0.6069989197,0.8529996378
1.5163463825,0.3025964127,0.7988117188,0.7243193990,0.2638734152,0.1724597500,0.4160234685,0.9319634094,0.2838259726,0.3016848456,0.9414524027,0.4106912464,0.3916205082,0.7277336489,0.2205288453,0.2602605067,0.7582925668,0.9932906562,0.6119130288
0.4874486058,0.8336984260,0.0849578430,0.2834951231,0.7597696590,0.8250771855,0.5645380589,0.0310616095,0.7423091308,0.9145996366,0.9364173397,0.0928276661,0.6790215660,0.2482661137,0.3390524471,0.4433066701,0.5933976092,0.4069876728,0.7317255529
1.8732634316,0.4950221983,0.7607137177,0.9529801212,0.4580686504,0.5759645272,0.3411073274,0.0070164306,0.7724196234,0.2625118297,0.5354299551,0.6648570130,0.8271056197,0.0609087191,0.5630685992,0.0499460193,0.2483235966,0.7515128587,0.2326101821
0.1591551756,0.0207889550,0.1769578423,0.4917968396,0.7904942979,0.3067152565,0.6242312088,0.3968092267,0.2771054091,0.5349517477,0.8899337777,0.8928440310,0.4317785234,0.2309512859,0.4590645922,0.3660052950,0.2187250214,0.4796697961,0.2445894664
1.1644455596,0.3654161009,0.2966393797,0.4534581913,0.7325946751,0.7974468637,0.8284492556,0.1479548881,0.1933884648,0.6542769761,0.3844150496,0.6572428062,0.7355090234,0.2216747016,0.3423629217,0.0458284107,0.8571771125,0.8069909582,0.4501312753
1.7576923097,0.5238416033,0.8033838603,0.7504762951,0.8968043311,0.1753655326,0.5026554371,0.2464300917,0.5166652942,0.5752658433,0.3851862703,0.1810034171,0.0786763568,0.7618332750,0.9280527344,0.3203258036,0.0805238953,0.5191110775,0.6657207321
1.4041354679,0.4867284398,0.3181889420,0.4849091450,0.6374822630,0.8058808137,0.6958360340,0.1821024400,0.3510420376,0.4093676381,0.6200974578,0.4002170699,0.8679151864,0.3726830246,0.2787222422,0.1822358730,0.6900564653,0.4766892617,0.2432390004
1.6799521533,0.6944574489,0.8698796976,0.3266374245,0.0341339425,0.2126223794,0.2734705046,0.0968732083,0.6558483139,0.8822336224,0.9743523567,0.1089017362,0.9176059738,0.6932812167,0.1083146829,0.2398784623,0.7973857896,0.6031702767,0.8915646978
0.7702139620,0.2551978009,0.0956886259,0.0758838906,0.7694795823,0.5553242227,0.6591894947,0.1178994452,0.6964892583,0.0026357205,0.5521460634,0.1129062390,0.1058573201,0.7840515931,0.5994700357,0.1900234280,0.6929876207,0.8565219481,0.7976359491
1.4406804762,0.5312218421,0.2080726778,0.9721824691,0.7481062931,0.8860786334,0.9622177294,0.1547746505,0.4465948618,0.2237129488,0.8617488709,0.1187525900,0.2882176361,0.1381957138,0.1647440475,0.6721271052,0.9668048653,0.6427559455,0.1319188460
1.6570536010,0.5077969754,0.7420193875,0.8387858586,0.6233792720,0.8288596995,0.6383560521,0.8354737746,0.7066230380,0.9487658909,0.8623664539,0.3324500540,0.4862727564,0.4482014906,0.5148033877,0.9571440251,0.5324732385,0.4816418655,0.0236166919
0.6220747506,0.1027109487,0.4231302456,0.9972265543,0.7248267948,0.1278701469,0.6338680778,0.0661563108,0.5235331896,0.8421892372,0.3887815419,0.6297652502,0.3309452802,0.7129451840,0.6657016005,0.6011514387,0.7260209376,0.5251221150,0.7657114699
0.7712974274,0.1848460672,0.0783896584,0.2404102162,0.4915496520,0.6265126621,0.4520798471,0.3997026933,0.2649176793,0.8793741600,0.2417162262,0.0300041868,0.2341765997,0.1053313356,0.1355749517,0.1011625816,0.5708626800,0.4844511729,0.2048758780
1.7247366911,0.3937588819,0.9150285720,0.9333765032,0.1414101863,0.7624897441,0.1349076797,0.3030406502,0.8203218160,0.1925068555,0.9250810327,0.4816023339,0.8755456394,0.6814976594,0.8809064555,0.2954135496,0.8713935612,0.7686091600,0.6388646247
1.3272023516,0.4048268221,0.5811745853,0.3941910239,0.2901946506,0.7412402232,0.9873809572,0.5294881197,0.7757048852,0.1404494606,0.9360527584,0.8118273125,0.7257803984,0.5541363387,0.3473041564,0.5963213686,0.4077894407,0.7790645416,0.4071867070
1.1372537601,0.8020314513,0.5463678978,0.5038692838,0.7900162709,0.6357271828,0.3350406353,0.7676052568,0.7703029038,0.2978656560,0.2101078715,0.7350135648,0.1270561965,0.5267309750,0.7245599352,0.7810152448,0.4509004810,0.9939061738,0.0309074107
1.1310501026,0.7979579082,0.5711202584,0.6366407531,0.7142262265,0.5875549685,0.2720218505,0.7017890009,0.5083229660,0.2729790846,0.1962939104,0.0674711716,0.3962987371,0.7411179871,0.4730171062,0.0576951514,0.9802682662,0.6352676532,0.2656786116
1.0843486351,0.2833147244,0.3299215563,0.6660371262,0.8039845012,0.5000486791,0.2470690815,0.0259925863,0.5160623374,0.3189261652,0.5093672077,0.0840597266,0.6319781030,0.6958115935,0.4424234574,0.3128218579,0.6564760836,0.4432685736,0.6869447800
1.0273837099,0.0874918797,0.8499831519,0.6141459671,0.8706071523,0.0002283224,0.7817855075,0.9940748359,0.4794548831,0.7855490587,0.1630436375,0.0093930777,0.6269478833,0.3665252059,0.8264815232,0.5450755153,0.5816131371,0.1039462932,0.6627784850
1.4397739485,0.2582579872,0.7990994013,0.4063276824,0.3443078484,0.6148369514,0.9407861661,0.6441258817,0.4017946694,0.1565499166,0.6287744101,0.8017693555,0.9091602657,0.7023236306,0.2649986269,0.9823523058,0.8588383107,0.7312095383,0.1267745556
1.3500368030,0.2293170835,0.7505985671,0.8363529526,0.4973621039,0.6376371865,0.3835167713,0.0100354722,0.0017314876,0.0791546190,0.1223732951,0.3558851262,0.4566552644,0.0138017325,0.4459885770,0.8524354582,0.8596833176,0.5557390380,0.8805259948
0.6792281166,0.1436287567,0.1386817696,0.7584100918,0.4942276420,0.5493576018,0.1537884484,0.8046501163,0.2202010737,0.4603134442,0.7474208983,0.9188126456,0.5236592449,0.2036445476,0.7443222563,0.9493290032,0.4347559052,0.2998809801,0.3408732318
0.8649136746,0.9438354832,0.7882075263,0.6828950832,0.7970662090,0.6274904698,0.2238384251,0.1029848860,0.1850823894,0.2376232711,0.3011089065,0.9688898264,0.9702906909,0.3592965369,0.2777374771,0.6260555711,0.7356166821,0.8900931891,0.3372576135
0.8349718352,0.1421088561,0.1873310958,0.1888980847,0.2101762389,0.8399479327,0.2347291758,0.8475787891,0.4642898878,0.4844016381,0.1301855249,0.5831341260,0.1168820667,0.5272080994,0.2036899172,0.7380753901,0.9926500864,0.1485326651,0.4023904576
1.1285306332,0.8472532185,0.9932123303,0.1525925417,0.7326650725,0.8817754304,0.8697743852,0.8292600219,0.9781042764,0.3692879927,0.2260983827,0.8400120272,0.6794866230,0.8326784002,0.3256270362,0.2567881842,0.0359945855,0.6589822213,0.5106564990
1.7439346420,0.4228408396,0.8924300415,0.9661505040,0.8790215445,0.8300702727,0.2181258827,0.0121161572,0.4962841901,0.3193282022,0.1627433858,0.7166133386,0.8187718588,0.9685474313,0.3904641428,0.1420035463,0.2622877103,0.6294196978,0.7780793655
1.1277871458,0.4753256189,0.0117921386,0.6977961293,0.4780852354,0.8062639503,0.3724917839,0.3194426452,0.6825622006,0.1527145497,0.4738873408,0.1106804607,0.7586907302,0.9369557922,0.9721048956,0.5049587349,0.5414914378,0.1264778346,0.2256759146
0.8771513927,0.7886599658,0.1463511297,0.7600312589,0.5699997899,0.2864054785,0.5343979566,0.4250624686,0.0010791616,0.1582083900,0.1351649225,0.1219950149,0.9361463013,0.0589592453,0.1059579896,0.5710418519,0.7510870738,0.9875391142,0.2465239993
0.8107852874,0.2359625169,0.0610369340,0.7082762161,0.7307273010,0.8572789006,0.2452504036,0.1381277340,0.3280022085,0.9556400995,0.7849845544,0.2978362436,0.9704958360,0.8672740765,0.3013202823,0.1574581944,0.7451338974,0.2767641279,0.9208950342
0.8234968593,0.1257424820,0.5046711656,0.8466913416,0.1805932044,0.8592744654,0.0311363010,0.2217753945,0.9949253819,0.3074245945,0.2539699399,0.9802536584,0.7921092203,0.9548926792,0.5569873310,0.6744161592,0.6214323865,0.0299343140,0.4436700697
1.4263502167,0.6433320683,0.2748141826,0.7894272490,0.4190275840,0.8025374634,0.1951500981,0.6754711773,0.7822250740,0.2999290447,0.7519590819,0.0247482852,0.5276380988,0.5180633022,0.6230627868,0.4009248808,0.7656335070,0.7335840686,0.5066172785
1.1651969757,0.3660366369,0.2916777594,0.8011837424,0.1933556101,0.3955247811,0.2605618802,0.1796453303,0.1150904731,0.1968421657,0.9134933620,0.2694975397,0.5819904647,0.5100651004,0.3795397294,0.7534705219,0.1923845402,0.0881908790,0.1893591648
1.0467108492,0.2682400137,0.2961105564,0.3982471240,0.9257882363,0.2509565336,0.4302120530,0.1357086192,0.0641579863,0.9331706823,0.2675027643,0.3145392427,0.1893584296,0.9357247255,0.6028209625,0.5284948470,0.8862873270,0.3238414503,0.2121645863
0.5872674147,0.0320631971,0.6425718130,0.1373472321,0.7136112261,0.1481536730,0.5875501590,0.1910848495,0.9622878277,0.1009561253,0.9769456883,0.6417598289,0.6675746859,0.5413590505,0.4240578928,0.6627961219,0.1580761104,0.4509983874,0.1054703876
1.4560349779,0.3422084595,0.7638441724,0.1233246551,0.7136923069,0.0182487177,0.2284170159,0.4401174690,0.7865411518,0.0383403500,0.2506732584,0.8142395297,0.0946246709,0.9472603593,0.1505747262,0.0846808453,0.3745112920,0.2726071474,0.6787973581
1.6284351448,0.3607732866,0.8444102008,0.6025218216,0.2198879840,0.8551282261,0.8078443355,0.1153758391,0.9249806683,0.0771360546,0.0524798059,0.4785510078,0.3240498862,0.1356573648,0.3388283303,0.9189464268,0.8505919253,0.3897098195,0.8211835768
0.4239334241,0.0600294270,0.2462787225,0.7120675388,0.1105851483,0.9210331743,0.0562670270,0.5725629563,0.2594696513,0.5479680552,0.6918921832,0.3358304644,0.0885806152,0.8868800422,0.3085776181,0.5369762323,0.3061934899,0.1899824064,0.1308547367
0.7751268238,0.7519055105,0.0140871934,0.3823640211,0.6278014144,0.9607840065,0.5534038721,0.7290250283,0.2213227842,0.2561018261,0.8985291310,0.5121299056,0.6873135672,0.0878661085,0.3829550235,0.0869077006,0.8971350351,0.8244873395,0.2930197280
1.3212463671,0.4408217055,0.4813416351,0.6788196959,0.1293302378,0.3247056242,0.5202315841,0.7905523174,0.1481251249,0.9800113483,0.7429353544,0.0930704707,0.8154858113,0.9439538980,0.8166713698,0.3238410023,0.3489814507,0.0576525680,0.5137639518
1.2481998178,0.8298186147,0.9866369046,0.6780766208,0.3433337667,0.1498656926,0.1529934577,0.3932380949,0.1471233471,0.6847647123,0.9368747565,0.5790202799,0.6885968619,0.9360168150,0.8585828810,0.6429587587,0.1850865303,0.0711130161,0.5712595318
1.5158582770,0.3765247552,0.8332373873,0.9338601226,0.7806603885,0.8317628883,0.7729121489,0.6186594238,0.7945419548,0.6956780071,0.2346733569,0.3635733694,0.9998391823,0.8684141141,0.0578227887,0.3900655058,0.4100586229,0.4695621070,0.1689835084
1.4951088113,0.5185967049,0.4023271994,0.6265810194,0.5046743076,0.7916299066,0.9801882789,0.0257865724,0.3781015576,0.5599892945,0.2539938279,0.4128653213,0.7209983398,0.7775931979,0.9484908917,0.7694698248,0.7733231534,0.7987091739,0.2597999025
1.0571842151,0.1833470040,0.5824032107,0.5465033876,0.5704942531,0.3239482149,0.6969528524,0.4155103815,0.6563121464,0.5660480988,0.0947396036,0.8380745404,0.1575555346,0.8242465277,0.5052996763,0.7395775606,0.3973288438,0.9932170748,0.1504948786
0.5717562925,0.8001904008,0.0990426510,0.0594743134,0.1790393219,0.2790360025,0.1335963562,0.4636823332,0.2672593010,0.6107395841,0.2596628416,0.7098625243,0.7778079011,0.3664200534,0.8402576385,0.3723858449,0.9009719247,0.3080204791,0.2471790032
1.3247944666,0.3977675974,0.4631629530,0.5515095485,0.6222748357,0.8640958107,0.6284691382,0.5944482397,0.4859474866,0.1183089119,0.0878023031,0.4455917320,0.8970223352,0.2377268237,0.1908120533,0.0813846957,0.0078936619,0.4437849032,0.6868180744
0.5226285776,0.8771274733,0.0064184072,0.9413626949,0.3754230591,0.5278548255,0.9523679995,0.1365585339,0.1095107198,0.3241847672,0.4950863501,0.0679534064,0.1318566407,0.1974025134,0.9762080073,0.6232121494,0.1364573806,0.4091820285,0.4902982612
1.1368007484,0.8628004783,0.9783455059,0.2893134291,0.8691837992,0.9487364622,0.1148561631,0.0882768900,0.1340478490,0.2835715054,0.8862077417,0.5445287852,0.8872420053,0.2675466453,0.5444015307,0.3435664408,0.9656971351,0.2438159867,0.1167565898
1.4304063118,0.7578434956,0.7164717324,0.6009390153,0.5787873063,0.1368989214,0.2271384192,0.8308052141,0.7237327440,0.9602057315,0.5147411307,0.1787769559,0.2283529946,0.3073291495,0.6173876593,0.4092274424,0.1763832076,0.4737655254,0.3318188259
1.3544535549,0.2212949554,0.5795929099,0.6732541824,0.2234229042,0.5017508980,0.9979582667,0.0893241999,0.8008149925,0.0132922045,0.0939605960,0.9730150975,0.3331327097,0.3866242474,0.3613592287,0.9584905553,0.1462277874,0.2421427168,0.1575345233
0.9147040501,0.8281440226,0.5800176515,0.5106382505,0.6086912678,0.8044971405,0.6059647817,0.4935743561,0.7658060879,0.8082685180,0.6592514390,0.5495938066,0.0888878439,0.6335350440,0.7271808003,0.0044943599,0.6354594478,0.8859118167,0.7912260168
0.7026550394,0.9286504297,0.4623408837,0.6820576879,0.1187448039,0.0733654850,0.4092429374,0.9082153062,0.5245121276,0.9010779433,0.1342035322,0.6032959350,0.6214051384,0.8603758701,0.1300672298,0.9354357366,0.7204773951,0.6781525781,0.0409883625
1.3601970400,0.7645764997,0.6684621477,0.5467907806,0.2372212823,0.2537239105,0.5585744348,0.4766486439,0.3992556657,0.0402787633,0.6861242782,0.8222634099,0.8441958886,0.3974876484,0.6192608037,0.9537724617,0.4417530437,0.5620417045,0.0483822743
1.1181004186,0.2990582741,0.1673520171,0.8243779115,0.1918998142,0.2750678916,0.6129514833,0.7087265712,0.2582465014,0.4383327273,0.8791479111,0.1530846237,0.6807032292,0.2691991484,0.4574398438,0.7105531130,0.1866344915,0.4855105140,0.3110113990
1.5253760445,0.7352999587,0.6424384209,0.9262895610,0.7506155376,0.4523121009,0.5541892160,0.3603450987,0.5046041359,0.0965604772,0.5021859983,0.5853508030,0.2522569162,0.1744787183,0.5051172119,0.0670891431,0.3531694260,0.9841637396,0.9091496922
1.5319030054,0.7849747176,0.9086882092,0.7909307881,0.0668655556,0.5019224104,0.4153374441,0.2691312786,0.5281006118,0.9343576558,0.3773638246,0.7949568412,0.7250421580,0.2864344921,0.7174971747,0.1072929738,0.2460629893,0.5312357837,0.0117356076
1.5193075781,0.4177307346,0.7091969691,0.7567698865,0.6706598430,0.2974927086,0.4941025972,0.9741824112,0.6490620025,0.3471010625,0.8919156721,0.0069549974,0.3865382750,0.9605700216,0.0438604096,0.7399970370,0.7192668577,0.2242889601,0.2722320840
1.2035205994,0.4122810494,0.2832362409,0.4740960218,0.8302101955,0.3899617678,0.4030397362,0.9917219463,0.1798068441,0.1487266543,0.2321434058,0.5101832245,0.9599637265,0.9316420332,0.6775517606,0.3081914051,0.8585124116,0.0712771884,0.0315505686
0.6509850425,0.0861358948,0.3802489148,0.7810129159,0.5665012366,0.4318908551,0.7385271878,0.5634060533,0.7278980025,0.0173758516,0.8933861264,0.3987635118,0.9461764020,0.9320519427,0.5128297216,0.0399199597,0.5819956065,0.3755544955,0.6529705790
1.8273224255,0.6050986883,0.8005927038,0.3952728319,0.8634304194,0.1381973736,0.7789264969,0.8289830926,0.1506514719,0.2614845440,0.9706340309,0.2869958754,0.5276124608,0.1427140136,0.0344695342,0.3682167684,0.1327097668,0.5198293263,0.4238729710
0.8426493342,0.9689340321,0.6214427157,0.8181690152,0.2484431792,0.3191088993,0.8142622727,0.2917264032,0.3139581488,0.9343582807,0.8674669533,0.6413619652,0.5781916611,0.2423782255,0.2497351276,0.2116772154,0.0743436391,0.2482141954,0.3518172610
0.6318877665,0.1012034526,0.2856037374,0.0519099070,0.5653286801,0.5493698363,0.4499695552,0.4997559400,0.9664561334,0.1663151514,0.0538741959,0.2303922730,0.0338897194,0.0407657145,0.6797699059,0.2712739914,0.1241305801,0.7984951411,0.3837133414
0.2397097524,0.0220850181,0.2120285172,0.8903164115,0.5556070560,0.2840716359,0.2753454904,0.3485255779,0.6155063886,0.6361830838,0.4617954399,0.5702749834,0.7356488251,0.4453349543,0.1312501675,0.0466131482,0.4148561132,0.4675634823,0.8388718538
0.9012242638,0.4034167367,0.0639064402,0.0749519843,0.9435143125,0.9337387269,0.2027244987,0.5871621549,0.1973131322,0.8359482347,0.4440870610,0.5421728906,0.8332600460,0.1531358943,0.4948293591,0.7754291799,0.2225606367,0.1282961885,0.6672345755
1.6337109968,0.6516090616,0.6672945722,0.3601903422,0.5591446947,0.6213980577,0.3383656165,0.0550461507,0.4583697971,0.2039736618,0.1913280512,0.3171201654,0.9917599812,0.6736219516,0.2718673946,0.4610740251,0.7222554821,0.8933927383,0.8918138334
0.0729601880,0.9743939708,0.0021596696,0.2082107578,0.7118731386,0.2184885307,0.8344350824,0.7864224530,0.1147540162,0.9426083447,0.2510021414,0.1135208512,0.1545004047,0.1632154572,0.5931858931,0.6721957374,0.1895592703,0.4537608445,0.4867481166
1.3743060643,0.5589289241,0.2593961403,0.8133854528,0.5856437002,0.8749682714,0.2261063527,0.6710806895,0.8605908057,0.1270449498,0.4150637568,0.7219396403,0.3282695778,0.5802088421,0.9196525601,0.5525245228,0.3698522825,0.6256314153,0.0322646203
0.7397849420,0.1222828267,0.3719716313,0.6753000937,0.4106664398,0.1051462057,0.8117213350,0.3152461468,0.2114627283,0.9761323213,0.0694736970,0.7549907767,0.1865907818,0.8179723147,0.9392601940,0.5539295396,0.6724371215,0.0924687491,0.6353219452
0.6739366729,0.1191304264,0.2177454958,0.3483377266,0.0810774906,0.6757391219,0.3085769937,0.2647385242,0.1064236379,0.5333365274,0.0973327284,0.9210082369,0.8854581803,0.8496957139,0.9394206636,0.8946708140,0.1403097624,0.6745289844,0.5360751041
1.6806833477,0.6245436494,0.4887152590,0.9635889543,0.3930453112,0.6635906417,0.0537974250,0.6460287065,0.5684569552,0.8617621061,0.8008718982,0.8647248121,0.3761297843,0.5135209602,0.2429698020,0.7271890625,0.2503916123,0.4749320635,0.9111376594
0.6442656242,0.9367036018,0.4666645525,0.2029825474,0.5210534395,0.7774845178,0.3033714952,0.6251439482,0.7616087895,0.3976502223,0.8831779317,0.3496397007,0.6942313014,0.7940370861,0.6604049661,0.9127384858,0.1748604551,0.7828330810,0.6960365373
1.2711214396,0.2947323114,0.6845222740,0.1087471962,0.6546375746,0.0615644331,0.1006881521,0.4938404630,0.2967962944,0.3846103781,0.4095059074,0.3246424386,0.7228906300,0.6728094121,0.7495287551,0.3735372139,0.9025264602,0.9579502423,0.6132906671
0.4358551278,0.0626620457,0.2569295135,0.5779571337,0.4734054821,0.9628002191,0.0007327110,0.5099684640,0.4252942580,0.0218602816,0.6563258569,0.3618489173,0.3468039156,0.4728822496,0.3934768389,0.3217849313,0.0891902517,0.5134124147,0.5354575566
0.3272459462,0.9629480010,0.3313140708,0.0884453436,0.7873746383,0.0026306382,0.3255050396,0.8588256027,0.8609859686,0.3176716339,0.1653385562,0.3833791069,0.8009102712,0.2739796010,0.6663162996,0.8939051959,0.7046272796,0.5817883114,0.0320692931
1.2853693790,0.7904976771,0.8748747069,0.3581893832,0.1844286289,0.0155863760,0.2144691416,0.8477799529,0.8866482824,0.9627262460,0.3918931927,0.8857001440,0.4121052720,0.4964668823,0.4733516725,0.1411774422,0.1888365371,0.6740960865,0.8575184864
1.7172878935,0.5055593842,0.6855552630,0.6799880466,0.1028558285,0.4612541591,0.1602341419,0.7512995797,0.0073803736,0.3605798882,0.5337375459,0.1635612909,0.3019656453,0.7088668696,0.7527427034,0.6145397138,0.0777109361,0.7469469656,0.5323951035
1.2815306433,0.7275861242,0.6595375940,0.0156931710,0.1233723102,0.3686960105,0.4243836296,0.8706928373,0.2933298897,0.4879949043,0.1082119798,0.9270480720,0.9481903514,0.0048598033,0.3314376996,0.8389964039,0.2304501072,0.8516740814,0.9392371534
0.8256438715,0.3483861393,0.0751363069,0.0550648085,0.7504237491,0.6377729999,0.0197157428,0.6890099382,0.4511733300,0.5271612378,0.9336587443,0.3308716133,0.3978494669,0.7197897728,0.9369266609,0.7979275003,0.5160184336,0.9463860367,0.1026048470
1.4045956570,0.2729174741,0.8083511664,0.2460761430,0.0892646479,0.5294792128,0.9170686942,0.1845770816,0.0261664587,0.3540307919,0.2675371172,0.7139154922,0.4584586045,0.6174568924,0.0268535309,0.5443882271,0.3354934454,0.8793951051,0.1163307878
1.6124722323,0.4886264406,0.6895879573,0.4594912247,0.1298373906,0.8095538197,0.2258027444,0.1454238991,0.8143665321,0.5096276068,0.3564350530,0.3712162414,0.6416854958,0.2141697884,0.9947321909,0.9721154071,0.9418987934,0.5326371461,0.9583399077
1.8754477720,0.6868439763,0.9000084437,0.9085167182,0.7164375534,0.8866831397,0.2362343760,0.8098945838,0.4499250799,0.3776878686,0.3335478239,0.1386802132,0.0281563712,0.0779976711,0.7793387906,0.9816717028,0.9304135863,0.6569027935,0.4989604496
1.1914950198,0.2718292772,0.4479687594,0.3051419698,0.4476691506,0.9953673569,0.3556678237,0.2028501292,0.4054255928,0.3322809635,0.0641644231,0.8840491761,0.2533509204,0.8838659084,0.7119611779,0.2670415522,0.1672577529,0.5627199985,0.9739883275
0.7163219926,0.8140117933,0.2800082896,0.3928424728,0.9155450745,0.4714268452,0.8856196776,0.0271200083,0.4050290947,0.7522999803,0.0826364194,0.3504376707,0.0183605690,0.4533933230,0.3412471383,0.5192422082,0.2407921816,0.7391282749,0.7347864233
0.7347293726,0.1491982506,0.1929759735,0.5725208130,0.3742066108,0.1306008027,0.5060548219,0.4136733090,0.9925397400,0.8382351900,0.3479374171,0.6674847185,0.1305015325,0.3306848348,0.8909118707,0.9542087093,0.3271380790,0.7668605934,0.3528716271
0.8378922543,0.0331009448,0.8304152761,0.2081124709,0.6924624011,0.3618980274,0.4230603082,0.9689757290,0.0612416263,0.4719695901,0.8080280804,0.5296984505,0.4703031403,0.3016742446,0.6346280821,0.1051343882,0.7509075653,0.3396562496,0.4398503618
0.9951576948,0.2715245461,0.0147960663,0.9854056953,0.4915765268,0.9160839303,0.4925079796,0.6062578592,0.5029878110,0.6053064281,0.8234264816,0.1623268039,0.8967247197,0.1946807418,0.2957211413,0.8243959376,0.8726571806,0.1829338131,0.1476396424
0.7870549229,0.9723853318,0.7362411642,0.7165964124,0.8836836574,0.2059288574,0.8218284177,0.1532422191,0.1553859492,0.0054874931,0.4552008803,0.8846084742,0.1321350725,0.7447832268,0.2406989598,0.8232439669,0.7851328176,0.2808072410,0.2869821503
0.3797164515,0.0041643535,0.4401837234,0.2083636092,0.5150866981,0.0240285781,0.4821905788,0.1211593947,0.5332986137,0.8227129664,0.3543986196,0.8862917464,0.3996324940,0.3574144735,0.4749992291,0.2854857443,0.6937334401,0.3812883219,0.1419470630
1.7179838664,0.6755259658,0.7787105569,0.4523252262,0.9870533142,0.3629546056,0.1495091051,0.0284235424,0.2523910269,0.1347105022,0.6307750561,0.3795786344,0.1830142783,0.0448912950,0.5514178984,0.9980783734,0.2364533028,0.9301479389,0.3770056857
1.3512290987,0.4054725656,0.5532802707,0.1406390159,0.4926226505,0.4263225329,0.4349733339,0.4772120138,0.0589682988,0.0836236761,0.8572000738,0.6738828496,0.4542175793,0.8610482554,0.3661081875,0.0339117375,0.1572609919,0.2573173541,0.1729839043
0.6205680009,0.0441310531,0.5940792024,0.7407054044,0.3909098695,0.5384889784,0.2864383535,0.9825939080,0.1399706108,0.7376582415,0.6310128324,0.1177539844,0.7615279985,0.4886167609,0.5902240041,0.4457216719,0.6917578816,0.6029919317,0.4424088309
1.5542132006,0.5433366986,0.6201191385,0.2401740590,0.0752398233,0.1147973430,0.9838831272,0.0351410285,0.6644474639,0.9483550813,0.2136192647,0.4243068617,0.7073765246,0.9872976590,0.4713562022,0.4544816027,0.2936515993,0.3785074252,0.5243287676
1.2087667921,0.6370225732,0.1444633596,0.0317356237,0.0724415223,0.4742179324,0.6948015120,0.7749961166,0.1419753877,0.6939677876,0.4287242243,0.6335956257,0.6082499173,0.3688754758,0.0581340779,0.7677251676,0.0144604540,0.9936057670,0.0314749434
0.8807543903,0.2778404446,0.1296312427,0.5668182355,0.0245682763,0.0762943787,0.0337266886,0.5470830369,0.6611249958,0.9524504103,0.9968167692,0.1387468287,0.7736403899,0.4909935283,0.3654839845,0.2551793694,0.6745847103,0.0477821385,0.1365985423
0.6563880565,0.8804563291,0.2272110276,0.7280284260,0.5278968583,0.6264365551,0.1522900387,0.9768881260,0.1999777957,0.9815368114,0.2228667727,0.2774250497,0.4060861047,0.1252360792,0.1514364298,0.5504686957,0.9048793282,0.4050348826,0.1122085413
1.6058731359,0.5238496126,0.4552842000,0.5923233258,0.2657716212,0.4439282563,0.7075319535,0.6039922015,0.4113586663,0.1081638512,0.5533866375,0.5243090231,0.9041100036,0.7575496980,0.1267279948,0.2103694342,0.6656028861,0.9376789530,0.6093264952
1.4043958403,0.4459366970,0.5310477106,0.2375434532,0.7619965108,0.0286888957,0.2517464015,0.7326258117,0.5619558076,0.9751825106,0.2859294315,0.2027313379,0.4364500155,0.2229251379,0.4100128899,0.5061064403,0.2047560793,0.0312207151,0.3061491074
0.7982691916,0.8568356113,0.5106500030,0.6710105121,0.0690971724,0.9699861617,0.8607445884,0.9371930902,0.8673804105,0.3630942588,0.5432326390,0.4526346384,0.6700876489,0.2290216907,0.0528678594,0.0760292131,0.8862340068,0.0262526669,0.0790838605
1.0366834074,0.1938212674,0.4596701506,0.0631458687,0.4641691691,0.2793928459,0.3633784592,0.4843537860,0.1333055903,0.6942138628,0.7492875376,0.0045589645,0.8196996022,0.7885150251,0.5324680820,0.7969505307,0.5543454723,0.9369869936,0.0853503574
0.5230021712,0.0352257970,0.4660333503,0.8804093234,0.7008196958,0.1201634614,0.5350964572,0.7433980517,0.6733795154,0.7088471541,0.0832869198,0.2796140375,0.3750538139,0.6775631865,0.5115666519,0.4393952697,0.1298462183,0.3477346843,0.2925454325
1.1314703991,0.5646353510,0.0136688374,0.3647108209,0.1246491556,0.6125509804,0.8588947467,0.0442932298,0.1558082396,0.5316381030,0.5982007054,0.5453542832,0.8362824449,0.3221907228,0.7571430932,0.1371405879,0.4357126934,0.9768768314,0.7536222422
1.4149820204,0.2736588531,0.6469071265,0.2745060600,0.2328666319,0.9371505801,0.1064788310,0.1453910786,0.3126314431,0.0149983014,0.0818360263,0.4931677565,0.6594692419,0.8507174738,0.9315196785,0.7470277939,0.7603088020,0.0938206571,0.2324587228
1.6131610666,0.6509196725,0.7288062816,0.3853923774,0.1263749343,0.3057379860,0.1370064830,0.3152492338,0.9967155388,0.4392808403,0.5263613550,0.3653531384,0.4581725836,0.8691208901,0.3631405622,0.9363143182,0.0936225361,0.5051884694,0.4445223427
1.6375467716,0.4020193811,0.8549417903,0.2326057671,0.8491412147,0.8091540016,0.4649674264,0.4765310929,0.7087522194,0.5536628517,0.8084639821,0.6592570920,0.0404590548,0.1192065217,0.5955696744,0.0292717592,0.8524797235,0.5070032779,0.3055837952
0.6360349804,0.9004919258,0.2912895089,0.6763774728,0.8775839521,0.8124918203,0.8999548825,0.9124396877,0.4383909723,0.3633657025,0.3173605762,0.9752079364,0.9116663486,0.6304898534,0.2220644631,0.4539835258,0.6102790838,0.3071648102,0.7329915961
1.6445873389,0.3383500308,0.9636363036,0.1667359609,0.3343362500,0.3786056922,0.5313015668,0.2671156910,0.4398580770,0.5739482763,0.3402209783,0.5565567150,0.0264810612,0.2999013174,0.1871888623,0.4931243809,0.6530218194,0.9813280472,0.5193432892
1.3952649354,0.6488843803,0.4126632245,0.1809388174,0.3061503741,0.0917075970,0.2188196844,0.5455862086,0.6897554169,0.0039992098,0.9368043617,0.2246577158,0.2859981749,0.8407031361,0.6248669459,0.1604164787,0.8614150830,0.6314004385,0.5914173920
1.8741192932,0.5843475762,0.8990696865,0.2036726303,0.7775493230,0.2769222488,0.1123007363,0.9720633821,0.7332143986,0.0922482086,0.6490415952,0.6952642427,0.8146177859,0.5567957986,0.7507521765,0.4944673274,0.6511440840,0.3739096849,0.3948266206
0.8242714802,0.0378802423,0.8037574202,0.4258388454,0.2964737398,0.8162225296,0.5874382193,0.5070546384,0.8751999844,0.0219685642,0.0378775960,0.0342700412,0.8666712602,0.8286782642,0.3251038292,0.6801369958,0.7725957418,0.6711601791,0.5793134212
0.8620501429,0.8048653715,0.4279384987,0.0163594330,0.6105318910,0.6276262211,0.7591675721,0.7861973671,0.8544731541,0.6670313403,0.7132377369,0.9643940133,0.4137503977,0.5915194010,0.4157920637,0.3648460845,0.7416566570,0.3907959148,0.3470883270
1.6100023524,0.7294675113,0.9081858537,0.7432612301,0.1242481387,0.8215832806,0.1305399692,0.9695000572,0.2005888365,0.7330616456,0.6107951463,0.7774432009,0.7692289028,0.4493228247,0.9449073146,0.6503055904,0.3691349592,0.8197032851,0.1758394797
1.4417391728,0.7857772651,0.8580463176,0.8754772635,0.7799601094,0.3304074633,0.4948372317,0.2283624365,0.9463602359,0.5238590588,0.1098602436,0.5446730036,0.1618073168,0.8292792470,0.6689354299,0.7394999134,0.4333144016,0.2603170307,0.8090262741
1.4775835035,0.5965905494,0.2792490606,0.7548590667,0.0873297154,0.1833050950,0.8756286487,0.4732901868,0.2549168112,0.6790223678,0.5862561988,0.6420036152,0.5974265761,0.6365195986,0.5959482166,0.2928243989,0.6627474433,0.0501005247,0.2762687680
0.8042120006,0.9256588762,0.3981921281,0.9642091655,0.4458786003,0.4950885386,0.4740972671,0.6529912652,0.7414032278,0.8907468849,0.5626092794,0.5860360382,0.0202313992,0.9570845254,0.0688649713,0.7798408353,0.6126253878,0.5842204210,0.3697435901
1.2474922235,0.5230840007,0.1359992635,0.6470112425,0.0980188940,0.7140908714,0.5814403215,0.9945750391,0.5174244986,0.6985373016,0.0458009087,0.2342015126,0.0628078667,0.7750748517,0.7612518331,0.3289800218,0.5226821398,0.7730709094,0.4421681698
1.7372556312,0.5593473472,0.6693172874,0.7559915192,0.7783571119,0.3981065794,0.3534460759,0.5809341874,0.9372210680,0.7590453416,0.8041563185,0.5362965785,0.8310636839,0.7240878692,0.9069523776,0.7911073839,0.8561058032,0.8129127272,0.7486104653
0.4090991387,0.8954043986,0.2755382537,0.0199335568,0.1193709604,0.2807367310,0.3001212981,0.7844761502,0.2123798424,0.4099446937,0.3518452572,0.6918572687,0.9117705285,0.8064462015,0.7162491383,0.4463080894,0.2774685603,0.0659809950,0.3473936217
0.4699787314,0.0892431196,0.0791548188,0.5948676333,0.6862897965,0.1497735917,0.1154134429,0.3553183586,0.8292143974,0.0775537865,0.0863774261,0.4123189709,0.5650820623,0.4708528303,0.2819414101,0.4994029586,0.7564912094,0.0780392858,0.3704254666
1.0843556416,0.3701747291,0.2693217228,0.4948215606,0.2952962254,0.0770916940,0.3049439297,0.6493886295,0.9264657772,0.6555131463,0.2587568348,0.3862500675,0.7179944160,0.6951028459,0.8277148729,0.9866037944,0.9674449610,0.9699187145,0.2792909353
1.1819669253,0.4494484200,0.2756125275,0.0128533919,0.5830900870,0.3361805120,0.7306664717,0.6557591699,0.6976057622,0.5335594782,0.1966606486,0.7894218389,0.1334108759,0.1276935710,0.2992767102,0.9634531128,0.6821729094,0.6409103876,0.7973548817
1.6587846216,0.3919627270,0.9881614936,0.0294069370,0.3218113868,0.2427887236,0.4420173316,0.2338617885,0.5272358632,0.5517076945,0.7748193924,0.3711847168,0.9441485632,0.3663132267,0.6008742777,0.9707964436,0.0752949628,0.7064319727,0.8347071256
1.2085525523,0.7444146199,0.4549991288,0.3294194578,0.7772730279,0.7709040016,0.0434032183,0.8776389562,0.6015735781,0.6139256075,0.1297565454,0.2587553176,0.9128616261,0.1273057339,0.0877906197,0.8688346405,0.3220631828,0.5720859424,0.8912580750
0.9342300827,0.9640258770,0.8873674769,0.6176672298,0.4068481121,0.5340740259,0.0367752279,0.8443875878,0.3388256022,0.2303518657,0.0505830818,0.6135626592,0.7877638132,0.2559998129,0.9778171969,0.8362293853,0.3362514793,0.4699232346,0.5855695548
1.4122956897,0.7327669554,0.4341771990,0.8981393277,0.2451360620,0.2298267603,0.7498091008,0.2202895731,0.1296553844,0.3045617592,0.4496918011,0.2757380524,0.7579917244,0.1628137604,0.9324273696,0.6411888934,0.8633472793,0.9201757825,0.9828177547
1.5653646723,0.3114257036,0.9544346337,0.2407657142,0.5526393224,0.9943494491,0.2214886424,0.1785344377,0.7595126979,0.0873896422,0.6814960385,0.6736841792,0.2031246821,0.3467401319,0.7039442618,0.9523416368,0.1578642818,0.5420243204,0.0829482561
1.0968652889,0.9875022565,0.9792121462,0.8455592549,0.6350562886,0.7869306678,0.6390658344,0.6303221564,0.7856146168,0.8989248039,0.7267425891,0.5990327269,0.9088803248,0.9054417792,0.5503521803,0.9845394764,0.7816359605,0.9374844178,0.5238415868
0.9220775323,0.2189101642,0.0895379174,0.8297447036,0.7995953020,0.6055130036,0.2896717283,0.2758477149,0.0048100671,0.9297089509,0.6172456373,0.7977958780,0.1253530168,0.9667770438,0.8690779376,0.6752983848,0.4481626628,0.9527691934,0.1994634824
1.1620609182,0.2892878337,0.4270375947,0.6047240683,0.9712378120,0.9586924574,0.0852779422,0.2242068333,0.8303667789,0.9790666084,0.0412110695,0.2662890893,0.6431789430,0.6286431299,0.6615896801,0.6952355397,0.8000659123,0.9608218405,0.0056097557
1.7227308193,0.6819442793,0.8084708152,0.5585080067,0.5670597355,0.7937933674,0.2294413212,0.0495337936,0.2626804666,0.8554201969,0.8046514722,0.5461531366,0.9310168209,0.3210595797,0.1334543693,0.3221927741,0.3446233058,0.6254976648,0.6208849416
1.6638897195,0.5930647585,0.5533575684,0.4031087263,0.4917094011,0.8961376032,0.3406994551,0.1525386253,0.5733061830,0.9487962151,0.3703211676,0.0188907666,0.3466716800,0.9375627629,0.7670499977,0.9941697335,0.9130494323,0.1366540326,0.3339515848
1.9010678337,0.6660763485,0.9646662886,0.7148885910,0.9359391816,0.6380077623,0.7997897045,0.9760727340,0.1333099518,0.4946330363,0.6705347372,0.8055116744,0.8108524989,0.6765505433,0.7295798183,0.8322411298,0.6833488333,0.6562129436,0.3213649912
1.1055413566,0.1685307482,0.5573551229,0.1345131236,0.4987516474,0.7985687119,0.9046194694,0.4686567871,0.6118895753,0.2775712857,0.5405402288,0.6448005212,0.0784412118,0.5701811225,0.2436341360,0.7762146354,0.8852047142,0.3518493510,0.1665347525
0.9674793422,0.9580691365,0.9353256733,0.7605093065,0.2336202938,0.9026362904,0.6191072626,0.1642567453,0.2274115032,0.2037993640,0.2547701042,0.3288291796,0.7809804565,0.4399622985,0.7151412722,0.4168044718,0.3359449806,0.8818991981,0.8228886625
0.5211861538,0.8837504460,0.2777431594,0.0524621669,0.0561687387,0.0700162527,0.1072442993,0.3258703325,0.2327077349,0.1641086956,0.0274258017,0.1634807614,0.8724095584,0.5494580142,0.6935127381,0.6031632778,0.1191668508,0.8988961523,0.0352002935
1.1553887504,0.3296462308,0.3156774631,0.2913351518,0.3250838901,0.0420603861,0.2453657992,0.0389939950,0.2097564775,0.3194794204,0.6858250536,0.8749349119,0.6083743761,0.8922528275,0.1967323715,0.2823170134,0.0116312555,0.9117659109,0.5243082216
1.3986505833,0.6288941822,0.2360327196,0.7074252612,0.3744658848,0.5415294557,0.2406728329,0.2705789707,0.8222960370,0.9791611079,0.8272866816,0.4865824487,0.8838840687,0.0553789995,0.9304796592,0.2880644345,0.0578525235,0.0202945940,0.9234702084
0.7583265244,0.9098082265,0.6062126396,0.4946309093,0.0542381907,0.0638174845,0.2772059563,0.8950772468,0.8655457095,0.0682524733,0.7057306977,0.8085919531,0.0013393931,0.5262742263,0.8945995475,0.4158657982,0.4091959527,0.4531781609,0.7964533944
1.3487700793,0.3329602995,0.5592777336,0.3461220348,0.3671653619,0.6267634869,0.5845783613,0.4775306329,0.8426191746,0.2584128579,0.3554354040,0.9377331450,0.0160067427,0.3420533966,0.1278286577,0.0433477751,0.3817274771,0.4689548786,0.9696958767
1.4368801461,0.7305855847,0.6916321530,0.1255531866,0.9486133845,0.4135720532,0.4544820931,0.8950272570,0.2126532998,0.7865695687,0.1022686811,0.7112892789,0.2423629856,0.4515854898,0.8337756346,0.9308792155,0.0655096728,0.9934063792,0.4059774667
0.9105684383,0.4357038530,0.0901059473,0.2129165535,0.1827712756,0.6016852695,0.4241923531,0.7154532478,0.1869787773,0.2912442512,0.7336309125,0.1911842558,0.1423989752,0.3684523112,0.8981621899,0.7315375944,0.7735758276,0.6436022446,0.4119560306
0.9932991347,0.8341089125,0.5086726926,0.6078583304,0.5272000340,0.4672655435,0.5333962638,0.8805720562,0.4564743867,0.2357421853,0.1974981750,0.6054105833,0.7964754535,0.5477354049,0.8486980021,0.9285327503,0.6693855617,0.2073947635,0.7484079876
0.9977901800,0.8656399954,0.7324720027,0.2844439599,0.6514283367,0.5825628839,0.6370282846,0.5363114647,0.0685490718,0.3577662602,0.1519400745,0.0169543029,0.3822909781,0.2833176609,0.1493743075,0.4466393903,0.4460155173,0.8799739767,0.6917859728
1.1282230393,0.1923184698,0.6609795772,0.3423390650,0.9985473251,0.2646085331,0.6302804748,0.9640769742,0.6445226504,0.4742072822,0.2487669761,0.9276936626,0.7147441768,0.5829721016,0.6871830890,0.7638780054,0.0274595742,0.7380190450,0.8364950666
1.8890728219,0.5605436732,0.7993348617,0.9876276640,0.6834503522,0.4383435200,0.2642362975,0.6488708660,0.5823358976,0.4139112137,0.1520950622,0.7779736485,0.3365104292,0.9869684698,0.4473601017,0.6133250136,0.1283388857,0.4230662067,0.6245610101
0.6894584436,0.8505194549,0.2867285200,0.4872909708,0.6739905448,0.6427249153,0.5670752578,0.2368738930,0.8184522894,0.1053529489,0.3992355389,0.1915783953,0.3602770210,0.1985006933,0.0430326023,0.2366721222,0.5887026810,0.0020153616,0.1473519805
1.7437338402,0.4203755403,0.9629192111,0.6530471259,0.8153162543,0.8084937350,0.2595068682,0.6452601711,0.0622628441,0.0688154818,0.7833813722,0.0158248208,0.6604138625,0.0988404099,0.8879154343,0.2066976155,0.5512877327,0.4990758961,0.4093740059
0.9148311631,0.9793030270,0.8167423122,0.7109882736,0.0176826899,0.6193390069,0.0396225093,0.2606704018,0.9793828312,0.4016478261,0.5810769704,0.3180069310,0.7376428758,0.7840379620,0.2574769413,0.8514346796,0.7655639225,0.5460002759,0.3092223708
1.3207534741,0.7727381978,0.9992818299,0.0401165149,0.3459948369,0.1057998857,0.4844267744,0.5743566168,0.8049368032,0.6117119432,0.4886749230,0.2673596584,0.4587083313,0.9059582540,0.1629584458,0.5402831650,0.2995126661,0.6844809037,0.2622032885
1.4586895578,0.2896945285,0.7993227803,0.0937795742,0.1172244614,0.8949874898,0.1982715690,0.1673339434,0.9523597792,0.6701142587,0.1602492828,0.6260090097,0.5585595096,0.0798847265,0.1828810958,0.1554129685,0.5913775916,0.0938880022,0.4819810583
0.9193336351,0.2631549528,0.1832522525,0.7030741301,0.7766688691,0.7782784244,0.0197877602,0.6371134650,0.4942099999,0.2377583154,0.4619704469,0.1391512513,0.3661417792,0.6424101794,0.3937436515,0.8161023151,0.5541009445,0.4349136210,0.7090614627
0.8019103907,0.9309426446,0.7351457060,0.1862066051,0.3732520665,0.1913686348,0.1906773642,0.7196557477,0.3712299852,0.9307401907,0.0719532588,0.7242671969,0.9289014056,0.6546747990,0.2706269185,0.2188881434,0.7631364340,0.2650686201,0.4895788881
1.0092288302,0.8543559417,0.5836870033,0.6191432157,0.3391080343,0.7424552593,0.3843142094,0.0779494068,0.3894771767,0.7359276321,0.0422559800,0.2689121597,0.3782114292,0.2498326367,0.3173398981,0.9795307974,0.9344175116,0.4777504791,0.8267792797
1.4994026997,0.4320682409,0.4388277419,0.9837951049,0.7035683060,0.7387144348,0.6252139984,0.0722752950,0.2018030219,0.6191140783,0.4005507194,0.4311537916,0.9906921049,0.7543521404,0.5485363370,0.4178580722,0.3716215163,0.0275291492,0.3169786612
1.3239732081,0.2208495377,0.7096363701,0.2719868790,0.5743267588,0.6444168868,0.7981231193,0.6727401959,0.8512862735,0.3821230038,0.0112352031,0.8538561164,0.2016240656,0.9539414330,0.3944551463,0.7871532916,0.3073845677,0.7954534793,0.4552572051
1.5547663181,0.2969065765,0.9157842494,0.4044636170,0.0107177492,0.6728866532,0.8325271527,0.5567200168,0.6837621611,0.8796771523,0.2309137389,0.6586592736,0.4642281500,0.4927171258,0.4064176816,0.9550701248,0.2118458726,0.1450440619,0.8102751272
1.7679661585,0.4923862082,0.8185882411,0.3609216223,0.1781383192,0.4818791531,0.5412517061,0.2024289261,0.4096949035,0.3724701886,0.8675100338,0.8458600456,0.5468963610,0.8612509476,0.8486809776,0.5588810292,0.3524866947,0.5308809611,0.4521954357
1.3684205427,0.7147030687,0.3715317791,0.6037940782,0.3382452268,0.0071432707,0.0420887031,0.2363700126,0.2456714239,0.8052271021,0.3033188643,0.6871581502,0.7823797707,0.4369281753,0.1547586659,0.1218494509,0.9584195135,0.2620686370,0.1384052438
1.4918975516,0.4436261568,0.5526665161,0.5674703161,0.5682659750,0.7612849177,0.6262985333,0.6426476914,0.0585923648,0.9309122773,0.9133387483,0.3193657771,0.0764364779,0.6643450465,0.9882541790,0.3549283386,0.9314383256,0.4592855472,0.1924669516
1.2688089828,0.7323519428,0.2543592628,0.9871622103,0.9800387776,0.7831997876,0.3629786747,0.3061332076,0.0691953373,0.3802284254,0.6705669485,0.3059169897,0.3255468044,0.0309096585,0.5655603680,0.0008367025,0.0881974039,0.8425463266,0.4685663887
1.7143914642,0.5069363254,0.7827020429,0.2390519421,0.3913055781,0.2463347749,0.0547451222,0.6809776229,0.2537006320,0.8394034201,0.8235863582,0.7601318125,0.7286961098,0.9332963663,0.4761868441,0.2547529895,0.5907500870,0.3212699744,0.8695949271
1.3136164619,0.3377563247,0.5274130475,0.4246831220,0.5539306502,0.4360353770,0.5406042277,0.8911862156,0.9055596409,0.8296176283,0.6419529332,0.9260535526,0.8563635434,0.4866130821,0.2939363346,0.5164911575,0.5028255656,0.6659544785,0.2466483120
0.6765541111,0.2063829070,0.0628956245,0.3263724788,0.0052039167,0.8051101920,0.8677019280,0.6587776987,0.4550830506,0.2315504453,0.6879202585,0.6308768700,0.7712711761,0.9654781477,0.4511575369,0.4148033627,0.6657996948,0.6847381275,0.2561920492
1.2138993073,0.7660364355,0.5923149641,0.6509973484,0.6881889169,0.0379460761,0.2459349086,0.2319555395,0.5161232148,0.0021816017,0.0099618943,0.7200893325,0.9391249607,0.3214933885,0.0201579150,0.0662405591,0.0780658787,0.1854854543,0.2309542232
1.7117450553,0.4271275191,0.9023159067,0.5339131182,0.3887600039,0.5977830041,0.8009826590,0.0795634739,0.1049789307,0.4907498673,0.9343807396,0.0904222979,0.6513512952,0.7579953235,0.3819466918,0.3647149843,0.7631320609,0.6232580849,0.8772095962
1.3926944162,0.1100422789,0.9951835836,0.0819038735,0.2775715346,0.9950728257,0.2974307221,0.3395564067,0.4253268864,0.7676107240,0.6988527494,0.0554863809,0.6626459037,0.3089358024,0.6668204358,0.3208792519,0.7198866063,0.4492727578,0.6839157526
1.0082395185,0.8092682423,0.4337635763,0.3983966349,0.1237176350,0.9716800726,0.4960625058,0.1417490400,0.9309950773,0.7779825983,0.5969463379,0.6834505978,0.7674434363,0.7898907029,0.8955506679,0.8347760013,0.2785036445,0.8992266034,0.3479375619
1.3822250186,0.2534629767,0.7743484566,0.6977109642,0.0725618202,0.1965399253,0.1422307383,0.2437562994,0.4827179766,0.9058584048,0.5443160759,0.2481158118,0.7661547881,0.1489975166,0.7433214834,0.8903577218,0.3070827083,0.1064433505,0.2862937594
1.2009552941,0.7163884680,0.1406941231,0.8482272870,0.5749911001,0.5335397889,0.7263931616,0.0130578084,0.0097211445,0.4048508277,0.1186123499,0.7777884514,0.4022874647,0.8941164167,0.4701070601,0.3252878777,0.1507768274,0.3687783024,0.3722968680
0.4461851408,0.9264718951,0.0026340595,0.9234163085,0.3895444780,0.4831307941,0.8903525603,0.5573472511,0.6130212050,0.8674267672,0.1938666626,0.5333785998,0.6588986137,0.4863114315,0.2779375186,0.0688562219,0.6126007098,0.6433086925,0.0811292827
0.7374178107,0.1018201841,0.4271916519,0.5780053457,0.1537541459,0.4968652982,0.6041474998,0.8836833294,0.4004070851,0.4868485918,0.6017737684,0.3596633577,0.1356964875,0.3435172935,0.3141873295,0.9382604591,0.3772446533,0.7990306009,0.7205297289
1.5803415268,0.7590777248,0.8659455930,0.1907289855,0.4484123794,0.6129535474,0.6676640882,0.4320234473,0.2109118403,0.7181559951,0.1659348863,0.5885610991,0.2161487770,0.8044738241,0.7467951813,0.6449159290,0.4882387858,0.5585904922,0.6431404151
0.0872982443,0.0059379436,0.1385935228,0.0452272622,0.3967446490,0.3640479997,0.8274941815,0.0767796193,0.2777895559,0.1269013357,0.7343365599,0.5478474235,0.3504777992,0.6531528269,0.1443207076,0.8545167969,0.5634010690,0.3040029403,0.2280510824
1.0399861604,0.1856108374,0.4547551995,0.1478439356,0.5389531105,0.8932590473,0.8883584455,0.1701348594,0.4018546438,0.5708387824,0.9121292639,0.1630344137,0.5018908692,0.6613200076,0.0133213585,0.8265314321,0.1145433441,0.1089837279,0.5575548252
1.6886006278,0.5343862080,0.6759508047,0.5694489680,0.6531830054,0.7781039915,0.7045692018,0.0097601665,0.1817770598,0.3078236751,0.0370996675,0.3326486445,0.3938118399,0.8156833748,0.9165052301,0.3662467107,0.3697512405,0.7718603761,0.7308931245
1.5492983984,0.4534881002,0.5777569046,0.7684042776,0.8491318785,0.3470171342,0.5890040073,0.6456451465,0.8179832067,0.9652172906,0.4696241098,0.4633627406,0.1203161105,0.0282782928,0.1459537138,0.1453243752,0.8565463627,0.0563090671,0.5656119437
0.5907480450,0.1665262537,0.0546285584,0.0847729132,0.1586268593,0.9696294497,0.1763510743,0.6153048233,0.4994100736,0.4148081548,0.3763029369,0.7147707283,0.7838096139,0.8688634880,0.2172643797,0.7922094059,0.0844361329,0.9577228087,0.1095142267
1.6800112194,0.5777640961,0.6621633719,0.2319547820,0.7915669402,0.4318072342,0.0293653435,0.7165678192,0.7577235258,0.7632779790,0.8893604542,0.0551035124,0.9622244508,0.0758444241,0.8647438952,0.1642694419,0.2661741872,0.5481117462,0.5120085932
1.4868923725,0.7476931084,0.9487787031,0.3842483330,0.7478062245,0.7165747738,0.1434026681,0.4172162154,0.5010530698,0.2536185783,0.2523376082,0.6746042646,0.7461953942,0.4290028303,0.7282907670,0.3982245231,0.2181544858,0.2013304988,0.5598152861
1.2740697690,0.7067364086,0.4184844726,0.5628997294,0.1202400656,0.9211778256,0.6518269313,0.9438833315,0.7932433614,0.5187315983,0.6160186099,0.1956270441,0.0845702466,0.4187367192,0.0518372954,0.8933035591,0.3250436875,0.1246730732,0.1188284724
1.2853469687,0.4966264473,0.1656456145,0.8562511672,0.9092825748,0.3224387347,0.5463513053,0.7755149727,0.7552648654,0.4626036209,0.4965769327,0.8252404240,0.8030497110,0.4324073516,0.8437175346,0.4012594527,0.7193345174,0.7344250639,0.2940184078
0.6127184722,0.1405430360,0.0022560684,0.0070780624,0.5657508036,0.3714814820,0.9299967336,0.6121478223,0.6949985492,0.2756686714,0.1970445983,0.8543835814,0.7782467098,0.5582722967,0.1951913589,0.8064317555,0.5469197792,0.3740836244,0.7154092996
0.7337182758,0.8755800299,0.6052344315,0.3769164059,0.5668681177,0.0086759822,0.4380862457,0.2899024619,0.8557036198,0.9596039554,0.7484594554,0.9215593080,0.2356095634,0.4731044702,0.1135177059,0.6649043765,0.5952046413,0.2684008887,0.9954395117
1.3330454546,0.3882876822,0.4291795156,0.4589116575,0.4634890876,0.4646835311,0.4590534530,0.5474808807,0.7076890031,0.1894802013,0.6523021734,0.8388542709,0.1950872353,0.9064339447,0.4753255916,0.8417740295,0.2998959995,0.7828798528,0.5036001590
1.0711009946,0.2029858503,0.4658415185,0.4351391730,0.2300043276,0.8917735572,0.6478211254,0.8408996052,0.9884358939,0.0282753518,0.2449782459,0.3504425408,0.4262298094,0.2778879705,0.4162848622,0.2520739041,0.3853320402,0.0144707309,0.6664419074
1.3177089159,0.7397956252,0.6885499756,0.1456501872,0.7684105327,0.9889465837,0.6538103852,0.9182782902,0.1601788929,0.5617592884,0.6451081741,0.0950564012,0.5285239367,0.3080380034,0.4322520718,0.2971136079,0.6689582819,0.7979246019,0.8982480895
1.1162095211,0.6696004650,0.1105321021,0.6372319087,0.0973440901,0.6222255085,0.1847696349,0.4332361734,0.4700707457,0.5322912025,0.7983633439,0.9926726751,0.2658955659,0.7197627437,0.7909002988,0.2268938611,0.2008642570,0.2398165363,0.3216893984
0.9793712793,0.7502023501,0.2261521977,0.4117670086,0.7403356185,0.9753139217,0.0318646881,0.1685867200,0.0168880551,0.0800327289,0.0032067883,0.5686485961,0.6201186710,0.5912459130,0.8908474417,0.4012600359,0.0031671495,0.8325608546,0.7430548118
0.9199693052,0.1225374467,0.6469979602,0.8285128976,0.5366238170,0.2058715254,0.8405038636,0.3552060504,0.2145266159,0.3861718913,0.6999728424,0.8067442404,0.8059503186,0.5515285384,0.5087452819,0.1582411966,0.1485776062,0.0049534009,0.3637940710
1.0137774387,0.8734785697,0.7151738020,0.9301610590,0.5252472214,0.7905410592,0.3715919311,0.2897667355,0.7735902395,0.9860626923,0.3828726933,0.1192548623,0.7881064215,0.3598188201,0.2236958256,0.2591941617,0.3087540543,0.3330140139,0.9421752568
1.4706634172,0.6991654017,0.5561617838,0.2287337117,0.0531489520,0.0791532042,0.1556863850,0.1230017083,0.6165361192,0.7379720826,0.9417176926,0.5271014093,0.9104919347,0.2677231289,0.6258831640,0.2219223480,0.3711014054,0.5158222774,0.7117931680
1.4687334237,0.5317386758,0.3782778745,0.8263244993,0.2156690166,0.9863756159,0.5931709583,0.6055645452,0.6875932462,0.9634040677,0.2112837600,0.4610318462,0.5228439673,0.8692345065,0.9794163112,0.4134096134,0.9299173438,0.8792940899,0.1708417944
1.1081111116,0.1793996274,0.6838066500,0.2501604034,0.1605942506,0.5996301177,0.9075389946,0.8672027230,0.1528840821,0.2086841666,0.6596413871,0.5103839404,0.8095104454,0.8064135906,0.2192726104,0.7567284514,0.2920532892,0.9490817468,0.1502781049
0.9284932543,0.7852490832,0.3419995738,0.2544013910,0.2287425519,0.7801830382,0.0722410871,0.8617559685,0.0071750916,0.1105951449,0.1547111426,0.4195398326,0.8483045089,0.2643378182,0.0169278000,0.0790462308,0.8477857473,0.4589365314,0.0191085355
1.4384286001,0.2955557843,0.7824395617,0.4015324069,0.1176999304,0.4678761558,0.1838933745,0.7206735251,0.3845342365,0.8394776165,0.2129987537,0.9625275833,0.1537020671,0.2123987925,0.1115157845,0.6095439185,0.7596446089,0.1997872734,0.6836001018
1.3467624854,0.7193132110,0.4675976457,0.3667473197,0.0944025352,0.7475701328,0.7095821900,0.9399703136,0.2055107921,0.3226975911,0.8646978619,0.6391071838,0.2762147056,0.9975244912,0.7924945677,0.7461712235,0.5961302162,0.8982009091,0.9769833827
0.6855921229,0.9837195597,0.8478111015,0.0766065047,0.0278384352,0.7816384468,0.5639036854,0.0183791036,0.9503238087,0.4356221355,0.4954820177,0.0048218000,0.7261639299,0.7337741988,0.7785140433,0.2053164633,0.1813009856,0.8216185698,0.5705377560
0.9634284660,0.3093410048,0.2136284488,0.2077689320,0.5781080861,0.1229290746,0.5420722381,0.3338361529,0.8038861208,0.0077295673,0.6717814661,0.0610240482,0.7983163165,0.1269264433,0.9951628488,0.9854923545,0.5316908733,0.5340626532,0.8508619165
1.4442785675,0.4336175915,0.4871991932,0.4877185809,0.1903118101,0.1539272497,0.4662147065,0.8508844830,0.9758070742,0.9474493866,0.6583369526,0.0341919644,0.3322548506,0.5054410517,0.9636623479,0.5138509639,0.7424340675,0.0860072398,0.2591232222
1.6096882535,0.4839251455,0.5783238546,0.5312262997,0.1748233000,0.6632525656,0.4194416791,0.1350913686,0.1778545060,0.8381608159,0.9536803859,0.5262273542,0.1858407070,0.0030833486,0.9691648829,0.7008860564,0.5542114774,0.0898982502,0.9931366885
1.0915019545,0.6977823577,0.0774905730,0.3466650822,0.8771656803,0.7012334879,0.9918656048,0.7523799110,0.5890550141,0.3797064671,0.9546899193,0.7953268868,0.3669343457,0.5529250837,0.0778089356,0.7356142959,0.9222772086,0.1117458481,0.4480628610
0.8641948594,0.2135252253,0.2181467808,0.5519440687,0.9501082081,0.9001183358,0.4273006355,0.9119109647,0.3854613749,0.0843514353,0.9161074407,0.7049416099,0.2142338229,0.8716521172,0.5956426612,0.0900038206,0.4575729908,0.6979123249,0.5109559692
1.5688957945,0.6444897876,0.6080739836,0.2148604054,0.0957784041,0.8177177143,0.5916749269,0.1713989508,0.7044531561,0.8691083175,0.0244017565,0.2286232743,0.6988934580,0.6920900135,0.9249128798,0.0086640803,0.7230376356,0.1305033816,0.3661234031
0.6056314933,0.9156433365,0.0328740525,0.9605646178,0.2985761903,0.0820118652,0.4008537381,0.0728098028,0.1536107530,0.6142172970,0.5259235874,0.2831094777,0.5093313444,0.3891981061,0.1319407804,0.0110487865,0.5896435024,0.6379933247,0.6924971691
0.5406384621,0.9283320898,0.4181894103,0.2417893001,0.8195312341,0.5805643901,0.7384356514,0.5381749527,0.8830441261,0.2991654684,0.6012078456,0.5428697862,0.4319326212,0.7524980383,0.2973004612,0.3693923039,0.1979381168,0.1929509582,0.8356773386
0.0518148340,0.0050240277,0.0241480737,0.0365321969,0.1771874950,0.8975167311,0.7393160474,0.7880462178,0.7591295983,0.2918126513,0.3501702486,0.4094873564,0.2886753645,0.6538013557,0.6786739664,0.6264270943,0.6706311104,0.5870525939,0.7667489371
0.6117414973,0.1890552886,0.0807070035,0.0362005235,0.1606935126,0.4328270814,0.4915153300,0.6842723621,0.6464818463,0.4712280990,0.3272126253,0.9887663398,0.4186089818,0.4927434790,0.9245127226,0.9364548458,0.5521794182,0.3556341792,0.0063577737
1.2108655817,0.2718963750,0.4934403394,0.8131383036,0.9240537685,0.3984223622,0.3137865259,0.6868842371,0.1652995062,0.3020375661,0.4998481561,0.1149405474,0.7557873601,0.2162509268,0.1305491516,0.3500391987,0.2976427107,0.5912769906,0.1742830485
1.3344936801,0.3572569945,0.4848097489,0.5149027784,0.1608416174,0.2421862066,0.3661736533,0.3442458994,0.9302340008,0.8045996754,0.1990797087,0.2509472687,0.1381739717,0.5828644042,0.3512774725,0.5027337371,0.6012981138,0.2537791949,0.7110421512
0.7932898790,0.2156200674,0.0804387907,0.6532650023,0.8450842990,0.7400868941,0.0716234792,0.1413465429,0.7288943353,0.1779541840,0.2077760280,0.6660715945,0.6565935888,0.4377621656,0.2839413573,0.8805588305,0.1644724962,0.1990989847,0.2550538514
0.4906680961,0.9351682590,0.1935321689,0.6263429148,0.6785018302,0.9759808288,0.4628477834,0.6947409455,0.9198031434,0.7703444930,0.7358653428,0.7038587408,0.7705431203,0.5655917717,0.8331199303,0.4753064307,0.7433044488,0.2144238793,0.4703504232
1.0502098148,0.2415051070,0.4267392845,0.0354659106,0.6121991910,0.0271663472,0.7631886667,0.5972677941,0.6728846778,0.6535869768,0.4738120436,0.1759517662,0.4468969420,0.1286325584,0.7604757710,0.5205039654,0.4387330529,0.4508592481,0.1100847971
0.3817435556,0.8709400723,0.0740770441,0.4805564428,0.7062167883,0.1241853695,0.9950395774,0.5755697474,0.3646760237,0.4704332940,0.8371220205,0.6029243173,0.7090830700,0.4882772054,0.6944689107,0.3374565556,0.0554774907,0.0694161084,0.8898694154
0.8533665771,0.8564850986,0.4021024450,0.7786809496,0.5948771325,0.8765938275,0.9728521935,0.5604072222,0.8157499296,0.0252856392,0.2218975581,0.0426367556,0.5011857381,0.3048500386,0.7994761875,0.2937379267,0.4386250181,0.3263020780,0.5084104054
1.2584199127,0.7444307259,0.4668839979,0.7038630085,0.0237403783,0.6618168265,0.5482692821,0.9779542900,0.3350401118,0.6764515419,0.6743987121,0.9465044446,0.1248522915,0.2457084232,0.0585171730,0.8705950913,0.5748096123,0.4955801742,0.4523698245
1.8019712187,0.6446027177,0.9189123492,0.1226664660,0.2987698823,0.2108411839,0.7138278465,0.9176671451,0.3617663212,0.6965410129,0.3578237993,0.3360111985,0.6233306145,0.3330010966,0.9045283257,0.4304322103,0.4514545830,0.2956557687,0.4330264683
0.8636748297,0.2326136368,0.1345998290,0.7086574733,0.3636000247,0.4225906368,0.5684559782,0.0510948620,0.4047807414,0.8209506892,0.4930188001,0.0928377946,0.6424777076,0.8953307090,0.9706977123,0.6710004691,0.3671793322,0.2790012270,0.5164443487
1.0549572855,0.0565627888,0.8993697339,0.1250669564,0.7912901418,0.9375601587,0.1753009778,0.5458546269,0.0765956169,0.2196680646,0.0910128451,0.6508058468,0.1058310528,0.2759898558,0.0840174842,0.9694755187,0.5281235996,0.2497501076,0.3765097620
1.1866513031,0.7427602983,0.3575834070,0.5853528076,0.1376856509,0.8329086695,0.1152067590,0.9196842820,0.7586538420,0.0613177361,0.5339814713,0.8707370111,0.6403892869,0.3190874981,0.1010646713,0.0960729698,0.1148734803,0.6679320114,0.5855854169
0.5058761673,0.9801625554,0.3586908223,0.5318761139,0.1424520179,0.7732089815,0.7094480702,0.1472605176,0.8178643773,0.7002781989,0.7353206590,0.7089995164,0.8043263885,0.7282512655,0.3182544453,0.9189094546,0.8344506610,0.8080354680,0.5849233977
1.1596206449,0.1520391462,0.7621021435,0.7137665389,0.9612524417,0.0958007499,0.8106396367,0.7944303676,0.3298722957,0.8144210226,0.0110471531,0.7100558412,0.6661374921,0.4185067182,0.1243531667,0.9895085491,0.0027560708,0.6766371195,0.9611832451
1.5300749439,0.3626420080,0.6737892302,0.5585330232,0.2363734291,0.4866279308,0.8686904769,0.0139889575,0.2534558534,0.1645883181,0.3605973260,0.0473044891,0.8953992610,0.0723359295,0.4043831126,0.8462315787,0.6969217207,0.4292791783,0.7170697705
1.1426365505,0.0842662966,0.9475899755,0.1840073622,0.6897391086,0.5477997404,0.4898082951,0.8228082407,0.7999147055,0.4651326517,0.7580983505,0.9080554603,0.6301501444,0.3160023351,0.5381399782,0.6539263408,0.7972607560,0.5596050091,0.5546909082
1.3787370785,0.8264722463,0.9201431581,0.9307429465,0.1169895777,0.6832017865,0.5137280247,0.5744567818,0.0065131603,0.4267593738,0.8413470014,0.1828018080,0.1816624887,0.5372142577,0.6996127731,0.9356497694,0.7991583305,0.5172752521,0.4089043987
1.0086161490,0.4057696588,0.2618413535,0.2110962982,0.3060775081,0.2500675010,0.7366653714,0.3170010800,0.8018427017,0.1916093071,0.6704650661,0.3962097174,0.1687219385,0.3256064113,0.5585180911,0.9295223818,0.7938754002,0.1309009958,0.5012549469
1.4962852873,0.5209267681,0.5487190326,0.7069600219,0.4942541478,0.1297492121,0.7438367468,0.2982087067,0.2563839443,0.5831776745,0.9400990103,0.9551947993,0.4997275192,0.2951998107,0.8673390221,0.4438804262,0.8536489223,0.0300434443,0.6462213898
1.1854267817,0.4352474330,0.0538113731,0.9802459426,0.4488768550,0.9053801388,0.4839840585,0.4594223792,0.9193131311,0.0863351356,0.3047148231,0.9195672834,0.5700762823,0.8075698236,0.5276371980,0.0215711903,0.9343912900,0.6422195254,0.2501292463
1.4776883659,0.2933428762,0.7979851418,0.9195202377,0.0933827676,0.2084671804,0.4286489870,0.8792491072,0.9117528746,0.6668786901,0.4952588147,0.0519138856,0.6934063499,0.2875387878,0.6194276879,0.1331885801,0.5385613051,0.5338969968,0.9714781901
1.1847372370,0.7515921195,0.4387454828,0.1859192050,0.5285955713,0.4612619873,0.5192069243,0.5765803580,0.8332956613,0.1154998983,0.5513279303,0.2832657705,0.7528414771,0.5931050036,0.6958365148,0.0246422860,0.5061283731,0.2136209073,0.8123349730
1.3494012716,0.5802347765,0.0680061266,0.7940669987,0.0520983310,0.1793085104,0.1941975043,0.6514050543,0.1974489605,0.4813966604,0.0577473103,0.8481864140,0.9404294840,0.1198790322,0.9757389486,0.1829528197,0.6229288964,0.4590896025,0.6077811505
1.6616065763,0.6889100751,0.7496418650,0.3023435387,0.3289875115,0.2726346585,0.4742389123,0.9291058540,0.3247226512,0.1396992035,0.7112773117,0.5340642510,0.5741284390,0.7614458243,0.8194110577,0.3561064563,0.8568349261,0.1517384946,0.9611802900
1.1127878301,0.4132391309,0.2459022888,0.1185957910,0.1521173155,0.0251790300,0.3818216101,0.2908698860,0.3931478170,0.7432708946,0.7556215541,0.1001225762,0.9627200999,0.2805261161,0.8137775830,0.0124242385,0.2588929512,0.0394172028,0.4754966468
1.7752535087,0.4470931507,0.9885538789,0.7061926386,0.4585986277,0.6644226400,0.8168080516,0.2742793128,0.4844838806,0.6133992102,0.9924693772,0.8081872747,0.2162288655,0.6509115972,0.4740597451,0.6152811555,0.2225936386,0.8638937313,0.4475279901
0.3185918077,0.0013119264,0.4029046155,0.5662485425,0.6976730179,0.6337879697,0.9168890109,0.5825537166,0.7865566524,0.4775160690,0.3556293010,0.3005289898,0.1906481832,0.3303014189,0.1982544823,0.8542194733,0.5282809929,0.3269601579,0.9252012664
1.3882086849,0.7814161798,0.9284931039,0.4135821372,0.5635706848,0.5084326435,0.3576796057,0.9459735227,0.8775035671,0.7298159469,0.0882099216,0.1985558155,0.0794134213,0.9281547455,0.9787146040,0.1791858112,0.1390988898,0.7087071841,0.2141020401
0.7955134093,0.9727383512,0.4698851400,0.9641512477,0.1991512776,0.0383326934,0.7620409414,0.5438709116,0.5698923467,0.6258396963,0.6351011678,0.8014412816,0.8263592433,0.3006136318,0.0389645958,0.2734954752,0.6337924517,0.9269444082,0.4674716485
0.6673146540,0.1674663403,0.2006494287,0.8776132199,0.2407752119,0.0337464419,0.1376063282,0.3423691853,0.3510885299,0.3507015876,0.0397131079,0.2495946867,0.0527996746,0.2047494523,0.1845870363,0.4042909940,0.9388186148,0.8896211196,0.7294733991
0.7545405464,0.9301035273,0.7366843802,0.1209003139,0.4495085130,0.3053605839,0.6938219058,0.4625480428,0.4117384028,0.2387991497,0.4813448164,0.6446216413,0.9573706037,0.6729526779,0.0437246715,0.2463960420,0.6593253692,0.5782623838,0.4606802101
1.6400533770,0.5155868689,0.6774748052,0.7029036811,0.6968025602,0.6843743590,0.5863163649,0.6952231245,0.6734188461,0.8553557531,0.6742383724,0.9039582845,0.0230218247,0.0943586980,0.5522677937,0.1965754173,0.9894178769,0.0044584903,0.9262103358
1.3335805288,0.6108389593,0.0591376122,0.9344307829,0.7491535672,0.7103146270,0.3757336796,0.0505782765,0.9448121142,0.8115419140,0.8283096563,0.1226370282,0.4704666774,0.9471757214,0.2131542161,0.5066299872,0.6253570874,0.1908667017,0.9186155850
0.6374393007,0.9993978869,0.6118890568,0.5746368469,0.4638119662,0.3400892091,0.0926325085,0.9130157829,0.4138548690,0.2157735951,0.4015066370,0.8506914912,0.9168983094,0.5838530993,0.4609674124,0.4775413816,0.8103775493,0.9104616582,0.3692396363
1.1646423363,0.2389135994,0.5336631222,0.7725560657,0.2115395500,0.3589048635,0.1250859179,0.3808251138,0.9734416075,0.0033249238,0.8553282405,0.5521003646,0.8686132987,0.0008791257,0.1927614816,0.2794678865,0.6288808779,0.5109100734,0.4596300465
1.2779261600,0.8022670913,0.9297381622,0.2700842017,0.0597348189,0.8131631312,0.3066426919,0.9097420232,0.2488183878,0.7334390046,0.4509949558,0.3365393568,0.0162141193,0.5754879785,0.1443140943,0.9833601951,0.4709424098,0.3608745475,0.5995456133
1.4150716649,0.4876967921,0.4111845602,0.2149651290,0.3138315844,0.9372144622,0.7538900721,0.8651214028,0.2000160066,0.6596757947,0.7219007182,0.4742267902,0.6787657891,0.7340611682,0.8540962633,0.5712268056,0.2538742067,0.6849791282,0.0491823187
1.1041698206,0.3487995731,0.3997807628,0.0464030429,0.3939055682,0.8859124899,0.5349818884,0.5322150993,0.6710879584,0.0796480691,0.5944244062,0.7786958487,0.8476259379,0.1455036083,0.0118437668,0.1595459383,0.5343532126,0.7639784574,0.1698729992
0.8968441929,0.1076711470,0.6472327580,0.5986201601,0.4043213409,0.2395526637,0.8946820388,0.9528280986,0.7206155419,0.5466964662,0.1738074929,0.4743325780,0.1467040280,0.5623963812,0.1575051118,0.6651323473,0.3018470496,0.9377166689,0.6511451400
1.4117387383,0.5840455321,0.3143956235,0.4807289003,0.2308628507,0.2763285782,0.3677807972,0.0730156468,0.2890673699,0.0585771586,0.8647608168,0.7355340136,0.0856173081,0.0402963007,0.1977310795,0.1982837807,0.3449536157,0.5452382931,0.8967555549
1.3907843295,0.3549840440,0.7462313058,0.0050015892,0.4532210772,0.7976898943,0.8021386999,0.2772190031,0.8838799692,0.7764424527,0.0168237341,0.6140829890,0.1124945555,0.4227560485,0.3854925332,0.8648986502,0.1489665121,0.4602878649,0.2924033122
0.7945742938,0.9270519292,0.4706522905,0.6603497199,0.7011215151,0.2155573518,0.0955896477,0.5727069329,0.1405242135,0.5208642835,0.4894378017,0.3509094292,0.6191153893,0.1252223092,0.2188646547,0.8813680480,0.1557667954,0.9637890281,0.8165744788
0.8928250302,0.8568590101,0.2360745527,0.9755882368,0.6633204490,0.5356518148,0.0459491228,0.0231166035,0.7196234390,0.6096651193,0.2461388609,0.1273020470,0.5671916227,0.2216669754,0.0929941627,0.7046812614,0.8081827784,0.0583797675,0.4583960272
1.3753894094,0.5459157900,0.3028434366,0.1151798838,0.5973804398,0.8728799302,0.7228721593,0.2023522944,0.6773704889,0.3307943839,0.7105274534,0.1469155644,0.1283687660,0.4426801795,0.7985552910,0.0130478262,0.0839541879,0.1800033001,0.1031546644
0.6704393359,0.9117558014,0.4727581115,0.5843288112,0.5103244280,0.5949124518,0.7296970575,0.2884419037,0.4635007213,0.0941424206,0.2768044295,0.2434652361,0.2442421757,0.0926951148,0.3644979571,0.7696910753,0.0447654850,0.9905662577,0.9698577837
1.0972184669,0.7028225836,0.0109472535,0.8128771704,0.7147728532,0.4389085601,0.0528155792,0.2385349290,0.5262859733,0.9984170946,0.1179413738,0.9351901781,0.3996916775,0.7491148805,0.7954849718,0.5011417134,0.7378047052,0.7781475223,0.2258776112
0.6798899112,0.9602574494,0.7605420268,0.0526688477,0.1376417164,0.7930507320,0.6596627654,0.8186175856,0.6042333167,0.9093631637,0.3498673950,0.4433903676,0.0653923500,0.5184899579,0.8716501191,0.6171157494,0.2981607984,0.2363465615,0.6857608356
1.3763452079,0.6054786230,0.2863373837,0.0224306291,0.4369606798,0.8338699475,0.1752174707,0.2401256094,0.3675796876,0.2151622240,0.4370243048,0.3259479381,0.0121550437,0.9186209721,0.7185380055,0.4360532762,0.8866821503,0.2032341093,0.0747189763
1.0638452247,0.4422304336,0.0318623287,0.6404370878,0.4764683798,0.6377148751,0.3863374346,0.8313808255,0.3543815591,0.5415356845,0.5129496710,0.2418597301,0.6807066068,0.4444088012,0.6607896872,0.0274202431,0.1508988427,0.9040874622,0.2053149783
1.2936618547,0.1928593606,0.7146675472,0.5794957686,0.0273144832,0.9393676588,0.3624677271,0.3712055631,0.7094698661,0.7411978371,0.0019663107,0.5855692560,0.2359758081,0.2506112322,0.0976517478,0.4684826955,0.9201709086,0.9762258761,0.5148627226
1.0377170058,0.6972346597,0.0897558786,0.2624185296,0.5562848019,0.0302673314,0.0507974931,0.4018143949,0.4384509452,0.8304242277,0.0875060153,0.6016169263,0.8061437891,0.5324181292,0.3250235111,0.6921465458,0.9595052366,0.5595619308,0.3582739289
0.6263753889,0.0980818905,0.3892025690,0.7575068698,0.6745057781,0.3927283704,0.2367843468,0.4860933492,0.8972169031,0.6034603920,0.5562411709,0.0444803072,0.5554138438,0.7142429948,0.7920269821,0.3871461174,0.0977006327,0.4802734330,0.5690281212
1.5681610476,0.3481058144,0.7488068042,0.9929976958,0.5238750062,0.9865208867,0.5640817107,0.8329114934,0.5207747513,0.5378129092,0.8756586850,0.0978201386,0.4715186571,0.6904689009,0.0741403520,0.8975204788,0.7206935792,0.8475965457,0.3759567123
1.6120542620,0.3927719353,0.7745047042,0.0194387242,0.4363775932,0.4412609312,0.5737935362,0.4912148855,0.6232518368,0.4881874263,0.9499637834,0.1586825182,0.0955041289,0.9994417257,0.2811252977,0.3984810083,0.6920189316,0.9417389909,0.1957242555
1.1553446265,0.1189248224,0.8485187542,0.3753431085,0.3369306309,0.6967877126,0.5125402856,0.3439596768,0.3490845236,0.5441160958,0.6146994706,0.7266570518,0.3673457586,0.4309437148,0.6995267233,0.1542616547,0.7319282539,0.8611617598,0.4872702650
1.1723800895,0.3940590679,0.2148179681,0.6828708512,0.3353614075,0.8493639521,0.7022428403,0.1646059718,0.1223330710,0.4658032789,0.1582434959,0.8877826890,0.6970027973,0.0670053270,0.3389730913,0.8925183383,0.5235383332,0.7781393319,0.2098179848
1.1039566310,0.8239201149,0.9105512177,0.0123111893,0.4120053041,0.6912269832,0.4282541333,0.5191173542,0.0632907730,0.0217841434,0.1077778958,0.6437174132,0.8807862881,0.0055458776,0.1716455603,0.7241103623,0.8208112714,0.9628326982,0.5687542213
1.1206105467,0.7677196764,0.2721518240,0.9041100171,0.0679396111,0.6764456082,0.9492752446,0.6102881405,0.9517710337,0.6645338770,0.3542849173,0.2073227083,0.3672021556,0.0660114949,0.5837368093,0.9433036512,0.6281977199,0.7382361080,0.2840870049
0.6635047015,0.0250539634,0.7226566502,0.6909207871,0.0280993722,0.4680438618,0.6406156234,0.6319641945,0.1811585831,0.0741292450,0.5777385226,0.6812461834,0.5383404707,0.9574041664,0.2063018019,0.8206885102,0.8937752856,0.9452476079,0.6954579374
0.9077948307,0.0729818062,0.7422616786,0.3016065186,0.6530656722,0.0907996575,0.4669012315,0.4735322527,0.2974355777,0.3994690952,0.7789081246,0.8045492604,0.9606542933,0.5233975882,0.0103684910,0.5287536585,0.8183178327,0.2023269184,0.7748129895
1.6623247584,0.4827042459,0.7111305294,0.9899029417,0.0762156340,0.2465551425,0.1247647604,0.5749545541,0.4154534764,0.0691922078,0.3379225069,0.1724896508,0.6413091014,0.7739188904,0.7085971246,0.0904236834,0.8987962912,0.3278672693,0.8497597015
1.0991595941,0.2467175689,0.4141138484,0.0084100009,0.6300022899,0.0816342142,0.4653894050,0.7577307366,0.6804362101,0.2869198778,0.0791479288,0.2888817102,0.0366417478,0.2300857655,0.2645361847,0.2858733050,0.0547112663,0.9698627081,0.3462824636
0.0706628392,0.0101195333,0.0894293207,0.3709165550,0.3506507800,0.7390477925,0.1393734219,0.7877761546,0.9955343773,0.1752700146,0.1491290263,0.4395322722,0.7387103925,0.3335537714,0.6958110565,0.4729015904,0.9858688607,0.8377781736,0.0143325895
1.4727180772,0.4902377735,0.3999183003,0.5083623562,0.3495973216,0.3910196509,0.1865541260,0.7692601510,0.1977915118,0.0624818478,0.0531139413,0.7021018502,0.3032883652,0.8785383802,0.3484271147,0.9565409059,0.4925995436,0.0734573080,0.7927622700
0.0372253549,0.0016458891,0.1593922370,0.6882432829,0.6750390438,0.1540327513,0.2878156646,0.3352808128,0.8145485824,0.5124565407,0.7894138614,0.4281401544,0.0003169705,0.2045092923,0.2656072826,0.1378384932,0.0919370837,0.0387116254,0.6119556632
0.9357486084,0.2078822642,0.2617634871,0.0577436975,0.0055581035,0.3716201932,0.1642888345,0.0553869317,0.1727639672,0.9738034975,0.5516917901,0.7928615512,0.8988430690,0.1947917090,0.8516671605,0.3148829869,0.5320920688,0.3490446548,0.6520444379
1.4770025951,0.3721402149,0.7314004464,0.3174721668,0.8397141728,0.1951693134,0.8531672838,0.9254470839,0.1893173414,0.3605245714,0.2319079766,0.2362957435,0.3099960078,0.2635510475,0.1574765021,0.6300153474,0.1354462011,0.8713697740,0.4506565660
0.6390485317,0.8919346249,0.4409875590,0.3253592811,0.2291442059,0.9577189657,0.0766847497,0.8550963693,0.7095837205,0.5683212949,0.8148106622,0.0774780575,0.3021436872,0.0212735094,0.9418431705,0.5326462051,0.9178843885,0.3241390857,0.2500160973
0.3336356853,0.0275416591,0.4323578130,0.5105144142,0.1977242331,0.8206267035,0.2254412426,0.1523731788,0.9829209002,0.4425395404,0.1454731738,0.1742943246,0.8063346343,0.8308071663,0.4958630746,0.2988180564,0.5094555283,0.7741318517,0.5910906121
1.0777839676,0.7585026241,0.3042956008,0.6307391886,0.9391518637,0.0480131198,0.3283661411,0.7247554853,0.8692049511,0.4442090691,0.3708853840,0.8056230933,0.1053212999,0.0923926753,0.9745136768,0.3997448682,0.0379438428,0.6864508651,0.5434687306
1.4031705020,0.3842920941,0.6449155114,0.0877268011,0.9695511158,0.2475584392,0.2149604520,0.3171166088,0.7024142225,0.7756156213,0.4704294807,0.8660660149,0.7562979141,0.0753462634,0.4573096470,0.3922858260,0.3129202536,0.8657680454,0.4456032155
0.7403699435,0.0411746779,0.7243510846,0.3078593622,0.8034134646,0.2833273157,0.2116796040,0.7049995413,0.7494182344,0.9224750626,0.2816769841,0.0261524531,0.2897117045,0.7514864774,0.2322733894,0.8215689398,0.4786005513,0.0594467030,0.6102547405
0.7861078175,0.8904407118,0.6018903764,0.2678973951,0.3560098767,0.3229261260,0.9674529785,0.0717486669,0.2298667390,0.6211026460,0.2792987447,0.2091009112,0.7711776814,0.5596141793,0.4956723797,0.3220240464,0.2054223924,0.6023420748,0.9081136200
1.1931455580,0.1859268006,0.7312266578,0.2174239695,0.8908008167,0.3051238427,0.6874927580,0.4686036118,0.4880582571,0.8923890250,0.4501537302,0.5949542717,0.0981374079,0.0328913187,0.7903307412,0.0389204476,0.5939970746,0.0253103485,0.6453143753
1.5397828351,0.4392977347,0.4633090501,0.9632798446,0.5888552078,0.3899722815,0.7973801592,0.0567359659,0.5738666416,0.3215945172,0.5176480951,0.9152804793,0.5664652212,0.5367838914,0.4217800988,0.7759810852,0.7511541703,0.9768595021,0.2145632971
1.8196664146,0.6686099240,0.9785766175,0.2969363143,0.1544905135,0.1427739102,0.0925055190,0.5935760783,0.1982285440,0.7080273674,0.5097350138,0.4458627083,0.1390704798,0.8405460514,0.9887108032,0.4236443363,0.5247300895,0.5235970778,0.4301594415
1.5819799499,0.4301662782,0.6277714033,0.8122350522,0.5482900956,0.4750538265,0.4740077599,0.2476715322,0.8359052072,0.6888318413,0.7292631300,0.2540838369,0.8347881232,0.0392313938,0.6377165041,0.2243655181,0.0631018799,0.2926554895,0.6853912732
0.6514934857,0.9215587817,0.6048761192,0.1662859308,0.5337099601,0.3607967026,0.0869308186,0.7945328419,0.5031997115,0.8827796886,0.5642065409,0.2327927094,0.4322568000,0.1204871960,0.1804772727,0.8071236713,0.4891695141,0.3111921792,0.9906789707
1.0490542239,0.7572907079,0.4104529982,0.3755077822,0.9921929021,0.8349019775,0.9458403967,0.4142207395,0.9520256113,0.1156345360,0.8322882226,0.3872610126,0.7078170785,0.0414391429,0.9133856452,0.0725165658,0.9244197114,0.3484030175,0.0096816047
1.2791646113,0.3984899831,0.3547856432,0.6418019731,0.4494445636,0.6966303489,0.6264085622,0.2376048436,0.5945997455,0.3903290457,0.8177834954,0.1516313601,0.4051707760,0.2429694620,0.7287914970,0.1998690420,0.7254808416,0.6514479523,0.1871523815
0.3033833152,0.9703896468,0.1381468611,0.6028492430,0.8333218628,0.8000635627,0.6025194912,0.3418135046,0.5948043317,0.5983108241,0.8260649841,0.1101872725,0.7202128124,0.1708164221,0.9551137530,0.3442652091,0.0376388533,0.4566033647,0.1577691234
1.1282804264,0.8157256292,0.7142363523,0.1933819040,0.2285217293,0.9741356375,0.3182846957,0.9439959953,0.7062250738,0.3756983498,0.5977937911,0.3309686831,0.5809759178,0.1611896436,0.6280824227,0.8490564941,0.3669640061,0.8537673768,0.0539675299
1.0967234223,0.4707216701,0.0491348145,0.2574226374,0.2175188727,0.0247063326,0.8160278390,0.8235867432,0.0451477273,0.9811745162,0.3841384909,0.6883752790,0.3273645593,0.4976572552,0.7186227048,0.8378328725,0.1616148006,0.2479013964,0.6797195136
1.3921982397,0.2794716587,0.7746267707,0.9582445413,0.2443769599,0.6818708026,0.5304594647,0.5123525853,0.2227433105,0.1310624282,0.7051946099,0.0207260364,0.7965755634,0.4128633727,0.3302845939,0.4042451964,0.9672004135,0.5607694021,0.5131283158
1.4466711986,0.7617956279,0.6838924213,0.7915364526,0.7950613870,0.5188761995,0.9933959689,0.4939395667,0.9223753413,0.3315511989,0.1773310593,0.8592381544,0.1196168084,0.4576583456,0.0286109225,0.9816256273,0.1577668134,0.3171093947,0.7184099831
1.4632046361,0.7363472466,0.6025360258,0.7525022891,0.6161461303,0.1291449640,0.7403367878,0.3712682530,0.5481034523,0.8506801503,0.4066922894,0.6778422141,0.8797715420,0.3853201604,0.8542495656,0.7185971365,0.8015958779,0.7753032246,0.4909379208
0.5476066800,0.0795556684,0.4494675276,0.9930996134,0.8783325323,0.5931615092,0.2946473935,0.5075026681,0.7433265315,0.4480161831,0.6407823542,0.9385407445,0.6266021598,0.3783985871,0.2765060341,0.4000821542,0.2527547755,0.3439110901,0.6521375120
0.9701922088,0.0989699521,0.9267381165,0.9698000356,0.8974081310,0.2045733875,0.6311686552,0.9783759331,0.2042697010,0.4632272667,0.0572616517,0.9646734006,0.1579937931,0.1218018642,0.5586416051,0.3838788382,0.8604810506,0.1074786169,0.5439116620
1.5888447313,0.6025117695,0.4930759806,0.4037357970,0.8699309706,0.0076899524,0.0428310786,0.1894805048,0.2872044384,0.6201120344,0.9353618051,0.9777106736,0.8032770333,0.3793990627,0.9048925147,0.8846740227,0.5226623617,0.4795301571,0.8774442242
0.8048271199,0.8740532962,0.5232783389,0.3003323453,0.9026651801,0.4181469848,0.3404874947,0.7452320835,0.4429237130,0.1528903592,0.1902465690,0.7200937803,0.4172591109,0.5088179833,0.0351522902,0.0165948020,0.8419774174,0.9894302163,0.2776187521
1.3621796970,0.1410900666,0.9848472211,0.5191284271,0.4365289078,0.7529587158,0.5793309275,0.4862062366,0.9822922634,0.5263051527,0.7907823595,0.6897439249,0.8709975158,0.4637465813,0.7290145568,0.0998467528,0.3821891833,0.0888742746,0.2829872791
0.2063749155,0.0001518496,0.3087050020,0.4087703484,0.3306824347,0.7462490940,0.1292032493,0.0222384667,0.5007468865,0.1848488379,0.3313983742,0.9038099796,0.6984859045,0.8627853397,0.9673394165,0.0349013288,0.5159355299,0.0009798161,0.2347639663
1.2866371893,0.8368268387,0.8656773223,0.7209619761,0.7312371474,0.7191196113,0.3215041572,0.9956430757,0.0607826589,0.4270236226,0.3050568585,0.9998765461,0.0470866400,0.0483005597,0.9322108239,0.6167154184,0.0880312498,0.4856054954,0.1291573271
0.1866807065,0.9167486726,0.0175659243,0.3373479839,0.9438849990,0.2390431660,0.3084457153,0.9376801084,0.9439093883,0.6688440141,0.0904643328,0.7393359312,0.1732639777,0.1884156622,0.1307556149,0.3329134017,0.5749107054,0.5519822334,0.4112617881
1.0456657799,0.0991026056,0.9731836527,0.8792365572,0.8008584108,0.6689257007,0.9697199852,0.8663730896,0.2918240380,0.4278476217,0.9658943770,0.8911581927,0.9414971678,0.4732056267,0.1301391880,0.7777533071,0.5643543556,0.8405497478,0.2597544359
1.8000658645,0.5157255547,0.9836746161,0.1242787191,0.1791744760,0.5557539738,0.2115058329,0.5613518693,0.8371475552,0.1611969447,0.5068478041,0.0691431273,0.1336268433,0.0336787554,0.1495608380,0.8430612199,0.3298304736,0.8589856455,0.4596876167
1.4722626349,0.2891437039,0.8293489307,0.0227225869,0.3323995230,0.8638170767,0.7178803401,0.1413703088,0.0732066833,0.4283078252,0.9135441755,0.1125654646,0.9720371624,0.5341798070,0.5983317686,0.2103433845,0.8520247924,0.3797812521,0.9740280151
1.4458429000,0.6806473226,0.4870327354,0.0136101216,0.1337766502,0.4509500867,0.7133899469,0.1891987924,0.1022762773,0.0361398676,0.8615266581,0.4587205149,0.9733133021,0.9751301840,0.0124660840,0.8924201485,0.0521235532,0.9644733844,0.7110918314
1.0695413487,0.7406141595,0.3373039851,0.0069683212,0.4733223658,0.5981115989,0.1837870004,0.9765979979,0.2410009694,0.7918939906,0.7764388620,0.0783736575,0.4488951861,0.6644414754,0.4828893944,0.1756895299,0.9643322153,0.1691785606,0.4852397717
0.4461548324,0.9706871109,0.2902468188,0.5019153172,0.1784627048,0.0515088051,0.8456585494,0.0883857596,0.2262710073,0.5582178272,0.2096463919,0.8863215199,0.9199082709,0.1151806101,0.9916407301,0.6530885176,0.3994998185,0.9919813914,0.1015728137
1.1844684679,0.1704574408,0.7311716745,0.7987283251,0.5090482834,0.5043244513,0.2364216189,0.8159524073,0.8172739445,0.8262975722,0.8579914323,0.4881861087,0.2612610230,0.0431270496,0.3444479423,0.3522811173,0.8922775416,0.8682541213,0.0344457003
0.5263565568,0.9154734152,0.3255263480,0.3408923561,0.3618529563,0.1404448169,0.1599549554,0.0077248363,0.5246948831,0.6505382048,0.0133855936,0.4039314351,0.3140013351,0.4811436136,0.1286497763,0.7424394967,0.7967468614,0.1954988266,0.1881029480
0.9068443393,0.7185493710,0.0783621552,0.0624511552,0.0020678890,0.1935379815,0.9060586242,0.3793615536,0.4185150605,0.7803096227,0.5368219602,0.1939963132,0.0198655926,0.0089155751,0.3290669360,0.1958732775,0.1797510898,0.7939827878,0.2308206968
0.5702575013,0.8794385464,0.2182516467,0.2823836195,0.2610465484,0.4584844786,0.3079090666,0.2308265034,0.3247695111,0.0324593114,0.8646452154,0.9901351172,0.3078189133,0.7115247477,0.7413378136,0.6196589726,0.6775910661,0.6085033112,0.7757218574
0.2629803712,0.0463285731,0.2682626854,0.2643677226,0.1130582692,0.6170954284,0.0687417080,0.4807761253,0.4168357132,0.0865388487,0.2255149759,0.4377981812,0.1843340049,0.9338122730,0.8321027317,0.8133860400,0.2636200022,0.6392279784,0.0152228525
1.2625471830,0.3435826680,0.5440658241,0.0445077784,0.9059862744,0.2041211488,0.4540598124,0.3580868465,0.6915412923,0.1318701949,0.2578769517,0.1645897132,0.6501236559,0.5299229664,0.0505694192,0.9593530272,0.7188615657,0.1564741099,0.8214656413
0.8579658625,0.9847819455,0.6437687731,0.9472803893,0.3367251740,0.6064458178,0.4949497611,0.1817743327,0.7559862483,0.7205713881,0.9112771692,0.8940916796,0.8193430101,0.4592104197,0.6770238830,0.6955712720,0.1157617220,0.0379256522,0.8069072422
0.9574029544,0.1516129631,0.5050632369,0.7548602509,0.1651319910,0.1982355161,0.0072471872,0.5431697281,0.0430694432,0.3384222573,0.2767919861,0.8918174296,0.9408079087,0.1832085179,0.3831771408,0.6361611134,0.2493118977,0.5379288308,0.4605819856
1.1201908174,0.8021605326,0.6313683429,0.5933525092,0.4105641084,0.5839892974,0.6424525353,0.6867270110,0.5279136650,0.3517084617,0.2058664481,0.8133341171,0.5439107709,0.2501232494,0.8737549054,0.3215379683,0.7879126497,0.3980987451,0.0792061246
1.3096871261,0.5432168635,0.1061253242,0.7232157258,0.4541443182,0.2421689308,0.8695349152,0.0726621148,0.8533981514,0.1723497106,0.9277867541,0.8904721942,0.9119232488,0.2139589717,0.5621540362,0.2018574032,0.7744811094,0.3756320157,0.4964942160
1.3395937962,0.2349738982,0.7552999948,0.4648148542,0.0214057431,0.0141558791,0.4799029474,0.7781506177,0.8621448057,0.8598773027,0.8868019485,0.5308017210,0.8590857054,0.3816441452,0.8420438986,0.8367555703,0.5856459726,0.6218777108,0.6888623161
0.8303486816,0.2157968929,0.1552766692,0.5324302476,0.7361294824,0.8562259158,0.7518976465,0.1343324037,0.8449565306,0.4745204069,0.8697952507,0.5885057268,0.1026963475,0.0738833824,0.3857108065,0.5559959547,0.5333211858,0.2307711032,0.2841079094
1.0217363356,0.9872873146,0.9560519060,0.8963915996,0.9618284775,0.0422695194,0.0548732844,0.6403716017,0.5832045823,0.1955941091,0.4707393232,0.8009966460,0.0229901094,0.6451956783,0.8902952154,0.4316031297,0.2033142785,0.4571411323,0.3214740273
0.6760171108,0.0181336868,0.8197286953,0.3800075955,0.3071243005,0.2581324286,0.3154267377,0.2069013797,0.7753936737,0.5185657215,0.9077800985,0.0361114514,0.6985015948,0.6591021012,0.0292294036,0.6121349446,0.4171717518,0.1567632259,0.6918825316
0.9455212529,0.2436197023,0.3376134351,0.3746149292,0.3895476164,0.6859022126,0.3245727520,0.7222079915,0.9553848044,0.6828888403,0.9538365090,0.4296032689,0.5000788105,0.5902225778,0.7817117665,0.8864318666,0.1982513005,0.9067364381,0.0697965489
1.3791393732,0.4099659467,0.4738257176,0.4979208770,0.8384800209,0.0722803793,0.4899892074,0.1895528582,0.8331128978,0.5298914246,0.4898222816,0.6103490602,0.7965386254,0.5316629909,0.4950842824,0.4946694186,0.6181039754,0.4091615264,0.0307954344
1.0683074986,0.4223753765,0.2683223884,0.0586257242,0.9538126711,0.8862960562,0.6315279077,0.6437480585,0.2025277861,0.4039619746,0.9943305207,0.9451761630,0.8971029387,0.3180303661,0.5205362703,0.8654891664,0.3243040594,0.8295271013,0.7516263267
0.2422907373,0.0724269528,0.0115135526,0.0007340986,0.6198074134,0.5001146995,0.1455137957,0.0363838614,0.6824506039,0.1988194090,0.8979484882,0.5072774085,0.0705066126,0.5571312440,0.7838383278,0.0867239867,0.5269382532,0.0448779148,0.7462419862
0.9300346389,0.8631581547,0.5417176532,0.5490104043,0.0974744811,0.2733807846,0.9434452379,0.6925775043,0.3895664541,0.8795097461,0.8251521017,0.0106557370,0.0227846091,0.2811674985,0.0408872210,0.7235768803,0.5019930713,0.2508340647,0.3981867429
1.1900923052,0.2983976383,0.4233068276,0.6643420868,0.4719918044,0.9694304035,0.6435917982,0.7053461544,0.6574977836,0.8967494411,0.5606850950,0.6129861736,0.7857967359,0.9354611008,0.4711796889,0.5132906715,0.8224963184,0.2336593859,0.4001376236
0.5999358384,0.8830566601,0.3958718750,0.1433477695,0.0646782531,0.5302724778,0.7805095986,0.6161369671,0.7447861599,0.1955242890,0.1411510445,0.8182811442,0.2141286334,0.4184015006,0.8216947642,0.6816349136,0.0626530280,0.5677142594,0.3805556728
1.4410721171,0.7695110504,0.9385735471,0.4117347523,0.8888545898,0.6994158636,0.4864290918,0.8224822114,0.2035747301,0.2244717490,0.1535508727,0.2780638553,0.3049429234,0.9838240847,0.5328543111,0.9358009320,0.9259519813,0.3244465387,0.0015441938
0.4581998945,0.0861673234,0.2531489335,0.9126606177,0.1404926347,0.6963643423,0.0906887036,0.8067487084,0.3800601779,0.6266023657,0.9429768143,0.9598075470,0.5264122022,0.3169955683,0.9041820753,0.3552515211,0.9748516744,0.4578783253,0.3067265091
1.4869752535,0.4331182311,0.6362921840,0.6299404232,0.4274034128,0.7006394221,0.5569767446,0.3361832850,0.9428734531,0.9533356194,0.2408498995,0.5863522302,0.0918914813,0.6208540517,0.5644022356,0.3939557852,0.9211932758,0.3467476171,0.9519880339
0.4551779145,0.8749269438,0.1495481103,0.4021295938,0.1608783397,0.7232263840,0.5760430089,0.4976667603,0.5020549163,0.0807640099,0.2669811267,0.1243977047,0.6512594882,0.9201092605,0.0439405795,0.8292121006,0.7600456533,0.6884328492,0.7409943775
1.4803500863,0.6952842906,0.4192697150,0.8971312040,0.9981466680,0.8458864327,0.6000491119,0.8374404923,0.3343306282,0.8177053585,0.1940504760,0.8519241495,0.6385611244,0.5594366236,0.4269508280,0.0043520165,0.0423136804,0.4466072363,0.8001749106
0.8457190184,0.8240343463,0.4073428803,0.3872287191,0.2021340694,0.3464056721,0.3664846069,0.0045579472,0.5208071814,0.7266130993,0.8410699895,0.1233799645,0.2083447569,0.3578461148,0.5402190001,0.7613954258,0.3556837911,0.6545034113,0.3975779818
0.6614207307,0.8619027495,0.3647791701,0.0136905476,0.3051215567,0.5397714447,0.2954124189,0.0141524028,0.7201279641,0.8873231825,0.3869902922,0.7800051901,0.7052913145,0.0873657984,0.9053422831,0.7890184165,0.3788831225,0.6710480113,0.8827425102
0.8588030310,0.1239165291,0.4848758760,0.9402791134,0.4925640982,0.6354255324,0.4452831492,0.1271515958,0.1449056738,0.5506203242,0.3918735465,0.4267074265,0.8643185395,0.1855707453,0.6217391998,0.9597799678,0.1380948421,0.0872073810,0.7310216486
0.8979806286,0.8809722121,0.5711919885,0.6067250535,0.4196425429,0.1692412356,0.4008245648,0.7368778169,0.0430437600,0.8202479802,0.3966705272,0.3722727487,0.1020618248,0.4755167510,0.1508985504,0.0301428942,0.1217220045,0.8965562037,0.1404304849
0.5623158305,0.8815226720,0.0512103269,0.7219520142,0.2080892016,0.7179574679,0.5427852905,0.5030919171,0.8020853380,0.3100687292,0.4663484205,0.4434567787,0.4123243124,0.1324336866,0.4579131277,0.4070539746,0.9534006279,0.6369522467,0.4845648993
1.1822057615,0.7594488397,0.4587483779,0.7014573523,0.5856205330,0.8558651449,0.4065370102,0.8270324308,0.4562780411,0.8225175347,0.5893376237,0.9397898801,0.0236093145,0.7188245707,0.9320146960,0.2922676477,0.6792664465,0.5849168865,0.1541307112
1.4817028234,0.4117693277,0.5558035658,0.7714446811,0.0101815700,0.8768363850,0.1227345996,0.0402109967,0.2802608546,0.1518950770,0.9308003052,0.1705595889,0.6895203851,0.5167430062,0.7471615961,0.6342836690,0.5213626605,0.2084061531,0.2379013875
0.8821568707,0.0213675382,0.9968636824,0.7614207221,0.3674448465,0.7829097627,0.0116468235,0.4848765599,0.3175724774,0.1450283815,0.8232253034,0.5083815328,0.4111188926,0.6364653589,0.1846758264,0.0324588106,0.6184015573,0.3693549446,0.2785450676
0.8761397115,0.8478093719,0.4160323601,0.6509514995,0.5183221720,0.8628437448,0.2263453989,0.0485256376,0.1089301750,0.6552791347,0.2751867712,0.0612699622,0.7093240747,0.8928441429,0.3068207802,0.1396963352,0.7499560858,0.3994757064,0.8889442658
0.6883428982,0.9765571758,0.6906416045,0.3276028096,0.3620431144,0.9005091345,0.4129192086,0.6794317660,0.8384692975,0.3666569282,0.8977564140,0.3259116707,0.1079788681,0.7682401230,0.8652119320,0.0705313556,0.7746577792,0.7623384171,0.3215322748
1.4436983878,0.4999075853,0.4368617357,0.2029267922,0.0118808780,0.9042377998,0.8435027205,0.7400093706,0.1403624545,0.0428606060,0.4740619460,0.5155155314,0.8685477213,0.3247485849,0.8049746143,0.0426243997,0.3548474804,0.4367528919,0.8970127575
1.1675620137,0.8930317455,0.9901055297,0.7084360715,0.0542259294,0.6671028095,0.4606611640,0.8687974259,0.1240417397,0.6999709060,0.5842200968,0.4944574486,0.3300612113,0.3975972297,0.1641019424,0.1110374437,0.4419851756,0.3834883536,0.2177405424
1.4613019829,0.7159402904,0.5957512563,0.5270233032,0.0320570884,0.1649000878,0.0295560379,0.8173246014,0.2328611237,0.6352020850,0.6856780266,0.0610546412,0.2342531562,0.5606441451,0.5782844689,0.7805444554,0.3759404755,0.0916312772,0.7941562311
0.3800080133,0.9755283928,0.3316761115,0.0689862284,0.5802735465,0.3232547100,0.9469359339,0.0303338034,0.9228551952,0.7721267273,0.7418365781,0.9233313596,0.4872351451,0.3044827321,0.6572988530,0.5525103373,0.7357787942,0.9458753676,0.9874895828
0.5459379353,0.0948973666,0.2281267006,0.8404841802,0.3352164721,0.9202456402,0.4744726419,0.0667496905,0.6391347071,0.4019734160,0.8606262269,0.6471638750,0.3151728159,0.9156923729,0.0052183447,0.8133132161,0.2801401499,0.9081164984,0.2558994571
1.2717522485,0.6809895375,0.3318828342,0.2276034544,0.4312263053,0.7405465795,0.5848734566,0.3334842849,0.5191931079,0.6553894622,0.5395020582,0.9741774151,0.3808020663,0.1587039545,0.6568613886,0.5809990152,0.0077760902,0.9487524633,0.1866475743
1.3266951883,0.7163849943,0.5076218186,0.2842545604,0.9857162946,0.7560521648,0.2633364108,0.5893402714,0.0531973787,0.1979537849,0.1055646318,0.7581954875,0.9987168994,0.9166168302,0.1949637624,0.0132070549,0.0761111503,0.5163385236,0.4867762469
1.5938516870,0.3392393811,0.9018136251,0.3458365117,0.6959446755,0.0605831869,0.0906183381,0.6865976971,0.6432792607,0.3659126245,0.6156830087,0.4460070078,0.9672679709,0.9372208929,0.8769196373,0.4970931437,0.0529367152,0.3158106698,0.6594775775
0.9749339963,0.4831119095,0.0023406121,0.1880967400,0.2945227901,0.9714325648,0.3939583813,0.9709344893,0.7900797678,0.0090058681,0.7796513071,0.5229352937,0.2317727143,0.3294550499,0.9752191299,0.4979677170,0.3103615408,0.4060526590,0.7948195626
1.7632338679,0.4600519609,0.9557829634,0.2854573483,0.8732012447,0.8342267529,0.7041140134,0.0464570326,0.0512545951,0.1877479192,0.2443423602,0.5926350782,0.0823138623,0.5091438800,0.2463747139,0.5515712620,0.3225438216,0.9289651779,0.6118590046
0.9147964938,0.8095952715,0.5070905711,0.0143643606,0.5012197260,0.0185620216,0.4806097339,0.2940615353,0.5400432521,0.1057817269,0.2793255648,0.0420182915,0.4432702618,0.5366634664,0.5444287158,0.0947379929,0.9518341427,0.1346036491,0.2364304324
0.9919485788,0.8646322493,0.6569432391,0.6245500302,0.8005998016,0.5411057126,0.6601281493,0.7368913989,0.2997638277,0.1965882648,0.7262787386,0.1830836697,0.9860752563,0.3414064605,0.2248049723,0.8501574370,0.2563851473,0.3347272700,0.6783557453
0.9689530674,0.7477638766,0.0561321011,0.4866938783,0.6464228207,0.1350841702,0.2194984858,0.4461907041,0.6550243706,0.0255866853,0.0708568933,0.3380655974,0.1448990128,0.2266943569,0.1179728204,0.6662809589,0.0274950057,0.2874193385,0.9644285671
2.0121753639,0.6104284617,0.9132229414,0.7422349018,0.3213796580,0.4665271846,0.3627109664,0.4572289028,0.8229973398,0.9093590574,0.3508273965,0.2489375968,0.2337311489,0.1239978229,0.5858411679,0.4200462666,0.0857149032,0.2965391277,0.0423974742
1.7585226439,0.4919706114,0.9618854444,0.2421442696,0.2785367007,0.7627234564,0.0799421718,0.7960218319,0.8736190932,0.3053130293,0.1365642366,0.5862739173,0.8086964942,0.5158086241,0.9890952855,0.0878895152,0.2792347190,0.2720247058,0.3814921442
0.8789968655,0.8860461710,0.8168598846,0.0449932193,0.3919729614,0.5152237035,0.1542789574,0.0180093296,0.6069904053,0.0613473264,0.8711641475,0.4181496237,0.6762727538,0.2946730333,0.9972184179,0.8000081668,0.6531316385,0.2453711928,0.7890782386
1.4337919876,0.1725803112,0.9488067605,0.6112380253,0.9523910852,0.2487698537,0.6827918029,0.3615273783,0.9596173432,0.1386123624,0.0452943222,0.2070292426,0.8655572257,0.7491297113,0.0233930645,0.7077885851,0.3509286857,0.8442219891,0.8622863161
1.5724012578,0.6923118158,0.7723834401,0.2881806879,0.3917196272,0.4069079291,0.4509289403,0.5168699022,0.1774379865,0.3282664734,0.7333045117,0.6466412648,0.2026394074,0.0010007693,0.0452178616,0.7916015340,0.4699452314,0.0595398691,0.8221200749
0.7440668435,0.9298736404,0.3753752468,0.9221516259,0.2741617118,0.7360758865,0.2669714113,0.9013094998,0.4275980784,0.4496242713,0.1551282555,0.1432290943,0.6798461334,0.3925420768,0.6142733493,0.7274243633,0.3170466565,0.3033878356,0.5399236125
0.9509126064,0.8121935205,0.4242019232,0.6451043133,0.2190213585,0.5037965795,0.9006964753,0.3902991043,0.2527784585,0.2690754893,0.3419691574,0.4342486675,0.0050797386,0.5070990294,0.2977011668,0.1161503414,0.1474405151,0.2727714050,0.0541604883
0.7065680405,0.9613350804,0.3922375591,0.9517558174,0.4319878891,0.9556675173,0.8462766705,0.2715604806,0.5300491729,0.8577014877,0.5882975770,0.8736606497,0.8726517197,0.8758411611,0.4513939647,0.1348480473,0.2405345259,0.7436562844,0.8482684609
0.9221515389,0.3117177943,0.1730696984,0.1034690763,0.3498382313,0.6821961335,0.2110965361,0.4665886066,0.7481716155,0.3902001450,0.1322536187,0.2440443567,0.0326406216,0.4547660047,0.5666409753,0.7378850264,0.6805720040,0.3468762994,0.4790165394
0.9474564064,0.9186119539,0.9740612888,0.1282680885,0.7366213342,0.1363979647,0.6825633654,0.3404578056,0.0753758679,0.8791173689,0.5207893811,0.3437665208,0.3986387740,0.7137719733,0.9046380975,0.3777147729,0.0597595996,0.6598855591,0.3097667710
0.6876062902,0.7885970270,0.0743279460,0.0334840092,0.3244495830,0.0749294293,0.7379793197,0.9386477950,0.8670503005,0.1678718554,0.3032572268,0.2534089012,0.4396841463,0.5515500146,0.4659558532,0.8242328477,0.6252602765,0.4537652597,0.5039583468
1.3653498204,0.1110947651,0.9701091460,0.0010422483,0.0787100472,0.8121286368,0.6545805274,0.1580459795,0.7732098324,0.8017594137,0.1773565232,0.5588690809,0.0883593012,0.9508590385,0.2956935629,0.1474911194,0.9216186043,0.3782834707,0.3704756500
1.1502657230,0.8415139747,0.6976353405,0.7330526076,0.8984939403,0.8926001029,0.7021590493,0.5381495161,0.1463483286,0.5941088499,0.4096240753,0.9579518526,0.0731305513,0.3794125808,0.4635188252,0.6731071239,0.2733061459,0.2065925491,0.3159543541
0.7023488648,0.0280402455,0.8405688037,0.7774202500,0.5316730525,0.8019793211,0.5830495782,0.3131670652,0.3192382502,0.1108750030,0.4394637673,0.2017394356,0.6462874350,0.7544315297,0.1151463879,0.9166641393,0.5127471177,0.3177431573,0.3395446254
1.5422450972,0.3606356821,0.8127673553,0.5388333840,0.1890189301,0.7575898322,0.8562559982,0.0067575471,0.2363547648,0.7480872721,0.3208830900,0.3809029658,0.0655339100,0.5496325525,0.5001648430,0.3202294609,0.9701093731,0.4420371396,0.8001564077
1.2372359476,0.2390457307,0.7137312669,0.7380986789,0.9262128583,0.9028318221,0.2377229231,0.5975378942,0.9874721665,0.5499182758,0.4667969321,0.5006301876,0.5876529959,0.7196690380,0.0041810214,0.7348930236,0.2013692136,0.5122625387,0.8032903586
0.8861920901,0.8106971720,0.2722793955,0.6624531530,0.8524844334,0.0633349803,0.3535858894,0.9127022520,0.6078685588,0.5270138515,0.0593250482,0.8254515060,0.4032049062,0.4668951348,0.6167883227,0.9220086892,0.5536775451,0.0146366885,0.5042661274
1.1999619782,0.1270374449,0.8048954467,0.1107458914,0.2538258118,0.7365691665,0.3321409414,0.6519654530,0.4408567946,0.3542283546,0.5887429844,0.5553329682,0.1669505952,0.5605299328,0.8836386835,0.9514068171,0.9196451672,0.6324697552,0.3286692713
1.8581536855,0.5341020322,0.8665165986,0.6242219395,0.9353090563,0.2452161867,0.9764398675,0.5843667899,0.7204324264,0.1806887208,0.5179019385,0.5434660800,0.9697180079,0.9346322672,0.7347100595,0.0938506040,0.7013687090,0.1368771375,0.9405073696
1.7530808264,0.5553171630,0.7139251455,0.4219980399,0.2207667424,0.5502414488,0.1789150024,0.0908394304,0.3191730679,0.3544614200,0.0689062172,0.2188725595,0.7114659968,0.3156893328,0.9930981888,0.7708050371,0.3142731140,0.9423998554,0.3691343908
1.4980205968,0.1922989197,0.9451634393,0.1174066456,0.8713048211,0.4434090661,0.6580882798,0.7632103383,0.3859311583,0.8265473231,0.8643595159,0.1536904228,0.9537252153,0.8683193095,0.9752519744,0.8066965874,0.8310308624,0.5648904729,0.3244080627
1.6492029783,0.6167400787,0.4061900471,0.9824891303,0.5177366575,0.8737239294,0.8025846708,0.6665502346,0.6708316042,0.4590739695,0.0720747832,0.3256070196,0.5436165930,0.8710437148,0.6559413567,0.0126619438,0.3452055993,0.0998758844,0.0476047418
1.3796187797,0.6446864407,0.2762502766,0.7284422801,0.8201104989,0.4059575963,0.0845714285,0.6477019859,0.8529252678,0.0804876404,0.8201239458,0.3019487316,0.0684955571,0.2183264633,0.7087456504,0.1978863101,0.0781942364,0.2934618454,0.1240600348
1.6354496449,0.7240632341,0.9480676363,0.5968639145,0.3258961128,0.7273748363,0.5822841708,0.8798672985,0.7361677338,0.2385955036,0.9084012083,0.9466264627,0.8755206287,0.0816169569,0.4200828546,0.4513626900,0.6036266517,0.5832966297,0.2621603706
0.6488700821,0.1774188870,0.0472855877,0.7390570300,0.8760876787,0.7510037389,0.5464938431,0.5152500395,0.1567211023,0.1871630516,0.8868813758,0.5724870269,0.1223149957,0.2680799865,0.0229888085,0.5919837798,0.1924705661,0.7544855354,0.6250524507
1.2598768262,0.6636770490,0.2511843489,0.1049395081,0.1047107969,0.1634541984,0.9518977905,0.0641604979,0.9053007773,0.8819554145,0.8023697695,0.7800518200,0.2478506284,0.6958375114,0.7612667092,0.7949753615,0.3845368631,0.2845200094,0.7447654028
1.5583409201,0.3356493794,0.8414774792,0.6267525081,0.0859456507,0.5095478293,0.1617243292,0.1450469096,0.1519286999,0.3555133683,0.9078641497,0.1010254654,0.8949772485,0.9285114080,0.9289284726,0.0644604115,0.6872018959,0.8496111133,0.2732285439
0.7426176654,0.0633558670,0.5986748530,0.6039849756,0.9819676825,0.0973597300,0.8698202196,0.2506846458,0.3378884390,0.2584907360,0.4332596929,0.9791640839,0.7195313241,0.0649399827,0.8219716071,0.2912343372,0.5508092969,0.4200475094,0.0637475221
1.1536297388,0.7849292278,0.6619485712,0.0691164591,0.2086869831,0.7857508502,0.4649581118,0.2891748278,0.0394751800,0.0240585885,0.1271211235,0.2093603479,0.6449745296,0.5953005757,0.4172481714,0.4434201599,0.3498730531,0.0401783036,0.4059172375
1.0667586952,0.2276696900,0.4934208186,0.1255262271,0.1605669357,0.9842265756,0.2079987587,0.6015355484,0.6877705094,0.5425929390,0.9030127799,0.9088787099,0.6743436152,0.4597194045,0.4732777584,0.7111293201,0.8196356057,0.7393092467,0.9564230743
0.6435220806,0.9845455724,0.5871884939,0.4880520932,0.8527369926,0.4341396016,0.1118845507,0.6467940690,0.6760939059,0.3641217176,0.0131458376,0.1502696549,0.2024662607,0.2232190067,0.1996480473,0.6984176750,0.2466563852,0.7367680045,0.2209542690
1.4349193684,0.7548055623,0.6396878905,0.9256605966,0.6327859564,0.9231842335,0.5871926120,0.8575265498,0.9255019773,0.7326827432,0.0543728400,0.8305533414,0.5231422884,0.4133299773,0.4591276963,0.9538900440,0.1247070094,0.8609236061,0.4408473610
1.0692119755,0.1276102986,0.6325416790,0.6398057479,0.2032078482,0.5343038842,0.2220606645,0.8809825527,0.5640067991,0.7545556271,0.7958672411,0.5700498105,0.0567161769,0.7989720124,0.7339087971,0.5093568324,0.2081413913,0.7233403338,0.2085319557
0.9290295885,0.3566219217,0.0416700608,0.2615392287,0.3435345799,0.6339651864,0.0490914764,0.3580667290,0.5601497811,0.4390316929,0.1023273862,0.3007241268,0.1251032350,0.4077129399,0.7773680780,0.9057409966,0.0680696798,0.3358077482,0.6386868508
0.7857230973,0.1076201022,0.5723926962,0.8827942578,0.2535560230,0.3996817385,0.2622730476,0.5883291411,0.2575576234,0.5657428103,0.9103003029,0.4976051129,0.8760702347,0.6733984658,0.5208865298,0.4184898324,0.9469209421,0.1628068045,0.4003565949
0.4742573254,0.9268046346,0.0239960741,0.8763244080,0.7280671231,0.8072472265,0.6722735912,0.9530926009,0.8680363812,0.4248636993,0.0644929274,0.6429412880,0.6717631612,0.3293078236,0.6031320121,0.9621640024,0.2465413640,0.6056280158,0.7384655081
1.4985039122,0.5934304163,0.3046308701,0.9150408897,0.3837319080,0.9446893305,0.9869761278,0.2539639296,0.3073115193,0.3888686881,0.6801337938,0.9712019420,0.6667384215,0.5210229828,0.2694176571,0.3193743618,0.4890777382,0.2226233178,0.8179284976
0.8736704991,0.7403420896,0.0803513334,0.0394801283,0.6784425351,0.7497628394,0.0715868276,0.3047626465,0.2341243987,0.4332882658,0.2100015388,0.9579799776,0.9890322542,0.0628402634,0.6511851434,0.0477680346,0.0300354771,0.4786205653,0.0205141857
0.8054563450,0.9384485398,0.7490320113,0.0410514212,0.3250605146,0.6092265698,0.7657093342,0.1737616159,0.5796936863,0.3786533128,0.7688284015,0.0335263759,0.3340015647,0.2192184801,0.7743764596,0.8280529710,0.6102549149,0.1672626786,0.4853849579
1.1965881349,0.0943468436,0.9579209358,0.0643005193,0.4845046762,0.6858958565,0.9767455658,0.9261759217,0.5030025675,0.8318605869,0.8066006908,0.4429439148,0.2120633103,0.9382224869,0.5796708766,0.8103474644,0.3409936782,0.2416604364,0.0425056181
0.7841608388,0.1469420439,0.3433107558,0.2885191945,0.9849650336,0.8026025924,0.7728143283,0.0019052134,0.5057564800,0.3779125784,0.4576969636,0.0248826269,0.3358420659,0.0464384415,0.6962595760,0.9120157292,0.6880277994,0.1464746020,0.8760606465
1.0737301464,0.5380257685,0.0223566739,0.0330151365,0.2419894676,0.2208860887,0.1271586821,0.6505115662,0.8496880534,0.8646292203,0.6243520035,0.1358500919,0.0067939991,0.9785272164,0.8476505220,0.3357225591,0.6643761167,0.7394303083,0.4776439864
1.6185108425,0.6820181942,0.7163711243,0.2100618565,0.7691635769,0.3552282809,0.7733832408,0.9791754206,0.3679131049,0.3635154292,0.4014663190,0.1940370432,0.2788423096,0.0672041439,0.3497526580,0.5238196198,0.2654128679,0.4006772496,0.8837553693
1.8924721550,0.5535422863,0.9748079658,0.2154267695,0.1792893041,0.2673778710,0.4416322318,0.7062590648,0.7118567920,0.8941710724,0.2238250266,0.4201971367,0.2536298525,0.9548667919,0.8545310320,0.7447154614,0.9554836250,0.6754055013,0.4840338253
0.9807785883,0.8934292926,0.7900255883,0.6161820258,0.5989500239,0.5721270673,0.2896448559,0.4764053633,0.1573878796,0.6183344856,0.5426444399,0.0356917362,0.1200819963,0.5451506981,0.6253500816,0.8194668123,0.6644907420,0.8933666710,0.3129790963
1.2873341266,0.7954009279,0.7171481221,0.6862605574,0.6028436894,0.7142229234,0.9121639244,0.6655572119,0.6180673248,0.6177704595,0.2720717064,0.1343810125,0.2778014531,0.6367223505,0.1663543640,0.7933800406,0.6843348619,0.8513364638,0.2159442984
1.2666102914,0.1285552249,0.7480648876,0.1331563017,0.7059970837,0.8485867616,0.7944556216,0.5668078296,0.5113414538,0.5801068356,0.6380532556,0.7400237693,0.4887715332,0.7426433011,0.8783582043,0.5154652336,0.1995868350,0.2081068784,0.7279729855
1.5578906554,0.3961243181,0.7900980569,0.0055610865,0.8412156926,0.5497690073,0.8502889915,0.4656655500,0.3332435140,0.6306947262,0.8874082496,0.7751294522,0.5973385337,0.7596523500,0.5143808432,0.1808675607,0.9977859829,0.8132972916,0.9962502879
0.9722929695,0.3187166752,0.1869794176,0.7103500404,0.7182933663,0.1045517990,0.1224222138,0.9069895355,0.6194743530,0.1697443911,0.0941679843,0.8526774740,0.2960006122,0.7307808299,0.4703037986,0.3723294669,0.8476246993,0.1139253313,0.4230243279
0.8610137266,0.2440463786,0.1795433733,0.5396549718,0.3054039847,0.8168386342,0.8383692959,0.0881097620,0.0704074835,0.2379871720,0.7738524886,0.9693314647,0.6405600163,0.1914709271,0.7502728435,0.1261918607,0.3378102155,0.3128277547,0.3274059595
0.8335040078,0.2251916438,0.1640828593,0.2526538067,0.8846130737,0.8211213927,0.3223875394,0.9333548899,0.6833348988,0.5582732126,0.8792781117,0.0496833342,0.8158532291,0.4639727350,0.5267203569,0.4556737850,0.3971326829,0.8763559763,0.1374083601
1.7036906771,0.4542600577,0.9403601062,0.2371651138,0.2877250837,0.6686064002,0.1013201165,0.9619498024,0.9443103882,0.8623701217,0.3469394122,0.1796870931,0.5903649355,0.1099079384,0.9344524216,0.3749060086,0.2804022923,0.5372842992,0.3839330901
1.3903247285,0.4426822110,0.4907525838,0.1036669292,0.9838132435,0.7495425969,0.8354286589,0.3138198669,0.0320917614,0.2687026571,0.9703648086,0.8307927465,0.6962024808,0.8207296122,0.4229543599,0.7829537357,0.3923401167,0.3670442777,0.0275428786
0.8479452123,0.0417753011,0.8244945103,0.4748808848,0.5834054262,0.2800027320,0.2523983623,0.4437193053,0.3473708552,0.0476929716,0.6917134411,0.6087343922,0.5872291224,0.2542242137,0.7816380300,0.2736841886,0.5969045864,0.6605958908,0.8224991856
1.7797925536,0.5022068100,0.8794731578,0.4955797556,0.1245246435,0.2802216850,0.9368043752,0.4167444672,0.3445571770,0.1244768522,0.8855571882,0.0913091586,0.2164613536,0.8839986007,0.3708689071,0.4358939214,0.8925451460,0.9523302589,0.2718801721
0.6553921918,0.0495370325,0.5108354094,0.4060209118,0.7579221699,0.7655785168,0.3160180888,0.0222792576,0.2963729130,0.5785220226,0.4137218531,0.7077195483,0.0285281478,0.2079067019,0.6548783074,0.2295166608,0.6261026632,0.0852418510,0.7459716336
1.6362953962,0.3643233374,0.9501919882,0.2614117034,0.3868588474,0.9465070588,0.6347067744,0.4416878834,0.2624672395,0.6504880787,0.5469589948,0.4834208729,0.2952126351,0.9595387669,0.4200615942,0.0778629518,0.5149884513,0.8566956205,0.9558978121
1.6571045214,0.5526283910,0.6229303801,0.7899159427,0.5424467281,0.7675942205,0.5676358925,0.7263552229,0.2696721526,0.6876154393,0.5256981840,0.2716676998,0.0336412268,0.2295846332,0.2229880248,0.0104830447,0.6267281702,0.4684601685,0.6730417823
1.4241722021,0.7762141508,0.7970690187,0.4319281191,0.7097789772,0.2228232332,0.4051528550,0.5975975154,0.4050692983,0.5948522154,0.2552726494,0.0206235302,0.0062296391,0.1209630571,0.4489252402,0.8014543492,0.0247447173,0.4930682381,0.8768261658
1.3419198325,0.3727463225,0.5788425571,0.5080543780,0.9570175783,0.8708211733,0.0226923342,0.9859197792,0.8866786774,0.9973822374,0.7265007727,0.8611946003,0.5325205401,0.8987219996,0.6762001150,0.5002170585,0.1269056488,0.6831318774,0.7135275459
1.4784361763,0.5104806959,0.4668289879,0.1118732561,0.8128671430,0.0339272090,0.3226500761,0.1106537119,0.8769798815,0.1374826794,0.5447374603,0.2306145030,0.4013528237,0.2217836083,0.8439322771,0.9392588635,0.4162848639,0.9485879117,0.3329971545
1.1172835369,0.1229989623,0.7495661364,0.2337171241,0.0927288766,0.1023681909,0.3838208394,0.7642080282,0.4051833668,0.5872230801,0.6687804588,0.9343551862,0.0701277035,0.5826298181,0.3735976578,0.1359428762,0.3362160673,0.4084492082,0.5156362712
1.7858478852,0.5766379176,0.8284147820,0.0596697511,0.3828003932,0.2496482626,0.1098535437,0.7463052936,0.8041994149,0.8011708829,0.5684072069,0.8507481922,0.9575439103,0.3920256157,0.5965502147,0.8590116129,0.8744078316,0.7256874137,0.9377797911
1.5241391865,0.4388116158,0.6374360758,0.2256537919,0.2349467830,0.3217459261,0.4752368093,0.2249182137,0.6610859539,0.5184823587,0.3420450284,0.2903952442,0.2305663939,0.7221133276,0.5789919710,0.1281607903,0.0513695434,0.5505737969,0.9163731846
1.4812085727,0.3474522567,0.7501276146,0.2255861755,0.8995697789,0.3786745443,0.8303122138,0.2395965390,0.7093733554,0.8695134462,0.8743760030,0.2882377559,0.6807955332,0.5391708146,0.6120772642,0.2505612776,0.7858484875,0.9302845538,0.9150045042
0.5242975315,0.0279125038,0.4644086482,0.1360266898,0.5008362962,0.0463962897,0.5562732988,0.1807923468,0.1078189010,0.8090981639,0.8761798126,0.1546098174,0.1679415252,0.1666140431,0.3053362863,0.8261294466,0.7464299775,0.1518281400,0.2699236454
0.6455907649,0.0573934968,0.5532146127,0.9023612109,0.7994879695,0.3091397795,0.6345262132,0.8750961799,0.1230756746,0.8978090922,0.6517691101,0.2804585786,0.6295045862,0.4559865524,0.8634740701,0.2898098443,0.3239004982,0.2381725732,0.9030302397
0.8478922936,0.2358190964,0.2714780389,0.2973136043,0.2462579917,0.9732603111,0.6257389203,0.8456494801,0.8983424685,0.7149584151,0.2736078824,0.4756185652,0.6943779239,0.8294060753,0.8913386870,0.1737129012,0.9005825056,0.9414436294,0.5643800833
0.8273608207,0.1095942419,0.5439439229,0.6186912677,0.2297112921,0.0780164214,0.9102840906,0.2439739495,0.8809781745,0.9029232388,0.7666309884,0.5062690364,0.3947102677,0.9831534743,0.4696163099,0.2831056469,0.0083082482,0.0371826275,0.3050782403
1.6114188378,0.7459174862,0.9823684262,0.2592215920,0.0627300384,0.4649281984,0.0357166663,0.1705859098,0.2537543397,0.4553376431,0.8049561913,0.1357898396,0.3676661985,0.8280535888,0.2986907314,0.6255001688,0.2864403676,0.1276166568,0.3739877817
1.3593916122,0.3651984333,0.4248212702,0.8472676972,0.0169766033,0.7266837160,0.5986371222,0.4031317834,0.9141383157,0.8731525627,0.6586360288,0.6363006844,0.1817311038,0.5617348685,0.1510728943,0.1437681216,0.1179633718,0.7009451088,0.7165029229
1.2244368739,0.7010904516,0.3063934762,0.2442834140,0.4677168235,0.7052447868,0.1745694483,0.4076658369,0.4925373871,0.5996778116,0.4681866738,0.6039565708,0.6376853449,0.2224680636,0.1361446083,0.1784100909,0.6852299759,0.2825013657,0.2221836630
0.3375710707,0.9063815611,0.0548772911,0.3513990351,0.8598840782,0.5066228290,0.4126108208,0.7216358321,0.7890443294,0.7142599402,0.8547977511,0.5592997616,0.5220500731,0.2185684626,0.5945301872,0.5065424096,0.6227100459,0.2487294753,0.4429824673
1.9137066857,0.5481886210,0.9300327214,0.5740778918,0.1685707603,0.0169243061,0.7595332099,0.4376102038,0.5297989152,0.2901768267,0.2172610101,0.2889411925,0.7553593648,0.4348506649,0.0740374871,0.9554843756,0.8384584487,0.0217447341,0.8936997341
0.6144225499,0.0379902703,0.6897653324,0.9561087688,0.0016251336,0.7427682027,0.7009881558,0.6415795760,0.0176589689,0.2216362403,0.1217204771,0.6348053973,0.6755352558,0.6168275174,0.9847580617,0.4461235734,0.1409249328,0.7501317148,0.6237127064
0.8759067256,0.8821566580,0.5935822234,0.5267146170,0.7381841099,0.0911249369,0.9345229701,0.6796241428,0.2705427475,0.3628104911,0.5458856829,0.0850650611,0.2371901202,0.4288645917,0.3487192093,0.7523914949,0.6076145780,0.1794569892,0.0381005022
0.6048506758,0.8717483779,0.1303047576,0.6992207304,0.9203503934,0.6404197769,0.1428328391,0.5943524511,0.4474882972,0.5310153417,0.5447840063,0.0589658744,0.8720184378,0.4775236886,0.8437781081,0.4198274590,0.5411661936,0.2910440273,0.1055366683
1.3307228214,0.3576086626,0.4240492097,0.7225388735,0.2191942193,0.8988668435,0.2772381190,0.1072930029,0.0046097089,0.1204959707,0.9210813033,0.0308959407,0.3287315484,0.0849421338,0.4716866081,0.1778073532,0.9214166664,0.4418356131,0.0593460357
1.1335951271,0.8855142139,0.9381555737,0.8072041813,0.5478550782,0.3940518673,0.2482212333,0.3140890959,0.4688432100,0.9642850305,0.0717859158,0.3538594182,0.2354931830,0.1984593779,0.0955140636,0.0559470265,0.3516779749,0.9532307305,0.5722238634
1.9268053626,0.5776044231,0.8580077498,0.7308034592,0.9677330204,0.9580501145,0.2807189202,0.8444570470,0.9630631092,0.1077585959,0.8396846032,0.5267284042,0.3877640694,0.1955638148,0.1021973913,0.3266822308,0.0815377146,0.8333662068,0.8296066749
0.4399718289,0.8969323548,0.1589884151,0.5876424950,0.0935549649,0.5216286655,0.8132083532,0.8534847118,0.9429590892,0.3561715448,0.1064784088,0.3666637242,0.3274150822,0.6964333157,0.0969981526,0.3724978050,0.9460557177,0.2746412007,0.0292476446
1.5472986247,0.3225920015,0.8935958211,0.7504216607,0.7992739713,0.4335571276,0.5364898834,0.3898413854,0.2102167687,0.9373151303,0.6172760831,0.6211932128,0.6508792536,0.3427494748,0.5444340206,0.4738488316,0.0164841685,0.5302840500,0.9815015766
0.2267902677,0.0456361169,0.0359604039,0.2446262799,0.2399873939,0.5739098186,0.4998531043,0.6962550248,0.5773115616,0.2073395551,0.0449201631,0.3409773620,0.0293925733,0.6188506450,0.3266574822,0.6750224071,0.7752590365,0.5413833966,0.8187741640
1.2669116249,0.5749892854,0.1800928490,0.1344485301,0.2762197054,0.4853402364,0.8197792756,0.7612278087,0.1528198242,0.5284912218,0.2971495778,0.3085566812,0.6518086323,0.0091523957,0.6391080249,0.4454978185,0.1208897815,0.6233504616,0.3683617531
1.4394991847,0.6207741018,0.3614329724,0.6063005003,0.1886745564,0.5482992291,0.1968728937,0.2639294374,0.5684293547,0.4977177269,0.6491477817,0.6278090189,0.2321027081,0.9146917745,0.4208962971,0.7575210388,0.7460119305,0.0075848533,0.4048340697
0.4652371262,0.0616148044,0.2577175975,0.9702923840,0.4790861903,0.8889130264,0.6775499396,0.1942892484,0.2408996338,0.8531194765,0.3144253104,0.2112409429,0.9512402902,0.3155411002,0.8158644670,0.4996434757,0.3080366577,0.3711014416,0.9921809945
1.0774782880,0.1834841037,0.4319291758,0.3449378891,0.3190154326,0.2619310345,0.2801819272,0.9098727213,0.6535981275,0.1897073026,0.4400180931,0.2365472662,0.8039231778,0.1206487292,0.6251750909,0.5573797100,0.6481941036,0.7419238417,0.2872420682
1.2822919987,0.6218128726,0.0622296955,0.8884057570,0.3140522918,0.6762838265,0.8467157110,0.2913445123,0.8700010918,0.4055317493,0.8196258013,0.3785539149,0.5948233317,0.5066557693,0.6461629242,0.9642972138,0.2500020070,0.5219499486,0.7976822954
0.6736042221,0.0298948762,0.6473109854,0.4404661947,0.1423664542,0.1184478732,0.9613318092,0.1959816527,0.5776080380,0.9399399956,0.6079835792,0.0208864765,0.7267308159,0.5775138872,0.4760168708,0.4811858787,0.8195365812,0.5000896287,0.1211579650
1.5861354875,0.3411777301,0.9321683058,0.7151775214,0.4428273389,0.5392619119,0.7235952800,0.1460177413,0.8419947537,0.4011777951,0.3117655482,0.9618011730,0.8752591418,0.3859826735,0.5126654766,0.4878010800,0.8907847150,0.2635882948,0.4678919529
0.8361205533,0.9529994876,0.9015265858,0.0358065796,0.2458692211,0.8001851333,0.5845197031,0.7521790949,0.1747821527,0.8218796885,0.8551271793,0.4417764525,0.5779757617,0.3185347313,0.4115563575,0.0851893591,0.9545191826,0.9709251138,0.4354676194
1.4952223466,0.1962593481,0.9122372721,0.3992707046,0.1812771615,0.6558090911,0.3211680646,0.0189687771,0.7026279506,0.8529486986,0.1899696552,0.3620004427,0.4686740540,0.7458585643,0.7785652494,0.5317075269,0.8359667827,0.7252586209,0.8991600584
0.6559167272,0.1446278635,0.1060346566,0.0853941948,0.5440506714,0.4955499608,0.6482489428,0.3231803884,0.7524944148,0.3087667857,0.8019537462,0.1040655096,0.8042910626,0.9959181662,0.1471539933,0.1142084881,0.4104742186,0.9245457887,0.8691859348
0.8613563269,0.2173581581,0.1625974717,0.2267562592,0.3734459202,0.0890862041,0.5818820840,0.4075141785,0.9441747610,0.7014703674,0.9938499401,0.1897941967,0.4595921768,0.1166426992,0.6842548793,0.5316942713,0.4004985983,0.7228175046,0.8905520297
0.5924290371,0.8623240091,0.1228641310,0.4937484722,0.3105084059,0.4445366034,0.0547567333,0.3347970998,0.6703420372,0.4959896386,0.1368701682,0.3415029262,0.4106760777,0.8378681223,0.6140175321,0.9518937064,0.3130684562,0.0073128570,0.8359272124
1.3745280573,0.3241860512,0.7604867636,0.0995216339,0.2035656750,0.0914745870,0.3799523074,0.4048603722,0.3530938878,0.7450193777,0.0865996608,0.4687431133,0.3638912081,0.9633673430,0.3378181419,0.7163662610,0.0903133211,0.5806111806,0.5280045210
1.0424775069,0.8243750166,0.6361133970,0.6257013850,0.9885604961,0.2574837431,0.8742902629,0.0357599174,0.7279751430,0.4982088271,0.7506284508,0.0039864322,0.4991482075,0.1607622436,0.7539488264,0.4512576089,0.3213581329,0.6725749971,0.0199119651
0.9847581568,0.2610129018,0.2852659558,0.1636312780,0.0841394814,0.7826961866,0.4260916539,0.7868638923,0.5644463182,0.7655964704,0.0181004816,0.8020946032,0.1780970605,0.8212089845,0.8351679434,0.0377888065,0.9229322594,0.0662673742,0.7653166249
1.5356961800,0.5900771154,0.3356610056,0.5910456557,0.0645721041,0.0603796368,0.9060513991,0.3222684550,0.4469240621,0.6599302275,0.1773578613,0.8191338155,0.6238850598,0.9389795229,0.5668384771,0.1175541597,0.1643623393,0.7927192341,0.8636478291
0.8308342204,0.9369791942,0.7767459613,0.4537851506,0.2351951894,0.4888818124,0.5550384699,0.4673259446,0.3215553553,0.6930571835,0.8019975363,0.5422628917,0.6748074396,0.4726051459,0.4747215167,0.4428242061,0.5040183272,0.6528944476,0.5581699443
0.6912262135,0.0408168524,0.6604479061,0.3393051711,0.6159704036,0.1198269198,0.2248415104,0.3333100753,0.6808558504,0.2570195530,0.8323036972,0.0609993401,0.9168755306,0.1491752843,0.3751571220,0.9143505974,0.5793048121,0.1067542465,0.4176886803
1.6066430957,0.3340974617,0.9821442866,0.2120704556,0.0592467531,0.1775730409,0.6358981210,0.6060206414,0.8246966103,0.0830664716,0.1987006989,0.7504289924,0.8023621059,0.5332795977,0.6676065643,0.9745635912,0.5787116682,0.7356377123,0.3106072910
1.1711105185,0.4311904349,0.3391981614,0.0464725450,0.7470458957,0.1984607950,0.4408017794,0.0900853947,0.5258276826,0.7192097702,0.2631195590,0.9356887639,0.0735885930,0.3520665857,0.7349824855,0.9189987448,0.0167171298,0.6440347471,0.3950164503
1.1092704572,0.7374312479,0.1914736844,0.7408244874,0.0797263440,0.2136018092,0.3290823791,0.7278067497,0.3227887236,0.3119834015,0.8914994349,0.3926460008,0.0950109520,0.7990524768,0.8116382585,0.7029558967,0.7883575434,0.1163044335,0.0405237931
0.4597428048,0.0109757074,0.5533540407,0.6861636501,0.6664266629,0.3469746471,0.8807215012,0.3523231665,0.9067850309,0.2135963325,0.0693926302,0.5812067722,0.9016378328,0.2950898132,0.1085938029,0.5133681972,0.4894113706,0.7535142423,0.8507128017
0.4902469148,0.8742557163,0.0553198972,0.6761652893,0.5909167975,0.5277200190,0.7634048738,0.3526712704,0.1015400214,0.9795361696,0.5154725252,0.9965489454,0.8135824663,0.9924225334,0.2921402601,0.4122357685,0.6346827616,0.4556332361,0.1807463069
0.5583457161,0.8287785982,0.1000836243,0.0533649064,0.4377511119,0.3978599894,0.5926028867,0.5883897292,0.9932181962,0.4156968476,0.2150299850,0.4081201431,0.6349347752,0.6828170894,0.0895440244,0.5787628260,0.6706886810,0.9564596926,0.5325465576
0.3208457476,0.0370529665,0.1685168627,0.9699455201,0.4975122241,0.4285398653,0.3803578736,0.8162387213,0.0701444626,0.2694948578,0.4867450099,0.5817498050,0.9051114203,0.6391259429,0.5075098778,0.5035107135,0.8522405830,0.5103311638,0.8725560944
1.6992477930,0.5472209936,0.5562308501,0.5381689719,0.4433692301,0.0383891905,0.8174429885,0.6793862815,0.1644790437,0.2239900757,0.1205270668,0.3210005339,0.5660708090,0.6203970074,0.7605669169,0.8795683967,0.5141804183,0.6277163023,0.6750227352
1.0557339136,0.0842409369,0.8462835780,0.3623752045,0.7118707015,0.4219848246,0.0278381694,0.7669192859,0.6829280604,0.2955396700,0.6301188922,0.3180603588,0.1083135213,0.1394999659,0.8735719449,0.6425010120,0.9994492315,0.7977283855,0.4603052369
1.3302929540,0.6421508835,0.2473121910,0.3044962160,0.1428935264,0.7108092095,0.9996876067,0.9389055375,0.9239286483,0.4808342928,0.9500065333,0.2170152530,0.8500920605,0.9392519422,0.8295723781,0.8515968467,0.0758186252,0.0710969139,0.3930450350
0.6640901583,0.9630673308,0.4397712910,0.7581942142,0.6136871162,0.3084470689,0.8720292571,0.3719346351,0.2334614539,0.2207586971,0.1071394484,0.6253384087,0.6477478682,0.6566907340,0.3454932509,0.3206038359,0.6941121778,0.7958146583,0.0526125647
1.9039495239,0.6329970678,0.8285249967,0.6716330459,0.6287919055,0.2028752031,0.3445881155,0.3074718400,0.8350748088,0.0027231758,0.8171301519,0.7900222996,0.6495953260,0.6078659535,0.2100570479,0.0971215991,0.0664103922,0.2404478280,0.2266351183
0.8053269414,0.0539859217,0.6790517454,0.5590490512,0.1357392338,0.3628866230,0.6468567794,0.8771929117,0.8568680302,0.6908736407,0.1693379448,0.3847325598,0.6774525436,0.3836750653,0.1178279522,0.7944462066,0.7847141972,0.1451456521,0.7490681692
0.9847964428,0.1148208381,0.6898380281,0.9205313458,0.6497753375,0.3776424967,0.5508649337,0.8377705797,0.9803459849,0.0288870938,0.4822606493,0.2828195071,0.2230675330,0.2167012704,0.6727485977,0.8667569603,0.1504029073,0.1295069841,0.1698685277
1.1146923028,0.1010293317,0.7848960777,0.1763941939,0.0612725959,0.6237611693,0.1782269821,0.9086322083,0.8876005730,0.6602251151,0.6930731427,0.2409472893,0.5800660294,0.2661889015,0.4760449604,0.4315454668,0.4690322355,0.4218793293,0.3148784138
1.1212682645,0.6910329464,0.2434508541,0.1155611040,0.4418700317,0.1655569950,0.5360789444,0.5610530128,0.0135889128,0.6923775242,0.2840886182,0.5126488280,0.4974672114,0.2987667307,0.4873941019,0.5551465461,0.3667012986,0.7677597207,0.6538379894
1.5515711529,0.3516604278,0.8047187803,0.9025749526,0.9571318587,0.1098348171,0.5140358745,0.7282592769,0.7408454612,0.0425811703,0.3980005456,0.7191209620,0.0962495772,0.5049250315,0.1534715524,0.2060294738,0.6496091422,0.8916668042,0.7901761464
0.5417566459,0.8882036494,0.3006490540,0.2573169106,0.1034585307,0.3025051111,0.3278357414,0.1558207759,0.5465149428,0.6541592685,0.4091894448,0.2136585510,0.1075440441,0.0895826026,0.5531251847,0.6281232569,0.0491388917,0.0040095037,0.1943891128
1.3324561536,0.5776024400,0.1395954515,0.0808596837,0.0278715783,0.6760013347,0.0170396293,0.4069773229,0.8525701578,0.2380872645,0.8763493710,0.9537670671,0.5099922327,0.3494792038,0.2414050413,0.0689737628,0.7316712087,0.7129082447,0.2883775419
0.7494352238,0.2532921007,0.0143328060,0.5910671447,0.4362413237,0.9471378085,0.8238551209,0.9371927939,0.9550872828,0.4803569191,0.9469916383,0.2418080677,0.5331605839,0.7610202163,0.4101105862,0.1111057035,0.2111996392,0.4516888267,0.7632873211
0.3165219530,0.9400496056,0.1671025548,0.2547012934,0.6801122168,0.9186359598,0.2613693242,0.7597276447,0.5369119301,0.9771393822,0.2525525045,0.3932621401,0.0176058501,0.2740084868,0.3952686339,0.7123527646,0.9136178130,0.1045959868,0.0391086261
1.7043539102,0.4241373954,0.9808612253,0.1750134448,0.4740240438,0.8374154992,0.5843495840,0.4697903303,0.9072547643,0.9717906081,0.2728817270,0.7884455558,0.2927142001,0.7343334037,0.2384579688,0.7994419114,0.3586949848,0.3942233900,0.8882869728
1.4731611864,0.6808145753,0.3833644630,0.9493233419,0.4832181920,0.3648172241,0.6288891382,0.3706838584,0.3929507430,0.4992630200,0.4691281864,0.2764582059,0.3253490270,0.3945091926,0.3548806469,0.2083050100,0.9208805308,0.4227142487,0.8093324115
0.5868895169,0.9776250657,0.5820945407,0.0994308344,0.3376089582,0.6482382382,0.4272286935,0.9858160391,0.2861697070,0.3717773543,0.0752944098,0.6816032823,0.3719778228,0.0325704938,0.6098250576,0.7067987352,0.5592059066,0.2224237712,0.3208876031
0.4181122886,0.9739263453,0.3588991527,0.5239964389,0.6936784416,0.6354949813,0.2110950164,0.4149126086,0.8917273427,0.6555493969,0.1444697700,0.7476567147,0.3405588825,0.8389590417,0.8575127061,0.8618164994,0.4932854190,0.9523562118,0.1705258349
1.4905131369,0.4971296356,0.4682802340,0.2811422573,0.5131276298,0.3796738904,0.1668987887,0.5161767073,0.1428446527,0.7462850185,0.0394431918,0.8561871011,0.3504940004,0.4847072293,0.7616793090,0.1240608840,0.1655161026,0.2688448766,0.3007376980
1.1326916444,0.6780992960,0.1654322785,0.0773676265,0.0193308931,0.9795646057,0.5764887513,0.2851783199,0.9212150027,0.1828184928,0.4510294363,0.2004405449,0.0744524587,0.7080240188,0.8387575483,0.5350347798,0.3335326937,0.3450304500,0.2281039406
0.0344702697,0.0089082974,0.0374204591,0.6036312578,0.5254344153,0.7581669393,0.3022644826,0.0749804126,0.1798786828,0.5187242934,0.5082464080,0.1622680506,0.5869780275,0.6904050418,0.4371220222,0.5483476795,0.6398978827,0.4162933579,0.3712129828
0.7418369733,0.7785785818,0.1679841738,0.0474335437,0.6167499127,0.9341082848,0.0003482676,0.6217717922,0.2013417872,0.8295960667,0.4982801382,0.0232317403,0.9102118860,0.8303181981,0.2597397606,0.0732789045,0.2358144771,0.1492330720,0.7754318846
0.7400020638,0.0758681000,0.7151203116,0.7818639100,0.5429753885,0.3377890982,0.7626339713,0.9535197255,0.6900156021,0.3352838640,0.3084094141,0.5129746605,0.2758470664,0.4559553702,0.5548172700,0.9955751933,0.3244803820,0.7143310943,0.7627510525
0.0356711858,0.0166176591,0.0933096279,0.6531807937,0.0155577737,0.2659310148,0.0285740797,0.1555363573,0.7305713907,0.0874126809,0.7670905021,0.8220441644,0.0082516911,0.4853064826,0.8074796284,0.8807387863,0.0206724151,0.7949373530,0.2239307366
1.2442821793,0.5968219550,0.1584265882,0.0803943247,0.4312957847,0.4422015142,0.4010833219,0.7591271970,0.4211132387,0.0537071314,0.0785096466,0.1208323720,0.7846318985,0.8735234946,0.4536763125,0.2286236979,0.6621179701,0.2895095855,0.8645416252
0.8227834401,0.9421186930,0.6619393571,0.8894405587,0.5693659454,0.2496612213,0.6181960977,0.7860257818,0.3647824511,0.0474588977,0.8067566458,0.1349372460,0.3794319776,0.0296373731,0.9747957581,0.1738318110,0.5208676383,0.2288738364,0.6673095417
1.2664487238,0.4413912562,0.3779950515,0.1626731329,0.7276877981,0.9372854789,0.6154540457,0.0315899826,0.9845222534,0.7497154548,0.0234233521,0.0971566741,0.4982676243,0.7053121811,0.6526949612,0.8132150056,0.0083518597,0.6473825585,0.9621470226
0.9897180138,0.1214221358,0.5709299428,0.0518916125,0.7579813780,0.4072734266,0.2061866545,0.7257452836,0.9028349109,0.4711061987,0.6701984165,0.3719540067,0.6313012255,0.3984822696,0.3829262330,0.4705202410,0.2722957783,0.3841539077,0.1974154468
1.5855572652,0.4748188920,0.7224598552,0.1179282018,0.4877327541,0.2664653527,0.9722596991,0.9502895412,0.9105902781,0.8932036465,0.0894413715,0.7614071210,0.1690720413,0.3912134937,0.8846397533,0.7478255349,0.5012793171,0.7886412463,0.7446151068
0.7562004034,0.0991305265,0.4532578802,0.5741021453,0.2131591081,0.7466657985,0.2712537989,0.2568600032,0.9157343561,0.3528521183,0.6433874069,0.0262656568,0.3758335927,0.0915826803,0.1962001218,0.9002231887,0.9926869091,0.1906126894,0.4948144158
0.6768461645,0.0002235600,0.9045005405,0.3899170943,0.4583024202,0.8163434909,0.9726699064,0.0987534355,0.9040857486,0.7810375942,0.8343626796,0.6661751592,0.6509267985,0.0962749958,0.4398121914,0.9842263823,0.4069460743,0.9238759373,0.7873770357
1.8622107338,0.5941208472,0.9705350805,0.2769597727,0.9882281213,0.6911478358,0.4822267857,0.5674382892,0.0495891832,0.9483791368,0.6970239684,0.6809983081,0.2159472812,0.2918947916,0.4915489965,0.0320857728,0.4367491372,0.8521541084,0.6092487744
1.4708674554,0.6755541515,0.6279088492,0.2472140293,0.1363894595,0.9442393670,0.9833114439,0.9215211256,0.5740374700,0.4597128414,0.8701509627,0.7142837218,0.5862977628,0.6142349098,0.7006267751,0.5980142351,0.7701205913,0.5898681040,0.9778245433
0.9271019105,0.8925764882,0.7926733985,0.2140154610,0.9181749303,0.9511914012,0.7977802610,0.9681731611,0.5145281953,0.1996484389,0.6794732874,0.6401509625,0.5413379468,0.4900622756,0.3966287053,0.9579104722,0.1948075542,0.4461761586,0.7015225642
0.2477362603,0.0555211012,0.0462967418,0.5447289087,0.0948920883,0.4726715900,0.6947990052,0.3707224740,0.6516121187,0.1044852931,0.5122491340,0.7006784333,0.6472731202,0.8560407706,0.7022223011,0.3807683181,0.6295913852,0.5571774706,0.9820290160
0.2100340366,0.0077456078,0.2301026741,0.3546510415,0.8318970237,0.6265164173,0.2474075176,0.7434568062,0.6654311264,0.2365469157,0.3256286561,0.4746527933,0.7713831735,0.5999157746,0.7726662885,0.7495380627,0.4685224684,0.6849375331,0.6757817049
1.0315215156,0.0759566370,0.9577074770,0.8467795972,0.3421010736,0.4738774659,0.2662429573,0.1906936019,0.2844657133,0.4812829152,0.2824764579,0.0456028641,0.9404844534,0.5048120477,0.1707421150,0.9640061323,0.4067898577,0.2159222935,0.2879647333
0.1756666662,0.0100107665,0.1845574179,0.6272233407,0.5173318473,0.1496946343,0.7847133755,0.0368231498,0.2964925666,0.3130436462,0.6521809285,0.5501267575,0.5618283548,0.0413190705,0.7191485780,0.5423878775,0.8050345341,0.2588691039,0.4806751810
1.0289130545,0.3091887860,0.1483415926,0.7493202924,0.2701590997,0.6646580162,0.0443500305,0.1277756858,0.3742125124,0.9697687452,0.9987625698,0.2524825394,0.4133198627,0.8696963498,0.2500670536,0.4837739527,0.1245654608,0.9111966910,0.2756899431
1.0748990638,0.1374967588,0.6009117946,0.2480803236,0.9266562776,0.3668744968,0.8745270049,0.9278763731,0.6724331460,0.3928982244,0.4377700550,0.2510408176,0.2135288904,0.7949394436,0.2500749238,0.5880301791,0.8193342129,0.1419367881,0.2083362622
1.0384200236,0.0971123135,0.8576383807,0.0653182754,0.7273104930,0.9429465767,0.6717094845,0.8155031810,0.7513864025,0.9219117116,0.2960102497,0.4980491904,0.4005853041,0.7968681841,0.7512969212,0.7135774172,0.2561864359,0.4415490129,0.5634022091
1.4626408628,0.6564589798,0.4239449264,0.2154140964,0.7809876078,0.4012733228,0.4605960434,0.7222488844,0.9228894950,0.8791981931,0.2649258284,0.4875741952,0.9586891523,0.7870563007,0.2896655834,0.4023370117,0.2584914139,0.5315088382,0.2633935371
0.9475103589,0.8636697969,0.5280221205,0.7443789070,0.3913624062,0.0434059810,0.7415403076,0.0474709137,0.2848469995,0.6977754232,0.7843987017,0.9300399843,0.9018951211,0.6965086334,0.6043439845,0.7534031334,0.6707729245,0.7131021786,0.2839345720
1.1453059512,0.2606098502,0.4347146470,0.8018078140,0.9645157723,0.4550928166,0.8168465986,0.7889955606,0.1528571473,0.4029145669,0.7112273413,0.1990178549,0.7731133387,0.4693354982,0.3028462726,0.0963491019,0.7622506287,0.3414947736,0.3869843112
0.7879489140,0.1541288807,0.2722440575,0.9801688779,0.6418353378,0.8645877385,0.1182296059,0.0207539728,0.7541669805,0.7553658292,0.0679177529,0.7824971310,0.1620710300,0.5709353718,0.7263351557,0.3317417956,0.3575181912,0.1359896713,0.2389901160
1.0627042619,0.2973829065,0.2218220208,0.7230031468,0.4414974242,0.0215969917,0.5969906231,0.5658479135,0.5529864367,0.9797916834,0.8564160747,0.0964858331,0.5345191719,0.7404489523,0.5508143504,0.6671743537,0.5810702968,0.9573376806,0.1518249263
0.8316262574,0.1769960205,0.3155752223,0.7420569028,0.0318216975,0.5783231666,0.8734022923,0.4901083492,0.4416306667,0.7075233592,0.4628884600,0.9481452689,0.4613979323,0.8925650679,0.9888803803,0.9583449759,0.5802877139,0.1986910144,0.5218532256
1.4584059873,0.2961147350,0.7094736687,0.5637899429,0.3902048297,0.4881882107,0.2442702064,0.6874114503,0.2689446192,0.5180173588,0.2504220540,0.5175920309,0.9623756247,0.1550597423,0.7637587480,0.9448932676,0.7066799192,0.6916462826,0.6439270216
1.3467090097,0.8203602521,0.8815085197,0.9189193000,0.5988146955,0.1293553327,0.9597087780,0.6836886299,0.0368556781,0.8905882755,0.3494634341,0.6622731105,0.8095854984,0.4304823801,0.7857076457,0.9181245543,0.6906061625,0.0857971408,0.5554509578
1.5710336713,0.6861627073,0.7610279360,0.2118050876,0.0358267604,0.1791061355,0.1120717273,0.7588274349,0.0822129228,0.4977409376,0.5482118412,0.8385263359,0.9350603014,0.6083815935,0.9994783525,0.1703068977,0.8735042827,0.0890950926,0.4578024700
1.7612443921,0.4855180540,0.7778822276,0.6356414476,0.1475113013,0.8755997682,0.2466119217,0.9406890880,0.0552907670,0.7117746215,0.2856147952,0.6034168068,0.5707199421,0.3133869609,0.2798871585,0.6853965568,0.1457092426,0.8469898803,0.5270395517
1.7069763934,0.6683089071,0.6946966864,0.9088783718,0.4659476102,0.9268948335,0.2501365388,0.0704134593,0.5257578311,0.9950238227,0.3463408805,0.2812769912,0.9199967570,0.8372673505,0.2997226137,0.8341735829,0.9222838777,0.9977142882,0.1602758946
1.5656834652,0.6202259113,0.4927999432,0.0287161032,0.1255630572,0.4014264574,0.5183027488,0.4011350257,0.6858361166,0.3017491580,0.7922459244,0.2171102975,0.4999021711,0.6831914686,0.5824652129,0.2206797779,0.9759415062,0.0984998032,0.0481715611
1.4281581692,0.5954578960,0.3932901613,0.0029581046,0.2468141568,0.9297736249,0.8160497670,0.7248595778,0.1794842635,0.8197061229,0.7528917599,0.8519182303,0.7246162145,0.3797021644,0.4641539357,0.7907726989,0.0469369301,0.1069667336,0.1032424228
1.3110971729,0.1994804074,0.6212872411,0.2461604949,0.1521855212,0.2407195180,0.8860762028,0.9496980825,0.2662868219,0.2855776917,0.7494723574,0.9194236020,0.1342803454,0.4922762538,0.4560223173,0.0949427156,0.5216910235,0.4924782246,0.9464898804
1.4795174437,0.6969856191,0.4577241400,0.7861518434,0.0966269609,0.3616066855,0.8393881132,0.1858429096,0.5608428990,0.4313202350,0.5414091447,0.4332786740,0.5448846488,0.4146755216,0.1299067571,0.9209452996,0.5765322308,0.3783129414,0.4297064683
0.3912885969,0.0791329857,0.1145236239,0.4482945143,0.5494492697,0.0414138788,0.9824872573,0.3507314357,0.9958793292,0.1883984800,0.7755885988,0.9385294777,0.9270178856,0.5030055804,0.4727333615,0.1708992993,0.6765704531,0.6502509279,0.0559128523
1.2477098515,0.8091163650,0.8715092000,0.3965201501,0.6527824291,0.6806518377,0.6955923789,0.9728993926,0.0700311404,0.6176493521,0.9966369143,0.3364717355,0.3422208885,0.9162005311,0.1801796174,0.5474470609,0.6995591644,0.2952891283,0.4735984722
1.8595052935,0.5372093037,0.8311173749,0.9638618366,0.0175494104,0.6451414561,0.9331306811,0.7058548656,0.5950932316,0.5371562502,0.3486485553,0.7597143992,0.6116649702,0.3958271146,0.0947676396,0.9388693097,0.0672003232,0.5726797534,0.1452310659
1.0676309903,0.8231771476,0.5456848999,0.7277043796,0.6021456987,0.5878653450,0.3409354149,0.1942987136,0.9700634817,0.5890166049,0.9986369723,0.5418888233,0.9503348300,0.9979782242,0.7663760785,0.1264199249,0.5111511613,0.2090751019,0.6095723899
1.1720584362,0.7050671925,0.1583400917,0.6932987705,0.1737826191,0.0836929080,0.9695908812,0.9401127153,0.8837220879,0.0225359950,0.2708297250,0.1988457295,0.5657089669,0.6372831716,0.7717002444,0.4189526575,0.1266292944,0.9953573506,0.6632172799
0.9756031784,0.1572458049,0.4470983100,0.4249709537,0.8324203302,0.4243197805,0.9483861824,0.9292471553,0.5024906126,0.1306565312,0.1006405663,0.0256745305,0.0072522279,0.0285355360,0.6166990637,0.8175997673,0.5417458217,0.5889823285,0.3254934255
1.2224923127,0.8180003287,0.9066163587,0.4870433534,0.4408332083,0.3062906155,0.7495821643,0.1621803343,0.7582323542,0.5277095870,0.8308571708,0.8397743330,0.8081464846,0.3950290558,0.7684396896,0.7857037107,0.6748029127,0.7649864905,0.9797640977
1.4215863372,0.4103261442,0.7131115074,0.2426191433,0.0215914954,0.7443049632,0.0219097890,0.4461496933,0.7390286872,0.2327931327,0.9904030769,0.3704595841,0.3747739573,0.9933228499,0.1591891155,0.0302097812,0.3161268730,0.9797324813,0.4755470828
0.6305281519,0.0628508361,0.4397686934,0.2116971601,0.8543619791,0.6671879771,0.4386822126,0.0407076127,0.4722117903,0.2752812084,0.4706793760,0.6663126216,0.9711631185,0.5000894069,0.3133610237,0.6891673079,0.3958109281,0.5019704345,0.0687817282
0.5024439118,0.0527747866,0.2687168388,0.8795149368,0.4091743937,0.4408430951,0.9404012330,0.9020028094,0.0024237924,0.3040625845,0.3878964405,0.3973174864,0.7929954987,0.0434381147,0.3983949604,0.2206328705,0.4061731489,0.9745965277,0.5953585886
1.3501461938,0.3619647212,0.5609215384,0.2809677233,0.8420435766,0.0566986253,0.4284605944,0.2649254898,0.1072360017,0.7396103392,0.4437298303,0.4774718404,0.7229866105,0.5863785583,0.9037267148,0.1128170077,0.0229248510,0.9045453259,0.1961637559
1.5407289706,0.3692828859,0.9363201116,0.8202450801,0.5585611996,0.0927750176,0.6225343140,0.0682411572,0.8868011759,0.7436961602,0.1017886465,0.6301777133,0.4888666754,0.1907901421,0.3964256440,0.5489349080,0.8015897893,0.6897556430,0.3263999775
1.5528659196,0.6686089750,0.5108375885,0.7019021675,0.4845949816,0.4930997687,0.4794915613,0.3422189531,0.7750881946,0.2449138975,0.9394016283,0.9530168929,0.5236134170,0.8933413088,0.2565662654,0.9580393542,0.7929947364,0.6859723070,0.8789249367
1.8262320067,0.6446941648,0.9671510403,0.9419508850,0.9792734698,0.2882317159,0.4811643386,0.5720860682,0.3535402239,0.0646326112,0.0843532293,0.6244384519,0.6420395162,0.9737962310,0.5456162134,0.0144958246,0.2908674210,0.1667965776,0.8518114755
1.5565451241,0.5558948599,0.5755456720,0.4116028577,0.7802451040,0.8928029648,0.3202517187,0.6223157441,0.4881573427,0.4854182544,0.0356774646,0.3662442285,0.9926129958,0.6217461080,0.2847078170,0.5998921636,0.7490646189,0.2692581042,0.9781757044
0.4426750642,0.9322740654,0.3517808359,0.2426660563,0.9669721646,0.3681721072,0.7708313434,0.3058567520,0.1071172321,0.5989900576,0.2523199140,0.7980534215,0.1093815523,0.6278365177,0.7762912722,0.8322704833,0.7804409095,0.6985957239,0.9819401090
0.8783128175,0.8641319063,0.5004285728,0.6813138099,0.0959747256,0.6595079190,0.7596313555,0.8519467475,0.6550328799,0.2695512904,0.4692420560,0.5490922383,0.9786207999,0.4961566683,0.5703446408,0.8967466539,0.2054581828,0.4545604809,0.5265109560
1.3891520691,0.7833804625,0.8145430411,0.9326304132,0.9276032220,0.9414380898,0.7923129536,0.3331455335,0.2402686143,0.3784918022,0.3046393591,0.8960714649,0.7353195168,0.7649394171,0.4628813565,0.4151763674,0.5135907182,0.1071997824,0.9532079094
1.2797308415,0.7044763299,0.1576869064,0.9360622106,0.8971583790,0.5951697803,0.3011542817,0.9564931008,0.6649482705,0.0920836991,0.2029463881,0.5136441938,0.1361890280,0.1393951966,0.1583271089,0.4972096365,0.4036230429,0.1918090652,0.8555669175
1.4049934600,0.2714791021,0.7321224539,0.7932900136,0.0744615518,0.0885621494,0.4655519238,0.6907642517,0.4518316917,0.3651185334,0.0678938836,0.8795026345,0.8954206912,0.0222472059,0.5959823910,0.7865993086,0.3966101872,0.3235723909,0.0356556995
1.4832466375,0.4736718177,0.5053960632,0.2248118578,0.2265580334,0.8811975721,0.5559826501,0.5122337393,0.3907845282,0.1343468698,0.1782175424,0.3514188457,0.9906888615,0.0310387815,0.9865694515,0.3745316179,0.2819693301,0.4140414539,0.1436082580
1.3581716717,0.2290598552,0.7107481328,0.7624626280,0.9063347090,0.3933743032,0.5452358060,0.7788998833,0.4553495771,0.6380649175,0.5167569208,0.8840128432,0.3880810889,0.5578192966,0.6419479889,0.4659149103,0.7036050499,0.4394375328,0.6887305646
1.6628025346,0.5599054685,0.6116786130,0.9500622222,0.0524321838,0.5951967447,0.3212319870,0.2918917885,0.6711544461,0.7360121569,0.5716732844,0.0117020888,0.7287460158,0.2595455386,0.7775856021,0.3381083042,0.5480444792,0.9689637914,0.0293913772
0.8954594914,0.1496211562,0.4580835279,0.9672940185,0.0315924083,0.5643275100,0.0065722966,0.6675219181,0.1623189695,0.8529093287,0.0759568425,0.2094295364,0.8737640321,0.6560128555,0.0471570772,0.0651342139,0.3316882611,0.6736861418,0.5444523672
1.2218116247,0.1549073028,0.9790549893,0.7181961657,0.3754738197,0.3882955138,0.9463637628,0.0126969658,0.8977239009,0.6197033477,0.9838083982,0.9290355809,0.8147630882,0.8223974412,0.8888717546,0.6944790866,0.4915883043,0.2609273708,0.5343441280
0.9787945974,0.8467481343,0.7061526883,0.2773717185,0.6825618220,0.4666778456,0.0480243120,0.7180605203,0.9490241063,0.2622023828,0.8555495960,0.0728721691,0.3604751634,0.0016736896,0.6430705566,0.0497372557,0.1332186233,0.9733736541,0.5073203272
0.9889166034,0.1569313460,0.5692283864,0.8768520966,0.3806174100,0.1457622357,0.3658149290,0.2120786123,0.2617616826,0.9869943701,0.2674089777,0.3449336850,0.8257885245,0.0706375560,0.6170542833,0.7185984628,0.9042769811,0.2587126091,0.0955794467
1.4716599318,0.2779492470,0.8616483280,0.0518397013,0.8097338683,0.6432340477,0.8625669881,0.1612114839,0.9921400511,0.0671470806,0.0741820800,0.3815946488,0.5092044194,0.0592919039,0.2570350760,0.4343388502,0.0454313120,0.8752461442,0.8198778579
1.4734004361,0.3701186664,0.7050115015,0.0411496258,0.3932761343,0.9044546327,0.0948872373,0.2482771083,0.9544993596,0.4725070177,0.5130827319,0.7755999736,0.6461896712,0.7745693684,0.8680694975,0.0624038264,0.4685926198,0.7184610274,0.2062332338
1.9066716018,0.5599982267,0.9869633185,0.0903149668,0.0060256698,0.8595511762,0.2868457265,0.0248063844,0.5905271222,0.6037548326,0.7262003033,0.7725071274,0.8268012913,0.6158010569,0.8423211721,0.4498911404,0.3364915216,0.3234736169,0.4006906240
0.6808671912,0.0241241080,0.8722371758,0.8391166323,0.5387963124,0.5233176105,0.5934004248,0.0012149902,0.0687496829,0.9604312787,0.4103080285,0.4879326525,0.3009142676,0.0653786087,0.3180914298,0.5269877369,0.3154434906,0.9436895146,0.7685220551
0.7587924909,0.0533471985,0.7070941678,0.4016974935,0.6137797670,0.9112489026,0.8372432233,0.9322873030,0.2471096446,0.8061137988,0.4730652225,0.6607474178,0.1976405559,0.1336030342,0.2198655177,0.2368433105,0.9862328700,0.7457395976,0.0126417680
0.8136158093,0.0103233380,0.9768651681,0.2260546699,0.3851726710,0.6172537623,0.1668062314,0.7088714185,0.4072453702,0.7592048069,0.9062879069,0.6623547833,0.7252983474,0.6900306232,0.1219463864,0.3675236061,0.7458006924,0.1492956368,0.6084258534
0.8928252557,0.2930722571,0.1353701001,0.3718038296,0.0844222343,0.8548451791,0.4800077034,0.8078035645,0.3415655310,0.3143989481,0.8031079486,0.5564412789,0.7178322737,0.9055808841,0.6047112879,0.0968672492,0.5837522274,0.4143852635,0.6092979820
1.1848428633,0.7395576454,0.2575909894,0.6282640798,0.1224158857,0.3862338652,0.9167085580,0.8813425280,0.7378877892,0.8535736168,0.2074703229,0.1417106940,0.7324001084,0.5550391975,0.9930121519,0.9823581066,0.4579439545,0.1134280247,0.0060028490
0.8280653213,0.9088027696,0.7253253184,0.1503183371,0.8242037865,0.6597429549,0.3624502572,0.6401676260,0.4371587249,0.5591875475,0.9301191173,0.4565263956,0.6201447802,0.4374432881,0.6695038722,0.6375157255,0.2080524288,0.3419295274,0.4440653223
1.2663860496,0.2755328827,0.4119443502,0.6297367204,0.2539808451,0.1472498386,0.9346605902,0.1987979644,0.0705345940,0.9485578759,0.8887294471,0.7090273540,0.3411578716,0.7782700528,0.7586112962,0.3877501450,0.0572629855,0.9904533629,0.4651697015
0.8691560547,0.8530254727,0.4882175440,0.3369022760,0.9796694438,0.5891234955,0.5348960942,0.0993711090,0.2322497638,0.4861426951,0.7463187781,0.7700581090,0.4475572016,0.0165535471,0.7544597439,0.0360480427,0.5633439273,0.1079437176,0.7578485188
0.8748511919,0.8459633988,0.2292661157,0.8423542698,0.2636090987,0.7932868339,0.8936840520,0.7481202871,0.2760778156,0.0472256518,0.9385094602,0.7694906020,0.0858266852,0.5514409633,0.7355606637,0.2420510476,0.4439131719,0.8905474989,0.7205308483
0.7288224165,0.9717614911,0.5174508761,0.6973619547,0.4907716670,0.2087364273,0.5260027117,0.1560258352,0.3591766154,0.8442941771,0.5024535591,0.3956817429,0.9278075162,0.7166799239,0.2967108563,0.0849121456,0.5525620821,0.6388266780,0.7082746777
0.8319742755,0.1136417222,0.5271249286,0.8027599969,0.3786075464,0.5274782527,0.8903753523,0.8495403158,0.6026021011,0.2232206421,0.7984194401,0.8744829983,0.3317612528,0.5746954244,0.4832708606,0.1841678758,0.7778165944,0.9388255301,0.3245958598
1.2466934340,0.2333660604,0.7080377344,0.5509765851,0.2975572576,0.2585390100,0.1103756419,0.5917809528,0.5500195130,0.4450570843,0.7979870629,0.7717598433,0.3048499299,0.6547268489,0.1232766326,0.6408672259,0.6522658746,0.0010604327,0.1197903705
0.8442167144,0.9586134669,0.8565061492,0.2655746347,0.6960376366,0.5151552561,0.3266037381,0.6507317311,0.0847220856,0.6239523934,0.8969205417,0.0364155751,0.0164022477,0.5921126494,0.8504383313,0.9129542912,0.6030898904,0.8715390485,0.4972733195
0.9768861565,0.1284802684,0.5240507002,0.1696813135,0.4640447547,0.3093998881,0.1633558330,0.9423003663,0.6450414071,0.4367626669,0.8004346173,0.1983900508,0.2974019028,0.7208985210,0.2753346736,0.4479063220,0.6231144226,0.6076363436,0.2575157953
1.1195796446,0.1380607421,0.6429272367,0.3632416450,0.9056311326,0.4907529260,0.8165909048,0.1390186252,0.1320691962,0.4100990288,0.2405114702,0.1203220142,0.4494850438,0.8560928248,0.5799111016,0.6364133450,0.5044328835,0.3227943191,0.9385714706
1.1825399368,0.6863576928,0.3028606540,0.1104750665,0.2207110572,0.6301580197,0.3744418343,0.2883480591,0.0556644913,0.0007086555,0.6740353716,0.0386315886,0.9866937156,0.4978139701,0.1628913981,0.8788093155,0.3556415591,0.5140035028,0.5345410629
1.4545756936,0.5670336467,0.2277211281,0.9129533457,0.4860383994,0.9659060687,0.6527313598,0.6372593208,0.0781259742,0.9473857892,0.2105362845,0.0201036678,0.2657101194,0.7922704788,0.4165221508,0.4374267375,0.2696601951,0.2098323690,0.0916667658
0.9013257802,0.1977151392,0.3064737367,0.2807446964,0.1542016865,0.7692419902,0.9105512571,0.5937772691,0.7031900050,0.8629743943,0.6899733490,0.6628733994,0.0489041560,0.3035432017,0.3798657086,0.0766254630,0.8250382595,0.9207514454,0.7079072632
1.5447065890,0.2666249206,0.9687401815,0.6940712750,0.8428003342,0.8395692013,0.1071659887,0.6889060098,0.2660475373,0.4874123172,0.4202872521,0.6010935534,0.6772850124,0.8332253386,0.7099822101,0.1530455585,0.3794463165,0.6281958439,0.2769192845
1.1665185273,0.3593606175,0.1656197948,0.9138045089,0.5409798120,0.5330859313,0.5417036587,0.4302346539,0.4777568362,0.7197993524,0.6732255154,0.8847536362,0.0146109792,0.5734292177,0.4646063960,0.1788947890,0.9103519565,0.3155374555,0.7762349755
1.7487276515,0.7030273678,0.9024752896,0.9311210649,0.0080436492,0.1449243688,0.9132296699,0.8229073353,0.8213086547,0.6119769673,0.4182749009,0.2013118263,0.6166843004,0.3508794073,0.2575815613,0.2579324762,0.0167042537,0.4583122797,0.6012761216
1.3358014825,0.1717986877,0.9497986626,0.6022636615,0.6857433722,0.9652960472,0.1986720958,0.6482024221,0.4350992072,0.3199311544,0.2678144728,0.9797099373,0.3305748266,0.2082384579,0.3695084895,0.7669914562,0.4285214421,0.2848651544,0.7141877475
1.1031832649,0.2173438269,0.4345121623,0.3983733747,0.7221140496,0.5028273120,0.8100979092,0.0292533802,0.5851992030,0.4511568861,0.9034014493,0.1207295073,0.3124666688,0.8397298796,0.0143166025,0.2383841427,0.9299661931,0.1250157620,0.0087121577
1.1974057216,0.8127957385,0.8272845029,0.6000728047,0.5205721513,0.0123023246,0.2681120276,0.5448991103,0.3405345097,0.5088518449,0.8071303946,0.6875096082,0.4809210891,0.2193335074,0.8157321565,0.6798934389,0.1759038394,0.8626705085,0.7631790928
1.3876706255,0.8415674572,0.9467945289,0.7775612041,0.5856025411,0.6972796906,0.9512586200,0.2890574452,0.4192547943,0.6034503250,0.9490957081,0.3684378357,0.7573900236,0.8953612026,0.3716369196,0.6436373215,0.7070516979,0.0556401536,0.1182997464
1.8703255856,0.6207792474,0.9710300011,0.8009653352,0.3169985698,0.4723915857,0.0775422611,0.0408972536,0.2534182039,0.6069845158,0.9455797929,0.5267875911,0.0959815977,0.1625719896,0.7764834935,0.4404708893,0.7030278114,0.5676438960,0.0736481362
1.1464910414,0.1456966005,0.8001583598,0.9808885567,0.7844870773,0.7405820702,0.5299264699,0.5828359364,0.1604456115,0.7898473886,0.1585743260,0.6063504165,0.4174709482,0.4782635820,0.5163262512,0.6989639070,0.0976866375,0.7654098605,0.4073347234
0.6770166001,0.8277378212,0.3006248603,0.3378285643,0.1579946786,0.0595184735,0.5330083945,0.8033523042,0.2310219558,0.2493624703,0.3513314868,0.4961820500,0.0076003011,0.3207628449,0.2271820786,0.2143377054,0.5560975257,0.3713476715,0.7202906790
1.6559586985,0.6588907706,0.7431252856,0.6712146540,0.1603821918,0.2624417509,0.7472578079,0.9232844700,0.3884051718,0.3060378002,0.8609685206,0.3513792483,0.3615067281,0.3034357181,0.6258433367,0.0177147492,0.0922630493,0.3176540027,0.1188049995
1.4335494028,0.2646764755,0.8155474785,0.1016454120,0.8942271553,0.6340385981,0.0426741313,0.4099795109,0.3874859031,0.2919743877,0.0398177306,0.9833207045,0.5190240319,0.7364430344,0.8945673902,0.5065062929,0.2034641470,0.8995295242,0.8445198106
1.1418670554,0.1995491258,0.4779910345,0.3710147539,0.8293747348,0.5292313277,0.1541785600,0.3876799239,0.5971573053,0.0576837008,0.5377199782,0.0388489939,0.7662352570,0.2973747701,0.2042580754,0.1708649569,0.2445340986,0.8296680938,0.0309115397
0.3034254165,0.8447265558,0.0674294258,0.1475986352,0.9871504419,0.1581918400,0.3090852646,0.2941895575,0.3609895128,0.6584009982,0.2897673343,0.9762524725,0.8137568391,0.6857608916,0.4636268229,0.4096516134,0.4229638513,0.6648084378,0.9221919420
1.3999723287,0.6922620116,0.5303112675,0.0845437806,0.0866428076,0.1581449542,0.4015321313,0.8347223925,0.3711692283,0.2894880685,0.6070587137,0.4378678397,0.7250386780,0.3342013723,0.5180722736,0.7404411208,0.9502506298,0.9670285707,0.6957573302
1.5273273778,0.7531184214,0.8724953650,0.9308743573,0.1566558460,0.3693198297,0.5079511006,0.6357267041,0.0936968818,0.6846606861,0.6360905316,0.6408222410,0.1600601258,0.5887189086,0.5454621441,0.7570975530,0.2531299236,0.9764896974,0.9351594294
1.5701604528,0.4358806579,0.6414336809,0.3950516986,0.1464969246,0.7211245650,0.6039842327,0.0864595981,0.4456003383,0.0135860726,0.5143570243,0.8184489656,0.7707075706,0.5415810582,0.4690458735,0.9259177572,0.6254280992,0.3320290730,0.5100537499
0.9471916554,0.2310357355,0.2985642093,0.1777925174,0.5524829402,0.9699647413,0.2726431066,0.7813910520,0.0109194908,0.2370770534,0.6403452123,0.2762780923,0.7893948993,0.6500487429,0.9208027033,0.7344981008,0.0722378329,0.7302270727,0.6939611477
0.7781522225,0.8691856791,0.6054412437,0.0925865089,0.5071125791,0.7796833933,0.5948994038,0.9482249176,0.7150587724,0.0419835174,0.4616930676,0.9795129450,0.5321039658,0.1267697352,0.1459444572,0.3753922593,0.5937460080,0.8857228618,0.2001900796
1.8836686609,0.5977179287,0.8599511169,0.4449446161,0.2457430680,0.5846690921,0.8638147180,0.5448170978,0.1122499451,0.6022623915,0.5971520003,0.4379148410,0.7095788081,0.1740336577,0.3292162637,0.3582111369,0.4055928714,0.1806666014,0.7907593862
0.5893017852,0.8248621918,0.0903585679,0.3289598501,0.9679063787,0.8097115193,0.8148659231,0.1817101223,0.1936106979,0.5107183291,0.8485692424,0.1621577075,0.1195789828,0.9376120349,0.0420579525,0.6824067684,0.2895181830,0.7173315451,0.1896958539
0.8835987320,0.9902746332,0.8156959423,0.6983774522,0.9268122743,0.4662503245,0.7960795375,0.7488744671,0.6721502193,0.7615700960,0.1152638730,0.2283503110,0.1646734466,0.9514805027,0.5148466786,0.3770028178,0.8435104691,0.0674837574,0.6559614065
1.4483004260,0.2846188025,0.7790637653,0.6806546147,0.0944866631,0.0263248271,0.4425950033,0.6330804080,0.2616627182,0.1888855675,0.9641652771,0.9276942394,0.3953822283,0.5440153162,0.8558542423,0.3806487622,0.0001318650,0.9252925841,0.2427495951
1.6690870743,0.6642762668,0.7715788909,0.1320294653,0.4408593752,0.3587924384,0.1335491132,0.3845510744,0.0346855968,0.4591488576,0.7650116324,0.0556008466,0.0656585849,0.6055776433,0.6764524197,0.0919189412,0.7293234985,0.3632566077,0.2332484355
0.8985594653,0.8597369150,0.7388494050,0.0592551498,0.1417855379,0.1443661582,0.4957306196,0.0365759038,0.6297230307,0.7463049301,0.4622687864,0.2503812277,0.2334875246,0.8545883166,0.3122180695,0.2642441572,0.4529049992,0.5945818312,0.0778490494
1.4630325711,0.7045390775,0.5585305742,0.2995000715,0.6384090838,0.9576999538,0.5312460005,0.8458498052,0.4371565175,0.6780593114,0.3051440727,0.3625523514,0.1425527494,0.5041025784,0.0967211015,0.1109049779,0.5641029833,0.3369139477,0.7451645466
0.9339019750,0.8871712598,0.7117555200,0.7629935692,0.2725119596,0.5626988073,0.4293704832,0.5573944214,0.4509377190,0.2068547239,0.5802498474,0.9648286762,0.7281890327,0.0235831695,0.8233665913,0.7722305195,0.2584286953,0.2420096772,0.0697736781
0.8252408344,0.8797332090,0.5919600286,0.5419700155,0.6230508723,0.7871335227,0.4359079795,0.6241348065,0.2275767103,0.5770193217,0.1992148762,0.9282701263,0.7645383931,0.9041612652,0.5583959965,0.7876309329,0.0938565531,0.7863676082,0.9912176300
1.3837641026,0.4451412662,0.3953406108,0.6815568977,0.3265718438,0.7257227140,0.6779493758,0.1095012029,0.5526856495,0.0687548896,0.9108523362,0.6464538282,0.4369842571,0.7311352473,0.7704311468,0.7658626157,0.9928356725,0.8166559197,0.7270624683
0.8531268310,0.8216482530,0.3552382578,0.4220553332,0.9768396921,0.4962932005,0.0387556851,0.6343329061,0.7591277240,0.1803390059,0.6423542060,0.9680362139,0.2280505369,0.6826193603,0.6045528448,0.9600727308,0.8869304968,0.9245515705,0.7381328735
1.5459146463,0.7011522364,0.7288589036,0.0691391366,0.4882166476,0.6585978411,0.0642542338,0.9189915476,0.8649819661,0.2923166985,0.4655411497,0.5294723117,0.7696970558,0.3265129363,0.0209995673,0.6549834012,0.3417029020,0.4716610937,0.6060467097
1.0833316479,0.1203057422,0.7743980956,0.6530614491,0.2076454793,0.9275040355,0.6109661174,0.9570999604,0.2679123968,0.3059129523,0.3839596153,0.4894533839,0.9684958908,0.6718314101,0.7968203360,0.7980908699,0.0777641966,0.5567634556,0.9848701917
0.1834988631,0.0060979927,0.2457343535,0.9363947692,0.7020857683,0.4941305269,0.8797214292,0.6794810766,0.0606842026,0.4439522209,0.4575512679,0.3317248385,0.1896085986,0.8904112524,0.0431582789,0.4124824153,0.2248305439,0.2426254671,0.3690473915
1.6534851322,0.5993782647,0.6024042528,0.3707703365,0.0335183175,0.7788272304,0.5659048535,0.6008147575,0.6228744261,0.0667620054,0.4184010731,0.6911674965,0.0399693275,0.5359777086,0.8385132338,0.4572683597,0.8905704862,0.8487212589,0.7453755503
1.2304024301,0.6341403853,0.0521496565,0.7365662321,0.4544629244,0.7198637494,0.5076704384,0.3758735676,0.2270041941,0.3884303204,0.2175730993,0.4982400917,0.6789472643,0.1690992843,0.6702658844,0.9771386895,0.4459185230,0.4897135573,0.3564622632
1.7682823321,0.5702513224,0.7849100689,0.2068769446,0.5425803219,0.7717596758,0.5726814748,0.5651051015,0.7295466777,0.8535610902,0.3752421452,0.0720876363,0.9130893648,0.4566785318,0.4698337296,0.9667654780,0.0462706894,0.7882676021,0.8993841943
0.8933790683,0.2124083639,0.2074849152,0.7326883809,0.9559386592,0.9515153093,0.1435836404,0.4998329785,0.5006239490,0.4586288274,0.4299801619,0.0821528983,0.0834219707,0.0317475755,0.7382184242,0.0199176747,0.6580193704,0.9215630024,0.0955535996
1.2426389053,0.5183455365,0.1582588026,0.0496284148,0.3515791214,0.7132744020,0.1042082017,0.5761512930,0.9847277029,0.8589512477,0.7055705241,0.0917044256,0.0037371052,0.4529447257,0.9585480718,0.0063979724,0.8052997236,0.1492961576,0.2168676826
1.2955307141,0.6641736655,0.0035535183,0.9230422395,0.3008930215,0.9396816439,0.8582698176,0.4777046086,0.6527480742,0.2098823596,0.7032383022,0.4467387781,0.3242998948,0.7131590002,0.0402878062,0.4980472436,0.1351168328,0.4785079296,0.3548470377
1.1724466145,0.3437511982,0.4048402300,0.0887096781,0.6007182505,0.7348681064,0.3210295522,0.6616093383,0.7428818332,0.1601418355,0.8849522389,0.7329730528,0.9473234656,0.6152582572,0.6601017450,0.5636635698,0.2647943514,0.3177068140,0.3586182883
0.7988521304,0.2031689940,0.1780939986,0.7497947656,0.1933232423,0.7369365637,0.4579570238,0.3599019869,0.0343802850,0.4315108627,0.9795545259,0.6924946602,0.6937415058,0.8750758666,0.0046205597,0.5939661792,0.0356567287,0.9538434303,0.8594359717
0.4209298078,0.0613160759,0.2720163548,0.2381706026,0.4043240435,0.8467496668,0.9424361680,0.8492331418,0.2063195212,0.2088084106,0.9130496323,0.5648098053,0.4101949673,0.8714054917,0.1694181350,0.8316717707,0.5464137302,0.0682663901,0.5973604392
0.8013992056,0.1920703250,0.1142102354,0.7889579068,0.4319216209,0.7331261858,0.2446405587,0.9909259813,0.1076820025,0.8168374890,0.7247351718,0.1648873378,0.3438901222,0.2706683745,0.7902152634,0.5417281091,0.5547583752,0.9952132235,0.8634805219
0.1952530453,0.0200214818,0.1548061864,0.6761678494,0.1959420047,0.4496081022,0.1840545396,0.2376627553,0.2938219101,0.3537844377,0.2234323095,0.3675985296,0.8114855524,0.1679764700,0.1412939925,0.7523806799,0.5698463524,0.9716124700,0.6013936897
0.7890720877,0.1390934932,0.3835030236,0.9366827410,0.7262644674,0.6246153340,0.0124002030,0.9269011614,0.6260759499,0.0235051712,0.5805823240,0.0261482222,0.4976409396,0.8434142573,0.8281429729,0.2318692831,0.7921678113,0.6514814881,0.8073422408
1.4157731695,0.3929923750,0.4910370880,0.0585113075,0.4727505055,0.9397320663,0.4465271294,0.0220548663,0.5045960270,0.6224108162,0.8878040537,0.8141625377,0.3379000966,0.3533596242,0.0445310151,0.5098661053,0.2740705739,0.6300777087,0.9285258120
1.6000300305,0.5583714169,0.3793908649,0.8391177257,0.5526214415,0.4830319010,0.0648838769,0.9290941467,0.2275303984,0.2994209863,0.0203324330,0.8058282287,0.4040399912,0.8737007778,0.4316390809,0.3071161393,0.8830659113,0.5330199345,0.3564238495
1.2402579116,0.7010069244,0.0544269972,0.9302916224,0.8505770432,0.8487172575,0.4942376801,0.1973671784,0.5306599152,0.0207120656,0.1633233678,0.0334119718,0.7568455296,0.8506669212,0.0030255145,0.8704771123,0.8778988629,0.6464108505,0.7904994255
1.1532777299,0.7235380623,0.2892967931,0.2123376288,0.6217826026,0.0383069848,0.8139815173,0.2191600345,0.4159750417,0.8585032868,0.0312285637,0.4326700603,0.1222692722,0.7236276023,0.0711281120,0.2244262822,0.1221921805,0.6486324616,0.5016853702
1.2837462231,0.3483837854,0.3987176466,0.9615800164,0.9589949498,0.8739802413,0.2971319256,0.5395933491,0.6782340878,0.1127904418,0.0048731470,0.3438393345,0.9133579644,0.0844298270,0.1209334785,0.7709624783,0.0361253614,0.8803027713,0.9973125701
0.7983733699,0.9995009287,0.9310745831,0.4352068855,0.1544856837,0.7567635247,0.7993479628,0.9043468068,0.1485408053,0.3142723572,0.7377248184,0.9141431242,0.6964131282,0.9980521673,0.5617483147,0.4678442029,0.2549859735,0.6945178351,0.2505665800
1.0284145787,0.1725632476,0.4115100157,0.4640476316,0.5174124956,0.4654681081,0.9365533448,0.5591715723,0.0444192226,0.5634569635,0.4421930795,0.1993984592,0.5766416459,0.4908879690,0.8391823760,0.3145145505,0.7791298776,0.5092928122,0.8019915445
0.9347602646,0.8303469141,0.5209115865,0.2602886323,0.8308442539,0.1275451446,0.6595061114,0.5924797182,0.0140219159,0.9874569077,0.7019711590,0.2413325634,0.8964745144,0.1347075531,0.4488975138,0.5145117857,0.6181405710,0.6788893812,0.1442074285
0.5333012692,0.0764659902,0.2491563641,0.4394092505,0.9754229384,0.9138443640,0.0792877858,0.5340861211,0.4181073208,0.1849145669,0.7720916867,0.7564388884,0.5704842888,0.8381849141,0.5761695545,0.2775451554,0.2639278904,0.3732000344,0.5486945948
1.2226618185,0.3196328986,0.4484619273,0.6546946520,0.9296141712,0.3666533063,0.6805542468,0.4573911321,0.6855716627,0.7303715963,0.9532529975,0.4535132564,0.6577947014,0.6868131614,0.8881539127,0.4409105892,0.4786664735,0.0466497816,0.7007776032
0.4067073944,0.0713849361,0.2252664988,0.4111333899,0.2897430374,0.4794423575,0.4011700563,0.4923615052,0.9855353911,0.8713926790,0.6247865122,0.3066270948,0.7344807639,0.3461458157,0.4771802789,0.2062093495,0.2479441095,0.0082986922,0.9114666334
1.4383373077,0.6644242917,0.4872554447,0.2005128240,0.4316901122,0.1310897379,0.4708157188,0.6310898033,0.8189739795,0.6987249222,0.6025853933,0.3102941969,0.7798262077,0.1392719326,0.7980564857,0.9139721497,0.4709945089,0.8068547018,0.7823124152
1.1781764815,0.1841117465,0.6405332107,0.3546589632,0.6492376035,0.8647213500,0.3094617522,0.6335076820,0.3158442608,0.6666549384,0.3451925028,0.1871535692,0.9409225990,0.4642970768,0.8034871086,0.2377451678,0.4456472190,0.8727644940,0.9191281426
0.9508616280,0.8372393851,0.3057582228,0.9644328625,0.6482533296,0.5249131685,0.1975531693,0.4479198775,0.9057335776,0.5840336833,0.6319072645,0.4793379753,0.0860176434,0.2349820926,0.2906038346,0.6872493144,0.6519516303,0.3421311622,0.5029988190
1.6045155470,0.3001787649,0.9978911701,0.8652815481,0.1702092656,0.0271667798,0.3671429682,0.6656659720,0.9101204253,0.7853657769,0.2084942832,0.9125959820,0.9631671145,0.4198258242,0.0758225891,0.5679938153,0.7005480399,0.4537367191,0.6278747123
1.3421598234,0.8044767205,0.8681012540,0.6078092594,0.5363111953,0.6502259474,0.0766940388,0.0151121512,0.2764280400,0.1513768108,0.4250425094,0.8895210420,0.9821206668,0.8655212987,0.7097063768,0.6840076443,0.3797611696,0.5519223107,0.1738320520
1.3908708149,0.7318580723,0.6906883320,0.4368689766,0.0962870717,0.5070543549,0.1263074775,0.6830836375,0.9218550091,0.7422752565,0.4288249934,0.5872220627,0.5702948864,0.8909269709,0.5249635262,0.4706028919,0.9112515479,0.6934761702,0.3826714529
1.7958505453,0.6776050984,0.9750158958,0.1702287384,0.7875214693,0.7463630524,0.2333202250,0.6144730016,0.5394863178,0.7383714935,0.6505417600,0.0091175236,0.4327174188,0.8854579508,0.9033675577,0.9611324271,0.4030784254,0.7540211482,0.5436914333
0.8269014780,0.0580312136,0.7281927509,0.3838317159,0.7288959971,0.5952155870,0.1447568261,0.4210703941,0.1903982043,0.9704111187,0.7362987076,0.6269394460,0.5563939298,0.9320283469,0.4775773515,0.2192989900,0.9238934632,0.7712398522,0.0964946505
1.3131250204,0.6900824276,0.1929362862,0.8370444095,0.6282473657,0.8629699123,0.2111752934,0.2867399636,0.1951821257,0.9721178136,0.8198328377,0.5645019515,0.3244879943,0.1060944063,0.9011965990,0.5597809037,0.8617209621,0.6878969192,0.9206244132
1.8679128769,0.5219695370,0.8899841915,0.7166049132,0.5370276975,0.3693846243,0.7293428744,0.6604845691,0.5618538976,0.5822008443,0.3231670692,0.1230563171,0.8806844307,0.6981769852,0.6608021268,0.2798986043,0.6364761619,0.4960065203,0.6784003627
1.3755235042,0.5953703958,0.0765370750,0.3550711657,0.9268644887,0.5306502071,0.7681923276,0.9476715028,0.4754094339,0.7641099212,0.0094744482,0.7414658258,0.4590016055,0.9064781111,0.2040262482,0.2444423151,0.0723418189,0.4458111903,0.8829379323
2.0104573547,0.5599153967,0.9633935162,0.9272098423,0.7764913641,0.8481485607,0.8946014640,0.2203044780,0.9247087289,0.0622965298,0.8811101018,0.3331544964,0.5747670514,0.7622751231,0.8542658701,0.7832795337,0.3875317352,0.7570334114,0.2607451365
0.3699659793,0.8803201170,0.1374724502,0.0848720589,0.1640488087,0.5518059729,0.1966946723,0.8027994739,0.9767615348,0.6946408087,0.9200530440,0.6604525264,0.5619805012,0.2485873382,0.9452302010,0.2521749507,0.7068284096,0.1487850536,0.5155403226
0.2810604026,0.9423836046,0.1210459866,0.3276939097,0.0903067336,0.0491542184,0.9312620446,0.7609067269,0.1906745810,0.3094536216,0.8543097225,0.9384082365,0.3203001550,0.5264348591,0.9539555891,0.8025843867,0.0982582164,0.7779405653,0.5969583451
1.2424418917,0.7272131295,0.3320480520,0.8884451208,0.9427314809,0.8756234616,0.9638748738,0.5411338728,0.4549009208,0.2178493135,0.0820318103,0.1680744667,0.4453133398,0.8642979226,0.7622766002,0.9760947554,0.7727400908,0.1266144614,0.1764922659
0.5346591874,0.0965816816,0.3700031905,0.5790912443,0.0222813835,0.3706257879,0.6615125308,0.8725516061,0.2350445224,0.4407285066,0.0142601731,0.2397941065,0.6636031814,0.0110150115,0.7704804791,0.2874483109,0.8097681150,0.1573139256,0.7577539468
1.2894119178,0.7912544809,0.5891463154,0.9275532069,0.8457802299,0.1568965577,0.7349707488,0.0885348453,0.1718781272,0.7127830529,0.1236501557,0.5033438218,0.9503458813,0.0820908974,0.3745244756,0.7932335436,0.6154655823,0.4519556193,0.8524614187
1.4280961628,0.3085761260,0.7226905772,0.4743541867,0.6115836504,0.7289487175,0.5970766037,0.3511346473,0.6886884116,0.7158472977,0.7584608098,0.5684384570,0.7079584012,0.7813055974,0.4861138388,0.6962533334,0.1445852486,0.6496242232,0.1707698949
0.7363730796,0.1650490538,0.1414878956,0.0725638220,0.8909954751,0.5372921444,0.0592538732,0.5275837970,0.9489355427,0.5392994443,0.9033274222,0.8552438119,0.6185537018,0.3198238227,0.9549831733,0.3825909069,0.6512404805,0.9846568681,0.3088136105
0.3837308845,0.8774029687,0.0331873986,0.4959091620,0.0881611862,0.4351494292,0.0169658847,0.3009478068,0.6598577089,0.6114733317,0.5898184636,0.3426060983,0.9726601279,0.6472219059,0.9689692745,0.8606342892,0.7383841893,0.6805217449,0.2943809339
0.9713947687,0.2758346445,0.2727592923,0.3020582782,0.4846998907,0.1434577101,0.1307515236,0.6469892400,0.8934485760,0.4381435106,0.7757807392,0.1350166983,0.5073519498,0.0096921097,0.9419749340,0.0218349791,0.7075528993,0.7947378665,0.6008281790
1.7143292823,0.5979495728,0.5585119904,0.8584433787,0.6103716413,0.4564311592,0.0337987599,0.5688991717,0.3809199681,0.3069953027,0.8152472811,0.8542019966,0.7900463066,0.7337694520,0.4199150659,0.8504303005,0.3178866586,0.4725148944,0.6563048188
0.7013541671,0.7727257082,0.0973740191,0.4050301927,0.2836007981,0.7463568195,0.0128720955,0.9151113214,0.8871057455,0.9276193896,0.7176453993,0.6038466896,0.4057217489,0.7569679918,0.0966626618,0.3765530969,0.3606755411,0.5823284148,0.0360324744
1.2525672824,0.2121278450,0.6431981969,0.9170189395,0.3863323224,0.6340956977,0.1962238976,0.5111020599,0.9471964371,0.4944972542,0.0556502013,0.6631075060,0.1257514512,0.3925677145,0.3689108525,0.9096981519,0.8321585675,0.9859590796,0.2068583522
1.4112418487,0.3846674184,0.5645603880,0.4966201191,0.6592122550,0.1128644546,0.9202547312,0.7851646722,0.6274335771,0.2293445568,0.7753616071,0.3243308831,0.0176166400,0.7613570057,0.1021348518,0.7636754746,0.0483953715,0.2269377413,0.8709689925
1.3221412296,0.3168268997,0.6404473396,0.1085816972,0.7787769637,0.5483817467,0.1418509915,0.0531975521,0.9435837751,0.5633996672,0.1303144255,0.7990198103,0.9785604763,0.7042456785,0.0509588439,0.2786045386,0.6738227742,0.4692935168,0.5397658315
0.3418023470,0.9082974131,0.1184663548,0.2728400504,0.5824416166,0.5864776672,0.3207426549,0.4932791868,0.8655384345,0.5671727977,0.8734715635,0.1943638839,0.1516509277,0.2821710187,0.3214344634,0.1447828709,0.3685605093,0.6012030229,0.9218295471
1.3253834190,0.2316801773,0.6533169334,0.9522708186,0.8016917022,0.7638597808,0.8727881893,0.9788765354,0.9818624638,0.7001440876,0.2230127711,0.2926337124,0.2191812147,0.1871962008,0.3690265837,0.5404989498,0.6712300669,0.9817797256,0.7568998100
0.5387597802,0.0722430838,0.2402681065,0.3687715002,0.5961194124,0.7099565519,0.2329325962,0.9487708994,0.3056731442,0.4144177160,0.5644569131,0.8968332404,0.3715343534,0.8294731036,0.4096086365,0.1022500000,0.3453585172,0.8416771132,0.3060360279
1.2562483591,0.3375188451,0.4531812829,0.3384702115,0.0826651766,0.8389315857,0.0535247956,0.5954856951,0.4452279273,0.1035844355,0.4834524870,0.4837195474,0.9050852558,0.5025355727,0.4807442806,0.3858094928,0.5038169599,0.1110924736,0.8168016991
1.0728721456,0.2330466821,0.3531693130,0.8943698941,0.5587965887,0.3861517121,0.2366988213,0.4066432963,0.5056953101,0.4325510392,0.0962904093,0.4871956298,0.4588014306,0.6267274157,0.9776696153,0.0114314649,0.5690656388,0.1732239384,0.5739631301
1.0361048292,0.1570260895,0.5874035839,0.8501502739,0.7251779164,0.7660526352,0.9234900007,0.5545150704,0.7539055127,0.5436904313,0.4806215708,0.3250519106,0.1942866534,0.6422931624,0.1579835737,0.3658420498,0.0709325450,0.1116461562,0.4399578591
0.9327586686,0.3191308147,0.2406912793,0.0460692070,0.1649531905,0.6594642810,0.7114749959,0.9455835513,0.9196765444,0.9628518890,0.9968115621,0.5777088324,0.5977702615,0.4468284713,0.9667151474,0.3484620014,0.7263009094,0.8757781653,0.2320866801
0.7367284055,0.1695259584,0.1329065065,0.9733746829,0.4575645154,0.3872306352,0.8012482729,0.5706545643,0.5335941485,0.8730142271,0.3952635737,0.4203019579,0.8609628988,0.1413035621,0.4320986063,0.4005944501,0.8979236092,0.2120004681,0.4272667085
1.2600574405,0.2444361839,0.6048125771,0.2160277398,0.8579115968,0.8440391359,0.5720422798,0.1416638714,0.6693508881,0.7247643605,0.7986123001,0.7367988576,0.4531352444,0.0557161107,0.5774151722,0.6053387823,0.1580456038,0.2902850828,0.9337291806
2.0593312243,0.6094488294,0.8981778140,0.9509762959,0.4499670187,0.7029020653,0.9149864946,0.0458292809,0.0293901480,0.3312733526,0.1639510835,0.2766777773,0.6366450514,0.2942979450,0.8957199154,0.6651354212,0.8938513601,0.6820161784,0.0385704853
1.4386210548,0.4652550553,0.3998435551,0.3592076133,0.2110244824,0.9656840420,0.7092047683,0.4068335721,0.7191593430,0.2714742442,0.1212088044,0.7644986670,0.1498345010,0.9459681970,0.7941879059,0.1727296611,0.5897902214,0.3498735288,0.1814418090
1.2740003238,0.7489745242,0.4634637376,0.9846215880,0.3044113938,0.6484905783,0.9627757478,0.5560952614,0.6169997184,0.3520051252,0.4313945434,0.4458504660,0.0008969483,0.1520362278,0.8272266420,0.5712659308,0.8428882161,0.7596899844,0.9461138244
0.9504707230,0.8611729030,0.5901243656,0.5322272726,0.7655909062,0.9179118689,0.5385913979,0.8890643173,0.6791357668,0.1478796805,0.8732228898,0.3310019567,0.0348287360,0.1050592298,0.1617837633,0.9287414508,0.7933788938,0.4097928493,0.7214407408
1.0979236208,0.4263375381,0.1816793537,0.1538766962,0.2523642855,0.8616899018,0.3354610682,0.3011241884,0.1836912733,0.4575006469,0.4958318551,0.1082195935,0.7194620570,0.2318617321,0.4188482207,0.6104828595,0.5712867911,0.7885707393,0.0214278282
1.7888004612,0.5602053299,0.8195364400,0.2337595778,0.8112673281,0.2717607615,0.6423210809,0.3416388524,0.8490315151,0.5052282189,0.6311137195,0.5871498252,0.7773811782,0.6786988974,0.6412647724,0.8820545955,0.0032605674,0.6833618340,0.6291291941
1.0389773383,0.4750891838,0.0777014043,0.4311186167,0.4767721268,0.4924763977,0.8098667231,0.0946294633,0.1530338453,0.5370147555,0.7881801078,0.9952059646,0.4722147769,0.9350009483,0.3888038722,0.4105183074,0.6806476423,0.1770417649,0.0879361153
0.2805080276,0.8874688424,0.0413582742,0.5592268564,0.0959945778,0.1715922393,0.5524514047,0.3111448354,0.7512540837,0.9817909181,0.1813881357,0.3170714002,0.8098870357,0.2832807951,0.3645778631,0.0810061092,0.0039428260,0.6707968560,0.5037950501
0.5592456159,0.1489169903,0.0180660563,0.7239573776,0.7692982417,0.0965546481,0.7564386140,0.1520023244,0.8138128844,0.8445628870,0.3390718801,0.6617202325,0.4865228214,0.9574022280,0.8611506289,0.2401741427,0.3630701528,0.7652123640,0.7108097925
1.0425345786,0.6560058735,0.0422372024,0.0592345330,0.5121004616,0.7636475848,0.2640763033,0.5971256563,0.1478335878,0.6526272236,0.1101787737,0.1246890697,0.2884776672,0.0690687550,0.4497755568,0.6495116550,0.3968366276,0.6008197027,0.2018289848
1.5754877400,0.3662935100,0.7055170989,0.9436447844,0.7827995835,0.6102247321,0.4204922183,0.0469590037,0.6370481048,0.7726251417,0.2155623885,0.9809148288,0.3277443287,0.5802059807,0.5767072378,0.3408089968,0.2998036229,0.3569145326,0.1944803214
1.7046508348,0.6841694178,0.8270498346,0.2083848120,0.8936924938,0.4705125362,0.5134093105,0.5775226745,0.8149997100,0.2447335392,0.8968269717,0.3095807906,0.8709141659,0.9857034746,0.6614845021,0.8433681022,0.2290280539,0.4586164624,0.5603129454
0.6807371210,0.0298075278,0.9262165729,0.9754564021,0.0895355091,0.9915730835,0.6925077717,0.3752617867,0.7449630879,0.5190185805,0.1750348776,0.9883123803,0.5889957561,0.2199295263,0.2851233815,0.7993379838,0.3108278814,0.6129186695,0.0942585755
0.4899805981,0.0694794261,0.2058142558,0.2023942446,0.4938197408,0.8448743864,0.7607111287,0.5915573677,0.7087655382,0.7651631840,0.9226354630,0.0611223464,0.6125329694,0.6749012808,0.0274302466,0.3664404959,0.3173272827,0.6833105591,0.9814320521
0.4467061777,0.9766358961,0.3626196226,0.6006614476,0.6109976761,0.2439870809,0.3128660489,0.4758442441,0.6435985226,0.8008068363,0.5322590738,0.3703091477,0.4510031811,0.1378268182,0.5590148276,0.8975536914,0.9934289310,0.6479515490,0.2232699683
0.8944741178,0.3355287189,0.0235544105,0.8126553315,0.1676580954,0.9375284244,0.6356881522,0.0694384428,0.3717819552,0.3526259194,0.0217559947,0.1747702489,0.1542947293,0.3028132190,0.3919607527,0.9773812661,0.9702531367,0.0711909748,0.0408984573
1.1596017677,0.6431248947,0.0726976601,0.2597682190,0.9773124646,0.0098603896,0.5657037257,0.9237635426,0.1010208666,0.0652382084,0.5630089922,0.9573297910,0.8071722764,0.1785699449,0.4138684455,0.0318763168,0.9226434696,0.3596641905,0.4770803309
0.4278113903,0.8219074688,0.0050025678,0.2142695861,0.9441233258,0.2670084908,0.1410576757,0.9706818263,0.1264540144,0.2635167227,0.0911873816,0.2621225268,0.8146955713,0.2554855051,0.5085191195,0.1267766415,0.5484562625,0.1568543592,0.3852011988
0.9764642772,0.2994504270,0.1210469387,0.5976553635,0.2196150503,0.7154330481,0.4109986922,0.5643003720,0.3142217839,0.7132231939,0.5117249294,0.2569587447,0.0893230716,0.3636844211,0.0489740705,0.3429188768,0.9323393590,0.0586681062,0.2386946723
1.2741767220,0.7852039349,0.8940786763,0.1949013134,0.7497110755,0.5312412617,0.7642743963,0.1749699037,0.1716690249,0.9596064015,0.8054345192,0.6697907994,0.7387857851,0.3615598065,0.4672095656,0.1058545606,0.1184228100,0.6137000147,0.8115723829
1.4056655351,0.5240115182,0.2320304387,0.9646650984,0.3064238574,0.4936857119,0.3317534035,0.1482029947,0.4775070056,0.1801142797,0.6569292984,0.4004980835,0.1667642740,0.9190761281,0.3222778073,0.6930504007,0.1574765839,0.2074979264,0.7762163151
0.5975051973,0.9126501476,0.2780300597,0.6228494015,0.2972371088,0.2681740486,0.0320273006,0.3873761280,0.3740727139,0.3095278033,0.1163467254,0.4619659436,0.4495175119,0.1633297812,0.0994225795,0.3797257136,0.0788138995,0.9869238510,0.0830665990
1.3346821126,0.6307755728,0.1725060360,0.6757092268,0.4211110092,0.7775500264,0.6543093830,0.4425971590,0.1278517523,0.3150784557,0.5666258085,0.1303513772,0.8053539810,0.3470418817,0.1232305569,0.5750954353,0.2404481017,0.4816228170,0.3334059453
0.8540991457,0.3254964591,0.0685908294,0.5003521342,0.1943192380,0.3462158284,0.6724908086,0.1086607076,0.6499815082,0.7829805975,0.7064626362,0.5072416986,0.5013047768,0.1181416450,0.2249766011,0.6138541184,0.1433557948,0.5390616372,0.3307252244
1.4844156412,0.4032884233,0.6020212822,0.7552530471,0.3333500726,0.4278519428,0.0283615206,0.2855430455,0.7264722391,0.6766105479,0.8600977298,0.3257267241,0.6084498468,0.3376956077,0.0896131645,0.9237933689,0.3033680283,0.2666333959,0.0513097434
0.8969285635,0.0790636397,0.6342593238,0.2984824703,0.3766435572,0.1661120434,0.1334859744,0.3310680017,0.2335455983,0.4378169405,0.7919756224,0.3423765008,0.0779251532,0.5762759218,0.5961210340,0.3776137070,0.7644334290,0.2088953399,0.4750669603
0.3691845027,0.0630941753,0.1684885457,0.7350205687,0.4963823378,0.6834709588,0.3968994968,0.9310278532,0.3493855333,0.2718742725,0.9712224727,0.0721346070,0.3240239082,0.4353614919,0.0952516178,0.8523104752,0.9421292015,0.0174843878,0.9344685370
1.3897990191,0.5442218547,0.0988002149,0.8269997751,0.0900159364,0.8849608338,0.0242447392,0.8181346276,0.9621611287,0.5229956230,0.1805335836,0.1868724972,0.3334390595,0.0452505839,0.3683787863,0.6959967521,0.8863149530,0.6652796374,0.2688268290
0.9330904249,0.3856216821,0.0149849843,0.4767674520,0.2134730498,0.6104951056,0.7070907288,0.2963628670,0.2173110373,0.9525224278,0.2468280293,0.9185741934,0.3898248870,0.3723842200,0.5498603631,0.9333188925,0.4680596801,0.7206447221,0.5500451484
1.2667023179,0.5133375720,0.2598707076,0.4473292760,0.6619449282,0.1034761307,0.7397719151,0.0814907863,0.4175268210,0.6703819069,0.2001899396,0.0455725938,0.9777192236,0.3478769294,0.5254059221,0.4438043716,0.7331892372,0.2668050647,0.9775431215
1.0469628977,0.4279537501,0.0109426177,0.9212922531,0.3594440157,0.1757493720,0.6265408239,0.6242491629,0.6601618693,0.8963344025,0.6772056079,0.8333330072,0.6729201990,0.3325492702,0.8303364585,0.5249487141,0.8357034373,0.4333481662,0.2515481386
1.3421931944,0.6911430951,0.3415165754,0.8776995929,0.9295961748,0.1851343360,0.2189707474,0.2122359311,0.6556292330,0.7547819153,0.2604001060,0.8566198470,0.0205420156,0.9115090195,0.9443479600,0.1364179554,0.0354203132,0.4422552312,0.5473022185
1.3493594568,0.6244899303,0.2932018644,0.4321915542,0.4423315069,0.3858488237,0.2407753935,0.6945646564,0.2565749073,0.4356630990,0.6591399700,0.7536945411,0.1548150685,0.9416650955,0.4181153591,0.3068131553,0.6973809981,0.7423904235,0.9525641200
1.3131760025,0.7668157484,0.6947402049,0.5442843760,0.1930830132,0.8914120294,0.5930985656,0.9476629790,0.1494738523,0.6792802124,0.3396504666,0.0410344676,0.9742800071,0.5634745844,0.9055847874,0.2577129372,0.6852385106,0.3298520319,0.1273001143
1.7661233480,0.5741849757,0.6905753319,0.6547538680,0.8165535595,0.1701464632,0.0665580755,0.3109212907,0.3225516949,0.3076990643,0.2398170728,0.3031894989,0.3975185529,0.0646989695,0.2319038566,0.6853016672,0.6720619706,0.5717898640,0.9002215876
1.1565516151,0.3941791097,0.1300016998,0.4275256580,0.4771323676,0.1942471428,0.9372593466,0.1508632454,0.7679049271,0.9546057198,0.1906930078,0.5766742859,0.0152842378,0.3509464225,0.9405121959,0.8582060214,0.1352503275,0.9632242998,0.1810388926
0.7270989590,0.0278328821,0.9606101456,0.9181831954,0.3134628818,0.9371507885,0.3183452616,0.2352808473,0.1996911587,0.4311790847,0.9295006438,0.6220354436,0.3911505657,0.9790571055,0.0401539906,0.2331319046,0.8513644164,0.9446130331,0.9056278747
0.2760094536,0.0047704065,0.3709332958,0.6381600197,0.2466048831,0.4898754076,0.3202646567,0.2954388778,0.1161956797,0.9426466316,0.3980012692,0.3538382973,0.8043922921,0.6531364946,0.2188713544,0.3899102505,0.0692306661,0.0232900504,0.8607396062
1.3931285693,0.3059831683,0.6720447883,0.4102008089,0.8284294058,0.0533201530,0.3996479939,0.0233087704,0.7916433382,0.3021703678,0.8641883654,0.0999646147,0.6177157809,0.9262839844,0.8795991526,0.9782967395,0.6813621497,0.2282312056,0.6726069446
0.8232197671,0.9492639846,0.8962574696,0.2802934496,0.1460379894,0.9866307611,0.0408949128,0.9117501118,0.8115494909,0.8208494185,0.5629903270,0.8323879271,0.0729532234,0.1996581263,0.6204010652,0.3120546190,0.0799464214,0.1053140355,0.6952300950
0.0040734993,0.0030763631,0.1089131710,0.0963309479,0.8317932240,0.6531200395,0.2359312963,0.7726869469,0.3319462239,0.1787790244,0.4158396237,0.8207481793,0.1265007591,0.4232149102,0.2526390253,0.0126555585,0.4346942232,0.5552314553,0.2889582670
0.8510387870,0.1265861303,0.4075994051,0.3916426540,0.7472760734,0.1710578965,0.9093119536,0.7959470916,0.0113603039,0.2685346445,0.1988794202,0.5854596515,0.4017410146,0.3795889640,0.9235805979,0.7955929668,0.8749007827,0.3069653689,0.5954887445
1.4563046321,0.3535428103,0.7974481973,0.4419607822,0.5723495268,0.8002782695,0.0641953537,0.5278784570,0.4146821997,0.2223105905,0.5378867717,0.0545431849,0.9783830090,0.6499856566,0.1505029900,0.0091383647,0.7755415730,0.0276613853,0.8816512820
0.8525381994,0.8850602032,0.7026397961,0.1222064697,0.5141160788,0.6883327673,0.7278933911,0.1281037533,0.2814820935,0.1543965707,0.0236731532,0.7845982803,0.1496454505,0.4549863134,0.4005545952,0.7847307048,0.3138058993,0.6411912279,0.4195881072
1.5127564119,0.5371218574,0.4976098421,0.0570973239,0.0230989157,0.4286899418,0.7253760933,0.2111671137,0.6949858498,0.7136208225,0.2692281983,0.3212608871,0.1374437519,0.6703614427,0.5803383306,0.2824429532,0.5949380387,0.6886781606,0.2509334831
1.4717242404,0.6314455384,0.4971777477,0.2518047267,0.0072114648,0.2981584146,0.0130560158,0.3007259426,0.4698102444,0.3530242674,0.4395008876,0.6762426191,0.0413962671,0.8323286125,0.6054209552,0.7550114067,0.4546017661,0.5564758506,0.5112973980
1.6811234566,0.3714849428,0.9922703712,0.8560439780,0.7696412445,0.8045370997,0.8026293291,0.1225770041,0.1140833177,0.6305283584,0.9411231496,0.5709116285,0.0137726736,0.4106719663,0.1673903162,0.9248670519,0.1268440624,0.6122810931,0.4115202442
0.8163081574,0.2008580678,0.1982777724,0.4325774351,0.1165629350,0.8876222887,0.3537341225,0.3543988836,0.6899270122,0.8340026295,0.7099605402,0.0218677213,0.1896997611,0.2333948204,0.7615101310,0.1853628332,0.4430758303,0.9151110001,0.1454336184
1.2405798101,0.4817579596,0.2626755230,0.2055251753,0.5803931438,0.7157473170,0.1878549207,0.3210018023,0.3116307330,0.2892035640,0.3099161076,0.0231902469,0.9887098108,0.5412485735,0.0182428634,0.6573220663,0.8710179602,0.3786466619,0.1267953710
0.6315267619,0.8924787859,0.4406911740,0.4088030070,0.2412733708,0.9975396316,0.2161266082,0.3760767785,0.1867763724,0.2814050387,0.0228573219,0.7050872841,0.6407597393,0.1609605599,0.3558923405,0.1428257202,0.3937149879,0.9004785490,0.5522753591
1.3569497085,0.2659062417,0.6259243926,0.3125066252,0.4083820674,0.5869199561,0.2939282726,0.4515919976,0.8206071172,0.3053522610,0.2419616313,0.5600738282,0.8647979083,0.3479131930,0.8433207335,0.5983827097,0.0438914458,0.0272053041,0.2258441684
1.6359138947,0.3927501510,0.9566260401,0.2008670964,0.8847369575,0.8370274031,0.9353585503,0.8277424903,0.2869548773,0.4360560205,0.4223791380,0.4153032985,0.4470719352,0.3129971787,0.2402313142,0.5914708470,0.7718660448,0.6519417344,0.9666013616
0.8150184502,0.9228833013,0.8220571970,0.0776780147,0.5038045710,0.9145983115,0.2927992199,0.6657783164,0.9937563146,0.2810407977,0.0883011930,0.5883883758,0.9696022797,0.0558456045,0.2772105247,0.1274624897,0.8661729722,0.8868993775,0.4590515111
1.3838249570,0.5378288821,0.0353258034,0.8961364204,0.5375555792,0.5793216588,0.9711523870,0.4741964506,0.5431056691,0.5560045869,0.8582007621,0.7745925156,0.4831225682,0.1510361543,0.5187707434,0.1950915656,0.2773276211,0.9836976041,0.2472600322
1.1464829483,0.5282153170,0.1314790647,0.0686853437,0.6184199112,0.9536792425,0.2684752220,0.8489187953,0.8864132961,0.2656392902,0.9637133361,0.1874745179,0.3462514953,0.4718392676,0.7159277662,0.4954221670,0.7972612490,0.9467886248,0.5378806788
1.7955342938,0.5755734470,0.7987765944,0.9975870853,0.5349242726,0.9314106005,0.2729806738,0.1903998257,0.5732809844,0.8729546579,0.1066053438,0.6456687937,0.7999476583,0.4482132217,0.7862781159,0.9228974544,0.8554632118,0.8516794653,0.7363358976
1.1116097059,0.3608606656,0.1657025710,0.8997978395,0.1051589132,0.3569896787,0.9922059458,0.2593184701,0.7102585812,0.3721473178,0.7654331707,0.8251303384,0.9736189129,0.3830407713,0.5159966335,0.6033386695,0.4665728570,0.9998065924,0.3674071421
1.4848559305,0.6279311428,0.4630810427,0.0237840193,0.1103630610,0.3374828023,0.3926236499,0.6870817107,0.5752389775,0.7335816404,0.9605382164,0.2725973985,0.8601402803,0.4134916956,0.7568791165,0.8368069768,0.5743836447,0.9988390653,0.9413565427
0.1507518587,0.9200580344,0.0410468238,0.0704692719,0.1271763109,0.6015647943,0.0859234941,0.3228193404,0.4321366567,0.3674868835,0.3778503671,0.4342480017,0.5194247509,0.6702153882,0.7778559590,0.5873001850,0.1154211329,0.1014280042,0.7710438295
1.3500035615,0.8602615818,0.9897994553,0.9726463953,0.8352852789,0.9192781526,0.5261417224,0.3104332441,0.3843532835,0.2839261690,0.7407104100,0.9736501388,0.4440745693,0.7678929867,0.0713302950,0.3689024134,0.2081169002,0.6514934528,0.6056340499
1.5493204628,0.4707583924,0.4455774122,0.9425819804,0.2674610052,0.5207446769,0.9663164386,0.8390884709,0.7133504896,0.9744671822,0.7515701110,0.2693891665,0.5532657225,0.8297845251,0.9859724538,0.9520932098,0.2352812248,0.6725858620,0.5763843995
0.4492509118,0.0939809647,0.1368885399,0.2720954186,0.0705677303,0.1552623167,0.7547765066,0.3557463725,0.8396695004,0.4206983844,0.0222011581,0.2143494400,0.9080287658,0.8568811190,0.2023816852,0.7082819911,0.1408806713,0.2473603213,0.3020075400
0.3841070955,0.8935730691,0.1214973396,0.4534245179,0.6549580972,0.5413975310,0.0291688382,0.1381059537,0.3581813647,0.7376093731,0.6399167756,0.0174474258,0.7648436484,0.2605552239,0.4452226906,0.7971234606,0.3855887270,0.3763575444,0.0229361523
1.1456777660,0.3115533396,0.4362077579,0.4618649290,0.1602466056,0.8855548065,0.8345428626,0.4972018385,0.0513660726,0.8339847650,0.7953974120,0.4969927474,0.7448804636,0.0342207485,0.5236519388,0.0544774178,0.2476091890,0.2976346131,0.0944626452
1.5826778582,0.7365723833,0.9011092012,0.7482498175,0.3997635653,0.0449083101,0.5483113595,0.8967011685,0.1822857668,0.2651766722,0.2366666188,0.2267228853,0.3463024363,0.9213455121,0.5041615025,0.2535480651,0.3965323934,0.0724697641,0.0353304673
1.1786117353,0.8525225309,0.7302236636,0.9006655478,0.3776007297,0.9411328696,0.9124735680,0.3497910008,0.7147503807,0.1492292625,0.3594577362,0.7860883542,0.4262704690,0.2805242301,0.7581998942,0.6407021149,0.5714298406,0.7312487673,0.2798132264
1.0309669860,0.3827037104,0.1949690135,0.2071287300,0.7717854661,0.1623836006,0.8910337314,0.5260946178,0.4609921636,0.7649220248,0.4356374901,0.3587702879,0.2585141923,0.3050916458,0.1774690854,0.2032825694,0.7619110953,0.4573158442,0.7833752327
1.1496923203,0.1402270915,0.8527625451,0.1738092281,0.8706078622,0.7026638211,0.2011329147,0.4612380431,0.7110059383,0.4708386552,0.5132168342,0.9148600836,0.4058308414,0.2679206072,0.2062253728,0.5827631322,0.6543704762,0.2105353101,0.6058788984
1.5291567433,0.4850486537,0.5893267303,0.3664242521,0.8931612696,0.2084555096,0.4772924763,0.7501984037,0.5223591165,0.0798057616,0.9816333456,0.4902360432,0.6349022257,0.9875993867,0.5767035000,0.0134602970,0.3409932370,0.9928845920,0.9411959105
1.4770407242,0.1967249823,0.9395309292,0.3206104374,0.5373060247,0.8567652980,0.6963820626,0.5924904941,0.5447125059,0.7649423998,0.9816821630,0.4919866971,0.5174660397,0.6217691149,0.2271099883,0.0084683257,0.3963731163,0.4697043084,0.7425944666
0.9675784043,0.8804760910,0.8508958056,0.4195054009,0.9282403685,0.8187013573,0.6664982593,0.7880485264,0.3842288599,0.3957678205,0.8347628815,0.7465324301,0.4078687211,0.4402057471,0.0815187886,0.6596597431,0.1822684115,0.9586022274,0.0157152501
1.7752648378,0.4488561956,0.9081215986,0.7439511321,0.6074319514,0.1921176948,0.3667417384,0.8193246347,0.2988380956,0.9088189874,0.6145391535,0.8490089596,0.7764758482,0.7100295576,0.6300136786,0.0960591615,0.0838078534,0.6973891637,0.6175082728
1.4425382234,0.4608480509,0.5585123636,0.0024675320,0.2699092107,0.2980030822,0.1869053589,0.8282348916,0.4922751432,0.1726231458,0.5028320818,0.5916027619,0.9264309206,0.7218444640,0.2013603222,0.9991164824,0.4212525467,0.9538723699,0.1227178760
1.5476519591,0.6198426184,0.5237549309,0.1812893800,0.7443132957,0.5117608685,0.6800747233,0.1761945185,0.9253921692,0.4793348870,0.8360834064,0.7457838560,0.8477366547,0.2989405951,0.3039923549,0.7280920327,0.7559500855,0.7998064118,0.8023916409
0.4453080986,0.0608928511,0.1689060422,0.1752924903,0.3987925734,0.8693018155,0.4103468284,0.7605943776,0.1136260833,0.2412697331,0.5899533146,0.5734767941,0.3964627333,0.7099874871,0.3293770028,0.4066376102,0.0925926828,0.5727279082,0.9823503575
0.8358593347,0.7984926486,0.2384886817,0.4040696924,0.8166141482,0.4114388710,0.6469039246,0.9227448672,0.4233882853,0.1395080295,0.9534424245,0.2023268516,0.3877332666,0.2673490612,0.0533193340,0.8608851160,0.9370749647,0.4541921745,0.8962510166
0.6689611041,0.8905161985,0.5177175531,0.0300121370,0.5721978080,0.1684461645,0.0275954677,0.1322066490,0.1028752426,0.6444301513,0.6650032181,0.8778562929,0.4524628571,0.4997758814,0.5758327460,0.2715341462,0.5636649480,0.5582170394,0.9289550121
1.2943871541,0.7841617249,0.7450003337,0.4761840844,0.5396662855,0.0544852925,0.4812877026,0.7583934212,0.6482115816,0.3776953602,0.2747126026,0.4970028453,0.9720747221,0.5932660632,0.9970707643,0.4653912329,0.3697633853,0.0830396220,0.3427223577
0.7462559083,0.9342476844,0.7079230445,0.0840556993,0.4130876066,0.2899558479,0.1987772691,0.3813090301,0.0548201113,0.2622714070,0.2315792691,0.5043234668,0.2708618575,0.1817981105,0.9317894981,0.9899207984,0.7986070117,0.8109006638,0.8680380006
1.6801006680,0.4591806313,0.8074173676,0.6199127713,0.6564712557,0.5007893982,0.6441349739,0.9389790740,0.8582175155,0.7034650849,0.8646917629,0.5014190242,0.3994360014,0.4355852322,0.2028382097,0.2482816639,0.9201873361,0.0609076195,0.0879127338
0.3094188484,0.0669089853,0.0729496786,0.0645687399,0.2980937153,0.9507431521,0.0966242873,0.3328841844,0.2119303912,0.3815524298,0.2117897468,0.4623727391,0.5880650406,0.4790746861,0.1240055371,0.3645927830,0.1290329137,0.1574539641,0.9952298778
1.4093697826,0.4456757208,0.4438410111,0.5988879010,0.3469283827,0.3673159048,0.0813241761,0.1433143495,0.3963126697,0.8557730381,0.3154491445,0.0595673302,0.6676777325,0.4345294571,0.2925547553,0.5974675546,0.0673184769,0.6651085940,0.9157717165
1.8135863105,0.6110348948,0.8142641331,0.0321035032,0.3275437544,0.4163837180,0.6199760181,0.3056350746,0.7808119021,0.0900686052,0.3790421581,0.5385530636,0.7161508979,0.6815167482,0.4811883169,0.1701631593,0.1594316101,0.7327542908,0.8388720941
0.9905471536,0.4429379031,0.0458803903,0.2743865781,0.3889430361,0.4509454334,0.8284999109,0.2091945722,0.7918956481,0.9181126303,0.6838190092,0.7325006654,0.2403947384,0.3135150571,0.0256762306,0.6153044237,0.5903037208,0.2730298429,0.9664271726
1.6792811285,0.4988023206,0.6575517290,0.8819972733,0.1580983697,0.7802835839,0.9038346289,0.9849022548,0.1832410709,0.6278989956,0.2529616167,0.3632235894,0.8652750501,0.1484355594,0.5373408211,0.3742476787,0.9087734432,0.0556439473,0.1294523235
0.4008683759,0.0648135267,0.2997433126,0.3920489792,0.2807833056,0.4856793380,0.0573224601,0.1301312901,0.8098396746,0.4791831331,0.4348507280,0.0868068513,0.7464786650,0.9219818569,0.8329322622,0.8002960543,0.1742395209,0.1279171124,0.4882510803
0.9408649278,0.1042629999,0.6724131621,0.4089654306,0.3903643575,0.0331317490,0.1435910406,0.3218856071,0.4910157859,0.6254650915,0.7042107977,0.7952014644,0.2125627314,0.8191482162,0.1743239322,0.7089608300,0.1166234728,0.5603985151,0.3557160534
0.6757006225,0.8793323569,0.2475103352,0.7752352948,0.7347816306,0.4151918903,0.9540144838,0.0268291016,0.7324682479,0.0738920813,0.2149591617,0.5965142942,0.3546494529,0.2913738380,0.9352884349,0.1552300088,0.3422263841,0.5950388732,0.9859413282
1.6388631637,0.4438515907,0.7265418500,0.4773076193,0.5248497503,0.8167124367,0.1777605247,0.0840454158,0.9571556822,0.8425064623,0.3620805097,0.0262543046,0.8909547177,0.4631029816,0.3229824411,0.2859253834,0.0213131968,0.9781826032,0.0874757882
1.5213043982,0.4045392059,0.7152564823,0.8711612044,0.9012599904,0.9906192995,0.6804011767,0.3048597603,0.9416082213,0.3395191211,0.0074833302,0.5221855878,0.4570755380,0.6354933046,0.0149233942,0.2301337274,0.5350563599,0.0049199529,0.4638681484
0.2224849517,0.0490156347,0.0593242285,0.2872338966,0.0980970186,0.2784300987,0.7935573174,0.6456327634,0.9606538260,0.5891554772,0.7269169808,0.7580639239,0.2550924074,0.4787711481,0.5063826103,0.6044554354,0.8647325980,0.5219058076,0.4604092486
1.1957667324,0.1806431356,0.6511757363,0.7695178476,0.7182841318,0.6396574447,0.1637894923,0.1697341931,0.5278298420,0.5360568851,0.3098107074,0.1020142525,0.9315510958,0.6601614061,0.3849407496,0.2109679544,0.9193555807,0.8392033346,0.6888443435
1.6587219707,0.6691678572,0.8038966952,0.1966021239,0.6149736660,0.3370157252,0.5846640191,0.2226529112,0.3658180867,0.6353644180,0.7079297349,0.0566024921,0.4973548888,0.1181789335,0.9102335255,0.6328337914,0.8328344755,0.3592201702,0.7209965790
0.9261073198,0.0170902608,0.9849153440,0.1824022577,0.5758022862,0.4291689117,0.5525737149,0.9602721253,0.1880166988,0.1666443901,0.2249620378,0.2492792020,0.5998969210,0.8216847862,0.1422816254,0.6652112262,0.1157040803,0.5180063857,0.8800702533
1.1584623303,0.1870883317,0.6602194121,0.6253753255,0.3627824768,0.2387657778,0.5658362381,0.6438186930,0.3382900534,0.0419538010,0.9945314811,0.6744752579,0.0036920488,0.8025683957,0.2974268215,0.0641368481,0.3472421853,0.0900691241,0.3012474674
1.3580579487,0.7551758313,0.5561349102,0.8601699917,0.6158731082,0.1973704347,0.9680045332,0.1639227182,0.3005112371,0.9877613502,0.8793655249,0.8303789172,0.0505861482,0.7042994497,0.7565187298,0.7520469466,0.3699056158,0.0884578070,0.6561784403
1.2735796369,0.2603723914,0.5628913777,0.6751776022,0.0165639900,0.2837197221,0.8587672764,0.9830755984,0.2493283310,0.6252479102,0.3758187509,0.6914686631,0.7770842134,0.5149862413,0.7448846678,0.1262924238,0.3329766798,0.8078638264,0.0425578322
1.3210298737,0.2311856482,0.8196383449,0.9059299996,0.1819625369,0.5730064707,0.1819182314,0.9934182310,0.6258569692,0.4347848322,0.5918346275,0.7928284649,0.1074166997,0.8187336083,0.9289613878,0.4095332278,0.8337238813,0.3271454235,0.4281369411
1.4032247039,0.4447191524,0.4848110440,0.0552263792,0.8351767252,0.8252125720,0.9174596232,0.7689955100,0.5181876357,0.9702615527,0.5095631092,0.0922733003,0.3741456942,0.1968416197,0.0989120677,0.6750358741,0.8894309329,0.6026302503,0.3573413389
0.7047337362,0.9768438203,0.7500924704,0.4151309487,0.1282229276,0.7324616888,0.8432201837,0.7221601830,0.3513306512,0.5273060428,0.5048327872,0.6949978889,0.9231498669,0.5701942742,0.7645883572,0.2126623658,0.5618781791,0.6511696504,0.5386073303
0.9003440972,0.2266926876,0.2583948183,0.1799477219,0.9012443731,0.7592133601,0.9481111874,0.7521943423,0.6686360167,0.3331716982,0.0590813732,0.2019928173,0.6947772141,0.6425743947,0.8669913499,0.4643713733,0.4673959522,0.8611606253,0.9929082757
1.8100494196,0.5826650037,0.8289187633,0.7487827589,0.4616208256,0.3312244507,0.7508212844,0.3062938153,0.5113274194,0.9829979106,0.1451177903,0.7305760698,0.6950971876,0.2245246906,0.0740995122,0.3387789828,0.2185092047,0.1136213642,0.5829036104
0.8630243313,0.1531532820,0.3889322739,0.7848772936,0.6165931331,0.5769461167,0.0978911479,0.3428169324,0.1238592674,0.2162523762,0.1842171048,0.0110347256,0.5309813619,0.0366549530,0.8310330273,0.6021337328,0.3436550655,0.8924180740,0.4644134757
0.6039662660,0.9851333868,0.5775990808,0.3428613871,0.6818854572,0.8035269136,0.8784260943,0.8822207002,0.6250962863,0.5208098738,0.5380698792,0.0989422922,0.4989639855,0.3241265354,0.3204744002,0.2213173895,0.1343051401,0.6452030026,0.3355443357
1.4449734242,0.2842154009,0.8365616184,0.7442096844,0.0707108611,0.3658510736,0.6468595848,0.1243152723,0.2109431967,0.7618869981,0.6059856406,0.8052013457,0.5173384880,0.8089430413,0.2271705211,0.9202163160,0.8362902230,0.8997009981,0.9615319919
0.9730310524,0.0753249806,0.7672032480,0.1976291129,0.0473957339,0.2665386697,0.4290954726,0.6377876233,0.7690258582,0.3489545842,0.0642824294,0.2403315219,0.2245071935,0.1736158437,0.1055555143,0.2391554912,0.4613596807,0.5439645019,0.3181833449
0.4334414245,0.8537714987,0.1038478620,0.4319658747,0.5024495402,0.8465702960,0.6918236183,0.4010401685,0.8394570629,0.5224539289,0.9217919612,0.1894674093,0.4000729754,0.0255330666,0.1469295106,0.4572724786,0.8038948108,0.9445006640,0.5177307872
1.5016252735,0.6565595209,0.5686988176,0.4279619036,0.7540690619,0.9178880838,0.1883327398,0.0006792188,0.9032682230,0.8768030698,0.3107180606,0.8548820478,0.8872744004,0.8970825365,0.3711599969,0.2001834993,0.2045893204,0.8953897564,0.5661494937
1.0088985892,0.4169232836,0.1713681308,0.2522592943,0.4128534859,0.6576232186,0.1822617573,0.2789502079,0.0422557381,0.9165910803,0.5432412256,0.3395681743,0.8646377973,0.3007342532,0.9970316162,0.4447278666,0.2596804250,0.6079129786,0.8297169570
0.7103737570,0.8499977082,0.1323940029,0.8144736099,0.7658726801,0.4573618712,0.9919951794,0.1198361213,0.2110612749,0.4521879119,0.5194811648,0.8757625443,0.5317593497,0.9817348660,0.0666061599,0.7044601788,0.5547090030,0.4326876646,0.9344020527
1.6796091649,0.6924016192,0.9464937838,0.0340159200,0.3368988586,0.7384098149,0.3797412605,0.8736298055,0.1880659614,0.4123731483,0.0186008465,0.0941686756,0.9614671135,0.2162102958,0.5928288700,0.6162058562,0.0639478846,0.6304497054,0.2571294772
1.5652478171,0.5227588376,0.4852971468,0.8964539490,0.5889779977,0.2505842689,0.0883561841,0.7533725299,0.6476775495,0.2885979536,0.7625361047,0.0510959023,0.3079727553,0.4096505134,0.3889290514,0.5349637400,0.6462126234,0.6130782797,0.1527222750
1.6460157863,0.7164001588,0.9122480573,0.7659376052,0.3508325584,0.8640532340,0.8325697211,0.1105385905,0.8735639455,0.5992880746,0.6021635775,0.2869567308,0.1309089776,0.9070393300,0.1354252869,0.6455425370,0.9173752071,0.5019193731,0.6778332090
0.5906751663,0.9345674365,0.3052470684,0.6638141779,0.4006435562,0.6449766284,0.9080339131,0.5377311955,0.1982651147,0.0273875266,0.8947681036,0.3077385648,0.7366209322,0.4969853390,0.7875319748,0.5766376771,0.6860739413,0.5538924548,0.2405005458
0.9835834459,0.3034280985,0.1720304167,0.3309491658,0.1709735883,0.7719036066,0.5150094176,0.4675876218,0.4923510872,0.9515843037,0.0164016837,0.2212456548,0.2003431970,0.8426343115,0.1857075595,0.1090164220,0.1967641439,0.8969971239,0.5139632696
0.7947072636,0.1431177987,0.3015886081,0.7258802252,0.6279147742,0.7507028870,0.9744650592,0.7543748573,0.9085556422,0.9860279635,0.1607888243,0.2721916525,0.0330535168,0.8800273671,0.0666814827,0.0532782317,0.2157888133,0.2798172736,0.1725729099
1.3132160284,0.2804533267,0.7124076679,0.5317139219,0.8026820163,0.4176155685,0.3440976107,0.0662692759,0.2826904718,0.6412435373,0.3291901745,0.8282503210,0.8839289339,0.5451138136,0.7138514819,0.7671797103,0.7253468277,0.0820699770,0.6890805487
0.4945540266,0.0464644226,0.3911080390,0.7768654506,0.4751374143,0.9213556564,0.2772208705,0.7399706237,0.4954345290,0.8101713986,0.5613045509,0.6477389028,0.4504076675,0.5767129503,0.4956495942,0.9223192248,0.1376949955,0.0484371264,0.2143058990
0.7987943337,0.7760378567,0.0019556654,0.7206050828,0.6762401166,0.1580781473,0.5628022364,0.1067678100,0.6864501290,0.5856284779,0.9597057394,0.9048735604,0.2559373816,0.6024354791,0.4146955286,0.2676657711,0.5819368029,0.2263519065,0.9337935274
1.5242243145,0.4129413619,0.7283006804,0.0526388773,0.5578208142,0.8117653668,0.7345139415,0.5114930929,0.4776829004,0.0008420255,0.7679687800,0.7702658881,0.8648762592,0.5350193152,0.1179142175,0.9660512720,0.5738854329,0.3587561737,0.3865954916
0.8228460700,0.3793906643,0.0379833366,0.0455309571,0.2859593426,0.1278450232,0.8270033314,0.8542184539,0.2578398965,0.0748374902,0.0825326672,0.5065963143,0.9469533077,0.5107802582,0.7246527132,0.6700067985,0.3901836204,0.5425252530,0.3354346766
1.0081016781,0.1401851867,0.6527477136,0.6591075272,0.0289770314,0.1071813908,0.6864854246,0.6241134702,0.0104567411,0.8622409911,0.2725034361,0.3838620531,0.7217599576,0.3899020043,0.2753848184,0.8030596074,0.5948172182,0.5904442916,0.9860470912
0.2435985464,0.0419405950,0.1042427103,0.6718439359,0.1735576672,0.4576921219,0.9023304790,0.4274300899,0.8193649283,0.4250075490,0.2917413598,0.3925618127,0.6327072179,0.7917641138,0.0990624915,0.1918256838,0.2449969119,0.9983901931,0.5494451966
1.6341751712,0.4996459427,0.7246406930,0.3865869957,0.1919480719,0.7592143544,0.6602276120,0.0265874816,0.1222122043,0.5819717070,0.8241103848,0.0360396873,0.8976713642,0.9057800613,0.4932587497,0.4810236805,0.3289244067,0.0055138755,0.9249344408
0.8941491652,0.8249298018,0.4819890161,0.2586804784,0.7917403465,0.2299659428,0.6312607842,0.8068389548,0.1458449788,0.9055195779,0.0243266453,0.7987963675,0.7620136597,0.3955653082,0.7339144499,0.7098365019,0.8426924925,0.5869767679,0.0723014473
1.5172159175,0.6851357403,0.4396997706,0.9024910159,0.1390464741,0.2509683309,0.1024323470,0.7517939601,0.1741357723,0.3408386732,0.4856213314,0.5051422196,0.4605471552,0.5077750729,0.8074748650,0.2353784389,0.0901803647,0.8117446406,0.9939481899
1.7127616221,0.5220232382,0.6026750397,0.4534940464,0.0291225350,0.0660468400,0.2291498049,0.0126000322,0.6578451134,0.9152794737,0.4264274258,0.8529779285,0.7693993028,0.2820022094,0.4439211953,0.0310545579,0.8296649412,0.8009841897,0.3036079855
1.4481541231,0.7214383301,0.5167152414,0.6272145905,0.3508886811,0.4270633980,0.6691211134,0.7073477027,0.2537223583,0.5674132401,0.1811295902,0.0352097924,0.2772627417,0.8809353241,0.2258109089,0.0284774290,0.6881589882,0.0023254425,0.7125379388
1.0171400964,0.8555605691,0.8165246795,0.6982466051,0.4093490532,0.0081136698,0.6022966173,0.5664862170,0.3077468532,0.6691518718,0.8652021207,0.8634064249,0.1000627416,0.5825011552,0.0712627891,0.0214745023,0.4005087931,0.7055733031,0.0321293601
1.2691042110,0.3270701790,0.5034182848,0.4628974728,0.2837087833,0.2024240029,0.0623351336,0.6395529708,0.4955942991,0.9329838891,0.1746823751,0.1416066542,0.3755592271,0.3871201122,0.6349220686,0.3774055212,0.7163885867,0.1528400589,0.5742667125
0.9832764778,0.1471703603,0.5206647003,0.0540854008,0.8630594180,0.1248648051,0.9868371799,0.7945162243,0.9942032625,0.7334012794,0.6805395793,0.2954109159,0.9645274237,0.0557333818,0.4476526016,0.9718874154,0.8249135643,0.8251987897,0.3719459129
1.5723315913,0.7467086390,0.9740818446,0.0762273842,0.6909158070,0.2391390926,0.8546652627,0.4103483541,0.5144000506,0.8436191497,0.3806133036,0.4426727365,0.8661571374,0.5036641966,0.3340665553,0.5019950497,0.5139609548,0.9920529494,0.3422083237
0.7301239441,0.9487865019,0.5352652323,0.7695642854,0.1640582072,0.4219365760,0.7917194430,0.5433046882,0.9464898655,0.1792283232,0.6877239502,0.6315602027,0.0850995463,0.1085554878,0.9977776752,0.0254304972,0.5530523384,0.0295902991,0.5943328067
1.8692337232,0.6007127244,0.8412757824,0.0042369198,0.7060194443,0.0515943316,0.9550940086,0.0677688713,0.1620006974,0.5991133120,0.5773575242,0.9343596328,0.3290913012,0.4047398619,0.0357930410,0.5215770315,0.4498186607,0.2493500537,0.1764020218
1.5457331278,0.6153618393,0.4699923744,0.2437788720,0.1527149302,0.4009089560,0.6126444647,0.6843493975,0.2703444080,0.6614670160,0.4545950492,0.5874876227,0.6368339013,0.4670294971,0.3499637091,0.4299967279,0.9127662059,0.0477380323,0.3044948323
0.5418876751,0.8075268896,0.0758169426,0.1423048356,0.5882407627,0.2811581150,0.2815743700,0.5557872492,0.4840537282,0.9141525959,0.0900462962,0.7494529044,0.8356602688,0.1812366170,0.5863000536,0.4121602027,0.4609742432,0.6772429319,0.3377938527
0.4450029383,0.9763446875,0.3288810025,0.1871807407,0.3857211235,0.4477964670,0.3326098410,0.9789270413,0.0794411558,0.5727004498,0.5297255712,0.4659688336,0.4013795672,0.1555473180,0.8390625734,0.6754306003,0.0249040670,0.6362956192,0.5730957653
0.9380522159,0.9010641887,0.8895528149,0.4342701035,0.5182977305,0.8545858401,0.2818145360,0.8879133989,0.4144969045,0.3463425726,0.8814374127,0.9481916708,0.4338728192,0.1460050186,0.7934071891,0.5041049771,0.8685678354,0.7399142096,0.7514109613
1.6260355754,0.4096612504,0.9265905202,0.2431305507,0.9276842976,0.6661875418,0.1911338121,0.4012412051,0.4146072799,0.4605016665,0.8493125745,0.3251085576,0.3481854933,0.5218256377,0.5952367965,0.6255657581,0.2806747204,0.7473812890,0.4945407522
1.4480118615,0.3685644484,0.7683209592,0.3066843750,0.5252458548,0.7629438544,0.2783772845,0.7064947331,0.5521232733,0.3265592477,0.7556970048,0.5970640702,0.9981009711,0.1305216721,0.7399653387,0.1729579626,0.8943304343,0.7214513860,0.5763476985
1.3115406170,0.5295714258,0.1475154466,0.7122669673,0.9260912282,0.2161379115,0.6191361769,0.3565862193,0.6127973371,0.6966651167,0.2759532547,0.3144899510,0.3392642486,0.4121200498,0.2191681015,0.8259412296,0.1361987843,0.7991736747,0.4107182534
1.0568905430,0.9432045718,0.8650422909,0.8933398820,0.6013035644,0.6639519968,0.6425212156,0.5608668584,0.1095461642,0.3519755485,0.9819405440,0.8264933258,0.2049919424,0.5851249554,0.3730821489,0.1424113443,0.7949485558,0.6541451525,0.1615066432
1.6232173370,0.6989326131,0.7201064614,0.5718044895,0.0907289915,0.5492845147,0.9587300008,0.8340438157,0.5836919327,0.5286662886,0.3913509592,0.4127902071,0.3035825119,0.6573021179,0.2990545167,0.2581312399,0.9301519151,0.3894670147,0.6848433851
0.9425911797,0.8269818463,0.3294529444,0.8561266058,0.5407731429,0.3644873615,0.8599524987,0.8943650210,0.2582898938,0.6365764730,0.9036643528,0.7534888131,0.2503162230,0.7278715313,0.2982762432,0.6989758418,0.7809812573,0.8723645904,0.1245937836
0.1739878337,0.0260200285,0.1221103812,0.5464447252,0.6795667452,0.3487083937,0.6687229170,0.5740307296,0.9344466471,0.3802794003,0.5410895020,0.5266486659,0.2210226389,0.4333318939,0.1545612993,0.8276294572,0.5172609136,0.4729200734,0.7564344415
0.9678537293,0.7487523047,0.2277033230,0.4371955911,0.1205649124,0.5225554143,0.8036944733,0.0051369263,0.5011411265,0.9754662616,0.2928705169,0.0929503803,0.2272542693,0.7427139368,0.9393585084,0.5774953043,0.2940179874,0.1957529883,0.6217701140
1.3602223697,0.1483996035,0.8636956665,0.0841091551,0.6484576082,0.9603827134,0.7184074269,0.3756372309,0.4024038895,0.5572178502,0.1735172547,0.8312444469,0.2357146510,0.9169155073,0.8936056947,0.7847106359,0.2765938004,0.1118521633,0.7359068707
1.5853385146,0.3565207977,0.8343403301,0.0373983219,0.4859366404,0.2521090866,0.9117875539,0.9959190404,0.8783273908,0.0402483204,0.8863993360,0.1045806469,0.4449258279,0.2918301131,0.7616927694,0.9851565412,0.0322308571,0.6847794689,0.7830249881
1.2983485501,0.1546793564,0.8883049103,0.6597417186,0.5168923237,0.8052937533,0.7631418088,0.1616982614,0.6983577310,0.6580844697,0.8769737168,0.1058730727,0.7616092798,0.6011533059,0.8375036732,0.1798837685,0.1101791686,0.3141948032,0.4581396659
0.7376613712,0.9790963166,0.7507046886,0.5808130013,0.7360552988,0.6977935095,0.9951283528,0.8179713073,0.9235377735,0.6926071247,0.8386905954,0.0559520125,0.4738604127,0.8233665880,0.3890946688,0.8507835950,0.4783265747,0.3761821538,0.2890844820
1.5789695715,0.4857537854,0.6687408350,0.4879221010,0.0950828387,0.9772899103,0.2601241071,0.7710746130,0.4887297016,0.0221287356,0.4635971504,0.7007287560,0.2030421359,0.0208811611,0.6423277505,0.6379334670,0.1752926165,0.9670754383,0.3065940694
0.2194477620,0.0355054808,0.1896303436,0.7620628183,0.5655427772,0.5536163550,0.1138875555,0.5250856319,0.4052436958,0.3841633596,0.4560689017,0.6853764917,0.7202707690,0.0704020420,0.2611248545,0.0654086330,0.9802270787,0.7765209584,0.6065041473
1.1827474288,0.4603157876,0.1852550590,0.6751367475,0.6703178847,0.4370757351,0.2378046569,0.6578684065,0.9136593904,0.9416013509,0.8746545549,0.7343042533,0.0678960075,0.8387408871,0.5824418771,0.6349101521,0.0661881363,0.5089102540,0.1172033260
1.2952006220,0.7479050226,0.2188333013,0.8490567909,0.3473135275,0.7889448433,0.7917770660,0.4837113304,0.5268993389,0.3750383377,0.5659999851,0.8034772380,0.4705516106,0.9393700374,0.4415366947,0.5987212572,0.6095607930,0.7317969088,0.6624612069
0.8377608286,0.1808133415,0.2442787891,0.0868334177,0.5345977497,0.6352664936,0.9122692980,0.1134852825,0.1255042262,0.5182379484,0.8119409534,0.3203422289,0.3072649005,0.5129342006,0.8789439174,0.4429571746,0.8137943554,0.0927899865,0.8881954412
0.8913432330,0.1360517047,0.3938384501,0.4859512663,0.9559116092,0.5544365450,0.3335513946,0.1867764541,0.3908305583,0.6555111705,0.9932715487,0.4735314513,0.9632825058,0.0178213408,0.7102190563,0.2029078547,0.5317773411,0.3676246424,0.5597047402
0.9191828093,0.0971885173,0.7186774048,0.9346629974,0.5966265435,0.1930908581,0.4435869704,0.7073303163,0.2198945530,0.9685401254,0.3230507279,0.3324573981,0.0938175395,0.6407222089,0.1693434328,0.5063919735,0.6265482831,0.5662031079,0.2468212602
0.3301921198,0.0011381479,0.4397477656,0.3448980721,0.4491622002,0.6545525753,0.5771360554,0.3878662912,0.6712551038,0.6693516074,0.0559824376,0.6508206238,0.7489194213,0.3288804422,0.4602531024,0.0004270291,0.0372260988,0.4648356696,0.9399363797
1.4517943923,0.2609825541,0.7809938550,0.5333881647,0.6905688319,0.5332777805,0.5227282329,0.2960003087,0.5105768842,0.5684016715,0.5837440325,0.9042467959,0.0361737423,0.5190653633,0.0742224602,0.8495444973,0.7055263042,0.5637773716,0.2314359895
1.3129296392,0.2668095580,0.6859042457,0.1120002680,0.6996813438,0.2456816139,0.1928111570,0.2575397611,0.1276881396,0.1256948564,0.1084242259,0.5254185839,0.3510186715,0.6212730426,0.5074518367,0.5119252739,0.4792398289,0.9381430997,0.5411092773
1.9620247708,0.6331102619,0.9628488435,0.7863844233,0.8861821356,0.9909552904,0.4455081521,0.6776520091,0.8408666749,0.6359469544,0.5512109042,0.9111123812,0.7153073423,0.3598117875,0.8357359383,0.4062483738,0.8875962992,0.0470955568,0.0212164562
0.5556579181,0.8137091592,0.0624141270,0.0869261616,0.0434353307,0.6199091691,0.9689789851,0.2770232381,0.9237493150,0.6342658709,0.9653143402,0.9859448879,0.5408170354,0.3666483024,0.7531980878,0.0482333700,0.1890074303,0.0691849514,0.8113611280
1.0260671860,0.7227031205,0.1915898754,0.0899165383,0.3510694995,0.3426549002,0.7402242684,0.2578058176,0.1813999573,0.5353277181,0.8813150710,0.7191340331,0.0896908197,0.7958888648,0.8009427748,0.1985121949,0.1434552050,0.2397626557,0.4543142916
0.2432587991,0.0068244017,0.2567875903,0.7944451068,0.6036889405,0.2682616123,0.4514189131,0.6450320186,0.7783705766,0.3032992546,0.7105576439,0.3642713931,0.5387787223,0.8033262198,0.2117282061,0.1251276858,0.4420692331,0.5759705402,0.0399627952
1.7513390080,0.5771589353,0.7567110289,0.1316375025,0.8957471723,0.9705298430,0.8180140402,0.2471913449,0.1890859311,0.0944825882,0.1457980774,0.0933909016,0.7959519948,0.7462049095,0.4771840636,0.7005009472,0.3364138659,0.1117571951,0.8365558713
1.5331595048,0.6494761110,0.6148286323,0.6011494672,0.0365824766,0.1359171432,0.0949088072,0.9613637002,0.9424847330,0.6882368858,0.7482672929,0.1725429238,0.3733344487,0.7782104196,0.4709898122,0.9860036861,0.2845257226,0.3019138115,0.0579792190
1.1358601466,0.2737687271,0.3661805781,0.2851986174,0.9752864696,0.6992015295,0.9042572205,0.5365468580,0.4014416723,0.6289455003,0.1510377132,0.2826444753,0.9276089467,0.8108833733,0.2653348527,0.1486163190,0.4810241392,0.4022523718,0.6621614151
1.1499833165,0.8824278594,0.8621318827,0.7037853438,0.8273646214,0.6889527140,0.8720733822,0.5089090071,0.0550406144,0.2105189344,0.5713036183,0.2829896079,0.2002777079,0.5083970661,0.7403276267,0.5753755909,0.4527789221,0.4744654053,0.2191662481
-0.0001619785,0.0146506416,0.0100178050,0.7081588582,0.5129123964,0.5169792183,0.5374505956,0.7397221858,0.8326627293,0.8440365751,0.3353142173,0.7393033894,0.1166999310,0.8855180302,0.7918867646,0.2824125590,0.7035659442,0.7088620508,0.4256520536
1.4535643077,0.4747544417,0.3702919044,0.6964845572,0.9644052585,0.8625840016,0.0923711949,0.0276125967,0.2815170658,0.7576899616,0.6684362096,0.8549849940,0.6747858865,0.3942859720,0.5831373786,0.1795441519,0.5034734862,0.9085059187,0.6122329616
1.7199075156,0.7489098243,0.8808108773,0.9933779857,0.1706794791,0.3145277435,0.4951869823,0.4467785561,0.1077182284,0.9632479045,0.2878135477,0.6671766452,0.2981812543,0.1446172840,0.0081357714,0.0832767337,0.0982121395,0.5376492874,0.6575926959
1.4983856589,0.4940774916,0.3975192232,0.9563143828,0.6040186136,0.0761337920,0.5951931007,0.8189207582,0.6115193673,0.8660933876,0.2436828860,0.6690021078,0.2276363431,0.0596320585,0.1930449677,0.9881997927,0.0519519802,0.1536404193,0.2785268682
0.6934837702,0.0150785451,0.6762650578,0.4810908774,0.5933712673,0.7093582876,0.0186872294,0.0451747188,0.1092430681,0.4636868265,0.3421067626,0.5459578384,0.1608910153,0.8526918906,0.6965637644,0.2170892018,0.5063822507,0.0645300318,0.1685147948
1.3227672764,0.4388904057,0.4355799392,0.0547252934,0.8874639975,0.7974735604,0.4416017781,0.1066778937,0.1507583196,0.3466507891,0.4070699399,0.5830737898,0.5183996815,0.8610787238,0.9672984397,0.7758489275,0.0541160942,0.7277295414,0.1806819671
1.1539275810,0.6470113547,0.0164799461,0.1809791302,0.0945362418,0.8907608577,0.2518636200,0.1844584838,0.4342095648,0.2399768407,0.3231954069,0.1988077838,0.0280437148,0.7003512893,0.3724170526,0.0929661575,0.9174963214,0.7717352098,0.2466570655
0.5592850498,0.9155224283,0.0196958245,0.9135343169,0.3471132244,0.2204731168,0.0074434430,0.2629431729,0.6422627613,0.3958934860,0.4944159692,0.9715747780,0.3090006835,0.4286315240,0.2112712518,0.9879136043,0.2514970712,0.2901844670,0.5641207985
0.9637272796,0.3032824667,0.2673886112,0.3218294611,0.7451710136,0.5630071582,0.6951408291,0.3834516049,0.9232672871,0.5536479721,0.0249023715,0.5723104409,0.1685720086,0.4368926865,0.2419804363,0.5132910997,0.9732994629,0.9956563248,0.0835768496
1.4630821488,0.3109649799,0.8110756077,0.1973234269,0.9974244343,0.5129475230,0.2079267254,0.9786205130,0.6560125866,0.0454999448,0.3476675787,0.3029878297,0.0641912087,0.1382388603,0.9039218881,0.6467746401,0.5473230118,0.1194101855,0.8143078897
0.8252155473,0.0518325391,0.9460441229,0.9610570215,0.5334992817,0.5843084728,0.4059309548,0.9506105956,0.5085796720,0.0314724961,0.2703716200,0.0836043600,0.4309753040,0.6655887677,0.4435466985,0.6051198099,0.1136544280,0.2683004852,0.2843497545
0.7221777984,0.9030326097,0.1970806085,0.8930620440,0.6540426232,0.5327559126,0.3560776500,0.5389018304,0.8043078752,0.7143440211,0.7949508895,0.5996304377,0.7260837138,0.9851335976,0.5393228549,0.4622906457,0.5027033074,0.6402969821,0.0498837459
1.7231653829,0.4463270317,0.9196458071,0.1231368290,0.4304034677,0.2439762557,0.3794105237,0.9373990821,0.7165302998,0.4904217418,0.3457432092,0.0051045947,0.7505903697,0.0270049888,0.4107099875,0.6979785491,0.7918116018,0.1291740546,0.4339563427
0.6847096485,0.0552596614,0.5715212924,0.5980761781,0.4793193499,0.7008613584,0.2398184851,0.5465538664,0.2393161342,0.0022108834,0.9167186282,0.1122105804,0.5950162511,0.3447491001,0.1478936050,0.6979897833,0.8256675052,0.9605564221,0.0149159343
1.1505055128,0.2614646596,0.5021955037,0.0158468837,0.4237406161,0.8428132818,0.4894229116,0.2321510427,0.3290849203,0.9004180798,0.9571478127,0.0656646262,0.2482842424,0.8473088906,0.9156308416,0.6204151938,0.5537901650,0.3313033446,0.9075498094
1.0971050407,0.0707620167,0.9815628823,0.4139364673,0.5169313029,0.1510507715,0.7123816441,0.9609554724,0.5979573499,0.5122910358,0.8176426114,0.3766844843,0.6765258183,0.6003150890,0.8974947342,0.0754402670,0.7626005534,0.6453185063,0.9028012099
1.3070832573,0.3246702221,0.5423322380,0.4124033460,0.7169430573,0.7902938060,0.2397959326,0.9177841403,0.5387345386,0.6673745139,0.8022581384,0.3461308533,0.3224608502,0.0056263227,0.4028745971,0.7264395198,0.1715432751,0.7256097717,0.1250915201
1.7136330076,0.6980880859,0.9524369013,0.2862882877,0.7417479947,0.5002326436,0.7253208852,0.5860663131,0.1099503587,0.9800257910,0.5069524308,0.6320728902,0.3575981614,0.0894954455,0.8656136075,0.9307717724,0.1439498775,0.4806502267,0.7086661958
1.3504391899,0.4403534257,0.4835034782,0.4172382886,0.2039046804,0.1674197624,0.8978971832,0.2625420304,0.2999474197,0.0823375359,0.6681281322,0.3104604401,0.6415328896,0.9197546911,0.8157331915,0.4882433707,0.3782859573,0.6388394603,0.4914165246
1.4970926256,0.6366829888,0.4605341355,0.3366954737,0.6512644439,0.1296602570,0.2224560748,0.6385867457,0.2071066169,0.3210902095,0.1817982875,0.2069018237,0.9686402475,0.9526331184,0.1103847113,0.8583069983,0.2577552551,0.9760880151,0.1616097249
0.8284457570,0.8902352634,0.8020559330,0.3305767442,0.0507014812,0.4308437637,0.6339740321,0.2602340225,0.9884529620,0.8850089306,0.6093921065,0.3192302755,0.3488672675,0.6684237610,0.3998074139,0.1772812822,0.0720246464,0.9250412834,0.5143779946
0.9534069782,0.1471211167,0.4716116250,0.4384919396,0.5160118076,0.4288297627,0.2215730309,0.4549063027,0.6436951974,0.6740490535,0.0484563372,0.9429624746,0.6591107859,0.2835844423,0.0820011587,0.9590370458,0.5902258500,0.6916714965,0.6505062792
1.0321250803,0.7592398838,0.4470943738,0.2491485507,0.1553345705,0.8169417018,0.5705264432,0.0892656241,0.2857440130,0.5678163865,0.3855228490,0.1535787507,0.6947952137,0.3808906770,0.4278795890,0.6220969576,0.7552980526,0.5743942386,0.0009811386
0.9450060144,0.0926600028,0.7216684473,0.9716480904,0.0645730620,0.2045389892,0.1890960096,0.7745250841,0.0236093242,0.9848338255,0.6188239722,0.9505752655,0.2901831230,0.9282952391,0.7058806672,0.3062866638,0.5731347001,0.3806840528,0.3343809934
1.2498793704,0.2794949243,0.5316602791,0.9285005395,0.2649192613,0.9164689904,0.4813809721,0.9002616475,0.0589925076,0.5485526928,0.6367122358,0.2931143235,0.8743666337,0.3001274227,0.9452660536,0.2297630411,0.3017779554,0.1215899856,0.8510930834
0.2509423813,0.9155032548,0.0316607725,0.2277083411,0.5386945231,0.0654853352,0.6930685989,0.7291177337,0.4414592734,0.8506484384,0.8007667358,0.1576094751,0.4894661356,0.9337763427,0.1852085082,0.5535493153,0.1641246695,0.5350360642,0.1519293708
0.9308514978,0.0855933580,0.6598187532,0.2674189550,0.4583240078,0.7550149356,0.1693121009,0.0069822763,0.6074567963,0.2154419733,0.5976435114,0.3770616748,0.5473703655,0.0052675920,0.8708301923,0.7887990886,0.0898434536,0.4248660198,0.3616954569
0.7063116006,0.9908564437,0.7248322255,0.3600787863,0.7529340489,0.1089690757,0.8397844381,0.4729439704,0.1037560827,0.0919443880,0.9407967725,0.1745652054,0.9188772755,0.1647249461,0.4736177650,0.6051585095,0.3489437140,0.8153021522,0.5888565093
1.9155543631,0.5967976615,0.9084558397,0.3439346474,0.0482923039,0.1920827785,0.5310132013,0.5223768241,0.2979045034,0.6690723416,0.1605372425,0.8944898856,0.3101736394,0.1967143812,0.3858224620,0.3275057485,0.1892281879,0.9011041703,0.7029739884
1.5845162370,0.6612202077,0.5716861702,0.4864439148,0.4285303095,0.7074788584,0.1117514311,0.4967183167,0.8428080852,0.0525331114,0.0596804259,0.2774224549,0.0961395865,0.1129718123,0.1817837672,0.6231976881,0.1571005065,0.1370122952,0.6554300817
0.6023255089,0.0193056007,0.6444089384,0.5294697113,0.0931957290,0.1499228004,0.0397204085,0.6999345542,0.2296672383,0.3271646972,0.3646370744,0.4108202596,0.9507837730,0.6853292713,0.2384389419,0.6004807342,0.1617224887,0.0858873569,0.2740609360
0.8370395313,0.0478715858,0.9243281891,0.7437257018,0.2787672018,0.9642996618,0.9218159269,0.5785317187,0.2194458230,0.5841109867,0.3795623076,0.7491486667,0.7221635913,0.2414538203,0.6903607744,0.5098794295,0.6437409475,0.7333645151,0.6708802734
0.6636627789,0.7724058054,0.0148815202,0.2744155600,0.7778116382,0.5101299595,0.4923549923,0.0879568371,0.1791590256,0.4487355483,0.1122217765,0.3178663452,0.0428737312,0.3844029745,0.7210945075,0.1493153633,0.8200332289,0.6628330877,0.7563334942
1.4199535335,0.2785860787,0.7310566452,0.7470851506,0.5478583281,0.2501318358,0.0964803932,0.0368601047,0.0157335113,0.2080543567,0.9085632655,0.1550145884,0.6470219516,0.8096139032,0.4678114973,0.0957257108,0.9453152256,0.1181895557,0.2628983539
0.8212179741,0.8705260112,0.3643998024,0.6881216155,0.3025848377,0.5555137552,0.4937140914,0.4639818432,0.7647136897,0.1403583965,0.4517207446,0.7471747664,0.0448676549,0.0222203958,0.0363030052,0.5926591506,0.9631329190,0.1338260661,0.6914750215
1.1329064286,0.8225010415,0.7724146853,0.3547863227,0.4012825529,0.6941347901,0.5654606303,0.2036001500,0.3711001111,0.9976821204,0.2669129606,0.5712708627,0.4096671471,0.0453253299,0.6938359857,0.5309109674,0.6233705361,0.4939472082,0.8448332834
0.9447823273,0.7679102397,0.1207156527,0.5690867535,0.6946105545,0.8768636690,0.4238789374,0.6679267817,0.7323755666,0.5130536850,0.4972612986,0.6412057342,0.5708384313,0.5750156372,0.5644748170,0.1460484952,0.3138473959,0.5674010273,0.8880111508
1.2249626511,0.7230033547,0.3490103801,0.1552458627,0.8076320516,0.0414291775,0.9264434401,0.9035133444,0.4094832301,0.2763780666,0.9525495918,0.2436786299,0.6357220559,0.7604877348,0.5423807072,0.2362159642,0.2498698785,0.8443789517,0.6015045611
1.2456367817,0.4987172372,0.0659569542,0.7606641622,0.3674657482,0.3274489805,0.4012948526,0.4101293609,0.9649179008,0.3982721477,0.0284628970,0.5917881660,0.0774267075,0.3537239013,0.4520889646,0.5178786827,0.5791766204,0.5542641805,0.1764011449
1.1890117516,0.1671157186,0.7557598900,0.6928206540,0.1688664987,0.6061195543,0.5467580472,0.1952264723,0.0776741105,0.8550002587,0.8590363311,0.1449750972,0.2305710910,0.5984005110,0.0749587317,0.5384321317,0.0804791180,0.7133509516,0.5302788574
1.3364463113,0.3718631095,0.3944301237,0.6544690926,0.2268946772,0.3072487386,0.5439878354,0.8159191422,0.1845603111,0.6021697509,0.6605594640,0.3877804110,0.5118272032,0.0303970528,0.5258930201,0.0899320859,0.9614358780,0.5386339681,0.2709796405
1.3601633844,0.5010839622,0.4103715604,0.5272190088,0.9909231162,0.8874025183,0.4362924534,0.6831778160,0.4160798284,0.4208735408,0.3734959562,0.2139557092,0.1913405080,0.6512081080,0.3358063647,0.3452036648,0.0909759737,0.8525224922,0.5342303881
1.6927352139,0.4391258344,0.7700378769,0.8470972863,0.6490584162,0.9353790996,0.0430932254,0.3622426169,0.2673587156,0.6446612460,0.2529143308,0.8473459471,0.0852318462,0.1241945092,0.5921010735,0.5246915064,0.8755142496,0.2427102429,0.3994536885
1.6797513839,0.3731493988,0.8946213002,0.5668303243,0.0161536507,0.2966919790,0.5518076604,0.1176213957,0.3348939945,0.0381410387,0.5403342191,0.2020049138,0.4405767903,0.2019886310,0.3633384771,0.0934437990,0.5070571886,0.6891057125,0.6560472126
0.2200799801,0.8858238391,0.2029863703,0.0664039276,0.8086447230,0.5059031448,0.4613630154,0.4665213155,0.2122224538,0.0085805214,0.5041725540,0.5492728436,0.4044994794,0.1185643176,0.4453606744,0.2679908720,0.4473418327,0.2790768390,0.6846891836
0.9891055045,0.9066139269,0.8584622850,0.4922613825,0.4727158507,0.7126965166,0.1504022825,0.5468353953,0.2958487711,0.4941105643,0.1468438869,0.4825321828,0.9470260477,0.5262409330,0.3198369730,0.3961179612,0.8000489963,0.6626387722,0.4771211757
1.0434785278,0.7817473293,0.5045077567,0.1620884061,0.3599472070,0.8360118644,0.6874623679,0.4254096473,0.1551961840,0.0066747298,0.3995914803,0.9233232125,0.5349953057,0.5351305410,0.7376344383,0.9668204826,0.0657572936,0.0372690788,0.1382162683
1.5681729551,0.4527931500,0.5972094319,0.3201025265,0.8194297140,0.2013219617,0.2273061612,0.5828922656,0.6340930081,0.9247311826,0.6616787126,0.4241488395,0.1473747787,0.2074130181,0.8570260329,0.1156129587,0.8611458079,0.6918390831,0.1190936540
0.7414772457,0.8347289997,0.2686064359,0.0548640828,0.2382812281,0.4876093791,0.8440144701,0.7631982063,0.4447519229,0.2083586750,0.4458614395,0.5459614510,0.3529266367,0.0729451886,0.8073397598,0.1236801753,0.0526919942,0.7396786817,0.3856070434
1.1156489364,0.9012043136,0.9702858635,0.7941477774,0.8773169045,0.9701223347,0.6611246407,0.2107638736,0.0985822349,0.8532894714,0.8273386634,0.8380447454,0.6418540836,0.0391238563,0.0154121170,0.3373315119,0.6873261662,0.5377815215,0.8595635790
1.3970975039,0.7177715039,0.6594446585,0.2589665319,0.6230771634,0.2766698228,0.2771727163,0.3196073125,0.1080640089,0.5125064289,0.0709555021,0.3812646737,0.5530049467,0.1686686138,0.8450586340,0.4694817241,0.6254413662,0.8919854931,0.7690943308
0.7326025739,0.9058137785,0.5892887836,0.2035072611,0.8290068590,0.1542825050,0.4619094534,0.2162322466,0.0261647093,0.5431552271,0.9566368661,0.4995730056,0.1855525377,0.8657869941,0.9525537097,0.3607830383,0.0225481339,0.2414370841,0.3826370377
1.0547296550,0.1129281182,0.5960681997,0.0475880495,0.2634838921,0.6033622513,0.0547186277,0.4348331506,0.4316609362,0.9763218559,0.3964029175,0.2143832064,0.2440590104,0.3038972595,0.1619360956,0.6767003210,0.1879074180,0.8484145810,0.3599922550
1.0495039220,0.3358229743,0.2600829386,0.6129026293,0.1104563998,0.5885396940,0.2469180301,0.7173211814,0.6104319380,0.6452745886,0.4774872870,0.4133479345,0.7102472390,0.7034003983,0.8171381947,0.2757982905,0.4430150268,0.9996376137,0.7287237349
0.9113210792,0.9955380338,0.9900574875,0.5582659972,0.4335962494,0.9695352253,0.3643597275,0.0140236578,0.4628139184,0.0431627924,0.8095782061,0.2692437101,0.0923681923,0.7023560730,0.1512685580,0.0072989231,0.2269914073,0.6106398990,0.0212665769
1.4547603506,0.3239786479,0.7393159656,0.3326598281,0.8111664114,0.7507897129,0.7102214171,0.1513718836,0.0285283234,0.1809335927,0.8019829720,0.0600168648,0.0086334473,0.5828835803,0.8094424316,0.4975786480,0.4608443426,0.7457687910,0.4114615926
0.6911120447,0.9284959623,0.5422104473,0.2984976055,0.3917254206,0.5050964082,0.9502007324,0.6277775530,0.7927249721,0.2268024206,0.2864941361,0.9648022955,0.4506798449,0.9191608507,0.2042636282,0.8385085668,0.6834584031,0.5380964920,0.3294673788
1.7958608722,0.5210378529,0.9045673568,0.6189461572,0.9079409042,0.5514270572,0.2537789575,0.5969780142,0.1169192224,0.7452562664,0.7555984852,0.9763128421,0.2654388262,0.7661972540,0.3044016388,0.1464917826,0.0802480012,0.9530279550,0.9557258435
1.3426428691,0.7651236164,0.6125495643,0.5853160957,0.9169995557,0.7224157986,0.4118402079,0.2197788497,0.5573917461,0.6728184996,0.4396687552,0.6015195744,0.4482593599,0.6633140197,0.9553532535,0.6031483715,0.2516662810,0.5052593018,0.7589759613
0.8022121571,0.9263555727,0.7631905969,0.3090257179,0.3146080641,0.0298426782,0.7620503209,0.5744028184,0.0476401109,0.9588161694,0.8602861043,0.1296602494,0.5112391419,0.8636348985,0.0363080773,0.7868499145,0.9672849449,0.8016767132,0.8742345789
0.6727872255,0.9346871771,0.5823410671,0.5468511693,0.5612994067,0.4403447156,0.9174362353,0.8162011271,0.1894646954,0.6879863446,0.1991498271,0.6240892206,0.5612384961,0.2163897797,0.9126454781,0.7903756095,0.5476848748,0.2757256869,0.3864836874
0.7842136423,0.7531979460,0.0376595785,0.3665044111,0.8008936929,0.5685709270,0.1727464149,0.8180259578,0.9031489088,0.4853294296,0.2252471151,0.0844439621,0.0309888363,0.0039198649,0.4895187026,0.0901773946,0.4671940022,0.4589549884,0.8832112661
0.5419244348,0.9721908564,0.3500396854,0.7293273891,0.5691706815,0.7007359356,0.9546854000,0.9954177672,0.9675531403,0.5326761951,0.0836591735,0.5698016838,0.7343230752,0.5712607686,0.0565981964,0.3327134359,0.8320772373,0.0177136842,0.2833413917
1.7378327495,0.7134448890,0.8857496426,0.9044355461,0.3667133473,0.2076962709,0.5129017057,0.1925854526,0.7143230203,0.1668423094,0.3103579381,0.5712486895,0.1335104794,0.0759958866,0.6509395308,0.8746633120,0.5803903174,0.3921892344,0.0569460686
1.0307044553,0.1807223170,0.4933916434,0.9914388506,0.8106741930,0.8325585067,0.8113631557,0.3321423826,0.1147812254,0.1208279922,0.1792790833,0.1200431863,0.8311094714,0.9353562296,0.3743352549,0.0612945765,0.8942855176,0.2614521851,0.4855617329
1.6492489362,0.3584953384,0.9831355839,0.7734558698,0.1466303301,0.6106746825,0.5870481800,0.2311260519,0.1668960487,0.9657494984,0.1008822521,0.4440652795,0.3250169034,0.9516899956,0.5776959405,0.2514133779,0.8989294576,0.6411385351,0.3696994097
1.8927148568,0.5261515975,0.9136279088,0.7498740465,0.5639209412,0.5451084317,0.6929297872,0.4299734650,0.1831430911,0.4058505933,0.1734011368,0.3329996778,0.5706803741,0.7861015632,0.9711851500,0.4586662908,0.7657076304,0.2620464396,0.9609046850
0.7249337688,0.0034364227,0.9688836411,0.7610074529,0.7050863860,0.2200374909,0.6002824114,0.1261934927,0.0294831087,0.1543837172,0.0372989748,0.6506985861,0.6672380468,0.2636100843,0.0821213929,0.9675670659,0.1102963196,0.1596653771,0.0185202885
1.1535616763,0.8407130904,0.9876234264,0.2312286985,0.2927412745,0.0185144729,0.6393114065,0.0244207250,0.0953485765,0.4076683436,0.4133876002,0.2939629811,0.2428953726,0.4503623133,0.8237288303,0.5815991404,0.6908889835,0.5301522999,0.7950179307
1.6498046332,0.6619019297,0.6557190940,0.7065195270,0.6771549133,0.4148607653,0.0191158107,0.9192138874,0.0536776255,0.8387188822,0.6220838351,0.1884626389,0.0924277153,0.9844116296,0.9459291855,0.6514017326,0.3623544184,0.6421620766,0.5367791192
0.9236784698,0.7837434078,0.0190057162,0.9436491857,0.1953273177,0.1348492150,0.3034960054,0.4723654778,0.7208365933,0.5926102236,0.6134779922,0.7813552346,0.8631910731,0.7348639268,0.1275608393,0.0052187228,0.1082134489,0.8993049209,0.0403492650
1.8671941471,0.6081395116,0.7514491901,0.6033575272,0.4465071739,0.4810002817,0.7412324248,0.9958599152,0.1599974185,0.1185791391,0.5746220205,0.3717268558,0.3635247913,0.6368398300,0.7712289860,0.3699125174,0.5130941938,0.4913948200,0.6423788627
1.6169450225,0.3559908609,0.7989158269,0.2492096786,0.6287134819,0.8232154777,0.8317163225,0.9760807977,0.0543886112,0.1419360745,0.1972288971,0.8702753651,0.5753371718,0.7269829358,0.4114269882,0.5048367215,0.3466774747,0.8617076153,0.3319869547
1.3709189569,0.1795274394,0.9736333801,0.8384284217,0.8459362575,0.6955294275,0.4920130550,0.9546513040,0.2670406332,0.6880146471,0.3993943834,0.6420183322,0.4714535363,0.8681736983,0.8768288882,0.2675943826,0.1419709583,0.3241027812,0.1524681540
1.2893764866,0.6560221438,0.1637863750,0.5071638559,0.9857632963,0.7748136801,0.8242359968,0.0477115064,0.0722246316,0.4185267691,0.6339685295,0.7065346445,0.2689124159,0.4378907751,0.3332363692,0.4686241419,0.9755426423,0.2386777999,0.4839451658
0.7914395996,0.8642208818,0.1630336834,0.9492103122,0.7138300161,0.9180516363,0.8890023491,0.8924905557,0.9069419590,0.7872903560,0.7820487791,0.0714030141,0.4078894109,0.3581063967,0.1536365761,0.8555358926,0.2675897841,0.9385257178,0.4199015335
1.5590947736,0.4668951084,0.6324140149,0.5314300900,0.6277687427,0.1256730247,0.0384168936,0.7257750537,0.7897001970,0.6835687931,0.3434452847,0.2410307597,0.3116882458,0.5133766045,0.7812083470,0.8904495820,0.6781892815,0.9200352700,0.3091739317
0.8762691706,0.8204932464,0.4846132393,0.3707395922,0.7456372008,0.9017472489,0.0675431543,0.1466768181,0.7321221273,0.7236564879,0.7174444087,0.1356883945,0.7657487451,0.5779768249,0.8544450360,0.2461078100,0.2602959226,0.1242242994,0.5437741421
0.2577697012,0.0174675291,0.1845075115,0.5383272797,0.9533663117,0.3800427345,0.5421810472,0.0745887073,0.4901677902,0.7210274956,0.0421396891,0.5620510616,0.4793742212,0.9571612521,0.2416434044,0.1718296310,0.0637102113,0.1549017797,0.4005787134
1.4699946078,0.4131287118,0.5917493920,0.8183324571,0.3610297992,0.6382206296,0.8633152361,0.6552159540,0.7554718586,0.4449786783,0.0516726902,0.2089538428,0.2358703054,0.6321775105,0.9546351400,0.3993988416,0.7602525759,0.7475395333,0.0815181355
0.7770367739,0.9960101456,0.7487511555,0.9791234922,0.3519906480,0.3806021441,0.5100152201,0.2208705970,0.6311773026,0.4185222428,0.5471429333,0.2384952713,0.9175821589,0.4220121837,0.1450109385,0.1208042666,0.6996104789,0.9095132326,0.4536595611
1.5473671463,0.2282964640,0.9849466295,0.7289874882,0.4391483701,0.4269577027,0.9932236857,0.3654268006,0.4549831017,0.6152671020,0.6388431725,0.5306991369,0.0921791498,0.4768272084,0.5204502180,0.5673167903,0.4761300057,0.0171671115,0.3480947459
1.4812703961,0.6262882926,0.3233393235,0.7123548797,0.4533533694,0.2914774191,0.6923943447,0.9560756240,0.3567760508,0.0725324777,0.9819452008,0.0355846258,0.8874450863,0.3379762004,0.4082405792,0.9713296354,0.3157775474,0.1818157469,0.9831747425
1.0002976168,0.9552245181,0.7354468368,0.9805985816,0.1249408759,0.1307668600,0.7817738783,0.2259652575,0.9685031612,0.9870614724,0.8398723632,0.0996338650,0.9626470621,0.0819275559,0.1492082044,0.6598272123,0.5236180443,0.9758395076,0.4593295995
1.4359136274,0.3325925963,0.6573208835,0.9671056486,0.2381412436,0.5323183305,0.6166451560,0.1067613833,0.0473416068,0.0597213386,0.5377923331,0.4003120505,0.5864312263,0.7259145554,0.8048991954,0.4260167467,0.2023388617,0.7895943054,0.6432223357
0.8324770874,0.8453129160,0.3934802544,0.4257927751,0.1633689368,0.5650159193,0.1872819204,0.7213781595,0.1472051501,0.1527376336,0.7336144214,0.8104433144,0.3273066768,0.5116156671,0.6187553235,0.6289085984,0.7880185641,0.2125829563,0.9460709013
1.0300130558,0.1741984303,0.5948546530,0.7163046527,0.0082011345,0.5645114457,0.6567038753,0.5925067334,0.7312178806,0.4866310660,0.3422153793,0.5747367883,0.9401690623,0.0500708650,0.2742489021,0.8812755846,0.5132294266,0.2418981930,0.3018336822
1.3185289864,0.6514435663,0.1356887166,0.4782646977,0.8528894812,0.3997544935,0.0729691981,0.7806601475,0.0394055595,0.9382460935,0.6726122689,0.7209554396,0.4200550357,0.2397302915,0.9721573210,0.9860321612,0.1076410082,0.3487229539,0.0488707945
1.4874228774,0.7990975364,0.9643838963,0.9868578767,0.7156970681,0.8847434275,0.6066843369,0.5201262746,0.9066748416,0.1139799661,0.9485530285,0.2958594475,0.5037251615,0.8294418279,0.2522506598,0.0578259967,0.9789263933,0.4153900640,0.5390054757
1.6001683039,0.4531889604,0.5076840420,0.9920584364,0.2408359201,0.5535636464,0.5544598974,0.1713038272,0.7110507882,0.4754859785,0.9749078396,0.2845777387,0.6226413797,0.8899976035,0.7820772277,0.5198888575,0.8493637044,0.1980935025,0.8575684942
0.8319676357,0.7736661164,0.1589950125,0.0954132816,0.1836616872,0.1335333321,0.2259687427,0.7545175545,0.0504090482,0.3736723088,0.0447494201,0.6528380766,0.5078567697,0.2257125426,0.0341952524,0.3077627757,0.1328958273,0.8480231242,0.0281580671
0.6637089213,0.0212983749,0.6596482586,0.0934485963,0.1867856749,0.5328823974,0.3429113798,0.2201643612,0.5223963379,0.5905334270,0.4930986161,0.3778399833,0.6979960766,0.9788901392,0.5933112339,0.0449198985,0.1975794744,0.7917104843,0.0393448208
1.2457179699,0.7616006677,0.4253768580,0.9283673997,0.1079016860,0.6710114430,0.6662090755,0.3277958722,0.8541563969,0.4735745388,0.5270813783,0.2697096800,0.7931318103,0.1814973483,0.7046865196,0.4492005701,0.3719328201,0.6751399599,0.6096435771
0.7608504733,0.0393398924,0.7992753152,0.2312095008,0.1792105638,0.7034517318,0.7695480170,0.6117236469,0.1604168988,0.2689417965,0.1765942305,0.8874354997,0.1223127464,0.0663211282,0.7877459882,0.8892009118,0.7774585206,0.4176390688,0.0277872913
1.5077216270,0.5601885790,0.5060910702,0.1172887311,0.2002427867,0.9645695387,0.3372269068,0.8206907766,0.1348097507,0.7149343351,0.0720402676,0.8331804706,0.4277703634,0.2619214404,0.5370799068,0.3466158033,0.4114686785,0.9672890769,0.6492556532
1.3770904041,0.2628186967,0.5867334634,0.0982646635,0.3482790530,0.8023129223,0.6717665938,0.6831042225,0.9788157308,0.6463440519,0.2811946793,0.8013087618,0.2893092692,0.0433229708,0.0175334793,0.7509114262,0.0176500508,0.0019643067,0.9212315560
1.4563684970,0.5721910610,0.1920566645,0.8058152400,0.1191230705,0.5977927031,0.7663138621,0.4289407331,0.0762135411,0.5124059840,0.0336857101,0.5794250513,0.3545186731,0.9526985826,0.4814348521,0.4585985366,0.6759781233,0.3471891339,0.3647803415
1.5981377386,0.6292496037,0.5894973967,0.0070372365,0.6383127979,0.9148141469,0.3390955702,0.1039596827,0.6955229150,0.8307488157,0.0751826202,0.7846877478,0.4712026771,0.3182997810,0.2535544982,0.0005036007,0.6838742813,0.5994413879,0.9052784980
0.7152835788,0.0612698940,0.6132535993,0.5807718941,0.0432742790,0.5488231784,0.6057953765,0.2756230216,0.0361227321,0.2483585882,0.2986673333,0.9480629153,0.8923570620,0.5007828967,0.2949785984,0.1119967578,0.4222976259,0.9258190929,0.2582969871
0.2564146642,0.0023485440,0.2760355951,0.1769555701,0.0715812735,0.0450173453,0.9559218829,0.5985356381,0.8222673649,0.7415998877,0.9248308085,0.8293782793,0.2692205523,0.8823124564,0.2996781572,0.1656730942,0.7779579563,0.2945108513,0.6519852686
1.4919344645,0.6743776984,0.5318286245,0.4173520503,0.0735693887,0.3130013430,0.0501311421,0.5982991087,0.3891464503,0.0924245548,0.8174312275,0.3361141260,0.8454713110,0.5321709328,0.9480146385,0.0124281567,0.9868914732,0.4001785186,0.9546001131
1.2286602562,0.6189304563,0.0660132878,0.2294099121,0.6721323390,0.2149332426,0.0137153572,0.1460109914,0.4048748463,0.7674534497,0.4285134533,0.8614247241,0.2446819128,0.5412987652,0.5244580554,0.1095087554,0.7159665829,0.6197005791,0.3503280501
1.3960855025,0.1903713746,0.8467875283,0.2118329797,0.8061704270,0.1317216427,0.7855621559,0.7048735811,0.2850647553,0.7938798689,0.9682665637,0.9048740291,0.0593561954,0.6230322012,0.6340923512,0.7640843126,0.9158996707,0.6512210753,0.2142310085
1.6090338158,0.7036712829,0.7231874461,0.1883573450,0.1538943277,0.9698932079,0.5728470124,0.8859001400,0.1991876121,0.3738476095,0.1202311114,0.2875054623,0.3036173754,0.8286002010,0.4744556631,0.7430539247,0.0086472681,0.8212352112,0.4338394150
0.6127401120,0.1469463203,0.1618463619,0.5078279121,0.0108339342,0.6018354932,0.1141267934,0.2989954787,0.9783392483,0.2234026913,0.9155603707,0.3704807115,0.6868923485,0.1772198070,0.5049532772,0.2344471578,0.8928999845,0.4614331845,0.5392852397
1.1147170719,0.4808912489,0.0840516904,0.2045405708,0.3861976761,0.3224234501,0.1768625827,0.0227719857,0.8385466190,0.8040979112,0.0127625576,0.8752022238,0.0539849063,0.0057072038,0.9405089897,0.3301713052,0.9363571459,0.7270795583,0.8612520528
0.5208400358,0.9203163374,0.4053037571,0.2188619900,0.6127111617,0.0920166158,0.3193839845,0.4893916308,0.6898595094,0.0446231216,0.4051964950,0.4688964215,0.9213355961,0.2424180996,0.0036522258,0.7603790378,0.5300015560,0.0964015744,0.7394759205
0.7529488097,0.2313935305,0.0121576551,0.6677672883,0.6224671544,0.3774486528,0.8798256347,0.3518645725,0.4335926215,0.0458818536,0.8215721246,0.9641372046,0.7300571298,0.5987732216,0.9994489259,0.9900048618,0.4519320498,0.7581323154,0.6418499773
1.2603493894,0.4091874737,0.3417224827,0.4036176982,0.8285735833,0.8970434077,0.1456382097,0.3836781783,0.8592871388,0.3602099319,0.8250823774,0.4196402379,0.7198466019,0.8051573902,0.8295263966,0.2491005430,0.9878713676,0.9884275351,0.3962169169
0.8879028806,0.7869061040,0.1552378040,0.6167423011,0.6028269034,0.0430074243,0.1783034858,0.9281662535,0.3457174183,0.4494116375,0.1367120257,0.5090636968,0.4355571066,0.6805305301,0.6925362813,0.6993036054,0.1117951556,0.7342347249,0.1585724900
1.1142919784,0.1892724715,0.5662019220,0.6908595102,0.8841945485,0.6447644155,0.6960074488,0.9832245487,0.3029862113,0.3301099489,0.0919827116,0.4082145011,0.2390391471,0.5858857606,0.3290143460,0.6248398804,0.5167248755,0.4903507981,0.1658946694
1.0318716557,0.7900781588,0.5717661312,0.2486431715,0.3991682761,0.8600630879,0.4331752679,0.9589575267,0.6251062164,0.4700028497,0.9249513289,0.9269367590,0.5557226181,0.5065150640,0.2176279928,0.3934799654,0.9117353523,0.7339583222,0.9819671989
0.5968189993,0.0658525385,0.3998375460,0.0215985643,0.0454193084,0.7423539631,0.0829477344,0.0724907254,0.2986857078,0.3607866914,0.1838305620,0.8110201494,0.3432878971,0.3854373379,0.6763551444,0.9064661773,0.7539544201,0.1187251232,0.5197090777
1.2559035807,0.8960168412,0.9880773120,0.9014836147,0.2467838838,0.2501334211,0.2750931431,0.0801227879,0.1205299370,0.7776000869,0.7388850341,0.7808505844,0.8781829396,0.1912826020,0.5038377312,0.0666233153,0.4955271233,0.6086360262,0.5523603979
1.3275804999,0.7977734589,0.7339241114,0.7114806576,0.9004442580,0.8658832226,0.2983932830,0.1458611837,0.9375502536,0.0784806435,0.0680099062,0.5442286501,0.7679977930,0.8116413176,0.6864654664,0.6532112035,0.0385337809,0.4432153735,0.3512710789
0.5013724792,0.9626768815,0.4086432092,0.1209497313,0.2844375239,0.7691062887,0.0995383830,0.5887428720,0.3542191382,0.9628199740,0.8992838155,0.3758101378,0.2087833276,0.3001366480,0.4448861141,0.8837017024,0.5852208500,0.6214500836,0.6563198996
1.9110135943,0.6037157877,0.8463017768,0.2083560970,0.3646969011,0.5463277261,0.6459141040,0.2980785989,0.0471933673,0.2366733023,0.9372403332,0.5355887186,0.8403654994,0.9885154283,0.9561060088,0.9961590383,0.6970163806,0.1924501452,0.9939417084
1.3654693084,0.6614654604,0.3798797314,0.2112155714,0.8324648373,0.4438588618,0.1030064773,0.8833412036,0.2362533797,0.7224724043,0.4342204898,0.2183329420,0.6470001507,0.4794087779,0.3785581061,0.0849195341,0.9438431263,0.6955304602,0.5608539190
1.6888057909,0.7128119451,0.9177839335,0.4305865667,0.3470728261,0.0914755537,0.2259385623,0.5308868291,0.8325221761,0.8835072372,0.2711617805,0.6103542660,0.5509307607,0.1990344228,0.6892920119,0.9681672438,0.5382384757,0.9335446007,0.3962251773
0.5414961204,0.1206303924,0.1104654161,0.2769077103,0.3106457287,0.7032422105,0.0576489155,0.6385460904,0.2783224187,0.0508950353,0.4612005792,0.4392336174,0.1251567759,0.1318154534,0.6844703940,0.4532168862,0.8052061434,0.8542265697,0.0863671942
1.3970330628,0.6480223846,0.4307511326,0.2503633383,0.1504498064,0.3024884139,0.4508401333,0.6642676269,0.7446834597,0.5656298895,0.9301146886,0.9310591683,0.2218479922,0.8086638317,0.7455888582,0.0627262393,0.9739443836,0.0496875747,0.4626833630
1.4782938873,0.1848060448,0.9610560017,0.0279750059,0.4004565811,0.8423051393,0.1783421139,0.3230087048,0.8445298060,0.8721444438,0.8062903127,0.3616258887,0.2624196896,0.7121726748,0.0999731029,0.9695282095,0.6778238550,0.3265580561,0.6454795779
1.1468697278,0.3316233191,0.2781601627,0.9591600759,0.1260641503,0.3526875860,0.9737108476,0.0506272464,0.4498587441,0.2575284663,0.9160913564,0.7839867516,0.1245486845,0.0944554474,0.9038538631,0.5865340528,0.2368928987,0.6731716865,0.0640601052
1.9710253473,0.5828364087,0.9087729971,0.1845694435,0.0809461539,0.0468567997,0.6814199937,0.4502740282,0.7569121952,0.1230875788,0.7022695716,0.2258678199,0.4333986240,0.2875498605,0.6000908265,0.5591427575,0.0897489242,0.1585236712,0.8897453952
1.5097010011,0.3223765007,0.8850699643,0.8291606499,0.5617983509,0.2583969648,0.7318523450,0.9812007130,0.0735418362,0.5116610595,0.6361886475,0.7560043752,0.8712364119,0.0545803707,0.2378661097,0.5536857177,0.3043667050,0.1931125564,0.4695339498
0.3886806521,0.9452281695,0.3922860668,0.1112657085,0.7357834792,0.3055346715,0.2996105673,0.7356337199,0.4185663664,0.6696752761,0.7105923459,0.8475050145,0.3202071348,0.2512098186,0.8801131479,0.3711355827,0.5767973022,0.8636551534,0.6656981732
0.9832360685,0.9790799587,0.9845056128,0.6941628915,0.9339255992,0.1873375520,0.8854975326,0.8128617880,0.3309898026,0.4460515398,0.4030962181,0.0618562734,0.3206612904,0.2892899933,0.6027158357,0.8989128405,0.6513035987,0.0017270203,0.3629037394
1.4417712744,0.6343744963,0.4294825645,0.0365003664,0.8946786732,0.1847840436,0.2546026006,0.9060746849,0.4080789689,0.3071801537,0.5024269397,0.1131263935,0.2303291337,0.7766577595,0.6113720342,0.9316926950,0.5625861007,0.1807393638,0.3995609463
1.9509218461,0.6064212081,0.8809369993,0.3303702383,0.0401870672,0.7668306052,0.1448580033,0.9268220831,0.4997215218,0.3446198205,0.4113710077,0.2469861068,0.1020199371,0.0356196468,0.3445580725,0.2906468364,0.9729350755,0.2812987748,0.8556102980
1.5569602014,0.3893856601,0.6976787166,0.6620292147,0.2544005410,0.3605972671,0.4898645857,0.8722889723,0.0941779298,0.0214350274,0.7100553711,0.5747872991,0.9227447575,0.7871778119,0.5570153810,0.5899662991,0.7756832014,0.9384979878,0.0703443315
1.0053686807,0.1570132456,0.5021444011,0.4589178977,0.8685489532,0.8336270592,0.9096675220,0.4954168963,0.9125677172,0.0427801856,0.4962029714,0.6735652531,0.2742632465,0.6332361928,0.0119863765,0.5084547229,0.7011087488,0.7632913692,0.9603485830
1.5789282750,0.5816820156,0.3492291418,0.9835642924,0.2400844195,0.5903963774,0.8820026035,0.9228994529,0.1975974649,0.2211077015,0.6991734777,0.1281281388,0.8427842437,0.8786209882,0.8837364085,0.7945238174,0.8214872977,0.6754910406,0.6863216632
0.8880467537,0.3261596763,0.0074021310,0.1609344507,0.1540640660,0.0157121707,0.8152691441,0.2848067084,0.0194589322,0.4693995068,0.8114018510,0.4501964528,0.8083735900,0.6012079994,0.7010629247,0.1729535880,0.8577102861,0.6912548422,0.3393838061
0.7846777506,0.9908910324,0.8704593065,0.3976571907,0.1198240226,0.7123404412,0.1322774451,0.7591390519,0.1568096573,0.7976494057,0.9209743175,0.7402257978,0.1209199950,0.1666750414,0.4454062691,0.3448206497,0.0646125532,0.4215541429,0.8687241410
0.5797097351,0.0870100203,0.2810001127,0.8328959786,0.1292371672,0.2344921576,0.5811464580,0.0971447895,0.7230754300,0.8975497070,0.1196288447,0.8833087969,0.8489899040,0.2127117904,0.9872071742,0.4637569073,0.4689072403,0.7785256571,0.9772424622
1.6016710880,0.4966615159,0.3919239457,0.8901089090,0.1239137176,0.9183477997,0.3195175064,0.0490076720,0.3469781943,0.3481312958,0.4939660476,0.2657486302,0.0439664311,0.3461811650,0.2972367368,0.7423423029,0.2524853760,0.9767542668,0.0060715441
1.8353577979,0.6677072017,0.9467906387,0.8208235007,0.8293656988,0.2721688925,0.8161008233,0.5905648731,0.0782336229,0.6248139198,0.8244851753,0.0268078901,0.4462998537,0.0452893769,0.1048753366,0.2442174114,0.2039264687,0.6438522848,0.7692242088
1.1157834333,0.1627638317,0.5696443760,0.4987199610,0.0811189975,0.1030146110,0.7679825000,0.1436566253,0.1913230108,0.0800400806,0.1692474741,0.3677981659,0.0707711011,0.6971084048,0.8884630993,0.2707137958,0.2099606897,0.4426478351,0.8883752814
0.8137317977,0.2214666912,0.1939637568,0.9469823257,0.9448313384,0.6558119385,0.5423889843,0.2987257257,0.7942188647,0.4848142713,0.7541151378,0.9686018955,0.8212404539,0.0582926515,0.8024260429,0.2631360370,0.0183343542,0.5547046569,0.4365182606
1.9120125449,0.4988669859,0.8953709196,0.5934639585,0.1829860267,0.0593448414,0.6417616286,0.2637238873,0.7629119154,0.6978927788,0.3103827434,0.6554711035,0.9421027316,0.4400614456,0.5644844249,0.3356363234,0.2534609371,0.6603137072,0.5963240345
1.1453877033,0.8284712007,0.7668547657,0.4429280112,0.5239137550,0.5182466582,0.2748626423,0.6827365911,0.7387114788,0.9477341011,0.4035408750,0.6089096923,0.7279455636,0.6468973447,0.6741536553,0.3537460762,0.7765664961,0.9804337434,0.0578409042
0.3795186021,0.0616430613,0.2901283580,0.1613819382,0.1601926474,0.7122797849,0.8971338646,0.7536464302,0.7580840465,0.8299307478,0.8942476520,0.2498118882,0.4250564095,0.5665153763,0.3035947210,0.6690295778,0.7570872984,0.0968414212,0.8862523928
1.4044282978,0.6308687061,0.3205401525,0.3971265336,0.8552228361,0.7049163657,0.2225655649,0.0873245050,0.0332825040,0.9715050482,0.0547171511,0.5405512345,0.8831324359,0.4877503843,0.1527993117,0.0113732116,0.9290426219,0.5409541494,0.2774519162
0.3631513878,0.9925597884,0.2382097588,0.1346480459,0.6639653176,0.7752099143,0.4781203004,0.9834289739,0.1961169938,0.6631510977,0.8600299713,0.2509013269,0.9661161032,0.7530573864,0.0622760057,0.3112745449,0.2284345216,0.6930562188,0.5270151506
1.3501854286,0.5505840915,0.1646748979,0.6360412826,0.2960240879,0.7061873509,0.6610116594,0.0000847363,0.2900366251,0.3035673981,0.6102515902,0.3449877519,0.4890755540,0.1983594275,0.8263844361,0.8553735086,0.6499128270,0.8936745374,0.7609813929
1.5902217891,0.7439556033,0.8002411453,0.8887093401,0.8731014019,0.6368078441,0.9734796124,0.4623507515,0.5855395327,0.5013686180,0.8876706672,0.0684119386,0.8947919827,0.0932046910,0.4266690851,0.0173226138,0.4719446851,0.6750361683,0.4670832758
1.5331981891,0.4268416332,0.5735742821,0.4033260557,0.7499027364,0.9155444253,0.3305856429,0.7522002795,0.7250323543,0.7533982428,0.5647182482,0.2402533440,0.5970588955,0.2460707293,0.8720557237,0.9281961804,0.5407699607,0.0794433551,0.9776473492
1.3209543261,0.6189294353,0.1254121980,0.0210623629,0.7886196765,0.3188662267,0.0738802278,0.9530160297,0.3623462799,0.0165216402,0.4078721637,0.9074707660,0.2731596455,0.4702039377,0.9470685352,0.8889070497,0.7972247912,0.4967365515,0.2647441516
1.7393565335,0.3886077885,0.9473951195,0.7929796305,0.4490453249,0.2526425892,0.8866993902,0.5072443839,0.3330486943,0.0002377929,0.0420445418,0.0795273362,0.9197477315,0.0846883582,0.7849602254,0.1248590538,0.5058489143,0.8658435617,0.3817223008
0.0283247693,0.0002604025,0.1190293901,0.3451055072,0.7196682241,0.4982335458,0.4933025858,0.1562076699,0.7340285198,0.7939992691,0.9845781070,0.6769107218,0.6773747311,0.6745814896,0.5818964409,0.5458105850,0.3432038837,0.0446136064,0.5278365060
0.7966427478,0.1084624740,0.3902473371,0.3171629226,0.4667486419,0.1707047255,0.5179004747,0.2515277292,0.3133062806,0.3990610171,0.2988900264,0.6287434593,0.3982492788,0.3942478424,0.9096961763,0.8175091334,0.9473389790,0.3139033496,0.6056635982
1.6538815660,0.3757157135,0.8743822333,0.7714894562,0.2126106511,0.1037361376,0.4341480738,0.3127165419,0.6865201768,0.5569447894,0.5919049684,0.6971270286,0.9984063537,0.6141265607,0.9611455658,0.9391666069,0.3754400299,0.7966780888,0.0703541588
1.4910881780,0.5623487058,0.2696291977,0.8852305723,0.0682087232,0.5375292837,0.2871816732,0.3292628986,0.1477515757,0.8450778315,0.3467120525,0.3325877843,0.1185237134,0.3390181155,0.9353971053,0.2635652861,0.5687719547,0.3006671993,0.7900492407
1.0297419228,0.3101467176,0.1275141574,0.8121819548,0.7052115370,0.1627379251,0.0339058395,0.6412823448,0.2559164570,0.9727497769,0.5167071237,0.6914887047,0.9255471604,0.6789186311,0.4701604147,0.8740288428,0.6444712470,0.2888677388,0.4298388368
1.1610247795,0.1211147921,0.7855746585,0.6650358994,0.5640854148,0.7184589138,0.4800995228,0.8542852252,0.7265931846,0.6823118824,0.0036135398,0.7539552105,0.3679891040,0.5785811869,0.3986754973,0.0097241350,0.1245458395,0.9569066463,0.4065636869
0.6493319530,0.1907669279,0.0529088490,0.4577478850,0.8731736561,0.8156515182,0.7182400087,0.5533394492,0.9005301882,0.2858680808,0.3657631292,0.9290646105,0.9706813491,0.9489632552,0.8942734311,0.4550005454,0.1613415703,0.3892536085,0.4905923044
1.4731652071,0.6774183862,0.5905855835,0.3461010057,0.2824088989,0.9484873477,0.0511548464,0.6704650973,0.8913605493,0.8591939732,0.9164961663,0.1511914211,0.5589487559,0.8192282738,0.7352330040,0.8350977085,0.8074240636,0.0785490963,0.5597739466
1.0761706992,0.7160450031,0.0735444795,0.7042716113,0.8411758580,0.9828593939,0.2449442220,0.1836735872,0.6258288828,0.1589331226,0.5163561924,0.1412100052,0.1329876237,0.3860014926,0.3484642814,0.0830576906,0.3898703385,0.8458298655,0.5409150497
1.6764098073,0.6589355986,0.8118739467,0.0158308442,0.8633884353,0.7350372327,0.3688071494,0.9944028297,0.6758536445,0.5545414921,0.9573017189,0.2129859807,0.4036659882,0.8035792513,0.1224620633,0.9543990240,0.0253217795,0.3005525566,0.2856385778
1.1107925979,0.0823874456,0.9682370993,0.6957809488,0.3926716491,0.5001835662,0.9538335559,0.5965487933,0.2075315499,0.4998727786,0.5519959545,0.4999415700,0.2438839078,0.0868542863,0.0984456809,0.5553140337,0.7260539688,0.2236213554,0.6455659045
1.2438870888,0.3276912795,0.4625090334,0.4407406410,0.1783141978,0.4374693665,0.6306527986,0.9161519590,0.6635417352,0.1831219139,0.7844157178,0.7886009049,0.6222754043,0.0586842415,0.7448436080,0.0219423761,0.5350979203,0.3227651414,0.0096012203
0.9808313573,0.8543276491,0.7906432444,0.4499759314,0.7528735378,0.3901275596,0.6524970058,0.3305122297,0.2292043942,0.1551140642,0.6661591739,0.5628219088,0.5373490683,0.9366243543,0.7463627642,0.2864283337,0.7181035754,0.5617336679,0.5068072004
1.0513955832,0.2466198840,0.3951638268,0.4359285034,0.9959270352,0.1226286348,0.1106647537,0.3141969944,0.9082949606,0.2539508264,0.1458929812,0.5071618266,0.0511544656,0.0812463259,0.3114701808,0.4907439950,0.1517430607,0.5075399100,0.2028830989
1.0160601191,0.7731400212,0.2325704044,0.3553604185,0.1339105398,0.2672225299,0.6931900846,0.0094991526,0.0524619780,0.6558035386,0.2348130528,0.4621319729,0.9789510720,0.2649405630,0.2527570969,0.3818305774,0.0589285577,0.1798542166,0.2183260393
0.9658340111,0.4332644340,0.0282831126,0.1653839614,0.8508076914,0.5220052086,0.1068701446,0.2636026290,0.2233932603,0.2996635410,0.9431319110,0.7461043669,0.0040458867,0.8078822540,0.3990407077,0.7249003806,0.0469470537,0.3781307599,0.3454340186
0.9822023565,0.2815543269,0.2421221068,0.2849487283,0.7883226696,0.9299775434,0.9340344892,0.2905386908,0.8645415629,0.9398401610,0.6021297964,0.4232798020,0.3013130407,0.2110976824,0.9001688989,0.6884316028,0.9517045049,0.7179773707,0.5576692514
1.8033174594,0.4915265739,0.9171648069,0.4365349702,0.6811039468,0.2308807385,0.7492056187,0.5791685259,0.6299192504,0.2720997205,0.2154249148,0.5769938745,0.0350318718,0.4754276192,0.5788148911,0.3387138799,0.7949050492,0.7662006561,0.5161075401
0.8227725915,0.7392415991,0.0303689588,0.1636543039,0.3334544592,0.6213632040,0.7718525366,0.1348064528,0.6947034739,0.9203575440,0.7487045089,0.4815677612,0.3793000261,0.2940170333,0.2696416479,0.5982187247,0.2578812516,0.2973610547,0.9253245830
0.8664143968,0.9899182677,0.8202839260,0.5617719748,0.6706817290,0.9821790810,0.3109904121,0.7009749662,0.5598947222,0.4209134559,0.6558452906,0.8140197328,0.2957001864,0.9644812423,0.4259527582,0.5386951937,0.4390139902,0.2085123430,0.2025138926
1.2973026881,0.6929415722,0.3129534092,0.6257511226,0.6218134724,0.2543249854,0.5226341955,0.2895441747,0.7364616068,0.5434088293,0.3417020037,0.7712945068,0.9401025558,0.0177248376,0.8000604772,0.2326883052,0.6632480864,0.9158607226,0.7302720979
1.8999109155,0.6895285062,0.8388141377,0.9463559414,0.8181263938,0.5446164624,0.9185400964,0.2562372282,0.1764368300,0.4682082079,0.9997274654,0.0584790218,0.0478110779,0.4086783500,0.2594224431,0.2656180492,0.2505904426,0.4514389833,0.2018115841
1.7227693222,0.7007003159,0.7959419178,0.7590718340,0.2918612982,0.0293942493,0.0737738877,0.4912964984,0.9624919362,0.8623805948,0.4704038989,0.8506100127,0.9634698452,0.8812628720,0.4446857522,0.2212149808,0.7172335852,0.2059997832,0.6107314796
1.3304734724,0.2869218862,0.6811066965,0.6288223689,0.1906136000,0.3669056743,0.7523072733,0.4914128168,0.5069117455,0.6044900562,0.1097719646,0.4046230507,0.3653178318,0.6016157848,0.9572765952,0.1266275573,0.2760298114,0.9236593248,0.3418016706
1.2943087138,0.1962551866,0.7044197601,0.0393173896,0.4741272031,0.4671455699,0.7638233680,0.6542653561,0.8690115824,0.8492564814,0.5318439126,0.9372687037,0.1967580589,0.8382543826,0.0013002523,0.4463911270,0.1897332272,0.3204009549,0.2931311446
1.4757155780,0.7078119894,0.5731098549,0.3743839364,0.7659522534,0.8456437871,0.3615576539,0.1314343864,0.3783381630,0.6654070339,0.3232325190,0.6649073590,0.1071177190,0.7222221718,0.1816804894,0.3193967965,0.6326513847,0.7353962127,0.0244375925
0.1647397244,0.0509848485,0.0131881102,0.3638288553,0.3902182376,0.9759909545,0.8187562623,0.3339330481,0.9692855983,0.2877878610,0.6604479028,0.9126618021,0.6112511810,0.9229027815,0.0070552920,0.5703244193,0.8764361866,0.5660579108,0.2999352621
0.7416913448,0.2342534348,0.0755020442,0.0297653880,0.5791268001,0.9210373381,0.5537315093,0.4921633940,0.0529997736,0.0499108719,0.6070731259,0.4216682646,0.9800173251,0.8425501450,0.6734397303,0.6685352700,0.3827318671,0.1092357167,0.4280963612
1.7367862182,0.6774036712,0.6774050186,0.9710923111,0.1976352861,0.8785371991,0.8405639239,0.4316087905,0.5198484451,0.3608420981,0.3163942296,0.7668209818,0.5931672285,0.4208502905,0.7792437745,0.0713083167,0.4733774868,0.6669580068,0.5871387094
1.0526241693,0.7770283848,0.2280019365,0.6591359762,0.8515479134,0.1124042467,0.2693932783,0.0441961971,0.9694243216,0.3774524056,0.8282066412,0.8803483976,0.1363607598,0.9173828569,0.1117720118,0.4756656238,0.4941672241,0.3040743451,0.6845641928
1.7543975801,0.6256511230,0.7845927481,0.1757241405,0.6551744210,0.0622685377,0.2699855030,0.9194789100,0.5766908840,0.0227033495,0.2450255955,0.5225167045,0.8233086085,0.7267091602,0.8365012841,0.2729718027,0.8067001564,0.0908743736,0.4878174977
0.9101694362,0.0649954851,0.7811978444,0.1993311682,0.2775317920,0.0622182727,0.9307632002,0.9068598452,0.9406103297,0.3040279827,0.2891285353,0.2089081846,0.0490794620,0.5719316620,0.0986358198,0.5942325379,0.5115063102,0.4724492885,0.8422799335
1.6253710329,0.4531261033,0.8046982802,0.7738990115,0.4032351782,0.7416504602,0.4127383028,0.1426482578,0.0336637196,0.8121881705,0.6749906339,0.7748077174,0.2971333306,0.3434813048,0.5606896943,0.8228557960,0.5597567328,0.4634279423,0.2740985857
1.3822980829,0.7922857888,0.6703750883,0.6933627096,0.9912796833,0.4885378774,0.0952421914,0.0450322169,0.8413746802,0.4724435187,0.9386905940,0.0171746673,0.5754996445,0.6220323582,0.8171617936,0.4271751746,0.9170436473,0.0264859091,0.3269888839
0.9545550475,0.2795778576,0.0866604496,0.6128252069,0.2479693981,0.4800044302,0.8102380539,0.4341507084,0.0307495376,0.5106699622,0.2493797970,0.0915631889,0.9584543025,0.9818977873,0.1905537947,0.8166302208,0.5333068130,0.6084427427,0.8706979607
1.1119889667,0.8964326935,0.9142136310,0.9593464361,0.8654256209,0.9793382225,0.9399809408,0.0192520577,0.3514349594,0.9192706892,0.5021602480,0.3999322655,0.6317499253,0.0071030594,0.7944005139,0.5334432175,0.2366119337,0.2059309103,0.6674305693
1.7981013625,0.7001895511,0.9459012892,0.2608970305,0.4821040369,0.0563663474,0.6966485696,0.1246447353,0.8359108260,0.2320611492,0.5085296781,0.8518532750,0.5488683319,0.1644613997,0.1889207621,0.8870960184,0.1901837933,0.8512746065,0.8548978095
1.1385378243,0.5395005571,0.0939838640,0.3545267271,0.3807791947,0.2638794594,0.8497585434,0.2365007421,0.7537387808,0.9752266736,0.1035545673,0.5471169876,0.7889870016,0.7418374007,0.3999553854,0.5965232474,0.3723318772,0.4750092629,0.7417721475
1.6276068076,0.5549234741,0.3618315606,0.9801427003,0.9334411850,0.2571152926,0.3997949317,0.2548660540,0.1245121260,0.7263167780,0.5230390414,0.0204475311,0.7647620801,0.9657485591,0.6375308458,0.6274093962,0.1770597799,0.0132893600,0.3907909697
0.8078259113,0.3425438646,0.0017594470,0.1922781070,0.3934241459,0.3680719643,0.7320483843,0.4904847976,0.1232285222,0.0227431944,0.6968600168,0.2825659380,0.6996914462,0.7810410193,0.0133917567,0.8927172673,0.3232006258,0.6145886527,0.5827933666
1.1184310609,0.7910784061,0.4925262109,0.6215947285,0.0811578824,0.7331951471,0.8598449188,0.0925260178,0.2282997065,0.3928799988,0.2967448660,0.8654991312,0.3996924613,0.3051500079,0.6148465440,0.9773549107,0.6456104803,0.9059489640,0.7875099503
0.5931820650,0.1519142626,0.0519412185,0.5578120945,0.6111987802,0.3888763689,0.3344401655,0.3199040824,0.4314706690,0.2531341789,0.4544268195,0.7086636723,0.7412614558,0.3823907931,0.5558996155,0.9371929715,0.3559534482,0.5624178716,0.2995271219
0.4942129167,0.9425156012,0.1941647621,0.6491194329,0.8486645345,0.6609615238,0.0190093649,0.8218650978,0.5085830748,0.7329736956,0.3367788585,0.3188106194,0.8035695735,0.5170197292,0.1618003161,0.7368668098,0.8429464442,0.1723728549,0.1304653305
0.3565043238,0.0899035606,0.0255260266,0.6313229436,0.9910736610,0.9499589407,0.0037157694,0.3763772661,0.7293753967,0.7754236348,0.3896545694,0.4576232261,0.1601854702,0.0975542433,0.5901946520,0.2812455415,0.3523817106,0.8588539218,0.4530006588
1.2190154356,0.7755910104,0.4285341517,0.8679303799,0.3597315208,0.6279782423,0.0833285958,0.0624274074,0.0862364042,0.3751009768,0.2488044131,0.7233400163,0.1267153243,0.4145267471,0.3725435866,0.1205428370,0.4272854816,0.8979481744,0.4108014546
0.6824332907,0.1513357542,0.1472192441,0.3473943304,0.6224778090,0.3195085083,0.1044461516,0.9949995015,0.2895655166,0.6652726546,0.3529214535,0.3753744674,0.7349656151,0.6152690417,0.1001054683,0.7246114831,0.9546568727,0.6091995113,0.1747309235
0.7638711624,0.9725762071,0.6558147910,0.4764422544,0.4841163884,0.5181674551,0.9958525603,0.3316770078,0.5254578776,0.1982805328,0.9524632432,0.8420528837,0.4834247117,0.2012689913,0.2574099073,0.8231916294,0.1705857212,0.0585994819,0.9081603428
0.8715134489,0.9480683451,0.9737367939,0.2228481821,0.2941615074,0.3860135579,0.9054061416,0.4933673907,0.6630196017,0.1587935722,0.6029400859,0.2646666509,0.2716613375,0.7452854606,0.8456235521,0.6150077424,0.8887154454,0.0275640317,0.0953296015
1.3545478552,0.4993249532,0.2391815967,0.7498060744,0.0092969670,0.5776060544,0.7967068793,0.7121681142,0.9459379332,0.3643530230,0.5191342376,0.4461235118,0.6359933577,0.8450183250,0.4820254583,0.0439144159,0.8139683876,0.6517822748,0.8153683370
0.5527315688,0.9979775473,0.1207676514,0.9259440218,0.0572428073,0.5597113027,0.5104046697,0.4204074246,0.9858404538,0.0617573359,0.0954229834,0.7561872997,0.6195319867,0.4271096408,0.7983396996,0.1620140404,0.9498447630,0.9712217881,0.1976570244
0.7962528613,0.8739930999,0.3800695409,0.6396083842,0.0956783403,0.0765413149,0.9826214523,0.2521735014,0.5770969344,0.6647064786,0.4684550750,0.2065574395,0.9934841684,0.4094104638,0.5399645071,0.9989197503,0.4184084785,0.1858392799,0.6030532275
1.7578401010,0.5509220417,0.5689620108,0.9834157948,0.1100590145,0.4946756249,0.4202067775,0.7946906286,0.7581450341,0.1784548140,0.5045817282,0.9773989493,0.1194430223,0.6571405271,0.3526242220,0.2009199890,0.4082578926,0.9117182519,0.4973861727
1.1594602301,0.2609414438,0.3945110370,0.7853266074,0.7262898232,0.7656812997,0.0014476915,0.3630229231,0.5812020407,0.9496734270,0.7025337288,0.4372914890,0.4788475401,0.3027889643,0.5987381731,0.0293960105,0.4854043615,0.6781856241,0.3406287997
1.2720973257,0.5610154251,0.1994509713,0.2831236714,0.3205889985,0.3943573511,0.5900461568,0.5970962701,0.5961741695,0.1666929751,0.5661136689,0.3610725814,0.7417430069,0.7064804844,0.9235782898,0.2330892667,0.3233689810,0.0931256374,0.6168042740
1.4644787739,0.6472424798,0.5291432680,0.3675478105,0.8522487503,0.4735281255,0.4823119205,0.6847524979,0.9706298337,0.3120410570,0.7100081591,0.1426601784,0.9040518127,0.1700659726,0.0150046222,0.7238799748,0.4285768731,0.8453321700,0.5273570508
1.3262313529,0.3311564249,0.5560709002,0.3345806836,0.2528386146,0.7790151754,0.3949330946,0.5114970063,0.4117477258,0.6699621242,0.4268953294,0.1580894914,0.1045095762,0.0539740397,0.4688578314,0.0717279160,0.1576127706,0.8484416959,0.4089261791
1.5852235059,0.4669448537,0.6886869075,0.0537572246,0.8203787302,0.2432151535,0.6083567778,0.9867796192,0.5766399009,0.3102704958,0.7003342686,0.5779512373,0.3705746820,0.0926552795,0.4299456985,0.3879616470,0.1497486097,0.9914186554,0.7135974844
0.3709098563,0.8777923737,0.0781223759,0.4094799927,0.0252834339,0.3237710910,0.7133931123,0.7058591563,0.8390287097,0.0288790775,0.6559335140,0.9624153249,0.0524758383,0.2096528573,0.7270871330,0.4776747833,0.5955847103,0.6708804935,0.5615948498
1.4360110746,0.6819404337,0.3471127762,0.8422241668,0.7472495015,0.6256329149,0.2633298452,0.6252493537,0.7728079230,0.8235674812,0.9736915052,0.1528751540,0.4519069879,0.5339112196,0.7062452630,0.9917169861,0.7442085871,0.3337197145,0.1665733607
1.6911066391,0.6224091493,0.5924744310,0.8221814486,0.5451919629,0.6195906985,0.5466522843,0.7810117540,0.7207286806,0.7737443862,0.8124063414,0.9573960472,0.3040681065,0.6840103678,0.0810831851,0.1780707869,0.3512505874,0.3994026133,0.0141050488
1.5311613417,0.8037572703,0.8721712267,0.9992927850,0.0021254970,0.4971207170,0.1111108335,0.5792942969,0.1119422848,0.9924798273,0.8015524673,0.8079403453,0.3725369883,0.5838832890,0.2359235627,0.2715480596,0.2968574238,0.9466155911,0.9198187703
0.7265950239,0.0969840514,0.4776681088,0.8823616590,0.4821893945,0.2744564159,0.5906393915,0.6373777918,0.0681044631,0.2720770452,0.5068378352,0.6101830091,0.9802573207,0.9679235061,0.8915931643,0.0124268398,0.7887320747,0.0198086052,0.6875137154
0.9018382229,0.8018231478,0.4547326360,0.1514968992,0.4588759787,0.6214169614,0.4087990783,0.3482911585,0.5420765179,0.4686776592,0.9720563355,0.9489835196,0.1945965658,0.8316918014,0.1350017752,0.7803759430,0.5673724667,0.0579326515,0.2982299330
1.5880756383,0.5434902071,0.4493767161,0.7698425513,0.1116264646,0.2090893359,0.5441943964,0.8926831802,0.1522578069,0.2569055768,0.6869878464,0.2604993441,0.9213359485,0.5190582333,0.2873785424,0.3971222844,0.2130745055,0.0284827847,0.4490113834
0.7345778546,0.1575526413,0.2797361498,0.6114770180,0.1108421133,0.5214281270,0.4135047660,0.0632402886,0.5116764970,0.1999997374,0.8748323164,0.1896287846,0.1067288589,0.2079254325,0.8775747091,0.8508453937,0.7181570659,0.0364664665,0.9008308048
1.6678856906,0.6034088514,0.7131427812,0.2139444752,0.6938706573,0.7581563205,0.6799102473,0.3418102149,0.8295700094,0.9907540872,0.5190941967,0.7196440331,0.0451432941,0.5265378329,0.1569017589,0.0493499103,0.9414750968,0.9799803084,0.3071652631
0.8093127407,0.0448971343,0.7357872791,0.0040516079,0.9472024366,0.6693520433,0.0405588033,0.0997222815,0.9928259816,0.2828251907,0.5809520142,0.3566363941,0.7376490993,0.1503688262,0.0972500232,0.5219457409,0.6227149457,0.8441895410,0.5190161590
1.7039228331,0.3871279550,0.9962189089,0.3227011660,0.6019818634,0.2956177080,0.4366137591,0.5854982435,0.3817566600,0.3893542541,0.1492625593,0.4030349358,0.4899890435,0.1582871855,0.2876108030,0.8450618606,0.7544366732,0.2819181788,0.9386683436
1.6373750935,0.7092981208,0.8560211003,0.1928544072,0.4288881884,0.1915469693,0.4011945832,0.6648462793,0.1765589184,0.3924909846,0.1778030584,0.3875313649,0.7747807106,0.9420963202,0.3543207851,0.5521973652,0.5779981916,0.3369361567,0.6984783577
1.4194252202,0.6376422926,0.3894714435,0.1590508259,0.1591579913,0.4759999521,0.4777269057,0.9895313387,0.0187330897,0.0557477616,0.4002463492,0.1848954449,0.5730015874,0.0547846719,0.9443931441,0.7189815802,0.2939661556,0.4521739079,0.0349095893
0.7068551610,0.1764596460,0.0849791851,0.7762185002,0.8195015119,0.8750146197,0.6204946447,0.5946921221,0.2307818359,0.5498203110,0.7232727263,0.2005101745,0.6874905089,0.8090324470,0.1032665361,0.1277739454,0.5657679805,0.2629206218,0.4949522516
0.5633478313,0.9037838779,0.3704747752,0.4236657918,0.9960813932,0.6607095513,0.9197099975,0.7263935198,0.5289071827,0.9818160121,0.2954256267,0.7876653217,0.6505894592,0.8182611516,0.6741539681,0.1167857902,0.7568007193,0.0182946085,0.1081395382
1.3453369392,0.4809473669,0.2472832824,0.5906254067,0.6674097159,0.2487421633,0.0319399167,0.5534106493,0.1631725121,0.9904743032,0.8804291394,0.4954119658,0.3976702883,0.3346465843,0.3296239204,0.6546282401,0.5515275324,0.6602470237,0.1968239898
0.9689276437,0.2679084056,0.3275742632,0.1146245594,0.7305342599,0.2904247796,0.5918239703,0.3785537681,0.4543951372,0.3675905331,0.4035524451,0.7472086370,0.9953973692,0.7916648554,0.1540325526,0.6704097382,0.0151736528,0.2465225912,0.5679052249
0.6242726870,0.9740279116,0.6048468969,0.1820065746,0.8763868833,0.0100161102,0.4176265270,0.4036712228,0.8510597399,0.8436621642,0.7814474961,0.6270771598,0.0215708888,0.4917619043,0.1377179630,0.1812431376,0.1243955724,0.5419325195,0.2066442625
1.6589780399,0.4785653557,0.6795310548,0.3143160173,0.7951206205,0.1458494664,0.5814633771,0.6318108303,0.6083429688,0.3218541802,0.1995400489,0.0283708299,0.1345250633,0.3014654920,0.2017085697,0.0521499360,0.8876326873,0.9079939637,0.2766177827
1.5839734017,0.6623685813,0.6568535012,0.4303734676,0.3244240089,0.7208629188,0.5053804334,0.5124829342,0.5728958714,0.8304943897,0.7490172444,0.5169131892,0.4896069672,0.9481986327,0.7046328937,0.7191739316,0.1872905746,0.3755182572,0.9586574696
1.2282806910,0.2242635850,0.5886862207,0.4587989643,0.5156067746,0.0574512847,0.5909567002,0.1168348999,0.7811549135,0.7450346737,0.6016784846,0.4129802114,0.9306453890,0.6913919738,0.6469307150,0.2862790706,0.9021987178,0.0019733631,0.6633525595
0.6767811558,0.9169574512,0.2375586829,0.9235215392,0.2851948430,0.5411560358,0.6478124634,0.2452643656,0.5927627037,0.2824941606,0.0334639299,0.4088657736,0.6549740433,0.2262121948,0.1270006500,0.9635438440,0.3863082956,0.6568925920,0.0658616459
0.8715043793,0.2577243805,0.0586366259,0.8301572747,0.5514398780,0.7713503629,0.2993901146,0.3088483127,0.1796161603,0.6064124565,0.9249633835,0.1567280036,0.1261209153,0.7151912926,0.0653677018,0.3269421268,0.3464100255,0.2834841426,0.3771706879
0.8149725707,0.1910650268,0.0497227501,0.6892947114,0.7641682905,0.7517295842,0.3869261451,0.1435016129,0.0553322780,0.0250675317,0.7273486537,0.0216392218,0.9216129741,0.9096746141,0.9576220602,0.2847250382,0.5298100163,0.3087405417,0.2945941347
0.9335708098,0.1474903858,0.5336978525,0.9054945324,0.6622739849,0.3677325450,0.3908169918,0.6399938089,0.0587858008,0.1343612558,0.4252890869,0.6026644270,0.3185360221,0.7809219195,0.0856683974,0.4275276657,0.5632108195,0.0440501125,0.6156966275
1.5820069751,0.5912535984,0.4375597035,0.2733899463,0.3339755511,0.2683950785,0.7451540882,0.3919661706,0.2261303755,0.8122347413,0.9592172976,0.4780386707,0.7712922703,0.5382368265,0.6199364875,0.7583869728,0.2225311790,0.8016646472,0.5533454407
1.5410551135,0.4860104161,0.4872323664,0.6008463051,0.6432087539,0.5219258324,0.2189798935,0.1616183312,0.2308907198,0.3717725264,0.3357222532,0.5361688160,0.5013274883,0.1457963941,0.0380574408,0.4172515554,0.5147239446,0.9142746081,0.7506519656
0.7520652828,0.8521780002,0.1966206299,0.6817554689,0.4228458464,0.1519828159,0.2194493932,0.6613411540,0.1044380253,0.4721897053,0.1923207610,0.9853167014,0.4824833657,0.4904320420,0.8495262048,0.6323181624,0.6418050879,0.8322300074,0.2484311228
1.3448651508,0.6998485333,0.3726323074,0.1263859936,0.4853600784,0.4773817431,0.5375129615,0.2683696931,0.7127146790,0.2640389484,0.9261321519,0.7862701179,0.8304064477,0.6215839061,0.8919061377,0.4616863821,0.3802451908,0.6467311904,0.1633686835
1.3862269676,0.5543408704,0.1085431003,0.9706546148,0.5529264532,0.0034969468,0.8275789956,0.9621011093,0.8659823936,0.1127808915,0.0001650298,0.0772892111,0.6993408711,0.7382545052,0.9987678110,0.4568839984,0.1996377999,0.3362581126,0.8281139245
1.4456171077,0.3233333930,0.5634188630,0.9852493439,0.0923536283,0.0041709160,0.8500631721,0.3211658954,0.9654369455,0.1448953709,0.4895794130,0.5568825994,0.8934264104,0.1781851156,0.2772056594,0.0334144375,0.6729991919,0.8006822903,0.7149019444
0.6624666477,0.1676365777,0.0046476941,0.2562243617,0.7473644827,0.6411586047,0.1843489257,0.1986030007,0.4019222931,0.9079749582,0.1101473673,0.0374017459,0.8675671484,0.0585294956,0.1483005352,0.7106080169,0.9488249873,0.8858696705,0.4336377008
0.3853148450,0.9893363417,0.0347944026,0.7693248747,0.2034757406,0.5288100806,0.3977634357,0.6734268149,0.1483917628,0.1585426471,0.2057551449,0.0802509824,0.2334313319,0.4432849474,0.2329776716,0.9044494254,0.2208951199,0.5758454879,0.5582125088
1.5335957593,0.3620950579,0.7069315172,0.4387953724,0.9369695988,0.2122376390,0.1498586828,0.8590528043,0.0998283238,0.1036517991,0.2658230968,0.4067162209,0.3775386118,0.6320369406,0.0844606606,0.8445868673,0.4694569745,0.1136036563,0.1505340624
1.1170644547,0.1074366651,0.7698981335,0.4105353216,0.3305681715,0.1437581099,0.0127252772,0.0857570138,0.3605031814,0.0283013473,0.9722074879,0.9838091677,0.6397333347,0.8879621396,0.8149718709,0.6256761899,0.9308037288,0.1848043717,0.2649070836
0.2717663309,0.8946408426,0.0232652510,0.1923696795,0.2506637869,0.4711981975,0.7768575205,0.3358016616,0.2495601683,0.6863293742,0.0990674145,0.8920539446,0.2352293598,0.6541881155,0.3454297676,0.2002011407,0.1792240943,0.9024829838,0.6964101342
1.3501036480,0.7501813969,0.5923328968,0.5533398241,0.5985633157,0.0570190989,0.0431448170,0.3709951540,0.1921482724,0.2367278879,0.1825644376,0.8430367952,0.8627224862,0.1697753843,0.1032528347,0.6856096963,0.9610071678,0.4266665087,0.8438801095
0.8389299804,0.9853806494,0.9444940619,0.2394793666,0.7333572192,0.9394643146,0.2929680002,0.4560567697,0.3965238528,0.8022653716,0.3432245415,0.5406802268,0.7976809950,0.7297084018,0.0793755592,0.3974845053,0.6009487711,0.1140527497,0.9458854080
1.0007693575,0.1235596213,0.6298643054,0.3006427597,0.9371744825,0.0287333977,0.6022389197,0.2884399315,0.9264739790,0.5004223130,0.8955482883,0.0229063292,0.1950710852,0.7924778830,0.5075943477,0.6848550202,0.5929808869,0.5093493233,0.6886069620
1.6333356542,0.5000146651,0.5564102918,0.6204347682,0.7947239602,0.1939793926,0.1843382014,0.1181077433,0.4160007369,0.2852549069,0.6462679802,0.4063689522,0.2394566126,0.1426276101,0.8789539236,0.9288767661,0.4251741154,0.8791759049,0.3364983979
0.5622636711,0.1381834948,0.1397462582,0.8279815413,0.8187435697,0.5682684313,0.5605512173,0.6597209397,0.3390816903,0.5022614879,0.2700211272,0.9673234107,0.9010959122,0.0592504652,0.6688599495,0.0071241158,0.4618407811,0.8837908948,0.6280337404
0.9566834699,0.1634230494,0.4671722022,0.0467790028,0.9824319926,0.3020764055,0.3854205676,0.2198655273,0.2409208168,0.8138162763,0.6169190735,0.9437794466,0.2315504321,0.7659950769,0.7392613806,0.6220809415,0.6444515030,0.1330721019,0.6787653462
1.6061026587,0.5183035014,0.5104613286,0.5145253642,0.2122572755,0.5292330619,0.9043298012,0.6359275659,0.0796857004,0.3284121947,0.0752732941,0.1004029180,0.4706965211,0.9417129179,0.8558347304,0.7015523420,0.0168971065,0.8490249468,0.0997546639
1.0728388200,0.7141721103,0.1387463435,0.1326020080,0.7595381518,0.4098108992,0.1976991507,0.2043212678,0.4256467624,0.4701561445,0.0621018176,0.7534051552,0.5932405666,0.1893791967,0.9780793704,0.8300352316,0.2816009782,0.2230423136,0.0674908283
1.1399508305,0.7861866409,0.7336534336,0.3981729487,0.8290698118,0.3892133005,0.4297030621,0.5871177014,0.3251350345,0.0440851932,0.3444134345,0.5977235507,0.9415602810,0.2493203688,0.5230322712,0.7202717549,0.1061620719,0.1098248431,0.2258674845
1.3036309198,0.3204060555,0.5775624210,0.3712442116,0.1624751037,0.0027800003,0.4626817547,0.0543129113,0.2619763096,0.0271884315,0.9892803679,0.0371659365,0.0427373685,0.2817184250,0.7324446563,0.1763340814,0.5415158332,0.0253907624,0.6564401997
0.5786585578,0.7997427380,0.0751874069,0.3837335861,0.3954058285,0.3526200297,0.0264165926,0.6949617168,0.0826595823,0.7771028923,0.0929352523,0.3765229611,0.0099924954,0.7136385609,0.9514323227,0.4742010524,0.7285733810,0.0417375283,0.8396158994
0.7175911411,0.8533291338,0.2900769699,0.7089898980,0.4523378472,0.7786420214,0.1589203642,0.3122486091,0.8995179126,0.2111387164,0.3286212501,0.2431275908,0.4614070112,0.1822562084,0.3563672325,0.1801864652,0.1489506703,0.2979882619,0.1481847584
0.6355003130,0.8710342541,0.0711699903,0.9009917188,0.0303649237,0.4628787641,0.0905889503,0.8059409131,0.1452900509,0.5713227270,0.9164418037,0.9467111228,0.8470478830,0.5965472915,0.0629585632,0.8416432996,0.5421893750,0.9052119399,0.6675767541
1.4723768794,0.6628763529,0.4386798717,0.7136756788,0.4777167463,0.5865981009,0.5320528368,0.8597391559,0.4311823637,0.8420213944,0.3966777172,0.4430045331,0.8354034048,0.1153206560,0.4462203003,0.8700260948,0.9008821048,0.0526506877,0.5623092767
1.5248766625,0.3028896512,0.7718924368,0.9850542771,0.4624077617,0.9633378168,0.1473125407,0.1189406403,0.7062778652,0.7924008298,0.6540652345,0.3111092961,0.3241632885,0.7326193433,0.8809908501,0.0607217910,0.8863282524,0.4692194494,0.6574600541
0.1267542366,0.9744117637,0.0085333846,0.0930742773,0.3629821917,0.4172457258,0.6864776675,0.2242250369,0.1237807642,0.9027559881,0.6641048471,0.0637682636,0.5008613909,0.0365175064,0.7546883865,0.9136842591,0.7993768604,0.8627910402,0.1883836787
0.9447149718,0.9015804950,0.7338981509,0.4946818052,0.1500024605,0.4703206392,0.8986450757,0.1647221052,0.5972033987,0.3640990297,0.1515922908,0.4579092659,0.6381660499,0.5817945009,0.2273532030,0.5600293136,0.5962579511,0.0778463681,0.0176556336
0.7298677201,0.0507957196,0.5937000718,0.0151305083,0.6850506250,0.2204147520,0.9379286365,0.0710456984,0.6527466396,0.5273134177,0.3281096390,0.7220917375,0.4000671880,0.8224188152,0.3180237228,0.8350392090,0.4568853366,0.4199251767,0.1915267420
1.1862519547,0.1599089724,0.8405327003,0.9971253198,0.7222064868,0.5083053741,0.5351905803,0.2857826806,0.3643045712,0.0660682585,0.3052134915,0.2470142009,0.2973943630,0.9046716824,0.8431823309,0.5817637679,0.2805664525,0.7638371209,0.4406969525
1.0628302531,0.8002343512,0.6090257778,0.2068795965,0.8404819780,0.1722928419,0.7772533768,0.1349817639,0.7958881997,0.3319550584,0.8770151165,0.1405351640,0.8739133021,0.2318947101,0.3667659543,0.5096327164,0.7331891023,0.5175633136,0.9167497182
1.1042264639,0.2474937762,0.3913414472,0.0232488555,0.4752166347,0.3243372464,0.0408594612,0.9668163618,0.4926669427,0.0478605052,0.2090872117,0.3901133630,0.1989701629,0.5962915997,0.8230255403,0.5143040574,0.2979004459,0.2894104281,0.9570470608
0.6716284918,0.0109228081,0.8212571845,0.7284858882,0.4674871235,0.2950663240,0.6137609646,0.6212530520,0.1580186897,0.6424385912,0.4139281260,0.2745436342,0.9933588963,0.1413410600,0.2383375341,0.5257256850,0.1526209508,0.3052407471,0.3831320947
1.5793221414,0.7358994374,0.7329695394,0.5582273534,0.8261830904,0.1803470036,0.1875467791,0.3409007430,0.3240178761,0.4017218272,0.8261923149,0.7599663248,0.5438300548,0.5592753769,0.6091204526,0.2090589902,0.1181632899,0.9928119224,0.8319668680
1.7631166146,0.6129506690,0.7942555255,0.3593693834,0.0727537703,0.7488388201,0.9528336903,0.6256956106,0.1677438144,0.8241936979,0.6762379356,0.3443804744,0.2843860934,0.2350370665,0.0956705475,0.5651927671,0.6737670206,0.0604098495,0.9710559168
0.6596525952,0.1339298687,0.1253048053,0.0928777463,0.0990322259,0.5040900613,0.7167291323,0.1096796189,0.9501220816,0.5621327736,0.7460538886,0.5423585858,0.1188359333,0.0716923475,0.5890844296,0.0292113836,0.0451386499,0.8382088897,0.0043851370
0.9084398557,0.9938226971,0.9545897057,0.4320556203,0.4794083311,0.7027279414,0.1193326958,0.6257374733,0.9267099298,0.5475356405,0.7422417604,0.6896886915,0.2791020718,0.7320460248,0.1780759045,0.0894519947,0.4997333587,0.0916296369,0.4393294577
0.9307259414,0.2088499574,0.2662901443,0.8464172197,0.4999161802,0.0265822979,0.5455040217,0.9487955859,0.7606073085,0.3646019262,0.6859592646,0.2665902796,0.2206631892,0.5297884936,0.5492171505,0.0111674949,0.6924109566,0.5415754387,0.4080896782
1.3009643003,0.7501831265,0.5876297415,0.4586931222,0.4696813402,0.2089637674,0.9576113287,0.9104862411,0.2622413808,0.0491852747,0.7737417735,0.2365935528,0.6317148471,0.8861344955,0.3288658818,0.5146658944,0.3896762005,0.2992166980,0.3606810491
0.4871144453,0.9032218686,0.0934713239,0.7254773428,0.5781516150,0.2954653724,0.3483507671,0.4474032537,0.7374919856,0.5130839310,0.2145203546,0.1002637181,0.8020191254,0.3072192828,0.7675088683,0.0076456588,0.6752841337,0.8235220467,0.2361045205
1.1238157031,0.1310807163,0.8399078234,0.8593974033,0.5006693339,0.1711624205,0.4064936232,0.4921454499,0.6414945715,0.2316000721,0.6437212114,0.1172991527,0.6159552737,0.8027736926,0.8445188577,0.2695257114,0.9812207388,0.0824923074,0.1435743497
0.4218959821,0.9785408593,0.4204411603,0.2169104176,0.0089351639,0.7551439501,0.4805377154,0.4229163769,0.6319887138,0.9834285638,0.8535205241,0.8259260388,0.1285633463,0.0547305950,0.5682881245,0.4824423871,0.0080356493,0.1403230799,0.5407752159
0.9168105540,0.9071936350,0.9964105022,0.0595207891,0.4831457532,0.0816425604,0.1816429950,0.3830418211,0.4381881482,0.5271077650,0.5491080896,0.6155122101,0.7251463162,0.5454598490,0.9101535558,0.8839088279,0.9394324099,0.4610576014,0.8584532423
1.2693815357,0.2667297934,0.5744192442,0.2179393377,0.9108787143,0.5603493274,0.0895035374,0.6324917736,0.7862345716,0.5407461607,0.3124640975,0.3970607019,0.4059009189,0.2460497078,0.0440175697,0.7911267351,0.6662832612,0.9234967349,0.1204316250
1.3136687716,0.7578588277,0.5624377905,0.6995806370,0.7055291542,0.4793847703,0.4883515932,0.4378206508,0.7890967933,0.3152249906,0.7911032346,0.0236526611,0.8816857907,0.8523266086,0.4844856001,0.6854037363,0.3751730226,0.1979781222,0.9703894684
1.2091496815,0.5129104891,0.0395179274,0.5632855301,0.9849262886,0.5131449594,0.9249860910,0.6577907540,0.2434616402,0.7452347972,0.0547850014,0.3965038181,0.0601533558,0.0418581359,0.6987471148,0.9218843628,0.7624961537,0.1543097269,0.4805821233
1.8574950796,0.5587079415,0.8445177948,0.8028525380,0.5735203866,0.9630765611,0.6926446031,0.5678992356,0.1823162497,0.4719190230,0.0008839313,0.9020508556,0.1389170561,0.7660931348,0.4962325032,0.4172384166,0.3910616844,0.4209215619,0.4888238802
1.7153970327,0.3942630695,0.9380590428,0.6775804354,0.2425977098,0.4444506996,0.2698973623,0.3047747133,0.7245108084,0.3569985977,0.3806775419,0.1642646315,0.4824152514,0.4950643607,0.1552379871,0.8035779027,0.8567155316,0.7071115254,0.7266998446
0.8744414306,0.2504767920,0.0791310125,0.5918320961,0.4884782895,0.3729564765,0.7667384020,0.5125669514,0.5820721370,0.3152224419,0.2655350179,0.1009097334,0.4874470790,0.2867374630,0.4586673148,0.5777576510,0.6121418692,0.4348291067,0.3523622363
0.6202303299,0.1190834967,0.1168738599,0.8919475460,0.2167754770,0.1102787367,0.5556995471,0.0902427162,0.3469493371,0.4979801524,0.8970916060,0.8482134533,0.8899636031,0.3647240359,0.9191207656,0.9237355902,0.3190292141,0.4118559192,0.8925199782
1.6557098103,0.5386435863,0.4800649900,0.8445708729,0.5718865004,0.6352952040,0.0208715069,0.0408276503,0.6372546230,0.8826116587,0.8709120416,0.9890369507,0.0809358993,0.5522432115,0.5224539224,0.3663352949,0.9216759493,0.1742834095,0.1797507546
0.7810504062,0.1007524643,0.3590067938,0.0046655920,0.8797576175,0.8616065531,0.8492056086,0.5508434953,0.1467656157,0.6609842793,0.7298944987,0.6279279698,0.1819533990,0.3061143738,0.0107596004,0.4931856527,0.7645725632,0.7350069059,0.6012478751
1.1312102587,0.9267517569,0.9410243926,0.7306935787,0.0187311398,0.3081973624,0.8332053735,0.2712766663,0.0123179845,0.1186496309,0.2591623837,0.4568866356,0.3285871818,0.9945500843,0.0535376028,0.4404856442,0.7753015842,0.5658179629,0.1482840975
1.3880607485,0.2118019667,0.8327711325,0.3364009069,0.5798632409,0.6393613690,0.4022466010,0.1067944538,0.5949799612,0.1974243375,0.9593985567,0.6436819368,0.1092848992,0.4239819926,0.0376801446,0.1154051413,0.5617386788,0.2315499503,0.3919135181
0.9887980451,0.0384681388,0.9148898918,0.0269983516,0.4129702002,0.9131566372,0.5505100430,0.4982430484,0.6652442340,0.8925450771,0.8075391069,0.7659600245,0.1185325797,0.0489770699,0.6538924999,0.7603570626,0.1367600272,0.9427395162,0.5920347543
1.6054410270,0.6070860867,0.5824124959,0.9656259772,0.2811021056,0.2948137233,0.4806601168,0.0559906753,0.9153503302,0.6394509711,0.3849955987,0.6776533467,0.6898988035,0.8432555591,0.4967914234,0.9957878763,0.7712924301,0.7418051145,0.4837448793
1.0686558605,0.7394382524,0.0365757521,0.8440647347,0.0184121510,0.6759130691,0.9985383165,0.7653289437,0.1379031682,0.2790903897,0.5548869024,0.9589261469,0.2747240152,0.8949071678,0.2155422979,0.9172908383,0.8618762315,0.5813627379,0.2540567290
1.4320677739,0.7496944817,0.9276420909,0.2720655915,0.1729435549,0.9597403775,0.8920233953,0.1047377206,0.3728563501,0.1984732735,0.7267851501,0.2052468025,0.4500348426,0.3036037633,0.5797755937,0.1436303000,0.9460018460,0.6741359732,0.8369509231
1.1489447918,0.3372617624,0.3070949864,0.7125227624,0.0832036874,0.6465260552,0.4392735172,0.5395831157,0.4754837955,0.0641485868,0.2028502221,0.5882060094,0.8071152202,0.2242720501,0.1075068902,0.2223635129,0.7612978817,0.7658052880,0.1068898142
0.5433413787,0.0290619100,0.5711326151,0.5810645893,0.1040317379,0.1055241686,0.3848512950,0.8224473606,0.1445293707,0.4466687483,0.8098625195,0.2628095858,0.9346344021,0.0296581759,0.3083738705,0.1144194454,0.5834019976,0.6623817959,0.8892480897
1.5560244564,0.4081666103,0.8713133055,0.2037243877,0.9193444224,0.7864149642,0.9433685014,0.8480740480,0.6316295002,0.4082555553,0.0197534238,0.7112487527,0.4779434737,0.8760327161,0.1771011142,0.4331122624,0.9695422256,0.8576310671,0.7942386148
0.8793905445,0.2599353795,0.1375455427,0.6345881737,0.6293966713,0.1996950949,0.5694508780,0.2171655967,0.9481232637,0.7723583033,0.7056016654,0.0137833885,0.8471764662,0.1958733768,0.3911685701,0.3522355145,0.3277669825,0.6511782003,0.0659611379
1.5213957409,0.6543190809,0.4947529920,0.8698774654,0.0281150778,0.0894185132,0.5090149036,0.6423175305,0.3893478747,0.2739225916,0.9527940638,0.0404468042,0.4725931057,0.3896712445,0.1689395970,0.0488375760,0.1213514386,0.6691134763,0.5374347698
1.5466386886,0.7680767117,0.8507122672,0.6763455895,0.9326786007,0.5307182453,0.4766226631,0.7758546491,0.2527677297,0.5371832041,0.8254144803,0.3675542565,0.8060060650,0.8208598506,0.1260659028,0.3229979723,0.2531671832,0.1644538653,0.7024521532
0.9950840201,0.6526845633,0.0385771271,0.1137922058,0.6694072442,0.1843891929,0.8762722400,0.4739611482,0.7188136022,0.8830593479,0.5619697958,0.9838540515,0.9990574269,0.8977424953,0.1369494660,0.6773937452,0.0280593101,0.2723407040,0.9863158675
1.2535371277,0.5619580211,0.0114795331,0.4079707525,0.7474653824,0.8806679790,0.3855836875,0.2793377789,0.2790168157,0.4209558571,0.3011429306,0.6981995752,0.8199211547,0.2377234074,0.4722961274,0.4564976857,0.8444072183,0.3167936880,0.1303860002
1.2611911897,0.5806754763,0.1379652293,0.4132683724,0.7439536476,0.4457178376,0.6837577147,0.6531296817,0.5224117258,0.9690215021,0.3025986625,0.1329432344,0.6661461428,0.1173657386,0.1600058343,0.4705001709,0.2329065226,0.5169576753,0.5250257508
1.3241952292,0.5852408025,0.0896223548,0.8217467044,0.6293255300,0.2800213529,0.0549946302,0.9783213482,0.4119450753,0.8641867545,0.7554755950,0.0881807558,0.7061120497,0.9989413555,0.5576941148,0.5251133698,0.4179773884,0.2060204950,0.4772116811
0.3558403288,0.9714510942,0.2028837733,0.5277275964,0.2356748568,0.6445819503,0.0500587033,0.9599155578,0.3722747723,0.2999024767,0.0903369576,0.9184173827,0.5271717051,0.7119309639,0.9127564982,0.8149430378,0.5269094953,0.9862795713,0.6613248375
0.4659672835,0.0946218125,0.1459134292,0.9747646263,0.9294079604,0.1250390387,0.5868776051,0.7153891517,0.1274678937,0.2109933667,0.4274404140,0.2728781517,0.3610809174,0.1840518656,0.8246276429,0.0031181780,0.6855089076,0.9893539995,0.2726392003
0.8938879120,0.1246927784,0.4153469481,0.5751028412,0.1945375772,0.0310690691,0.2235750747,0.3209494822,0.4536341932,0.4710339616,0.1734530805,0.3476638230,0.9989990811,0.1581500854,0.8926387197,0.5690762063,0.3637740425,0.4885815105,0.4821585743
1.3400753895,0.2241715196,0.6945936473,0.8105917176,0.9553376140,0.0621362741,0.3108508805,0.3722403824,0.0286168438,0.5740608398,0.1169702593,0.9398906683,0.8925358145,0.5887646592,0.6821185760,0.1334196818,0.0962464016,0.8257664314,0.7963925841
1.1713389481,0.3822153368,0.3496079559,0.2296018819,0.0729034911,0.5166637256,0.5014581915,0.2899697737,0.3704718580,0.3984601500,0.9951912168,0.2516961178,0.8064532373,0.8039163948,0.2932597464,0.2449888256,0.3202586188,0.6055179792,0.8933290362
1.7568643658,0.4559179987,0.8637491050,0.2823124542,0.6773321501,0.6484594424,0.2747800126,0.1617854375,0.6872633198,0.5666099838,0.0133656489,0.4732346856,0.5654159264,0.6542885638,0.3440251632,0.9790012283,0.1696923920,0.4037974087,0.9700359973
0.6872665264,0.9188464174,0.6443511265,0.3286479071,0.4774125665,0.3750862050,0.4571933654,0.7817516619,0.5760210429,0.7715465456,0.2616841402,0.9677091226,0.9440620267,0.8523614851,0.5691601931,0.5814759536,0.2471133992,0.5422263468,0.6549397258
1.1217395962,0.8386774133,0.7299609284,0.6024587529,0.8259106183,0.3649938344,0.5429169710,0.9922449385,0.6778351213,0.4042351442,0.1035184096,0.9955494097,0.5005398922,0.0284157997,0.9497389089,0.3957835648,0.8914763534,0.1251189278,0.7829210689
0.7378227340,0.1340038488,0.3201621341,0.9198314080,0.8951810738,0.1042069137,0.8089407910,0.0144108784,0.6433962961,0.0132414816,0.1894213621,0.1227071949,0.3619356152,0.9690808330,0.2402834556,0.1386856704,0.3625048308,0.7400557047,0.1275004774
0.9792189754,0.2552186496,0.3319891972,0.4363449736,0.4107744164,0.6832306862,0.0655294286,0.8609414070,0.8650405576,0.2100716244,0.4925039021,0.6005050892,0.3530291059,0.1189450096,0.9735488106,0.8799002308,0.7584097051,0.4237747044,0.3486497136
0.7635280296,0.9806604906,0.9139194183,0.1841136861,0.5911123350,0.0752706731,0.2879464146,0.4475407419,0.9687168856,0.4129474540,0.0736547914,0.2753257301,0.5847428835,0.0609603539,0.6502252859,0.4098808457,0.1690528941,0.9290898812,0.8729074097
1.1660215325,0.6681607914,0.0559513433,0.3952597754,0.5504721749,0.5120123041,0.8781477747,0.0274999871,0.4826601156,0.1102089222,0.4599523397,0.3865865172,0.1207116989,0.3622433595,0.1044409745,0.7091306336,0.2203027442,0.3668848999,0.5069662752
0.8733635186,0.2160657335,0.1835954505,0.4395158842,0.1124205623,0.2845016314,0.7379700780,0.2027109267,0.6304088878,0.2436516646,0.0688656248,0.9138607944,0.5692792409,0.3665304426,0.5471057475,0.6013877133,0.1098092156,0.5527581943,0.6107979943
1.2720503716,0.4191761554,0.3541162195,0.8036534582,0.5523500675,0.6307291821,0.4332032933,0.8247869596,0.0361241181,0.7542809342,0.7450872632,0.5751007128,0.1637962177,0.1983469516,0.0781385620,0.8858078212,0.5105138740,0.1415393335,0.7587488897
0.8002005305,0.1360342564,0.3127300785,0.3230458336,0.3796512402,0.5587547969,0.3437663278,0.2179973439,0.7502120627,0.6524324196,0.7152207925,0.3708621026,0.7998300008,0.1906433097,0.2711891625,0.8696455396,0.5424010114,0.9769726293,0.0440332926
1.0240560671,0.2760983037,0.3589107708,0.2768251863,0.1460530110,0.1544507008,0.9511998706,0.1734000553,0.0634432387,0.9732960485,0.2537766051,0.7687334803,0.1778655701,0.6997535977,0.5918269340,0.9351874363,0.8536595836,0.3160487453,0.5300123617
1.4208651106,0.7605907986,0.7220710736,0.3406634840,0.7640408932,0.2128757230,0.1449527550,0.7917472424,0.5544748679,0.0242868275,0.4101788437,0.9918565988,0.1887691356,0.4657623665,0.0485273239,0.9840570514,0.2027938410,0.0550586559,0.9204583049
0.3744230749,0.9033514613,0.0834516694,0.7519664050,0.3643981681,0.0637551523,0.5886365043,0.8880065179,0.1904853475,0.4104650812,0.7641417354,0.3292285103,0.7691432192,0.4452345234,0.8213976335,0.7367780903,0.3378992941,0.5651236373,0.4613280461
0.9406765290,0.8389943101,0.5596638576,0.2225209537,0.2043853993,0.1730980020,0.1831410658,0.8040977208,0.2306150411,0.6758797782,0.8533171595,0.5157049299,0.6419596143,0.1970892341,0.1228288035,0.7642293732,0.2779494329,0.3776484783,0.1043966148
1.1926435657,0.5050742177,0.0995022873,0.7831971287,0.9059297990,0.9898965570,0.0456112032,0.1018777314,0.6314327736,0.7529985759,0.7239575616,0.9385191285,0.4882082619,0.4980742430,0.0328350871,0.8532284561,0.7405995573,0.0135806523,0.7250394572
1.0024944884,0.8243828944,0.4789824072,0.6402900228,0.2622247506,0.7000592044,0.9813612132,0.8572315592,0.3190666824,0.7080690106,0.1660209584,0.3756620864,0.1992984629,0.6375220373,0.5264846968,0.5772529840,0.1583139799,0.2044096553,0.1393172292
1.3820414757,0.8228020251,0.9153498003,0.9976824111,0.5920483639,0.9439311128,0.2468166763,0.9149227051,0.1121048630,0.9543107463,0.9356705746,0.7141566840,0.3144298162,0.3085821060,0.4402024104,0.1771109365,0.1954875075,0.5504640141,0.1439595405
1.1030934243,0.7855639285,0.3916541773,0.5547199244,0.8104377876,0.0330815219,0.8469574861,0.5112888516,0.9643193901,0.5263195438,0.4952520004,0.0373825839,0.8418506619,0.9385128003,0.4716077250,0.0306192752,0.3706588366,0.5378641285,0.1924295683
1.2196469733,0.6648098175,0.2847302612,0.0032846535,0.9675451808,0.9465767238,0.0955596734,0.1421686601,0.3672524419,0.8950114290,0.3889831509,0.7177531639,0.4197731264,0.3866674521,0.7695672625,0.3881501566,0.6317898574,0.6038708804,0.8387614367
0.5217778537,0.1118371204,0.1665056231,0.3874336471,0.6200225427,0.5739220134,0.3073748266,0.3660941937,0.7309974777,0.6904213350,0.3814739693,0.5770038074,0.4266798232,0.5293327374,0.8154406596,0.6286221315,0.7418310806,0.2571179763,0.5124599405
1.1146180305,0.9234073986,0.8894284723,0.8671187169,0.2649532253,0.3749354783,0.0471160746,0.4921694530,0.7454508177,0.3239728771,0.5864877049,0.1472103904,0.5324186916,0.3370180853,0.3201252913,0.6077989560,0.4132203079,0.4468968815,0.9088823257
1.3805846586,0.2929521520,0.6335649978,0.0839831359,0.4692609061,0.0461964951,0.1332524614,0.8276380105,0.4549944973,0.8750005962,0.0889101487,0.4066207509,0.1087205702,0.9559829449,0.8262871142,0.7294933346,0.4790886592,0.3269445673,0.3140318309
0.6929422996,0.9698963120,0.4689804678,0.8900166630,0.8949607623,0.2874108516,0.7554714872,0.8473498636,0.8631909309,0.7109009614,0.4954682100,0.0675239685,0.5804778617,0.2698990556,0.7897075345,0.7963386892,0.6546526207,0.0437219363,0.6462647344
1.6503950633,0.3201855794,0.9076184816,0.7859270689,0.3890586727,0.1927497817,0.9991942423,0.4393452768,0.5537569543,0.0345171713,0.0597705795,0.5082817500,0.0411677335,0.5956544245,0.3731381203,0.8255912928,0.6793962016,0.5391351977,0.0662812667
1.3998062898,0.4290365737,0.4370729349,0.4502409962,0.1910527091,0.7183734348,0.2977658325,0.5481183560,0.4000144720,0.8940895897,0.2209062533,0.3416674469,0.0082095743,0.6700143982,0.3824619273,0.5432168800,0.3156969249,0.8887581795,0.4788334600
0.7488873204,0.9600304012,0.6957325916,0.2439190183,0.6203637877,0.3328936549,0.7576574592,0.7432317798,0.4805634181,0.3517328693,0.4501825832,0.1135601935,0.9963232757,0.3575983095,0.6282932686,0.2608481372,0.7463131799,0.3812599997,0.9101908905
1.2322082221,0.3332014499,0.4140533774,0.9426271201,0.3740132610,0.7657963899,0.6761052319,0.6293846342,0.2185434607,0.8010149761,0.0917938054,0.7135986143,0.0803195173,0.1437120700,0.4576727795,0.8396597855,0.5570002466,0.7287800060,0.4368428347
1.5340204673,0.5494389761,0.4906289778,0.5426078711,0.8591126260,0.2672299801,0.4446541982,0.9614537804,0.6949366324,0.2492971837,0.6489245801,0.4386688990,0.0407788204,0.8974814757,0.8791053100,0.6951045777,0.1595669343,0.3207048127,0.3031782409
1.6605401177,0.4462088255,0.8181225436,0.6436934892,0.7504489191,0.0971933440,0.7560100064,0.6126095993,0.4625841271,0.5963961427,0.9404610315,0.0275684982,0.9709528774,0.3505821309,0.7097131996,0.7752656684,0.7067558462,0.9080434774,0.6859359980
1.3517369852,0.1894951876,0.8432112674,0.7090923848,0.8191843590,0.0927713930,0.6372835076,0.5371566736,0.4642356107,0.5414154497,0.3671042910,0.1843879970,0.9649323475,0.9000561434,0.0722179357,0.7402192494,0.8510257505,0.2025693616,0.6897490612
1.4474657583,0.4895219587,0.4544286834,0.3611525217,0.2992512440,0.3322885599,0.8936065682,0.8364395990,0.6964938316,0.4630743959,0.5848949564,0.5243741870,0.6887120343,0.6884762452,0.4081493947,0.0761509241,0.9402088445,0.9518486310,0.5496943540
1.3226848813,0.7628278788,0.6681570611,0.2334912928,0.0793134583,0.6993814090,0.1183566311,0.7496559102,0.7211312738,0.8256939736,0.9788918868,0.9264126090,0.9469056221,0.8857355695,0.8566223266,0.9130839285,0.0686326868,0.2434638968,0.1072959531
1.6498884283,0.4946065834,0.6852662288,0.2484263354,0.7154104473,0.0995337992,0.3899623323,0.6913954010,0.6964290715,0.1573581581,0.3570570206,0.4953214393,0.6188570733,0.5134474567,0.2055472573,0.5719771061,0.9729839260,0.9489615539,0.5135016367
1.4751219214,0.6333963769,0.2742305915,0.0865784633,0.7832789499,0.7081612292,0.9165765553,0.2618328996,0.1009061171,0.7002984611,0.3081760710,0.2821483958,0.4651091921,0.9230001470,0.5370710305,0.0599057125,0.1279548258,0.5118827499,0.3553635685
0.8439679727,0.9240124704,0.8691325366,0.0791925259,0.7319668047,0.0856759964,0.5063868682,0.2485770063,0.5749580665,0.3271866464,0.2521929991,0.4859175022,0.0055947293,0.6534500698,0.2984097150,0.0291394461,0.0068676489,0.7690580592,0.1578582989
0.3161118638,0.9293139137,0.2175986459,0.0496964229,0.9431598477,0.3337370300,0.4011488964,0.2321243401,0.1671220813,0.0583152138,0.1795786888,0.6947377591,0.3522942548,0.1466624436,0.6005142619,0.5109917653,0.1048055407,0.2048585491,0.0124355127
0.5786671947,0.9780263034,0.3504482906,0.8197302301,0.1808545038,0.7792779386,0.8262147617,0.0002844924,0.3901098214,0.1240904266,0.3509819344,0.8747099520,0.3237450470,0.4147642186,0.7318496422,0.8648719065,0.8809244442,0.3045405528,0.5038718357
1.0482234259,0.8175480443,0.3142788121,0.8550037217,0.3329396700,0.6033448058,0.1590746467,0.7907297848,0.0341485629,0.2151960088,0.9565060124,0.1190180603,0.7118458927,0.9130478204,0.1695085126,0.4126901586,0.5606079203,0.0250322685,0.5248391474
0.2215854603,0.0614034962,0.0183871420,0.1476102079,0.4873370585,0.9827132234,0.5800912178,0.3792373634,0.1237848022,0.9242418456,0.9266931247,0.3719010777,0.7955265242,0.4113640460,0.5972848051,0.7736690135,0.8135155126,0.0109655882,0.1508689155
1.4400072875,0.5907815807,0.2620603731,0.6904897339,0.8470888144,0.1714349062,0.9555902375,0.7084291818,0.6366484236,0.3635732745,0.0673562987,0.3824953662,0.2744315850,0.7501395280,0.5504983775,0.5426266576,0.1365152455,0.3613937976,0.0576051901
1.9353312571,0.5818617859,0.9086582660,0.8710109343,0.7594983228,0.9109717333,0.5730805305,0.2269034403,0.4953118121,0.4847134688,0.6128464401,0.6083680947,0.2397949810,0.1310581744,0.7222070059,0.1340679685,0.6551051295,0.7551697597,0.8361376835
1.1984900099,0.8376183199,0.7963899444,0.6122000868,0.2567589494,0.5347931339,0.8928776180,0.2310998853,0.6274292955,0.9801650656,0.2457760805,0.2756618825,0.1140455131,0.7472116780,0.5989021717,0.2397851241,0.7662982919,0.4159221842,0.7997505300
0.1913080256,0.9116457303,0.0391176425,0.0045274775,0.4730571495,0.6246712239,0.5994019070,0.2057645802,0.9036623321,0.5875014481,0.2509332283,0.9199869903,0.8599027750,0.3414638077,0.7402154163,0.3819429061,0.3777179979,0.8720674350,0.5466015697
1.5960600840,0.6453995433,0.4984177965,0.7620435096,0.9564696030,0.6511382485,0.3027886846,0.8638027233,0.1122313119,0.9345576564,0.9151111063,0.9479891779,0.9203504441,0.6129246422,0.0830032267,0.6912976867,0.2532428177,0.8329108426,0.0221461068
0.8424167736,0.3105324430,0.0549969877,0.7568745955,0.0285360455,0.1251514512,0.5680080513,0.2685739885,0.2235423112,0.8750993795,0.3029896493,0.8678211094,0.5424587251,0.7740626179,0.0787993711,0.1950592533,0.1775448990,0.8781579595,0.9167096665
0.9485453817,0.7046196546,0.0760761493,0.0544883703,0.9048770929,0.9353726254,0.1710545938,0.1341012849,0.2010194010,0.2830447291,0.0958906269,0.2996054050,0.1271701700,0.5466087877,0.8929663461,0.8798542473,0.1992769736,0.0898565935,0.2219326527
0.8919605616,0.1872805708,0.2997361189,0.4653916274,0.7276860969,0.3591048676,0.4284492325,0.0802136558,0.1252490089,0.6870044727,0.4092815454,0.3980220365,0.2915831337,0.9733668458,0.5909259067,0.8269488152,0.3447921349,0.8581126184,0.9765696049
1.5489839954,0.2911213515,0.9898656647,0.4956982347,0.9916400582,0.5499879536,0.8646961266,0.9138379179,0.6404089309,0.5279612671,0.5863945096,0.8774050316,0.4820557272,0.1127091935,0.2758699787,0.9203042410,0.3412474235,0.1307742582,0.7891654826
1.3908244781,0.6690814819,0.4135336690,0.2350415761,0.6601648803,0.5298252173,0.4172439610,0.5640751455,0.2438981316,0.0663541459,0.7418746747,0.3709872270,0.0369029275,0.6863289121,0.1622629510,0.6903165226,0.3235167112,0.2331667146,0.7767545290
1.3452725178,0.5583674284,0.2317991276,0.2284304370,0.5434404870,0.8301214412,0.3187513981,0.4864708193,0.6484066580,0.3033739758,0.1380521749,0.9807019455,0.8661917590,0.1197144111,0.9663272745,0.1409136087,0.5847237049,0.4441162672,0.9381594677
0.9282583550,0.1865971654,0.3780556865,0.2404334508,0.6664021862,0.2755465384,0.4645621113,0.2610489921,0.3224056446,0.9360959128,0.3834870180,0.8557351889,0.7721291614,0.4142219391,0.1663607981,0.4617329244,0.2679282263,0.4655313658,0.5849168482
1.3099696260,0.4211676663,0.4072195895,0.2698987418,0.1537159433,0.6409837993,0.5298142161,0.9586884823,0.7788230481,0.1905721626,0.8424056005,0.3858291841,0.4837038736,0.0696279920,0.0515707361,0.8604799919,0.9121221811,0.1810303220,0.9472032922
0.6707319554,0.1340608557,0.2027614562,0.4747672929,0.4511721466,0.9765986824,0.7104183301,0.9958222134,0.3533893566,0.5901157568,0.6001079854,0.8946689819,0.1309690681,0.1150318875,0.3919264566,0.8739882581,0.2777202632,0.4838807388,0.6787633080
1.5822077548,0.3476066802,0.8083684531,0.4289174648,0.4955135683,0.4204956249,0.7803491319,0.8231912138,0.0090526366,0.6530171697,0.7870123162,0.1930295928,0.2427503543,0.7646574531,0.1458511035,0.1095730626,0.1885590827,0.8291495415,0.7777362217
1.4518721372,0.5208014440,0.4037414191,0.3222893128,0.7213267357,0.7248704044,0.2021425154,0.5972211508,0.1436072621,0.5387807285,0.9986243246,0.1626755059,0.5000755728,0.0173387560,0.0033934871,0.9876030552,0.2273620811,0.3040430922,0.5735284031
1.5136775854,0.7209555525,0.6979190137,0.2389469926,0.0688231472,0.3325833522,0.1922464912,0.6358755229,0.7666460701,0.5914752623,0.5377820926,0.7792117662,0.5383521388,0.9392963854,0.0080017926,0.4531468027,0.0263921971,0.3454498834,0.8191446783
0.5615101568,0.0348346101,0.5474971320,0.8102513079,0.3302015487,0.6460766921,0.7634849454,0.7093647356,0.1308819831,0.7938130615,0.3260218019,0.5512540571,0.5849421063,0.4957560682,0.5093241833,0.9503572561,0.8469290159,0.6105313092,0.9533436863
1.6328206735,0.6916325830,0.7631904596,0.5833209539,0.6956948170,0.4880881402,0.3067191754,0.2814589530,0.3957127884,0.6594465914,0.2203931247,0.3274834434,0.1898705479,0.4280925250,0.7941026260,0.5417696160,0.9780475419,0.3006243177,0.7858495521
0.9335481477,0.0867472246,0.7487906797,0.7172675823,0.0781782218,0.5855499742,0.4191583312,0.8012225627,0.7726930684,0.3819188202,0.2968620328,0.6296612011,0.7556702520,0.3844808050,0.1014383565,0.0475743246,0.9979677090,0.9895870520,0.0393410574
1.2576383444,0.7317987470,0.5448186468,0.2151851715,0.4056791437,0.8062444104,0.5211821259,0.6074000960,0.3845710353,0.4435646656,0.4758072654,0.0672076661,0.4471601805,0.2850210085,0.8912877204,0.4830335959,0.8256806734,0.9874424613,0.8881843033
0.8850577468,0.1650712149,0.2146011887,0.0116441999,0.6472803737,0.1305079475,0.0538453910,0.9082027312,0.1810911682,0.7070221132,0.8797464144,0.2247160489,0.2603082354,0.8149568715,0.3769627977,0.2368592125,0.7629562925,0.9080552116,0.4456408010
1.2495314254,0.7383461826,0.5377487694,0.0075947030,0.2297688691,0.3024850293,0.0305606654,0.7955383755,0.0103157862,0.2457227158,0.8747911873,0.3237901219,0.8599966594,0.7599201709,0.4190917714,0.1842782632,0.6059150975,0.1585438850,0.1959458319
1.5362168151,0.5611238487,0.5324216187,0.1639092127,0.6575755448,0.0636919132,0.7678739473,0.2969861834,0.7537359835,0.3779430099,0.7111190138,0.4895493345,0.0705286686,0.1281336001,0.0616704655,0.9198040094,0.3878154772,0.4229690408,0.9731368257
1.1467811063,0.7848226513,0.6142791478,0.0994934754,0.5604964316,0.2083683707,0.9614422644,0.5995209817,0.9495940848,0.8452258534,0.8274505954,0.0961825343,0.0373427115,0.3870333609,0.5287862383,0.4935467931,0.1603915546,0.2378393912,0.9810314584
1.4260482776,0.7322842441,0.4806487092,0.7556942755,0.7874022902,0.5896382990,0.5212237293,0.4117875771,0.4400244858,0.0280635496,0.2533121671,0.1447723063,0.4500829079,0.4644476351,0.3131737238,0.0272428967,0.8471297762,0.6631859504,0.0283257043
1.4277079377,0.2821457292,0.7779013452,0.3616814976,0.0936178532,0.4117754836,0.1363328752,0.5986775883,0.1101265301,0.3104071532,0.8910213082,0.2778892016,0.4015082701,0.5980339267,0.3030160792,0.5216317919,0.3075925368,0.9276176812,0.7789882167
0.9529193817,0.9245238640,0.5878897526,0.9166528199,0.1902633403,0.7808193170,0.7884882946,0.6264238358,0.6469534418,0.7545197319,0.8878407986,0.8368169438,0.3878864481,0.9352295093,0.8295034086,0.8782912237,0.8358089168,0.3064718964,0.6231924579
0.4424019128,0.9731869556,0.3026485205,0.5637898322,0.8731827766,0.5045686151,0.4581168831,0.2688615205,0.7968360513,0.2578910549,0.8984886760,0.6156026349,0.8176048890,0.2585248275,0.5152676237,0.8981045792,0.5831315433,0.7676532656,0.2288672167
1.1378222261,0.8314609657,0.9079760395,0.4870788215,0.9367007021,0.5692347122,0.0351748874,0.2695181932,0.6808555903,0.8007626849,0.2923895661,0.5000780735,0.1543370075,0.6561761452,0.7870873003,0.3842161123,0.2898984606,0.4036153509,0.4414766947
1.3698207519,0.2582603867,0.7580465413,0.1095641303,0.0592087864,0.1362606302,0.9713352322,0.0271213797,0.1323087657,0.2159529626,0.2988914688,0.0489437615,0.2527233640,0.6352929333,0.4753532814,0.5584256833,0.9611319426,0.4253981413,0.0842721514
1.0488320539,0.1590754347,0.5941560262,0.4376072716,0.2853083818,0.2978616395,0.9979512813,0.8254789696,0.5440340392,0.6997088388,0.7833124631,0.2708943930,0.4349521271,0.8932945410,0.1856062505,0.2435565527,0.2552052786,0.6925801344,0.0998198299
0.8858450359,0.8499847761,0.3567581381,0.9663435482,0.2792060318,0.7402016804,0.8595358024,0.6964687236,0.5383816141,0.8854400178,0.4177280489,0.2363770481,0.7687618614,0.8151969862,0.6044201614,0.7959113333,0.0640251612,0.6620318808,0.4921453925
1.3238806158,0.2669977087,0.6396173848,0.6568891206,0.8572168024,0.2014963276,0.3862645541,0.5331287786,0.4552857269,0.3335854066,0.7442340842,0.8866955784,0.3108242434,0.3382265467,0.0204622006,0.0866106942,0.6595703388,0.1915291346,0.5177046601
0.4886847157,0.1272892404,0.0283809151,0.4856872481,0.8998316464,0.4560775688,0.4269518264,0.3905081455,0.1897556448,0.3763470957,0.8074159131,0.0411032504,0.7575533474,0.3661114040,0.4481106054,0.9966571818,0.6563007036,0.0663303897,0.4224231860
0.1389743850,0.0176126474,0.1811809376,0.5233793176,0.0650875270,0.3767178138,0.5477935809,0.1201930104,0.2366927906,0.9632764862,0.6314557113,0.5548918109,0.0196639615,0.2950109613,0.0074504770,0.8419640911,0.3389035095,0.8309425303,0.6254262242
1.5931255765,0.5833673283,0.5086979766,0.3869243928,0.1602529403,0.1870163016,0.4410706370,0.0411527690,0.5495386544,0.4226132664,0.6227418842,0.5379706201,0.7084778946,0.3258640404,0.6289017311,0.7196668164,0.8451031768,0.2209797492,0.1531548564
0.5724709341,0.9932155611,0.4744856625,0.1950593268,0.9235628545,0.9417960918,0.5656961546,0.1931296311,0.5601334463,0.1141286756,0.6222501911,0.0375489966,0.3191967329,0.0123624976,0.9808748235,0.2709184474,0.7510316152,0.8793301220,0.9112553639
0.3644194055,0.9142059167,0.3132046194,0.0845175965,0.3971831422,0.1897572336,0.0038817953,0.5735661762,0.5310343878,0.6899935027,0.8122105054,0.7886887035,0.5994770005,0.0107456737,0.7669696867,0.4805420884,0.4048757950,0.6728383996,0.7329675250
1.8509370826,0.6141426113,0.7466295978,0.8450080137,0.2666873698,0.1077376108,0.3639912375,0.4402045275,0.7753525835,0.3361328015,0.9444641301,0.8379883433,0.2077052038,0.6603643940,0.4604953076,0.5455769403,0.3314145583,0.3692513329,0.6816056032
1.0286821721,0.1483102750,0.6452640566,0.4070707864,0.2418235759,0.1855632260,0.2067719625,0.7169428790,0.7832657240,0.4772495491,0.6540648865,0.2166171997,0.9505251768,0.3769936818,0.3665137359,0.4428440888,0.9959440796,0.0601726818,0.6480238017
1.5736805871,0.4066434337,0.6721729467,0.4459584201,0.6641009560,0.8204322197,0.6182169920,0.9169128813,0.4454206552,0.3947449533,0.8049501988,0.5683708593,0.7504134989,0.0570006592,0.4718716112,0.6895587850,0.0067683089,0.9064732375,0.7629724426
1.6791225215,0.5344593174,0.6840652996,0.7462285871,0.7356589543,0.3641135658,0.8077672004,0.4612349974,0.1988718835,0.8170073666,0.7541437923,0.3084657391,0.2931022416,0.2796816247,0.2972393002,0.2242750651,0.2219707226,0.6503980925,0.4480750378
1.6073058587,0.7279913324,0.8379735009,0.2251557678,0.9117441542,0.0817230929,0.6927967923,0.8830773854,0.2435926441,0.6654153701,0.1610803134,0.2260195863,0.0578484974,0.6069912914,0.5057163037,0.3820058254,0.4427212104,0.9567328836,0.2753928700
1.1020036605,0.3299490204,0.1814225472,0.9689607115,0.8658811413,0.8971801434,0.7846496454,0.1003386009,0.1229046146,0.6712880386,0.2995220997,0.1109308149,0.0578588322,0.1217047721,0.6110084182,0.7076181860,0.1677775733,0.3587059933,0.5371908202
1.1797445810,0.7592893503,0.2971012361,0.9988672922,0.2539203984,0.3862925215,0.2283132534,0.2497187080,0.2711570672,0.1427071686,0.6023982937,0.3887264356,0.7855338232,0.4529234834,0.1289208252,0.6799063835,0.4676637086,0.7039091342,0.2257685631
1.1713990347,0.0956247063,0.8976797986,0.1077379859,0.6027613618,0.4574635379,0.4598839422,0.5970278958,0.0381087058,0.5888205715,0.5447430654,0.5574710524,0.9636671355,0.3411893990,0.4749085076,0.2426427179,0.1941617440,0.8615726258,0.6055248988
1.7179722410,0.5000004444,0.7371367831,0.9991825989,0.4361268316,0.6410393243,0.5725785360,0.7501797909,0.1803775706,0.2726679841,0.8026633013,0.0559678901,0.8007380510,0.5584905266,0.6747343805,0.0395573379,0.3420536508,0.5906992530,0.5267873305
1.2913688956,0.2214222470,0.7666686350,0.2829655024,0.6527869416,0.5751555021,0.2894545632,0.7560787505,0.3583075127,0.6296303160,0.3180014301,0.7874349872,0.0890659732,0.8369181125,0.6074348065,0.7661728485,0.4715191305,0.5952754043,0.2889588833
1.5662491919,0.4482365790,0.7464102672,0.2295393694,0.8381706925,0.9170080027,0.0571007273,0.4674269523,0.6787684389,0.2765111355,0.3902856511,0.2095617912,0.9678036973,0.4157643389,0.5189795721,0.8922252205,0.9265501326,0.2861374437,0.8206961964
1.5690514915,0.4985176038,0.6782802897,0.1664202554,0.2548159423,0.6920564199,0.2596343332,0.8811535968,0.8102879591,0.5984343183,0.9967106577,0.6689221221,0.6619817545,0.3776575956,0.6808999382,0.0822953880,0.2447260313,0.0050131040,0.0915487622
1.5380298661,0.5973043958,0.4829841353,0.6764758852,0.0414894829,0.1366061626,0.8924614932,0.8013288750,0.8716629507,0.1785590040,0.5639173464,0.7863241445,0.9779387752,0.7905753975,0.9040252844,0.2154287246,0.9453386075,0.2599753815,0.4624331005
1.6228257486,0.3658333971,0.8644541941,0.5813615251,0.1920447698,0.4795431063,0.7735171189,0.0162924468,0.1231309848,0.4359364377,0.3197500930,0.4747073303,0.3862091495,0.9112648653,0.1625080128,0.6101165549,0.6671468523,0.3510978797,0.2859730731
1.2236092579,0.7143376423,0.2679520719,0.7595345297,0.0401753790,0.5868635753,0.3178648724,0.7937057345,0.1476270162,0.3112786291,0.8394048908,0.7136749923,0.4757511233,0.1233975586,0.3071039360,0.8144383688,0.6222860183,0.5012991574,0.9030002419
0.5856178611,0.9702039520,0.4831365903,0.1867990447,0.6919251791,0.3149066319,0.5925454043,0.2670855537,0.2750460233,0.6246138679,0.0627096141,0.7250813071,0.9719172863,0.0194468601,0.9050930965,0.0711557313,0.9796123927,0.4381235787,0.1866692308
0.6692738989,0.8204348505,0.2274840491,0.3463977081,0.9331274428,0.3657720867,0.7436596224,0.4436749657,0.2635299404,0.8522649966,0.3610542129,0.7083771414,0.6972551130,0.9210998081,0.3927275075,0.6418232080,0.3218163293,0.7711993656,0.3748575390
1.5992591547,0.4668135389,0.6381429257,0.8733076516,0.8694311039,0.5192466382,0.7442201095,0.2759182356,0.3353210083,0.5429264341,0.9689594654,0.7680749153,0.6579143526,0.1660845875,0.1553761822,0.4158359132,0.1166277508,0.9594781567,0.8268181026
1.3290454017,0.4335411750,0.1370182172,0.9147195034,0.3570750354,0.3913463250,0.1716704469,0.1591697496,0.3917624808,0.8203861431,0.3476405337,0.4511015913,0.0290667127,0.7704918204,0.5500635409,0.9657014283,0.4554230272,0.9549570803,0.3246846988
0.9958148517,0.8700371667,0.7928733945,0.3744256218,0.4115766125,0.9798846357,0.6236697881,0.7207348401,0.7913884206,0.6586343510,0.3383520209,0.7726773435,0.3587141851,0.9610925025,0.4541066038,0.2265516332,0.6721837195,0.5280303910,0.2661478299
0.4850119646,0.8975321300,0.1172799155,0.6723688774,0.9973162589,0.6950689131,0.5494025666,0.0078447046,0.6952571021,0.4890805678,0.1806558370,0.8228290389,0.3798877172,0.3992104356,0.6785322495,0.8198134508,0.5965942517,0.9609403322,0.7581265858
1.0675927222,0.2462341373,0.3192661264,0.4734535674,0.5204106047,0.0947188246,0.5591466766,0.5659397477,0.0546058568,0.1294472507,0.1850703729,0.7319883893,0.1079560575,0.3645437303,0.9891569635,0.2427684660,0.9862686615,0.7520552670,0.1584898116
0.9844329078,0.0281621801,0.9794425381,0.1217005830,0.0119568111,0.6803674133,0.5003398024,0.1789908660,0.3951732052,0.7200651316,0.0729308376,0.1706524484,0.4554280922,0.8687120242,0.1563134611,0.2158193124,0.1170510176,0.3255438897,0.8599077324
1.4205900658,0.6048851651,0.3595799489,0.4607106077,0.8422605270,0.5624726475,0.8027497332,0.5621011290,0.9249117591,0.9698948215,0.4540870844,0.7951956711,0.9455567782,0.7328543480,0.4879315762,0.2465509093,0.2014982028,0.3461668301,0.1913106704
1.6836508003,0.3937555649,0.9428638091,0.8561529924,0.6588898016,0.5275234039,0.2861283445,0.8893462875,0.1168948829,0.0689032549,0.7308046623,0.2857449430,0.9828510212,0.8226141324,0.2701532055,0.3691468041,0.5897888313,0.9989836099,0.7957437032
1.5314960121,0.6187650703,0.4189461270,0.9066161343,0.5274188905,0.5269619688,0.2943127986,0.3388742605,0.8866121179,0.1721590615,0.2306249551,0.9231009023,0.0842975504,0.3098687291,0.6640190527,0.3934472727,0.1390745344,0.0383124477,0.4398384359
1.4169374026,0.7643540620,0.9391518690,0.4022378643,0.8558610095,0.9899572322,0.1714301818,0.1661754862,0.0802243304,0.7387580226,0.1649942646,0.6102635186,0.3037252258,0.2147746194,0.8979749077,0.3105689625,0.2108282205,0.3379252178,0.9704560795
1.3174881454,0.3763670425,0.3930253232,0.8802199478,0.9697273432,0.1382800350,0.3313643703,0.6263259579,0.0349341757,0.1136976690,0.3929528017,0.6586009624,0.0251670814,0.2050121396,0.3651393298,0.0217540271,0.6409109798,0.2692394721,0.4404478633
0.7324095649,0.8299133878,0.2079472029,0.8479720524,0.7737389808,0.5732840075,0.2474599442,0.7594737849,0.2099282921,0.0095498475,0.0418667021,0.4296267888,0.9474795305,0.1846100482,0.6894610267,0.1208557435,0.5442019724,0.0610437290,0.0432275001
0.6043255225,0.0439133055,0.4482813422,0.1735026036,0.4885697670,0.8727034315,0.0739043648,0.1327911050,0.5867924323,0.4697456245,0.0010884061,0.2995851911,0.4896648373,0.8363334368,0.7480793321,0.6033445167,0.0843987056,0.2629993681,0.4997654559
0.8217152863,0.2221679856,0.1350860194,0.2296196306,0.0489815707,0.4963518233,0.0317352684,0.2483485150,0.0716746095,0.5152312804,0.1404614441,0.4785134490,0.2168158577,0.9362723901,0.3635225381,0.7295706610,0.2056916407,0.1234034226,0.1179972026
1.4383662537,0.6983256401,0.4223990751,0.3400995300,0.2934746544,0.0743990458,0.2679106940,0.0634796721,0.0650863697,0.7112727721,0.4579456180,0.7766090318,0.8654799293,0.9335516400,0.4619619724,0.6308994659,0.7063545849,0.2451242860,0.5885090927
0.4591956109,0.9356286104,0.3610554700,0.2021465943,0.5480206689,0.8169709847,0.6129569045,0.1078483344,0.5291638277,0.8242341966,0.9655380209,0.1696132417,0.9823848029,0.3333003655,0.0287955413,0.9679704692,0.7946003269,0.3141659615,0.4830268036
0.9545022310,0.0619180670,0.7582166442,0.0104742422,0.1813286057,0.1355330969,0.4654109949,0.2114052005,0.2101778478,0.0484269655,0.2764078812,0.5538432568,0.6040354949,0.0737492190,0.1292805477,0.6508438615,0.9738859182,0.2562703208,0.6528623469
1.0487883853,0.7697195157,0.5197642822,0.2047279561,0.3812828645,0.8521928328,0.9332151884,0.8738587060,0.0087634179,0.4665452948,0.0873855949,0.5464094609,0.9804220054,0.9783444268,0.1586039787,0.3225634583,0.2894018830,0.9825990403,0.8000506516
1.2022908082,0.3791666018,0.3283207079,0.6452233054,0.5695106538,0.7450264999,0.3944166472,0.0165235398,0.1861201601,0.6177324834,0.1982789970,0.5231137521,0.8695691468,0.2205925089,0.8606462171,0.7149754516,0.0014171238,0.3429395581,0.3004609808
0.3465324838,0.0448871420,0.1738111561,0.0551541617,0.1307944629,0.4531199656,0.9789019790,0.2171562686,0.7796511938,0.0681558363,0.5569600262,0.3082715173,0.8691626570,0.1771631044,0.9429294459,0.9517235566,0.0911105352,0.1299143754,0.4981526075
0.5730754341,0.0939432297,0.2424159904,0.5157392338,0.1741257727,0.0938483168,0.4853668377,0.2924337042,0.7878793772,0.5165906353,0.7918096271,0.7556411641,0.9356635320,0.2186879292,0.0894256601,0.1762191348,0.0541701981,0.2077299780,0.9355624233
1.3279063877,0.7652906559,0.5460851780,0.8741233317,0.6607205181,0.3961160695,0.2820438050,0.3862285277,0.6280486545,0.5133431281,0.2793038279,0.2238020044,0.8267365498,0.0896527048,0.0334787409,0.7658948970,0.3043398448,0.3461987487,0.5010844276
0.2907342803,0.0331568097,0.2576230282,0.8225169485,0.9907992406,0.7291694247,0.0331215448,0.8303159067,0.8630701823,0.1804116268,0.3327111333,0.6856801039,0.4910481385,0.3821948220,0.3502887386,0.7736191790,0.9447377862,0.8592621338,0.6533662129
1.5028753610,0.6591650913,0.5107568281,0.2566707099,0.4912711463,0.0012248673,0.8923835076,0.6860564994,0.8292241065,0.2525374361,0.6215696851,0.5906524653,0.8015004557,0.3330658888,0.3835068179,0.6021196938,0.6592546939,0.0022657155,0.8908952979
0.9133787390,0.7824490447,0.3233290897,0.3486510142,0.2212734290,0.0735975885,0.2949023670,0.8876760325,0.2004506709,0.8456712694,0.5439629942,0.0675500569,0.6917279129,0.3144165686,0.7907889994,0.3084451065,0.2697458792,0.0890635738,0.7244616332
0.6077002995,0.9509551908,0.4216412294,0.7306173691,0.4696839604,0.3684731062,0.7644555489,0.9572175103,0.5460702380,0.5578169096,0.7126315856,0.1372735296,0.0688912294,0.3672423583,0.9250964827,0.9391412030,0.8804786510,0.4838408267,0.0852426766
0.1218230781,0.9670408695,0.0518724157,0.0641285650,0.4966902603,0.5634077304,0.1225157458,0.0710532283,0.4563997993,0.7475663841,0.1302259920,0.4821654881,0.7357746239,0.7461493200,0.0256734620,0.0996305345,0.1516356255,0.5807423058,0.2869916365
0.9256169902,0.0513242921,0.7677602026,0.0502054755,0.1977867199,0.6490474755,0.3287735785,0.4612909940,0.8407413412,0.6082984957,0.1257236523,0.1983289104,0.1614033140,0.9322226840,0.1569480303,0.8144793555,0.3866015728,0.4464857948,0.7116337842
0.2775169211,0.0615227850,0.0073191436,0.1038741343,0.2216361149,0.9471793761,0.3424342824,0.8857553917,0.7447670971,0.8300200866,0.3696869751,0.6412833580,0.0360711423,0.5403731240,0.1394585645,0.3472207120,0.8198686872,0.4386091087,0.1084092718
1.0129062901,0.8068378002,0.3904270499,0.7024600172,0.6870124275,0.8926511569,0.8153286339,0.8149859880,0.1081949880,0.4761398482,0.5690442581,0.4051656693,0.1515008793,0.3927961731,0.2800423693,0.2921077118,0.0961981899,0.2075859839,0.6197299147
0.3975989125,0.9522132301,0.2592859817,0.3363330883,0.2787871737,0.1561015568,0.6017917516,0.8168174120,0.7531789681,0.0457312509,0.1653679135,0.3661441952,0.5589729574,0.0342691694,0.7766817727,0.0134027594,0.2278129889,0.5678449277,0.3895821885
1.6737434526,0.4887312894,0.7766827678,0.7379373226,0.2015854084,0.1790930833,0.4345711151,0.8035869503,0.0987913836,0.1456059023,0.9137479544,0.5946137694,0.2191052232,0.0822130775,0.7883769353,0.8346509052,0.5195932151,0.0518678135,0.7843313711
0.5727718129,0.8563119467,0.2791335892,0.2630800110,0.6419116628,0.1030800005,0.1365267857,0.9667292506,0.6369320523,0.4571220307,0.1388376982,0.5584870644,0.0592468664,0.9906583513,0.4139267755,0.4949541125,0.5230922527,0.5480287972,0.6333845037
1.5127669746,0.6137601824,0.3736562548,0.6338228906,0.6955073972,0.9187625214,0.4543007122,0.3223904118,0.8641949629,0.0918897792,0.6580135955,0.9581465586,0.6309312881,0.7527764023,0.0065957042,0.2713679711,0.9915544794,0.3013437607,0.5659083803
1.0997587429,0.1743168969,0.6212139349,0.1571104648,0.4381760716,0.7063573180,0.3664056654,0.4104612649,0.9963802466,0.8458985581,0.1138394066,0.3875597683,0.6022096090,0.9252685991,0.5054917598,0.8269180958,0.0206946495,0.1995821862,0.9133454810
0.6228228578,0.8089452981,0.1985807383,0.0410726484,0.9883060014,0.5111612004,0.5760149822,0.1960257768,0.1511213934,0.2133186099,0.1631664340,0.1533696786,0.9851351413,0.1210594928,0.4142222271,0.8957907868,0.0574308395,0.5072084564,0.1713156404
1.0636962532,0.1257791767,0.9219523762,0.8612942782,0.9500357797,0.6024478558,0.4617423111,0.3358553857,0.9253026097,0.2076211448,0.9866947188,0.0307405015,0.7985831658,0.0081031043,0.0088220682,0.2673524358,0.8428119050,0.6110027679,0.6755330642
0.9828029233,0.3100568045,0.0722814265,0.8597506743,0.1857811006,0.1332409667,0.4772746117,0.4911549026,0.5507059314,0.0855525767,0.7890145256,0.2126604372,0.2179547176,0.7179559214,0.6081090008,0.5587230076,0.9094804417,0.6852522943,0.1564857183
1.0137203143,0.2800746784,0.2587044533,0.1447479067,0.2500543350,0.6662480525,0.6190685011,0.0856968532,0.3918114087,0.7329259650,0.3062745757,0.1214883360,0.1498575913,0.4227579422,0.5253592543,0.6557832313,0.9548254063,0.1896246042,0.5733828557
0.5446811910,0.8373911429,0.1480876342,0.1712337810,0.0836991604,0.0698379958,0.9203730859,0.7894008083,0.1232354265,0.7485728722,0.5562109246,0.1594582287,0.3221948458,0.0913872246,0.2254110729,0.1454288019,0.3811529908,0.6631798717,0.1325147531
0.5971592621,0.1228012851,0.1604317660,0.2138599104,0.2559078330,0.8292741992,0.0339281963,0.3924099505,0.6609495056,0.4311137496,0.5640801090,0.9812952313,0.0274799569,0.4033765720,0.5285426094,0.0350279204,0.1914997297,0.5008528943,0.8126290197
0.7338275888,0.8423008222,0.4252680837,0.3891032548,0.8758301000,0.9436846734,0.2362318867,0.8969703944,0.3542813950,0.2854635448,0.8937300854,0.5013884842,0.6361817058,0.0178807757,0.1145994440,0.7078944671,0.8977107749,0.3320734841,0.6915043828
0.6606995411,0.7974867353,0.2511173685,0.1308540023,0.0203088032,0.2015066445,0.2929000344,0.4707839228,0.4125356828,0.6948765943,0.8682427251,0.2443281448,0.1491095592,0.3689293765,0.6301124938,0.8461691699,0.2669032347,0.7479231393,0.1324190045
1.2992206640,0.4783559074,0.1965045580,0.8066107101,0.9817728810,0.6893523208,0.8020881023,0.0776513081,0.0958010522,0.5207504660,0.3634569660,0.6097080044,0.9770809148,0.4635161942,0.5422911182,0.7382399311,0.7763684201,0.4542873893,0.0721201575
1.6533485573,0.5747239245,0.4244530893,0.7875341365,0.1921945064,0.9578659575,0.6756024053,0.8005189646,0.4390109573,0.3605273644,0.0150519062,0.7356147292,0.1807240846,0.5424952029,0.0459491803,0.7915717119,0.5744540042,0.9224151342,0.9690845725
1.6555813978,0.7551359063,0.9550516419,0.6324631998,0.7836255217,0.6199198986,0.6772054730,0.5502129021,0.8912238118,0.1390950020,0.0610414113,0.0692684724,0.6690304113,0.1664738378,0.8932233119,0.7303589129,0.3766609463,0.8401740788,0.5557027810
0.3362937588,0.0140718914,0.3104434765,0.2669959903,0.7395398314,0.6033989650,0.7893541223,0.7086793813,0.7936643967,0.7022662642,0.1096490989,0.2796051427,0.6633433600,0.8567555297,0.8490053779,0.1228740843,0.3343703311,0.0367943219,0.6272849640
1.5923467428,0.7065428081,0.7607477758,0.3365314821,0.0257972255,0.7653924771,0.9076054988,0.9840250462,0.5501934425,0.4780525063,0.1731013072,0.2050256630,0.1554382319,0.4409569938,0.9644902194,0.8499078656,0.0947913048,0.1396916387,0.9742500075
0.6538680984,0.9050995314,0.2149757205,0.6936784090,0.3753065330,0.3098337477,0.1342194652,0.6643125642,0.8043926458,0.1578371648,0.1952024889,0.2187519061,0.5075459478,0.1037234393,0.7012282434,0.0923321742,0.4078214854,0.2142007310,0.4074068672
1.1446180250,0.1685073646,0.5902866200,0.3845098831,0.3696469339,0.5658201504,0.1513107684,0.8354529103,0.4106468017,0.2184271925,0.4834491177,0.2538147639,0.3032400839,0.8271160286,0.4989843139,0.3325757763,0.2643848427,0.2012972758,0.8659509352
1.0731255323,0.3206267681,0.2137261063,0.9634539376,0.9345896984,0.4033464804,0.0608034231,0.6090599310,0.2481047534,0.2072824042,0.5131534256,0.9689807457,0.5551888415,0.5516559959,0.2660599229,0.8298025108,0.1971093714,0.2963429889,0.7714477480
1.0575434151,0.6001280750,0.0060277122,0.1786933598,0.8634460119,0.0367105054,0.3350713938,0.7135849080,0.1802514759,0.5552145187,0.1104644130,0.4840328884,0.6822257065,0.4244909291,0.7475586540,0.9015598785,0.5718344123,0.5785305096,0.1448969625
1.4730847064,0.4279744229,0.4523753356,0.9680952069,0.5023295421,0.7606177284,0.1509276631,0.0349056838,0.5893891692,0.2001139209,0.7385678661,0.0817483093,0.1750262607,0.0364824469,0.6825678314,0.9633457508,0.2016766129,0.9193651519,0.1823074797
0.7339199668,0.0042359610,0.9196039822,0.8143472813,0.1641435428,0.5826928628,0.2737474950,0.0983818791,0.7678883595,0.0546339669,0.3460335102,0.7936098630,0.3663159224,0.9002274429,0.2158830819,0.0880755221,0.5659212933,0.9399114856,0.7548315305
1.6417085979,0.6598073666,0.6592787881,0.2317353184,0.0545930246,0.8235477844,0.9355272362,0.9916530342,0.7239214642,0.2964306020,0.8491985230,0.4801721898,0.5135468245,0.9108652461,0.4413508942,0.9940574787,0.7402620837,0.7979762422,0.0416151421
1.0885004832,0.4923276916,0.1310778217,0.0457943542,0.9322092855,0.4007101369,0.0790471354,0.0315301723,0.7369611566,0.8649235210,0.3676007150,0.2846152226,0.0227295369,0.8865705622,0.9493056113,0.9908961037,0.2091832167,0.9210017228,0.5489759020
1.4919429680,0.6151774121,0.5861769584,0.3514998599,0.6227793504,0.7862641805,0.4700701963,0.7784929626,0.8820154975,0.7595828560,0.6662511764,0.5362040156,0.0167098960,0.1971388137,0.5979290385,0.7051912371,0.9565676785,0.9764531915,0.1650684694
1.5480983784,0.4916525364,0.5919430917,0.7280279478,0.2783878512,0.2906831013,0.9797815353,0.1955032354,0.0012090421,0.9618753865,0.1560245733,0.5207431827,0.3293024447,0.1067103512,0.7291019841,0.2763349244,0.4046766335,0.0173305896,0.3386462540
0.8750277932,0.2009102728,0.2919276232,0.3801942566,0.0157573950,0.6488754124,0.3945175776,0.0119284708,0.2822389490,0.2229273491,0.2780060041,0.8660785861,0.9928294323,0.3494312319,0.1343811780,0.4855826036,0.6052355676,0.9388828238,0.7419649603
1.7557999127,0.6515340419,0.8484263317,0.4607259528,0.6168743247,0.7681130837,0.9074226382,0.0120055993,0.4422873327,0.2791904600,0.6875592126,0.0899356741,0.8230273220,0.7079884606,0.3759951340,0.1821947706,0.6665569826,0.6340578122,0.2355357272
1.5097885149,0.7713756054,0.9563915453,0.7847085382,0.1311896737,0.9196909156,0.5353653534,0.6147476092,0.9196805370,0.9265918352,0.4498832121,0.1070554541,0.8421743414,0.5527559977,0.6605340172,0.4130195091,0.5993988675,0.1025468643,0.1619463345
0.4682027681,0.9525300348,0.3252471189,0.5500955168,0.9944201028,0.0505866591,0.2835515557,0.3156734637,0.9455722217,0.9682245914,0.4795293145,0.6322039684,0.2406217804,0.0073381603,0.0191140556,0.9880503722,0.7972938420,0.7007055687,0.4378455125
1.6404431794,0.3126462151,0.9880533308,0.5179914830,0.8672656904,0.6956054429,0.5772986172,0.7514741748,0.6232291620,0.4701249754,0.1870472533,0.9746043381,0.2212257719,0.9559866764,0.7939141675,0.1672808123,0.4830354807,0.7074632872,0.2968273886
1.4344372509,0.5590603702,0.3697256988,0.2672036891,0.6299021757,0.6499137292,0.9933829047,0.9512570853,0.4195674299,0.5790563150,0.8710023704,0.9988999035,0.8515059572,0.2860970947,0.6776885916,0.7459947200,0.5798597686,0.0728317663,0.9623702446
1.2656241992,0.7708356657,0.6263964370,0.8265517932,0.4994625040,0.9925525928,0.9613663772,0.6684039879,0.8623613593,0.1393739841,0.7049426758,0.3432509246,0.1915665113,0.1150942818,0.5943912805,0.9891646750,0.3681817122,0.4947664715,0.4945465460
1.5599378713,0.6089314849,0.5001219563,0.7401787480,0.7101062743,0.4036968658,0.4556056572,0.0172006509,0.8693625662,0.4041764019,0.2345913154,0.0462146515,0.2084632338,0.3947881311,0.0170148232,0.9175534075,0.7952227782,0.8005286687,0.8498863423
0.8806920939,0.1412846902,0.3778737291,0.7222000748,0.4790346945,0.4603868037,0.8815299941,0.1800359852,0.7603749843,0.5945504003,0.2177164562,0.7496528448,0.9881743278,0.5408446833,0.4800508346,0.1580277360,0.7627400422,0.3262710025,0.4725725462
0.4447115290,0.0846349748,0.0530892130,0.2404352807,0.6691781414,0.3203745641,0.1792466546,0.3521525608,0.6062599067,0.9214812965,0.5587382510,0.9873426395,0.0561703685,0.9032295113,0.7517855087,0.7654292101,0.6117513535,0.0634234825,0.1554753694
0.8607496429,0.1260107579,0.4538241044,0.4349785617,0.7390652854,0.3355172831,0.7755449570,0.4904126667,0.3567894197,0.7334821568,0.1591292999,0.7892689793,0.2153796682,0.8654014321,0.5255375946,0.6804364272,0.5073654368,0.3929024014,0.2518815981
1.6338664953,0.4263013207,0.8486665731,0.2196394546,0.0733035477,0.3092327863,0.0552927716,0.6080649873,0.5242695075,0.0835404001,0.0058188301,0.6763311473,0.2073844143,0.4232678674,0.5041993631,0.7932592449,0.9629286834,0.9988483764,0.0846481913
1.6500748294,0.4436835758,0.8333092477,0.9798793627,0.4799271486,0.5289621979,0.4281267867,0.4050935054,0.7796075407,0.5311495778,0.7156305860,0.0981598550,0.1366607241,0.4949218194,0.9433870349,0.3935000132,0.2525340927,0.0239432330,0.9704520802
0.3633553309,0.9290597034,0.2794654004,0.2630672953,0.4899476406,0.7349224497,0.1879358439,0.3739528661,0.0084698395,0.1292531947,0.0739776492,0.5777165386,0.1013920754,0.5299203468,0.8949235256,0.8613755039,0.3956982314,0.5208013135,0.9077970704
1.3820142374,0.5234491408,0.3246772703,0.2452080633,0.8947514441,0.3790560712,0.3883202383,0.3068895814,0.3618343428,0.0065226641,0.5060604390,0.8561622122,0.2326766531,0.7097218351,0.1677475123,0.7816983511,0.5053994692,0.0379628706,0.1643596378
1.4989520882,0.2817408129,0.8955373994,0.1765125676,0.3893768639,0.3059051753,0.2860259616,0.6691468295,0.6577105887,0.1456311147,0.7872401588,0.4771291534,0.4496326277,0.6563386233,0.3491141788,0.7200924188,0.0325936003,0.4771840642,0.2485786976
1.1848975886,0.4637273977,0.1579787171,0.7874799214,0.0212167013,0.5168980454,0.3986315015,0.6854117842,0.7186197617,0.8107511722,0.2941127311,0.2872246997,0.6406866891,0.0157755311,0.3217234821,0.6888394514,0.4286007870,0.9336383345,0.4201133025
1.5769639204,0.4162930054,0.8756791800,0.5235229539,0.9865849084,0.1724523419,0.1691819425,0.7121419817,0.3087059228,0.5180674819,0.5093119463,0.9526422904,0.5920978434,0.5941761552,0.9694167866,0.5699357779,0.0092495827,0.6530370809,0.8749830470
1.5602423759,0.4249800103,0.7748359494,0.4681022299,0.6867136158,0.2699193725,0.2493666779,0.4848249075,0.8838452129,0.2742779023,0.3455180596,0.7739207994,0.7826034348,0.7514601142,0.1081272563,0.0051052983,0.4310171954,0.7338322235,0.7059825182
0.6372860583,0.9625369654,0.4706060694,0.2526178002,0.8873099699,0.1850195078,0.7511177217,0.7119673573,0.6598320509,0.5943854950,0.6869642695,0.9058714694,0.2205666502,0.6977658477,0.5038632501,0.2835332816,0.9001992281,0.9589849241,0.9895918670
0.7827121564,0.1716466488,0.1942067796,0.5820000584,0.1233279370,0.6738908439,0.1478851434,0.5528643151,0.5470133713,0.2734537421,0.8219903054,0.6085260327,0.1978344274,0.9749981609,0.9822979413,0.0448711054,0.7117581530,0.1434657401,0.8659224885
1.2693971127,0.1342840750,0.8981712843,0.3151407622,0.5343284258,0.7911881113,0.6838565092,0.8248982470,0.0980948395,0.3307757166,0.7716881699,0.7068134640,0.2228767637,0.2217986016,0.2234460758,0.3034858294,0.3374710153,0.3904541290,0.3300248784
1.8234410775,0.7079623228,0.9914397703,0.0494257535,0.7087662091,0.1082940640,0.8044723430,0.8099868736,0.9731962642,0.2400564683,0.9828328553,0.4632048154,0.0779601867,0.3237864508,0.3568098350,0.9988751245,0.9143195751,0.0447120592,0.2057054956
0.9649361375,0.0914726665,0.6957988950,0.2719405794,0.3540664587,0.9995578590,0.6715372007,0.4132298981,0.4542468239,0.3372637595,0.3105693869,0.4122555770,0.9822011553,0.3514003367,0.6839276421,0.9200009205,0.7285288032,0.0714767127,0.4208293999
0.9756562929,0.8163414234,0.4173036934,0.6661338153,0.4249930436,0.8193336628,0.1602077621,0.1901980986,0.2994531568,0.3249304047,0.4787931606,0.5829395034,0.1622070034,0.1968015355,0.7027556592,0.8679590316,0.8635278745,0.6713397262,0.7077265666
0.9009935545,0.2229761531,0.1551412210,0.7856374652,0.0440552708,0.3112507084,0.9669751303,0.2957479422,0.8533715300,0.0718450155,0.7353030401,0.6201207302,0.4143851631,0.4747165015,0.7718904556,0.3897520849,0.7267907694,0.1409320879,0.1263455158
0.6590900126,0.9293011822,0.6353800101,0.3642133897,0.7423190270,0.5473112436,0.6712979766,0.6903300924,0.0819420773,0.3703014325,0.0159709426,0.2266434388,0.3481338264,0.2384698957,0.4146217821,0.2613239809,0.7145678264,0.2537699387,0.5699453524
1.4452065838,0.3578109277,0.5325945029,0.8852620958,0.1079588976,0.2141741527,0.8422183812,0.3991833675,0.0546465773,0.2744372312,0.2258078432,0.5052421511,0.9645458262,0.8328184217,0.0649426463,0.2598767011,0.8304064402,0.5158702816,0.5230035924
1.6088302944,0.5557448500,0.2926493518,0.9900423816,0.9500251301,0.8740048566,0.2976064286,0.8887281771,0.5583537505,0.3759191789,0.9153957080,0.6091933634,0.7318216826,0.6945276312,0.4949254863,0.6259509522,0.8759312566,0.4346810468,0.2072957174
1.4147255343,0.5909554385,0.3662351140,0.8010623446,0.8252543995,0.1709520413,0.8611676823,0.7248487017,0.9584129819,0.8825246178,0.4190951349,0.9604784592,0.4770339465,0.2312993228,0.9831415741,0.4925032407,0.4465010889,0.0206722911,0.2845536514
1.3778670961,0.2345137410,0.9346316600,0.1417302888,0.3536208621,0.9491732799,0.9647701668,0.7496600814,0.7877256116,0.9530799166,0.1991985367,0.8187376357,0.0156599736,0.3509248453,0.3755055763,0.8823759213,0.6261582656,0.0011433655,0.5317782876
1.3612544826,0.8071546686,0.9154194662,0.8468444978,0.7180635014,0.7729287243,0.8107310257,0.7329818402,0.1133130741,0.8524684844,0.9465499916,0.6313085677,0.3075941537,0.0025856110,0.2285527415,0.4113818054,0.5273806682,0.3353400051,0.7176256210
0.6301173287,0.8216996877,0.0674342460,0.5736091764,0.6348189080,0.3478172192,0.2623844299,0.3839236387,0.1171071261,0.1217637190,0.8447576000,0.9254772011,0.2772990798,0.7122472235,0.6507734316,0.4330717652,0.7074906802,0.6978324631,0.1296128229
1.3796998855,0.1764810172,0.8569279757,0.0508371558,0.5275982406,0.6052265995,0.6176860804,0.2376255982,0.0998685764,0.1756989882,0.2337466220,0.5587636875,0.4390155739,0.5573042544,0.6872513707,0.4957324093,0.6328427069,0.0645994694,0.2749985197
1.7900463413,0.6745275247,0.9755869109,0.2722645836,0.2563252529,0.3083321640,0.7075367465,0.0239676646,0.1611945112,0.5966444192,0.0257826159,0.8665938820,0.6478522072,0.6288001413,0.0823466472,0.4868269902,0.3472011577,0.3853654658,0.0606866793
1.4459903034,0.6799549420,0.3396218701,0.9834143614,0.7390490434,0.0395565023,0.2925777715,0.9291774073,0.0782532680,0.4171859422,0.2541125001,0.4408671400,0.3493137437,0.7338970067,0.8228821984,0.5948514137,0.7449275271,0.1337679546,0.6412469338
1.3277424917,0.5156069657,0.2199284600,0.8298303009,0.5188072834,0.4839774599,0.3748892340,0.6475107852,0.1193736363,0.0701026771,0.6301920857,0.4989449057,0.2321565921,0.8816174841,0.3924376386,0.4721928732,0.8480622844,0.2154768004,0.3849177964
0.8700601564,0.7959144407,0.3507987037,0.1378162653,0.1211622533,0.4264057964,0.4202870886,0.4174679356,0.5779900835,0.7100999147,0.8117194019,0.2647806253,0.3131128187,0.0614523555,0.5859968016,0.3333783420,0.1236706893,0.3421768144,0.7575700853
1.8193508321,0.6530558543,0.8508230343,0.8595493442,0.1885918903,0.2660250608,0.5004004493,0.2069537887,0.5505434364,0.2019154917,0.1962827621,0.0636556534,0.8281389100,0.1499418358,0.1169613934,0.0961159509,0.5570083892,0.1003270877,0.0243649172
1.0063485618,0.7304989510,0.2305076249,0.3903738735,0.4028929495,0.8800123779,0.5042345379,0.0866368807,0.6358786154,0.1306042919,0.1647626788,0.7042467542,0.3962988085,0.9168598192,0.9931953899,0.4330177187,0.9599068301,0.1852058460,0.6877992250
1.2670064229,0.3876883047,0.3960951397,0.6818487937,0.7861848771,0.6790182271,0.3152462098,0.8518589607,0.1385463797,0.2143332557,0.4776869441,0.0157784725,0.3044635043,0.0394608499,0.7509033394,0.3377192732,0.2144031193,0.5041965490,0.0009450596
1.1803546993,0.3209379575,0.3841633732,0.4545534962,0.1586333975,0.1647699934,0.8768437042,0.6089852211,0.5068259814,0.6578875340,0.3931625627,0.4239554535,0.9402611728,0.0248365822,0.3075750683,0.2402258979,0.5225070003,0.5810939479,0.9509444924
1.3633981045,0.6719266659,0.4289014322,0.2393120767,0.7131788313,0.1128719757,0.4944269651,0.9279416514,0.8791139133,0.0419803329,0.9360621134,0.0344116591,0.3241576344,0.5583200910,0.1614904337,0.4864116653,0.5676670657,0.9514943769,0.8066519185
1.4082850589,0.5542444932,0.0965555626,0.9161504932,0.3380731995,0.8325788619,0.3502581911,0.9326206601,0.4096416370,0.1947311880,0.3910845122,0.9218751796,0.6510639266,0.3096458597,0.7634877135,0.6810413863,0.9660760982,0.1648168242,0.0503509495
0.6349189073,0.1593583499,0.0551974234,0.0674875932,0.2190305248,0.3521198639,0.7515583905,0.2238089089,0.1798492162,0.5997889452,0.5862067832,0.6841162569,0.0702436222,0.8064540721,0.0104313728,0.7614126691,0.2637174745,0.3492742272,0.9291203027
1.8112624169,0.6701559213,0.9840901296,0.2507699057,0.1946519806,0.5977069646,0.0668605400,0.1745038899,0.7997699351,0.6653607311,0.6732066205,0.3086264862,0.0246101933,0.0770310142,0.3729801744,0.4625860025,0.7834573098,0.0154874790,0.6806483887
0.2748538474,0.9982717774,0.2541280372,0.0856037022,0.1011484885,0.1399178658,0.8628596937,0.1492271791,0.5090366858,0.7445811807,0.4160602557,0.5006566984,0.1426439124,0.1252498034,0.7314423360,0.8708994228,0.4446026433,0.4053959558,0.9303876519
1.6451176137,0.5120580127,0.7814502983,0.4226638629,0.1234959173,0.1321884249,0.9657277283,0.0044922279,0.5240335346,0.8890580074,0.5666157326,0.2953881659,0.6571756097,0.2375281646,0.9867091751,0.7495018680,0.7843703445,0.4306550920,0.0123073558
1.3042874106,0.6605847609,0.1810220625,0.4659425475,0.3630845165,0.7968262432,0.7337155081,0.6078967404,0.1511787978,0.7636267852,0.0864527113,0.6686962787,0.2168868469,0.3022241038,0.9838625396,0.9607590438,0.9539620643,0.7912467010,0.9848584161
0.6795902207,0.1541809908,0.1429382676,0.1319242527,0.5755975115,0.7558726711,0.2866376564,0.8255093905,0.8318197563,0.9493613336,0.6412061536,0.3284349263,0.3148273453,0.1174006667,0.0707281147,0.6932009845,0.3280852646,0.4213202288,0.1147555072
1.7186388413,0.4798950103,0.8703101024,0.2384505428,0.9342546303,0.4523151150,0.0896589085,0.4590756083,0.9742482078,0.0902080592,0.0703598642,0.8765456767,0.3243219616,0.2887053286,0.5816959274,0.6121137954,0.6332009068,0.2685874217,0.3242608740
0.6399069046,0.0076911999,0.9282691881,0.9693294351,0.2782091795,0.9366075871,0.7919470898,0.2291564561,0.7014240023,0.7455435045,0.7775452368,0.9065258314,0.2031353426,0.6896908767,0.8971896224,0.1475953957,0.6442368615,0.2742745977,0.6732161140
0.4722607146,0.9688057496,0.2884355010,0.7913562512,0.6960231223,0.5472259026,0.6238545083,0.3424705741,0.4087378297,0.5824041757,0.3518740944,0.2826192729,0.0070174344,0.3502814903,0.7707844525,0.8181022930,0.6678669180,0.0457699258,0.7245712923
1.8540781892,0.6526186764,0.8224753156,0.6118654932,0.2738418449,0.0560717680,0.8192384036,0.7884304541,0.8402338471,0.9344236505,0.1066029971,0.1313998549,0.3380541325,0.8916359002,0.0301416077,0.0410056514,0.1021139285,0.4995199608,0.3618058601
0.3951049737,0.0729647636,0.1595533928,0.1425315740,0.7794072727,0.4170343430,0.5486660952,0.5574457086,0.2609837485,0.7169762843,0.4187989807,0.8195396911,0.1663377843,0.1129904233,0.7505483937,0.2683331317,0.4375607175,0.1454323569,0.0284726104
0.7686977662,0.7873471780,0.1228084493,0.4041828806,0.4305312313,0.6199713537,0.1993544965,0.2577262964,0.9341420890,0.7079333292,0.2346044362,0.8828732900,0.3786395051,0.0853266820,0.6793303148,0.7864671547,0.8707081626,0.8222994771,0.5711902606
1.3561432213,0.1652824811,0.9750112684,0.5231669214,0.5110478795,0.0441724510,0.8474988040,0.1159271223,0.4778818941,0.3221884376,0.3789790700,0.7013537510,0.9497858332,0.4627507692,0.5619168277,0.5823518055,0.5223077818,0.3397986411,0.8588071614
1.0487229708,0.8609798452,0.6710257148,0.7943944513,0.5081427892,0.5192975219,0.5176839226,0.6705841344,0.4651637295,0.4246590262,0.8437565260,0.4215266633,0.1784917427,0.4801506480,0.2269730840,0.9797658456,0.7322278258,0.9760869957,0.4611849507
1.2456082358,0.3994758370,0.2220870093,0.7434884010,0.4162294787,0.9242974094,0.9155215864,0.1456144188,0.1650656690,0.9406303539,0.3038995276,0.1111889168,0.7583636407,0.8536553583,0.4245490277,0.3958161598,0.3918320847,0.2920814769,0.8606287839
0.4334776693,0.9439633904,0.1838194457,0.6960955044,0.8319955807,0.3067984309,0.1005951062,0.8413634360,0.2870554008,0.4234286395,0.8685509435,0.3276352199,0.7341962887,0.0946105533,0.2875091316,0.5413949443,0.6640470759,0.7796070448,0.4452722424
1.3429340360,0.7495707274,0.5511839497,0.9270371705,0.8984151736,0.4111144004,0.8697474188,0.4830870024,0.7073749767,0.8874655824,0.9523526788,0.6602694525,0.3491784484,0.3869283615,0.0425948527,0.6504701546,0.2711462333,0.0101339971,0.0456006160
1.2535832123,0.1919227390,0.7084136839,0.3830477463,0.5182272911,0.4353566266,0.6294449801,0.8469860946,0.7649594254,0.9266336559,0.3547134881,0.1568486152,0.0591567637,0.7686176171,0.2920015785,0.6704513812,0.8056571673,0.3670885031,0.4914650743
1.5805235900,0.6864934083,0.5366526160,0.4334503735,0.4637521659,0.6045278662,0.2811003774,0.5882345921,0.5020350447,0.5533181484,0.7866209010,0.1127394534,0.2178101792,0.0222100443,0.0759100022,0.9709703047,0.1846528260,0.8442902810,0.1271029306
1.6033543760,0.4636178915,0.6605060405,0.1065192535,0.8948721522,0.0188559449,0.6082700977,0.4928139080,0.4464861816,0.0193838846,0.7915916526,0.3091725292,0.9015982713,0.4954258272,0.2078560380,0.9036235216,0.2932749370,0.1852868226,0.3366912439
0.9818182601,0.1364522563,0.5526519978,0.0035922064,0.2295319893,0.9161323205,0.5296306551,0.5388288591,0.5411842981,0.0353140574,0.8215070394,0.3814646852,0.0232062911,0.7114874081,0.7403057769,0.5048823815,0.3921199072,0.2365070067,0.6019773818
0.7083184028,0.8828967276,0.3721338403,0.5177326398,0.5948578735,0.0901710093,0.9055070520,0.6414269964,0.3133244953,0.2300585169,0.4078647208,0.5602703903,0.6587227812,0.2580759659,0.7882477300,0.8353170077,0.9034659552,0.6008285473,0.2683759086
1.1205283567,0.8276269099,0.6528243824,0.5010239191,0.7787130664,0.1423666088,0.5185537005,0.0029759182,0.3828203117,0.8456711664,0.3984050414,0.5749426971,0.8892700554,0.8984349677,0.2675607190,0.3358321762,0.7004221735,0.8753150547,0.9762035965
1.4205159752,0.5813898644,0.2582239784,0.4674412433,0.9943165513,0.6119723077,0.2235307927,0.8534859722,0.4639704553,0.0951926090,0.0203812740,0.3585383968,0.1068578028,0.7581245938,0.2924102267,0.0826679859,0.8207988680,0.8435078079,0.8739821554
1.0741118405,0.7413074243,0.3524043246,0.0800212143,0.3956603361,0.5311956423,0.1207718050,0.1232805155,0.2544237293,0.0903231152,0.0329692475,0.0006697939,0.0109734906,0.2612872631,0.8366879752,0.0987023035,0.2388629447,0.4591098100,0.8393435006
1.1695515151,0.2403216164,0.5859327900,0.8102740788,0.9345198782,0.7403921821,0.9399124781,0.0112980027,0.9324393842,0.7120898158,0.1615345985,0.4647113438,0.6126761651,0.0910943871,0.5704738426,0.1471846948,0.8392583275,0.4556629991,0.1202188541
1.2662349572,0.3577291854,0.3190974869,0.5532496105,0.7509296964,0.9209805946,0.0366786412,0.2647719446,0.1200825013,0.7084736313,0.3987003509,0.8381819839,0.6333839075,0.7480081506,0.0860054288,0.8981771455,0.9611682326,0.4958310026,0.2649956608
1.3340513567,0.7222238704,0.2261253888,0.9335472443,0.8310085383,0.7798568746,0.4071776294,0.1081765788,0.3552894895,0.1703923793,0.0973537117,0.6151266285,0.0584963383,0.3287965133,0.6832293507,0.8682193896,0.5189284943,0.6281697804,0.0539676544
1.5548772435,0.4041086905,0.7184899505,0.8827550848,0.2561095225,0.3869729665,0.9856006513,0.2531509417,0.0497055582,0.1948459628,0.3586335873,0.4168234084,0.6931748445,0.8465836967,0.2250882773,0.0121122466,0.4216154828,0.3949025698,0.7461176181
1.4286636627,0.6505533964,0.4321454380,0.5723943588,0.4922362706,0.3679795482,0.4731232367,0.5835251356,0.4774491794,0.0832835834,0.8813054111,0.6168761711,0.3736789671,0.9464221714,0.2911176810,0.8021419221,0.8043445362,0.6105518662,0.0156701277
0.3048626195,0.9516272878,0.2035126197,0.0038747668,0.6422449018,0.1322268872,0.2293168023,0.6761735742,0.6218486865,0.2703635180,0.4737324743,0.2847352819,0.7927404768,0.6931191792,0.8444249589,0.4280897492,0.6159617743,0.5163847003,0.5930559443
1.2576031302,0.4792945222,0.1658350694,0.7175192197,0.7236443234,0.1387261754,0.8511702407,0.7580623228,0.7524765738,0.6970171880,0.7656422648,0.2819643688,0.9312169660,0.4689829685,0.0070967693,0.9278125957,0.3314463958,0.9957086314,0.6708642681
1.1328638964,0.8363351799,0.5691447788,0.9821773537,0.8184081701,0.9938456367,0.2748628587,0.1075055785,0.5427766348,0.8904022839,0.7791871067,0.3716967727,0.9448858296,0.7734642361,0.9905842109,0.1943050918,0.4867334936,0.7958399133,0.0651274286
1.4544390708,0.6266653857,0.3421818391,0.9210718168,0.5147469517,0.8398143410,0.1813042803,0.3852835520,0.8354070222,0.0853798831,0.3240486079,0.4344888172,0.9557450400,0.1552991783,0.3457110200,0.7710466900,0.4161167037,0.8109393327,0.3425540668
1.7563186003,0.5462372427,0.6184981210,0.9294830256,0.0874157406,0.3557453049,0.1423284306,0.8228127988,0.1692483979,0.2443028819,0.2201798342,0.6935279183,0.5125725194,0.6717124869,0.9262854784,0.4910179622,0.3467148356,0.1427786710,0.4963938347
0.8906486866,0.1111190501,0.5041281857,0.3994698225,0.5922522699,0.1042608913,0.6221081415,0.2540735142,0.0874561310,0.7835073983,0.9323319921,0.7053950307,0.9404283596,0.7893370715,0.9917742302,0.2087496157,0.4024183631,0.1165984620,0.1148122565
0.5778918287,0.0366208810,0.5945004517,0.9110148972,0.1714106660,0.6979597636,0.5355095655,0.8824639838,0.6974698041,0.7423999023,0.3283557390,0.4400747874,0.0508638825,0.8318107821,0.0718723655,0.0902962416,0.8601333966,0.2841353351,0.0676943315
0.9751512547,0.3094555746,0.2371700906,0.5003405121,0.9410362600,0.3671092137,0.5955480335,0.6964863865,0.0988520702,0.6083540215,0.7448133982,0.2777964665,0.9830772204,0.6436489319,0.3558293987,0.6977218431,0.0933720680,0.8986302555,0.1517235455
1.0704422422,0.4058954721,0.1098325475,0.1565976104,0.5571053558,0.5766803827,0.2564827445,0.3791697309,0.3185879992,0.1803166774,0.2427749261,0.1147904160,0.9882866632,0.8650933597,0.9972006141,0.7899282062,0.8900492490,0.0393007361,0.4200870504
1.5214606526,0.7234595503,0.6688094910,0.5075631708,0.8853975878,0.3327467319,0.8941279588,0.1207268532,0.0749080744,0.8364344230,0.0998372207,0.9189499215,0.9430390798,0.0484279178,0.1702583255,0.3189718948,0.7664966178,0.9847722443,0.6284734221
1.3114697800,0.4500016900,0.1754825736,0.8383878109,0.5567152303,0.3462919480,0.0226529192,0.6426906559,0.4074572783,0.7459621020,0.0765015254,0.9074352184,0.7518768043,0.0109745264,0.8305580919,0.7082022876,0.6614061536,0.8759648828,0.6651050514
1.0967939801,0.7962450658,0.7936798792,0.0132365532,0.0526802136,0.9474358217,0.1863504150,0.5296191045,0.4209005003,0.2744145658,0.1999618601,0.9466378049,0.6557073190,0.0642525364,0.0182986754,0.4862493896,0.0438113161,0.9962082530,0.4974790677
0.9560894155,0.7900834597,0.3573152025,0.0635679827,0.9947826537,0.3524073722,0.8463616480,0.0854960543,0.7249527089,0.8455283860,0.3572660189,0.3276193023,0.3655572036,0.3932463343,0.9843504719,0.5974274308,0.0317773061,0.1573177757,0.5174868017
1.2898075781,0.1494862640,0.7314936731,0.1543982436,0.7654037832,0.1986536173,0.3392563791,0.0893473479,0.5109451370,0.0235724464,0.7398729854,0.9495313534,0.5961960236,0.2400172246,0.8086237133,0.7039034690,0.3913203585,0.6313761709,0.1564323087
1.6846511698,0.5240588097,0.7012043102,0.6325962962,0.2455599805,0.7082281260,0.6613023227,0.7083661053,0.4373180969,0.2120488224,0.8432603813,0.8277760946,0.1094524763,0.8522909725,0.9526011680,0.7296250474,0.1530635329,0.9692182616,0.0275932163
1.2732006240,0.1960965922,0.7461900495,0.5398179715,0.1258013202,0.2172096882,0.2603209399,0.6236888965,0.6694624687,0.6984786814,0.7678614558,0.8958512308,0.3063756182,0.3146693003,0.2696541319,0.8973784187,0.3787737266,0.6928965067,0.8363069916
1.2501097327,0.5371464619,0.2026245864,0.0112163821,0.9984540770,0.4229408192,0.0255560342,0.9772247002,0.8958877338,0.9094909049,0.9972269505,0.4910611386,0.9123404181,0.2098674885,0.0008062910,0.7159622010,0.0118580643,0.9169753681,0.3587607081
1.1480692316,0.4040318952,0.1623311346,0.8985902070,0.8400061435,0.1302980868,0.1198984809,0.0990235718,0.7043676416,0.4537321178,0.5746892505,0.0556038741,0.8669609432,0.8153029827,0.3812757987,0.7282525669,0.7539099575,0.6117221970,0.8564398103
0.5184687725,0.9541227776,0.4115547243,0.0963956245,0.4646384647,0.2773536840,0.0399265998,0.2885540041,0.2962358950,0.4616777095,0.3181651658,0.6017536288,0.8524728642,0.3569501291,0.8094828639,0.0559157204,0.3053911492,0.6221983018,0.3846960308
1.3138745375,0.8307651767,0.9785337154,0.5236269473,0.8582675170,0.8683761779,0.4571493521,0.8533625476,0.5391406311,0.2881120581,0.3980664495,0.6256829213,0.8386896540,0.4787044504,0.7973223198,0.5991665239,0.3205343901,0.2509306166,0.9381803671
1.5118627779,0.7066472139,0.5876048409,0.6117256325,0.1202575850,0.9790310545,0.8451684892,0.2792339812,0.7266545440,0.4225238990,0.2711944338,0.5134983942,0.7687886641,0.6818865571,0.4688358424,0.0203084815,0.6378744595,0.9176259389,0.7586704436
1.7345866931,0.5250587544,0.8379805186,0.5209656364,0.2394854053,0.1639358987,0.0722703669,0.4981022926,0.0198921074,0.5987265600,0.1941003073,0.4123068878,0.4392345784,0.4281307864,0.1674138166,0.3101503604,0.5123395410,0.6582455230,0.6633439160
0.3508816622,0.9877895996,0.2394355111,0.4855814258,0.2897847241,0.9619851190,0.4256631123,0.2630018100,0.1154927757,0.1221083004,0.7243034677,0.4662726101,0.5854200083,0.7128300762,0.6675653025,0.7205738460,0.9792103720,0.1371267850,0.8263529006
1.6991279427,0.7606782350,0.9556591238,0.9085190777,0.2771261497,0.4306042351,0.3786080510,0.6743657322,0.6448355289,0.7781732845,0.3650589781,0.5416410778,0.7577350592,0.8498475910,0.9396011209,0.9477037635,0.5310791691,0.6324511112,0.6354376094
1.8260421466,0.6357426031,0.9263206004,0.0231429147,0.7192748684,0.1538491768,0.3027941374,0.1351397980,0.6264897623,0.6833169940,0.6793779633,0.6458716617,0.1704645174,0.6385810251,0.6864485328,0.5833359523,0.3408539317,0.0057866673,0.3603937537
1.7345922682,0.7069313666,0.8212972986,0.9246926107,0.1040206814,0.4262057098,0.8141336849,0.2170062362,0.8874320655,0.5347130406,0.0463426837,0.0380358289,0.9413446750,0.6137832388,0.6444783292,0.7308767786,0.9242772394,0.6980652360,0.6584586385
1.1050883715,0.3986579273,0.2983530765,0.1376642410,0.1146248203,0.6652418423,0.3960501364,0.2255075089,0.3576000023,0.6998266645,0.8577856443,0.1512822986,0.4319705835,0.7165389366,0.5243027974,0.6974616419,0.6191712753,0.0945446563,0.6483023972
1.0899050720,0.4535774674,0.0483436065,0.6565678959,0.0972270300,0.4209904703,0.8901391898,0.1839228243,0.9660816059,0.4986108037,0.9828895093,0.5630756232,0.2815828772,0.7601720448,0.4557489197,0.0747270918,0.3646983112,0.3518006005,0.8449916988
0.3937100527,0.0476831999,0.2323370251,0.9893731092,0.0835735623,0.1582419267,0.9862299193,0.2136870430,0.4221822302,0.1272230286,0.8148178770,0.2749063195,0.1019067468,0.8717657287,0.8175999701,0.7526188669,0.8197691323,0.4517980701,0.7648649777
1.8731876309,0.4606190484,0.9862356151,0.5481597455,0.6267063211,0.6187156859,0.1027532110,0.8041740577,0.5747179235,0.0555171407,0.2118342547,0.6021611403,0.6099733436,0.1185364173,0.9923369714,0.0737191270,0.6018010943,0.2557821327,0.3674784109
0.2740944980,0.9270018102,0.1715187927,0.0274951033,0.1622817929,0.9729928702,0.9157210514,0.7378930555,0.6567749840,0.1540990528,0.3483992115,0.4347627685,0.3489265248,0.5496098576,0.9607020466,0.0644720281,0.1095566081,0.4027710948,0.3241536030
0.4631362351,0.9377921987,0.2882583954,0.2244084850,0.1326212723,0.6818935778,0.0149615996,0.1635127182,0.9449652689,0.3793856682,0.8444519515,0.0452919549,0.8232969072,0.0577145090,0.0577803911,0.7710527897,0.9475454120,0.2805139410,0.9554910068
1.7588116254,0.5655943260,0.8129441897,0.4523450259,0.1421462047,0.7612235047,0.4353278490,0.8000278575,0.9288795727,0.0653364449,0.9654691937,0.0898917016,0.6888807539,0.1338471620,0.6322843400,0.9297104246,0.9208933525,0.0188995157,0.8680651812
1.2824952490,0.3724296665,0.4166479343,0.1871543179,0.8342614617,0.1042316713,0.8136811077,0.8934321466,0.2891723075,0.8335026116,0.2969584332,0.0460828839,0.6134010437,0.0525750583,0.4554397129,0.8162907377,0.9349912269,0.3121760089,0.3198874480
1.6575720977,0.4407806303,0.8789859177,0.7940367171,0.3638254352,0.9950599292,0.5185180635,0.5054450834,0.2530152563,0.4156609012,0.9130522508,0.8283481565,0.4309884023,0.6236720633,0.8886490529,0.4108509580,0.6132200092,0.3056384939,0.0162723236
0.8659716173,0.0353044222,0.9559836719,0.8406639200,0.7080217253,0.1962566830,0.1531787934,0.4061048930,0.4168990772,0.5576195347,0.0677821330,0.1939452063,0.3126292203,0.8830622797,0.7151221010,0.3354139478,0.1912675258,0.1925508870,0.9519240612
0.6355540132,0.9391606673,0.5434024742,0.4480140153,0.0033343850,0.6897958216,0.0961662088,0.9849906026,0.3559164579,0.2636071840,0.4220905135,0.8402053854,0.1410521104,0.4793252833,0.9210078444,0.8989442286,0.9080445662,0.4858349577,0.7454597211
0.2840449910,0.8933204668,0.0740273694,0.3699662199,0.0778037717,0.1368502049,0.6821847087,0.1273533603,0.3945251548,0.7103729377,0.2584699261,0.7953218568,0.1341603696,0.4104545834,0.0883619690,0.2330740680,0.5346966392,0.0500238267,0.4120989709
0.4114111245,0.8402432474,0.0316187305,0.0094306600,0.4844469603,0.6503811530,0.8025730976,0.5860983097,0.8277803024,0.8739678890,0.1417359914,0.7541784705,0.5604042432,0.1520700504,0.5511857091,0.3909480113,0.3887942804,0.5615839602,0.7610991265
1.4225051377,0.2388786477,0.7757483879,0.2942194738,0.3606152068,0.1149689079,0.3380805900,0.6345107718,0.7963197218,0.2294333837,0.4774826273,0.9109016943,0.3107816475,0.6230174269,0.3561418827,0.6289624471,0.9064676886,0.6218351527,0.8684805543
1.0044437765,0.4056417981,0.1372932449,0.0609964135,0.8118915232,0.7220284843,0.3733114788,0.1793863566,0.4155533393,0.7190932783,0.9635912521,0.1436644853,0.0994233306,0.0090252202,0.2620107420,0.3382088682,0.0290597132,0.0428556450,0.2001070610
1.4804631608,0.7093617289,0.5629311773,0.3916273742,0.4099547830,0.5592277562,0.3756428794,0.9865539104,0.3323897187,0.8073423843,0.2039584653,0.4535170845,0.0807265500,0.6881142064,0.3395664245,0.1941776732,0.8174427152,0.0794350957,0.5663160818
0.8511463106,0.1413571446,0.4868462314,0.6668824455,0.8969391893,0.1468528963,0.4328897795,0.6751042295,0.7432317945,0.5650293018,0.5390217782,0.8242697668,0.0300206023,0.5406558208,0.4290250767,0.7885349223,0.6060653942,0.5213635615,0.2851357183
1.4381081280,0.3943434305,0.4623069237,0.7408622815,0.7187047945,0.7468261097,0.7369312430,0.8023109932,0.4286287334,0.4692157398,0.2755359003,0.6007837066,0.8357062757,0.4607808719,0.7462601919,0.6916411608,0.4314763064,0.2864474663,0.1668583404
1.4933939994,0.3028514312,0.7899798943,0.3037733905,0.9614202551,0.3947383926,0.8984789194,0.1637339984,0.3879056896,0.7258211126,0.1822335848,0.3280804081,0.6186022013,0.8989325597,0.7330925464,0.6360783551,0.8850815811,0.7549241567,0.9675824905
0.1791228188,0.9520816734,0.0560972028,0.1083709914,0.7179818388,0.0665118041,0.9394801473,0.6977933913,0.3037383584,0.1646063759,0.8118779737,0.9223056110,0.1835169434,0.0899716185,0.0954031081,0.7904715297,0.7280290171,0.7382121860,0.0019254568
1.2759788737,0.7729971552,0.6622490811,0.7840793859,0.7034144948,0.8551917974,0.7766519190,0.4092834605,0.4962361336,0.1070242001,0.8631054975,0.7940342989,0.6005461868,0.4595942367,0.3910550269,0.9217975672,0.1036882073,0.1491369456,0.0962237897
1.9047530164,0.6511596146,0.9789738901,0.1941616746,0.1944871644,0.3701117831,0.5889633170,0.2972570948,0.0862199011,0.4946001212,0.1058941640,0.9887096701,0.3220267533,0.4325752942,0.5014565273,0.3944262173,0.7308467907,0.7177093472,0.7983420268
1.3195513199,0.2416118610,0.7101276973,0.5999809019,0.5014731730,0.6357877407,0.7534316602,0.0420708073,0.2215341561,0.0749801731,0.1053956470,0.5242997526,0.9203804619,0.2718829343,0.7985913510,0.5372693775,0.9894610061,0.9242028060,0.8215332673
0.3664743414,0.0492877221,0.1874944874,0.9394305791,0.3810893017,0.8518069614,0.8842828684,0.1811147582,0.4625661681,0.5932037431,0.8002147436,0.0300892530,0.0746145782,0.2176375930,0.8180632434,0.0062917236,0.8892867298,0.3841850068,0.4611938822
1.2554091126,0.6511577227,0.1497295407,0.1166933378,0.7424711606,0.8586901331,0.4557477851,0.6856278884,0.6572374291,0.9121077388,0.3585858671,0.8652336419,0.7396032013,0.0947380575,0.8809279886,0.6364774805,0.6748508484,0.7868692908,0.2093490442
1.3611761902,0.7233876381,0.5522352704,0.3134299276,0.6666231580,0.4110588716,0.6939761478,0.4378038994,0.1946801736,0.8288061985,0.3118882301,0.4129217700,0.6167763862,0.9840693822,0.3757858253,0.1416326074,0.6830551991,0.8675462695,0.4039492297
1.4792540803,0.3011830518,0.7943669774,0.6718873071,0.4808761073,0.3946258445,0.4239936646,0.0509125549,0.2125610094,0.1890827944,0.8129803113,0.0174167232,0.8346274285,0.8381675977,0.4615426955,0.8629457770,0.2779458063,0.3186160365,0.0947020314
0.8314188529,0.8655278917,0.5885518228,0.4663944163,0.8397793134,0.9793351474,0.3379978866,0.3828413010,0.6118126082,0.7786693348,0.4236322847,0.9621520243,0.4357013940,0.7071590371,0.7275712283,0.1005193520,0.9538141621,0.6125340628,0.4454462517
0.3258197605,0.9575530042,0.2838082802,0.0647340178,0.7055821629,0.1813471710,0.7666300183,0.7353438116,0.2875691748,0.6512135914,0.0323239888,0.1162937707,0.1653463517,0.4894238960,0.3934739034,0.6497600791,0.7957598337,0.5039695904,0.2844958405
1.2011943285,0.5657833832,0.0714829000,0.1231560577,0.5331750375,0.2719881128,0.1820868783,0.5164285119,0.4742115848,0.7462329960,0.5377677215,0.3357990125,0.8357976188,0.6387491653,0.2877802822,0.5810709153,0.8345036381,0.1936611985,0.9066525393
0.6256696532,0.9124328762,0.1671705239,0.9791008356,0.4200681471,0.4251182371,0.7888405051,0.2552909301,0.8461899264,0.1514606917,0.8887390106,0.7377875051,0.7423825861,0.0905457321,0.5878791751,0.2491844822,0.1626840144,0.2185466155,0.1534652352
1.1952031786,0.2272609061,0.5953207380,0.0185851968,0.9689641006,0.1642033959,0.5157931139,0.3707741230,0.1729746108,0.5279219865,0.5238474175,0.2482861465,0.0033880218,0.7704174331,0.9405948861,0.6000083557,0.5274158783,0.8585791531,0.5296573769
0.3804437950,0.0622423273,0.1112317154,0.6742413044,0.4067955972,0.0105648464,0.5332595496,0.0533030262,0.4720960943,0.4547736215,0.9788044427,0.8372500996,0.9292434923,0.9753706008,0.6606034676,0.1172252568,0.2838424567,0.0752017742,0.1092360329
1.1197181126,0.2199912274,0.4550261965,0.5704119099,0.1861480310,0.2381725727,0.0455250719,0.3813013517,0.7619317433,0.9848281330,0.3005460679,0.6940119845,0.4522940848,0.2534149988,0.0882446019,0.0220945548,0.3238186571,0.5377391524,0.2601424582
1.5779486999,0.3323168555,0.9996940536,0.7952825701,0.5059295718,0.0763060906,0.9684774440,0.8779018613,0.5892506056,0.0655246247,0.9761569211,0.0399462461,0.9527897157,0.4153916124,0.0791740307,0.9217806855,0.5138590810,0.5542449379,0.2091191191
1.4418664686,0.4279407695,0.5357576538,0.5442243592,0.7064360862,0.5121675479,0.7332593920,0.4698069648,0.5586613286,0.2786180305,0.4992165214,0.6077158918,0.8005628075,0.0963017336,0.5804980311,0.2631185860,0.9460560329,0.5197274593,0.2534735711
0.6168888051,0.9665000260,0.3155188302,0.6214497570,0.2340935212,0.8974727089,0.0287062818,0.7821790570,0.9138623889,0.8423450108,0.4528299938,0.4733898869,0.3627762247,0.1535597255,0.5611066834,0.6488619855,0.8427472028,0.0930933494,0.1173559113
1.5705513591,0.5854908814,0.4194244937,0.2070099383,0.1753320374,0.4452415830,0.3805442072,0.5153466107,0.4046820619,0.3300442054,0.3833969978,0.8840464107,0.8571023263,0.4002335121,0.9486562264,0.8860779260,0.3583859735,0.8081747961,0.1703948741
1.5877343504,0.7053222829,0.7200425618,0.7224776029,0.2853253662,0.1726246252,0.7766910851,0.6938113864,0.1676431283,0.6117171081,0.5451495353,0.1097850515,0.4540406655,0.8336317557,0.7215942250,0.7295457407,0.5834541732,0.6382267447,0.6071496341
1.2350868700,0.5663446534,0.0359031294,0.1483070540,0.8384333248,0.8188216400,0.9107472754,0.0339737228,0.5622731492,0.9973361786,0.7785480558,0.0072021012,0.4256251403,0.9989677368,0.2611135272,0.2698498195,0.5424922236,0.6291514117,0.2808998552
1.0362352727,0.7450924938,0.3149730797,0.2657492069,0.3034929248,0.1782271124,0.8161857027,0.9380613528,0.4545945165,0.3532787412,0.6405574705,0.4395548590,0.7046965484,0.1976369726,0.4876445516,0.9278517828,0.7497962160,0.0146820453,0.0848823544
1.3845519920,0.6525899584,0.4151373986,0.3059691162,0.1164875436,0.6929887212,0.7727725836,0.0056412928,0.4965174075,0.2629808243,0.8882514894,0.7529121188,0.9294173039,0.0131923781,0.6452791319,0.2556482308,0.6742908403,0.9537589828,0.2890350477
1.7055635342,0.5914510485,0.6515302442,0.7950985908,0.1749146349,0.5997219671,0.1266720766,0.8809201783,0.0824473899,0.6458693659,0.5859114601,0.4526206834,0.5877206929,0.0481922005,0.1078506575,0.6264761110,0.2929706520,0.3535156565,0.6559026777
0.7874464044,0.2248428369,0.1760555947,0.5659661188,0.9558071665,0.6665783209,0.3356415990,0.9983370437,0.3270701160,0.1743281898,0.3297609552,0.4709125061,0.4535859615,0.9075646337,0.3176826003,0.3774398367,0.3114613683,0.2853810890,0.7417596274
1.1165417706,0.1304859603,0.9248133851,0.9941434271,0.7260126820,0.7060397809,0.9946227951,0.1915619521,0.1855885808,0.1232377380,0.7875703962,0.1934399750,0.4121794501,0.4215020479,0.5089076318,0.5338476861,0.8090301543,0.7570297226,0.5203723851
0.6935816402,0.9517780731,0.6518933868,0.3278690117,0.6151911406,0.9256301407,0.5085979758,0.5324660615,0.3821285097,0.6853021703,0.2134605260,0.3535816204,0.3244288146,0.0688823195,0.7418703168,0.0882999867,0.9081319803,0.7453299728,0.6885281448
0.9806401101,0.2559529412,0.1318934376,0.5896856102,0.2144858750,0.4305180919,0.1954203710,0.8427998631,0.4393139894,0.9875408058,0.5514544667,0.4292075910,0.7015518726,0.9378510010,0.1984249788,0.9503601908,0.8747813314,0.8695417085,0.7350761344
1.5534447360,0.6982915384,0.6784052054,0.5104639368,0.2856943649,0.5487137904,0.5854958411,0.5596661499,0.3355331122,0.7016180496,0.0592185136,0.4962816032,0.0093990608,0.6428750844,0.6780066829,0.3098342788,0.7843203685,0.5319675470,0.4458105000
0.9621046646,0.8036935642,0.3411351385,0.8278613295,0.5831479016,0.9981594508,0.9810498020,0.3707825385,0.1345328790,0.0039136717,0.5967998135,0.0405599572,0.6836065219,0.4367502182,0.1206520816,0.2100104266,0.2447108204,0.0974303747,0.3147342604
0.7607612065,0.0830106421,0.4402703368,0.0662948505,0.1720078212,0.0710267855,0.0757825144,0.4016555784,0.4542448535,0.2015366261,0.7527184360,0.6383441797,0.1000975501,0.2421967364,0.6734187025,0.6825526877,0.6026614498,0.8016046327,0.6367719627
1.4144322988,0.6251909924,0.2182001594,0.7128325545,0.2306698990,0.4856021511,0.0961206520,0.2858492102,0.4883971408,0.7881130259,0.4426831617,0.4329435799,0.6434777388,0.5970230830,0.6814811149,0.6964723397,0.4406880243,0.2857083415,0.6082884864
1.1117495083,0.3839192034,0.2026855879,0.6295094688,0.3167753805,0.0380328166,0.4744722954,0.5171566886,0.4244630810,0.3331807422,0.8208692233,0.5611945428,0.2796543393,0.9238615089,0.5989050901,0.7243234718,0.4107445507,0.2830051134,0.7046847739
0.1796080069,0.0002021178,0.2343360070,0.0945170085,0.9370258148,0.4311485926,0.7812961406,0.1357589575,0.7798206018,0.8197318700,0.9877972672,0.7679486144,0.5860687040,0.9187313003,0.7173674708,0.9666769142,0.6077077017,0.3291914022,0.5634064739
1.1122188236,0.7158330837,0.3692157919,0.3783099357,0.7711747292,0.7572401276,0.1973237449,0.9512563785,0.9363759701,0.4786884864,0.1385846479,0.8556173387,0.2655318121,0.5566348243,0.9295789618,0.2821863886,0.7578566091,0.9863953476,0.1201176323
1.3458213418,0.2126869643,0.9309422817,0.8626463261,0.9218874283,0.7568190633,0.6053884926,0.8140163558,0.1990438584,0.8602292706,0.9012649961,0.3971844241,0.8047870259,0.1726111330,0.8806384478,0.2886792744,0.8432782511,0.5702813233,0.6525076255
0.8451539984,0.8902781829,0.7139037838,0.1958515451,0.7024760631,0.0130323184,0.2138643766,0.6696396028,0.2093541228,0.8732982019,0.9635291714,0.2837715001,0.2203228141,0.4717589137,0.3869605745,0.8703526368,0.6718616586,0.2297304450,0.2998582706
1.5145928265,0.4836327464,0.6043408068,0.1694768102,0.6679885972,0.1975902446,0.7766841714,0.7166480122,0.2304813139,0.5337468248,0.9106993643,0.5428711205,0.0798947218,0.6513285251,0.6809652318,0.5701593034,0.4156336484,0.4134038685,0.6357759348
0.4071834874,0.1023150172,0.0229281767,0.2652238441,0.6191935115,0.2489010560,0.6648267392,0.8770108098,0.7515238829,0.1319243156,0.4659825192,0.4307572515,0.7545884404,0.7453688429,0.1675030126,0.2693771378,0.4435100055,0.6105657307,0.5045533328
1.4658843647,0.3236043202,0.8197704463,0.0713376558,0.3376011332,0.4110946808,0.1130366575,0.9092736071,0.0693715717,0.9524114876,0.9716977019,0.7462433007,0.6107563843,0.1620929461,0.3979542802,0.3806905832,0.7429576984,0.0072517221,0.5811952885
1.0954050439,0.8534487454,0.8252798143,0.4426997890,0.9649135513,0.8644341270,0.2365722938,0.4626157308,0.4971291753,0.3944031594,0.3566387824,0.1416920203,0.3033636487,0.5597448480,0.9446940072,0.3622880622,0.2125383042,0.9620152131,0.1227180897
0.7376720395,0.1655597230,0.0356488696,0.9077903274,0.5126555924,0.9155858853,0.9862563387,0.1718257429,0.6681812371,0.9876049742,0.7332646337,0.7598359740,0.9347495619,0.2766962275,0.6049683613,0.4389794897,0.0098099151,0.9311694499,0.6711364359
1.0766236693,0.9066086158,0.9769273662,0.7657235656,0.2277126725,0.8523787822,0.6958158938,0.3642286979,0.3675399684,0.0498592505,0.3998273559,0.2795574509,0.5524600712,0.6895702690,0.9137715047,0.3253710652,0.4127576980,0.4158381433,0.1588269722
0.7681047634,0.2278982315,0.0637395096,0.5697869259,0.8817743200,0.2719238598,0.8927728711,0.3721745279,0.9517844263,0.9930239143,0.0462141273,0.5104495217,0.6677722873,0.1978685164,0.1475824226,0.5653079165,0.4508291250,0.3059944302,0.4400197791
1.1109310070,0.8893289905,0.8930430597,0.8880863148,0.7307817699,0.7647375118,0.4337360832,0.7060205887,0.3828215793,0.0770610927,0.5243745766,0.9618142436,0.0280059235,0.2235375718,0.9657784030,0.0525626966,0.1705565793,0.8171891972,0.1190978142
1.0402089608,0.4064365493,0.0195337045,0.8526663247,0.2126112130,0.3142405947,0.8091817599,0.7909595561,0.3533669916,0.1546540885,0.4802378859,0.9649202236,0.3632646975,0.6364698367,0.9289995111,0.4575106179,0.1324757653,0.0196033156,0.6036122333
0.8594810558,0.2357198568,0.0931894766,0.5353772964,0.8127678639,0.6902212263,0.3212799675,0.6251688415,0.8023160029,0.7065713130,0.8972270303,0.4220074844,0.9176945368,0.1151402720,0.4832199316,0.9399075185,0.3818801572,0.9771800701,0.1509896838
1.3991148430,0.2394885770,0.8329506457,0.4844667660,0.6748155932,0.2404222738,0.3677275919,0.5700690556,0.7694863713,0.3302208807,0.3686642108,0.8643561462,0.5110473154,0.6377583013,0.5524689641,0.7555463229,0.0976045664,0.3937945247,0.0677780527
1.6760606693,0.6788402073,0.7305994860,0.1690071633,0.2129645099,0.8293408671,0.4435096057,0.9222942964,0.1512318394,0.9395664785,0.1083196947,0.5917192761,0.6872767178,0.2615792853,0.9332703205,0.0512872597,0.3755586147,0.3540313662,0.2663163341
1.6799905075,0.5526098800,0.6619415053,0.7079018287,0.4186509995,0.9369440032,0.1073455756,0.9703298358,0.6390240196,0.8999486704,0.6090199164,0.3904612073,0.4802629392,0.1039373850,0.0472543724,0.7631752561,0.0207855857,0.5417012334,0.1260879314
0.8699365190,0.9038566829,0.7340353765,0.1453382323,0.4328633739,0.0373183522,0.5296231456,0.8883515827,0.5859677069,0.8117748431,0.5702201653,0.5673903002,0.9472248560,0.5438737762,0.6424988712,0.1792577111,0.7584737414,0.9034511036,0.9438085193
0.5246225983,0.0251370056,0.5365970493,0.4717156202,0.4576610489,0.7083636216,0.3880793897,0.4281726616,0.0678258906,0.0778645343,0.4103607213,0.9900209757,0.3356466495,0.7002658991,0.4826122702,0.8826705933,0.1616953671,0.5526236248,0.2036739404
1.6533117156,0.5773018015,0.5823887749,0.4086277312,0.2933391353,0.1208724717,0.4773847872,0.0078915207,0.4526883740,0.1834090510,0.0357404256,0.7861687613,0.7449474428,0.5862513173,0.6082260465,0.2841142018,0.4868397707,0.6218669248,0.7465190116
1.3293992561,0.2692320133,0.6666758163,0.0279295824,0.4456656094,0.0430773040,0.1666060631,0.6614985762,0.4503483211,0.6561062997,0.2029688694,0.8576882815,0.4507122681,0.9682968471,0.1609054508,0.6969398932,0.0867154434,0.1983223825,0.2687840169
0.9010118734,0.1675184941,0.3601412470,0.7131913632,0.2562227685,0.6107244213,0.7366752940,0.5198772629,0.1305610234,0.0141233460,0.6947976304,0.2794235919,0.9884981257,0.3408349107,0.9748898648,0.5634215437,0.0375297772,0.7205334808,0.0184867851
0.6795123633,0.0841500918,0.4465262784,0.5253037284,0.8493117547,0.8593863675,0.3649538549,0.2359196578,0.2687899629,0.5675456847,0.3628118462,0.9752860892,0.8565028406,0.7551846843,0.8546420379,0.5002799072,0.0545233318,0.1542378369,0.7092961684
1.0809528149,0.8085133062,0.5940092543,0.4659418781,0.2489818818,0.8799965195,0.2476387611,0.1050556289,0.8669469423,0.8090737965,0.4051016874,0.3702498608,0.2525795065,0.9617661914,0.4052989437,0.2047658131,0.7139063849,0.7496804353,0.3800122831
1.2718418273,0.5660668366,0.2242499605,0.5624469352,0.6152006049,0.7848265604,0.5602467103,0.6632938454,0.0948650643,0.4417188135,0.4813446654,0.3906020514,0.2026682793,0.0869221225,0.4615020609,0.4827994664,0.6096117852,0.7314568023,0.6450120872
1.7766284309,0.5091082978,0.7245735286,0.7774626199,0.7233903804,0.3303148117,0.6299750537,0.2313115312,0.2756001217,0.3080897843,0.8979013317,0.6210313309,0.8330097596,0.3576043829,0.4839964766,0.8435569237,0.2474613979,0.5064275368,0.7219546825
1.0170666790,0.8932220848,0.9486930184,0.5433226416,0.9835459961,0.6479941382,0.5331397536,0.5060516293,0.1021071582,0.2958032989,0.2680809817,0.5682612875,0.9322423169,0.2986177160,0.0452875814,0.9921410134,0.4109897967,0.5452596651,0.3979511081
1.1293324631,0.3171332801,0.4049762696,0.5224063264,0.4105458245,0.5410464289,0.1246543825,0.9657174881,0.9789726631,0.1643912633,0.7669470153,0.7551697596,0.9844407882,0.1318511304,0.0026877931,0.9094266905,0.0406185771,0.3184598042,0.5302481517
1.4879881881,0.7153153354,0.4730265512,0.9863244510,0.7283115472,0.9288430272,0.2228093740,0.6390486443,0.7768019117,0.4932873969,0.1760487806,0.6657817351,0.3260747640,0.9047496845,0.0543703560,0.2278503879,0.7107220008,0.5056929682,0.7738620433
1.4898713364,0.3932942932,0.6325827260,0.6155757005,0.4971594668,0.4684800827,0.2074534075,0.0286685582,0.1614992814,0.8947373134,0.7976393320,0.5966626213,0.3172967664,0.8008664280,0.1839888925,0.2856090212,0.6862751542,0.3397329518,0.9892951094
0.8691951416,0.0366408287,0.8768900337,0.3895800939,0.1325464582,0.2757354637,0.2902143357,0.3573492993,0.1326726664,0.2574170938,0.9547652961,0.9826656219,0.8068077675,0.2469112268,0.4363327017,0.8808093502,0.9587122950,0.8534178058,0.5537885940
0.1889497149,0.0393490535,0.0361644099,0.3267380799,0.4027147835,0.1633468401,0.9004724943,0.8427853553,0.3016199696,0.7755400382,0.8066416984,0.8421441974,0.0511833270,0.3600310157,0.3287765060,0.4345745266,0.5579177841,0.7910754078,0.5348702404
1.3153860388,0.1356195028,0.9981512665,0.1767630886,0.5538678919,0.8131404790,0.9336759940,0.5640736184,0.7337045113,0.9844835142,0.4079778866,0.0362303489,0.8895263011,0.2186820677,0.3139048347,0.4273101643,0.6155384743,0.3074335044,0.5312149616
1.3896996610,0.3299791792,0.6543611632,0.2061561540,0.2776916801,0.8737264417,0.6779153116,0.3871073206,0.1526985944,0.9315051307,0.9934198277,0.1582863339,0.2192000065,0.1180306415,0.7237630436,0.8980079025,0.6590017527,0.8915983156,0.1787568316
1.3235735369,0.7242696259,0.3828797325,0.8888189777,0.9703514798,0.9743200561,0.0189896035,0.9008491453,0.8438283043,0.4270039854,0.0010666479,0.6652509125,0.5200251512,0.2164720536,0.7938266907,0.2743375578,0.2182675056,0.7059772875,0.7706525548
1.4922780586,0.6120337319,0.4020293521,0.4803809147,0.8021790620,0.1483845786,0.9237010001,0.5682260579,0.9166593901,0.2907272623,0.5978742799,0.3597846791,0.3310875678,0.0699651039,0.4830529907,0.7853370684,0.4067097965,0.8275750144,0.1222969987
0.2771818892,0.0473829654,0.1431525337,0.8971433264,0.2763246012,0.6966320668,0.7190560214,0.3813300590,0.1794879922,0.4601630463,0.7822237510,0.9215853783,0.3271864907,0.7181820617,0.9981412600,0.7280029183,0.8257926500,0.1225026857,0.4744629365
0.5213220415,0.9536271635,0.2624779661,0.6905989648,0.5046816849,0.4561116886,0.6993890753,0.1988364102,0.1308287822,0.8182728332,0.0420563122,0.9268073947,0.4246711586,0.3613717566,0.6425245052,0.0484216771,0.3367343941,0.8756489198,0.7465187596
1.0902350635,0.1068201919,0.7624269566,0.5347077712,0.5983538368,0.9699254421,0.0208684109,0.2362296914,0.5760898120,0.3714994371,0.3847101356,0.3107708283,0.6271136995,0.8870754556,0.1437820935,0.8437954852,0.2758554068,0.3326310319,0.6693299115
1.3651055124,0.2962055721,0.6853310779,0.5780602739,0.8920534616,0.5436662435,0.0322310302,0.9203000708,0.9807058105,0.8491823008,0.4125548309,0.6997695824,0.0544635322,0.0816761401,0.8924782273,0.5789536598,0.5099375869,0.1020281810,0.6330025240
1.8686136594,0.5462169087,0.8209392770,0.4675032657,0.2864411821,0.7322305783,0.4902336628,0.0726124886,0.1686285155,0.7146431273,0.1772320899,0.8363620725,0.6271008175,0.4423974506,0.0082250390,0.0513986526,0.0601751638,0.6320835396,0.5357513060
0.9491123128,0.9987140601,0.8008586709,0.8873171499,0.9780870057,0.3327937769,0.4186072918,0.7255966678,0.7531165297,0.9443680434,0.8148529311,0.7115604630,0.7164244262,0.8046090921,0.9707381349,0.9275611953,0.8416062946,0.0372835869,0.9858206520
0.8885476237,0.9112818411,0.7889661390,0.3005567349,0.7852182915,0.0234045928,0.5548731407,0.7289813614,0.4573184454,0.7776723030,0.3782706660,0.2887817756,0.5349565096,0.8120594328,0.4154170519,0.6796180223,0.9089063551,0.7767886624,0.0672346454
1.1167520720,0.2896373455,0.3450458260,0.3273179758,0.8352054263,0.7162456742,0.6268291626,0.0254255846,0.9865334511,0.6027392168,0.5227525970,0.2892569170,0.0553589511,0.8054119565,0.9641853387,0.8155924587,0.4306421467,0.4139290513,0.2531952376
0.7820796620,0.9198251136,0.9380091493,0.1137597396,0.7500798900,0.4602894403,0.3176566041,0.6975699388,0.7199516486,0.1026515833,0.0304393464,0.7517823750,0.1335238717,0.2835127819,0.8895806966,0.9985924020,0.0112159367,0.0901305304,0.2227974831
1.3064654173,0.5967876743,0.2616382220,0.7599770987,0.1530166360,0.0980162287,0.4399013034,0.1496037485,0.0996420347,0.2509170582,0.7266884845,0.7597236719,0.6224317301,0.3126028691,0.2561338659,0.4971519574,0.4810874712,0.2570820804,0.5854301566
0.4453383959,0.1158722933,0.0958780100,0.1589313960,0.5920196979,0.4141391896,0.8205511131,0.0647144728,0.8275823152,0.0188474404,0.2882043534,0.3873879868,0.0031559609,0.2306346676,0.0405257025,0.9795605914,0.2123591740,0.4606206185,0.4086529166
1.7294251064,0.7417646104,0.9668530035,0.7908486058,0.8956371476,0.5452833906,0.0601051867,0.0824773712,0.8037564893,0.9700084428,0.1869472482,0.3287390206,0.4892545046,0.1389107257,0.6124837971,0.3972697140,0.0521982254,0.8239016718,0.0840526701
0.8167226657,0.9977026477,0.9951804619,0.4504791221,0.8674344459,0.4458646960,0.4537150985,0.8348836219,0.2530092755,0.4569005719,0.1142449440,0.3752077213,0.6461906070,0.8108635492,0.1608771603,0.8622650099,0.4447660574,0.3267202782,0.7228002423
1.5619311549,0.4470016764,0.6886388675,0.4250204917,0.3806959914,0.9075814949,0.9429739070,0.8323906022,0.6499051829,0.5582741210,0.4911961502,0.1034272784,0.4106355459,0.6307422891,0.6344132025,0.9464786109,0.7832068150,0.6727949980,0.3856424345
1.1902639420,0.3251372761,0.4334696497,0.8400083666,0.9426818256,0.9729530356,0.2736172971,0.8312328984,0.7141591085,0.4597300700,0.4803153869,0.6726693362,0.9408589779,0.7259425438,0.6025413795,0.7286075088,0.2166001195,0.1858601906,0.0439852367
1.6103753214,0.6853513241,0.7098325993,0.0899839218,0.5931536702,0.2343499082,0.4606674651,0.4558048863,0.0739227832,0.7079034138,0.2584826434,0.0904636502,0.6657231946,0.9090860965,0.4918728501,0.8619070306,0.5326112164,0.6410370984,0.3410720425
1.4075093333,0.6206144410,0.4138264930,0.3482969512,0.2299798051,0.6628538573,0.3320962328,0.5094648186,0.2131066510,0.6060319871,0.2510760857,0.7477184221,0.2688643874,0.2492365556,0.9832581133,0.0687026500,0.3800663474,0.7820319287,0.5368701799
0.4700748544,0.0605475185,0.3000054709,0.0547278667,0.9748263322,0.8890955882,0.8600960466,0.3656323614,0.3133108549,0.2839753371,0.5156896317,0.9095453730,0.5178205515,0.1042184388,0.5465378966,0.6247509690,0.5740844737,0.7027136737,0.3561490543
1.5497644489,0.6685040438,0.3307649286,0.9768703594,0.0622475375,0.2747225073,0.9101342858,0.9991252900,0.9743688470,0.9806773089,0.4453763838,0.4747187176,0.6938050942,0.0188294261,0.3088945449,0.4269048496,0.0883744213,0.1997095152,0.1579035522
1.0442705508,0.3879213607,0.2305831017,0.0359698116,0.2288112764,0.1919084835,0.0718575595,0.0404080261,0.5435324611,0.5740822881,0.4001539184,0.4020442688,0.0732869391,0.4043517212,0.1371289015,0.6894453427,0.3185206327,0.4519474085,0.2417420343
1.0929845054,0.1467666853,0.6501523078,0.4849589837,0.9619809736,0.4002156828,0.1547145010,0.6075095479,0.9392039354,0.8285826010,0.8342681018,0.4157481615,0.2264572652,0.9611488620,0.4314769443,0.0354716551,0.5175745204,0.5256259738,0.8304664813
1.7709539662,0.5029178003,0.7903273499,0.8225346005,0.3133358877,0.8128232999,0.0001059602,0.8444779762,0.5766105587,0.6401749082,0.7197913096,0.4972893471,0.4868703826,0.8069887584,0.0520854636,0.4059684924,0.4871732115,0.7447835863,0.0888382450
0.7729592420,0.0666174465,0.5708943787,0.6548119969,0.1267040984,0.6802084467,0.1599413961,0.4103567346,0.7707643038,0.4040943980,0.3924224067,0.2878946319,0.3338010161,0.2360164189,0.5637989211,0.6342273167,0.5360606963,0.5088564140,0.9083504870
0.7704892793,0.0545667494,0.7507816822,0.2371636313,0.1201094447,0.4163385964,0.9532679704,0.6212489674,0.7989122537,0.0420129476,0.7014349429,0.8058569455,0.3230842729,0.4231285567,0.8635830868,0.5661924032,0.2866857286,0.8888779989,0.4969807461
1.0980329749,0.2278662297,0.3897442531,0.9814125033,0.7758034891,0.4262576335,0.1615468046,0.9664528582,0.5605553942,0.1891964837,0.2286954014,0.4878390697,0.9127289583,0.1756253391,0.8973459594,0.6183587588,0.0927132929,0.1433746704,0.3184752160
1.2008123559,0.6884421113,0.3144983853,0.1054132759,0.5440768040,0.7594506058,0.0606293034,0.1550617760,0.9298142494,0.2499315302,0.3925417230,0.0150562533,0.1397936902,0.1567172041,0.1680558664,0.6496695579,0.3615652766,0.2072820602,0.9506528858
1.3115785648,0.5675544449,0.1362005615,0.5809077408,0.4748908820,0.1637560434,0.8877886238,0.5002259476,0.3707043505,0.6079776811,0.2116050774,0.6855374376,0.0642768662,0.4611647031,0.8499001803,0.3391806528,0.8354962043,0.5922728387,0.1927492896
1.9487572137,0.5974944328,0.9723053113,0.5736562946,0.4287092517,0.7271399153,0.0490147826,0.8689312600,0.6791415412,0.4730379266,0.1908704501,0.4023106287,0.9745066526,0.4174421635,0.2574382503,0.3571150058,0.9442879988,0.4413653758,0.1206035613
1.1616344093,0.1871681433,0.6383801600,0.3196759085,0.5089089535,0.8080719852,0.4524121482,0.9739430820,0.1183281450,0.5596459665,0.4535900737,0.7904669249,0.0949216851,0.5412733664,0.1648950417,0.3915927986,0.1978180185,0.4544885745,0.1864785304
1.3394514114,0.5245805294,0.0357217948,0.8772315779,0.2632311519,0.9541732029,0.8042088601,0.3173240565,0.2856990073,0.3679341791,0.2723775681,0.8695360535,0.2634119862,0.6190396904,0.9036624611,0.5472977020,0.3445553023,0.8271324079,0.5342501657
1.2960457578,0.7942017967,0.7616720560,0.6648424574,0.9069836796,0.1532396015,0.5262808729,0.8476608134,0.1913789977,0.4116222582,0.2982237129,0.5200162331,0.6255981166,0.2167522665,0.2995795332,0.3967678379,0.2082340405,0.7126005177,0.3181442761
0.9917155907,0.1136529144,0.6219575296,0.1481430046,0.4865898335,0.6271579226,0.1345028943,0.7057205718,0.5553516945,0.1339042991,0.6987215556,0.8252947983,0.3670609592,0.3716575579,0.6730995445,0.2664427917,0.2080423678,0.4670736904,0.2204856891
1.6321747230,0.6279868736,0.6203188342,0.8690038346,0.1146083777,0.0545146722,0.9304978164,0.4661343642,0.2830242624,0.7895520440,0.7377440665,0.7222614146,0.5083948887,0.1380603011,0.3863555227,0.4362474424,0.4198273029,0.4146881472,0.0309443848
0.7159427655,0.1387468221,0.3219438845,0.8163058967,0.5562895695,0.5787306625,0.7582258433,0.5757181568,0.3266798814,0.4395376384,0.5299380357,0.7236180554,0.6834493882,0.3240366770,0.5363488875,0.0398066081,0.4286624418,0.5394958225,0.1256694879
0.9760547832,0.2242619043,0.2879034098,0.3919532448,0.6655800422,0.4441794875,0.2243770645,0.6623246742,0.9511872434,0.2335166317,0.8191599025,0.6971174496,0.1617950861,0.2597598996,0.9585834595,0.8095623333,0.8290107481,0.9840338815,0.8521292557
0.5817111307,0.1130167727,0.2018502672,0.0608088920,0.4961100385,0.9365392230,0.7728466368,0.4306054718,0.2162684640,0.0730375264,0.9292368679,0.2231531688,0.3083449238,0.5049277231,0.1632821830,0.3245238755,0.7020729178,0.9670018747,0.4710633029
1.2413364890,0.8724852400,0.9073961505,0.9573049101,0.1950424013,0.4120571514,0.9712572760,0.7808894684,0.7393681981,0.8860127748,0.5424378449,0.4388573194,0.6415096476,0.4629752523,0.5046216567,0.6259650821,0.0654319995,0.3826463985,0.9939426425
0.8038006685,0.9286286105,0.8021005131,0.4298698756,0.3035887464,0.7057600140,0.7100756788,0.1371292421,0.9341256153,0.9187230765,0.7512090289,0.6284402782,0.4441750955,0.6185153877,0.9734870799,0.6786556111,0.6258589772,0.8916322218,0.1701554083
1.0108646523,0.7566574833,0.3450832437,0.1902934155,0.0050961027,0.7872777465,0.4861542103,0.3298843012,0.4814048066,0.0042409379,0.8648119642,0.8480962574,0.2382443692,0.4417557074,0.8454987658,0.8200971357,0.5208334727,0.9635033199,0.6474636717
0.4655832693,0.9256666333,0.4873021611,0.2065300478,0.3114195721,0.7108071472,0.9879433733,0.8238890535,0.5794786508,0.8174962767,0.3755299650,0.2601775249,0.0096319449,0.0472518600,0.3098867223,0.2621428081,0.6540999524,0.0423262907,0.2508171980
0.9517376070,0.7794526495,0.0557010725,0.9334823439,0.6090082928,0.6135459583,0.8589210668,0.1669974886,0.6737208756,0.3241696556,0.5316794830,0.2800954405,0.2980969224,0.7115515476,0.9023645535,0.6786923794,0.5828838562,0.4521936830,0.3408304643
1.7526861999,0.6991079183,0.9049417119,0.6496206694,0.7360860305,0.1798595796,0.8778620842,0.8929069859,0.0453026263,0.0226146729,0.9719287640,0.2925105785,0.2238161535,0.5061519440,0.3513533139,0.5539679028,0.7786552596,0.7767892051,0.9992821068
0.2471530763,0.9634853068,0.1851212372,0.2340484527,0.3902216496,0.0385552698,0.2979418337,0.5652429496,0.3766458542,0.6793033984,0.7937713931,0.6546107492,0.7569215562,0.6298103742,0.1423273906,0.0169588959,0.3616281926,0.4254454641,0.0498645560
1.7187206798,0.7399464036,0.9380534555,0.5346083702,0.2829309883,0.2176201517,0.9048081972,0.2226082146,0.7072324269,0.8135122311,0.8222853595,0.1567791205,0.9450726867,0.8962052556,0.1759139769,0.4717588542,0.9409355668,0.9516595501,0.2932950202
1.7733668000,0.6203171301,0.7729094990,0.6198286872,0.0726689071,0.3224522355,0.1425883822,0.9088825740,0.9305007446,0.4724447989,0.0889309430,0.9043870558,0.8302754901,0.8527461318,0.0769656950,0.0427689322,0.4021583545,0.0777822729,0.0102335637
1.8811321516,0.5565444236,0.8099558130,0.9133066649,0.9389996209,0.6511354482,0.7591320142,0.4160522532,0.9366173409,0.1210085080,0.1304016343,0.2192694281,0.1245122994,0.8503216361,0.3279080009,0.3297401141,0.1622254261,0.5501968792,0.9863030086
1.4973415355,0.6262888532,0.3755326061,0.5259927890,0.2715387750,0.5156481041,0.0202115564,0.0164480706,0.8315641216,0.9581519962,0.6994806917,0.5493201046,0.2600463409,0.0468754624,0.1711592528,0.9974407220,0.3927978312,0.8428184046,0.2090975510
1.4694725378,0.4042374053,0.5530601670,0.9833994353,0.1854765014,0.2990412517,0.7366622375,0.1541667347,0.4040985629,0.9474008413,0.2791430749,0.4303472553,0.3241050165,0.0064272860,0.4271216980,0.2620323057,0.9925317690,0.4054911629,0.1701029984
1.2214966576,0.4081129272,0.4013556607,0.6140340996,0.4457536894,0.5420858908,0.1259481834,0.2913988921,0.0362241436,0.6492987961,0.9241041637,0.2859767156,0.9841390044,0.3072433456,0.1539890959,0.6172544277,0.0634588323,0.3043860962,0.1640467716
1.3193533329,0.5998061713,0.2080490838,0.6955622350,0.4938142903,0.1465276243,0.2258964692,0.1449735037,0.8013523220,0.2669648121,0.0827523251,0.1188230755,0.3550020845,0.2753811719,0.6224672085,0.6389171725,0.0928858642,0.7053275384,0.3103163973
1.2494787574,0.4385737360,0.4032188423,0.4248141024,0.1524971125,0.5201400082,0.1299779901,0.1942221397,0.6409975740,0.6099634981,0.8312284463,0.0100383387,0.6622845699,0.0415658470,0.4543429366,0.1655143505,0.1388170243,0.1622506999,0.5783263112
1.0447134818,0.4392362435,0.0562170545,0.4422897678,0.0377698306,0.7449550405,0.1571502562,0.0118546775,0.4941635517,0.6239052551,0.4811087298,0.4308419689,0.4295478354,0.2842055365,0.7820530947,0.3760191030,0.7652006194,0.7428717240,0.6087070898
1.5444518201,0.4899700236,0.6281813478,0.4262310067,0.1763331348,0.6656502588,0.1344608267,0.8924983639,0.8300517377,0.4731001870,0.9412983682,0.9378380661,0.2150695732,0.4667426120,0.1793428521,0.3102658334,0.6175896367,0.5917535164,0.6676161372
1.5800215279,0.4673648507,0.7605271029,0.4650078523,0.3926481983,0.5262282406,0.7283696736,0.2305825912,0.5169227945,0.8478990803,0.2600880440,0.5307545559,0.5364343315,0.9873830594,0.0234580539,0.6883421950,0.7061992483,0.4242559306,0.3754385921
0.7328422111,0.0375050712,0.7043443767,0.4575555905,0.5180105403,0.1278710310,0.0161412445,0.7204862290,0.5266272021,0.1037916181,0.5447379147,0.8338429007,0.4963588873,0.0534615358,0.4360555171,0.6758987642,0.1145781301,0.2839602614,0.7295173653
1.5199347886,0.3259674456,0.8421635762,0.9763956690,0.8455957192,0.4570873285,0.1362646930,0.8124364483,0.5255105361,0.6334184537,0.0296329028,0.9257519555,0.1465929803,0.1442394008,0.9747897509,0.7383221240,0.9722913294,0.3536422568,0.3364378026
1.1334829155,0.8833834339,0.9269829866,0.7357024288,0.5195716401,0.4831079156,0.8275184221,0.4847539126,0.3756446052,0.2703312078,0.9630984583,0.3497224214,0.2468447004,0.1246647251,0.0846593350,0.6305628531,0.7876461124,0.9479408314,0.5265875472
1.0981723432,0.4430972814,0.2368365441,0.4137672373,0.1228510793,0.6818019418,0.0477318090,0.1861898764,0.1220126410,0.7225616918,0.9752546688,0.8917981064,0.3289339127,0.6037153717,0.4777801007,0.5216545017,0.9318612322,0.9224393097,0.4942829416
0.7415806757,0.8884761960,0.5568051149,0.2194251964,0.7304193025,0.4220677452,0.6389039752,0.2607511028,0.0735597495,0.7403716735,0.9941543736,0.1431525029,0.3445370372,0.0804127160,0.3418149484,0.8485334324,0.0532915471,0.1781341129,0.6615898325
0.9652050417,0.1766216445,0.4443665747,0.1586474155,0.9101087595,0.0612579663,0.7240330515,0.8795054860,0.1213704229,0.9043230204,0.2979794740,0.4974264723,0.6273453702,0.7089847476,0.7573698616,0.1708040527,0.9848887203,0.4574149717,0.2309390276
0.9164110744,0.3787541402,0.1151776945,0.2774581527,0.0269946884,0.8467393709,0.5441051679,0.4150363138,0.8517029012,0.0186571757,0.7398972606,0.5375884756,0.8339527563,0.6777069426,0.6294142338,0.6287224125,0.6971132889,0.1490620279,0.6641822315
1.7258137214,0.6734812758,0.7581781938,0.9549845527,0.5816915670,0.4014741742,0.8124433032,0.2388037531,0.6114249876,0.1733763246,0.8104067235,0.4065690414,0.7276235227,0.2211636029,0.1535995417,0.1032311960,0.9035715189,0.0368218713,0.0751213784
1.0495175206,0.9019786092,0.9080083348,0.6536565938,0.7208207805,0.0140691412,0.0277799175,0.4676659398,0.3248961997,0.2785379656,0.7976978258,0.6694489666,0.3936387837,0.4813579723,0.1246823461,0.1237748422,0.6463352077,0.6569231748,0.3502972691
0.8141965214,0.3204998507,0.0151416594,0.0469607293,0.4615187616,0.0114843965,0.3788954143,0.0624201262,0.8609331626,0.3500139273,0.0556344562,0.8229578891,0.6419406547,0.3650916501,0.9761983811,0.4789261322,0.9551188285,0.8327911028,0.9002612970
1.5207028296,0.4872039210,0.5354504362,0.5398388886,0.1342273246,0.7303277000,0.6541811172,0.0707666573,0.8500929439,0.2794100207,0.1610574415,0.0533882484,0.5594255873,0.0327005417,0.8200499642,0.5295301778,0.8997111752,0.5718925985,0.3363473953
0.8109973471,0.9599954481,0.4359149097,0.9250819761,0.7553011329,0.4457451648,0.5848327779,0.2296226890,0.8780746430,0.4279179134,0.8048242600,0.4064439503,0.0238677117,0.3702246456,0.8743506434,0.4013303373,0.1399094901,0.9401396225,0.4025879310
1.5067996221,0.3589767463,0.7289763718,0.7945641179,0.0221635424,0.6674140415,0.8918888075,0.0351273330,0.3642792367,0.3433969100,0.4959053401,0.4274930260,0.8309961044,0.7100831538,0.3904520498,0.4990432342,0.4051033562,0.0357647087,0.5314280369
0.4860816610,0.0912982440,0.1434917437,0.9474308566,0.0368101444,0.4263724645,0.7561024480,0.0404300052,0.2303766378,0.9951655474,0.7141000740,0.0086166506,0.9724789548,0.0193768978,0.4179464186,0.1110500370,0.4051063074,0.5501728635,0.0404576777
1.2055297528,0.2587151431,0.4837474617,0.1773955674,0.6602480870,0.7283747451,0.0933618700,0.3939373166,0.5429005312,0.5040234872,0.2670084540,0.7860237600,0.9556945003,0.0423482085,0.2242009608,0.2988265318,0.6058035292,0.7356244770,0.3604150817
1.2478494256,0.5316964978,0.0992645399,0.5513388689,0.0843139351,0.7920302210,0.3365569487,0.0698784965,0.5191627565,0.0820763846,0.8770052942,0.5102972997,0.0561819834,0.6423476861,0.6523588893,0.6847300282,0.3346679731,0.1061409787,0.1630056685
1.6655213171,0.7109671592,0.8708211460,0.2082328394,0.2319373737,0.6244547448,0.2882229375,0.3427703360,0.3751994222,0.8261271349,0.5198784341,0.9147383766,0.2231721277,0.8501021595,0.6482991414,0.8643049004,0.1300913536,0.2946286365,0.7203858698
1.1130052588,0.3793944986,0.1475882698,0.5461015369,0.0504722460,0.9330724401,0.3391739681,0.2378266342,0.9777955532,0.4157194004,0.4151461760,0.0519541716,0.5256745116,0.8227141060,0.9705157830,0.4297430411,0.1492649182,0.8766359188,0.9123992023
0.8839462292,0.9295549932,0.8384563785,0.5024148305,0.9032149284,0.6283105623,0.5608832127,0.0259282052,0.2124130496,0.8817460682,0.2612556395,0.1680910485,0.4761267373,0.0996997313,0.5753104276,0.2137282585,0.4863243856,0.9988234796,0.4601144240
1.3351744641,0.7547132774,0.6979937471,0.2133327054,0.6479585525,0.6313005265,0.8618588154,0.8404659887,0.2500478191,0.4255704318,0.0454840350,0.7526759715,0.2324720977,0.1435749599,0.1360207562,0.9102200095,0.0592804988,0.8123761895,0.8184811966
1.3573650850,0.2700522578,0.6188192509,0.1633591746,0.3241450161,0.0915225005,0.0408910949,0.7708716352,0.2314634641,0.1319683904,0.8551936803,0.9468013714,0.2671651649,0.4593292120,0.7487238631,0.4801820774,0.7462270107,0.1944554543,0.9783920651
1.3427452634,0.2810292948,0.6262907420,0.7682127953,0.5488560435,0.5042857201,0.2434763484,0.9705832634,0.3742162850,0.1125356362,0.9539012408,0.1002638112,0.0572530237,0.3356621786,0.4929828060,0.7241868490,0.1575436199,0.7154784150,0.4419722157
1.2091895963,0.8239745630,0.9116457460,0.2701948087,0.6841446531,0.5221558682,0.1204168628,0.9778839691,0.8849425335,0.9884940714,0.8525648120,0.6831383220,0.5285096796,0.9872962637,0.8713199740,0.8247502623,0.4695407857,0.5561910317,0.6561256059
0.7568834358,0.9880054748,0.8623743618,0.0542337644,0.7095350865,0.6877957015,0.2066478682,0.2008860716,0.8590908134,0.0122592490,0.3805169683,0.0473716900,0.5372284576,0.7888447886,0.7568840342,0.8057768356,0.5341680698,0.8892917600,0.6525773206
1.1988355596,0.4599058503,0.2723589249,0.4631753298,0.2230528624,0.4102354971,0.6428881270,0.6288175892,0.4644864927,0.8045669379,0.5772031170,0.3637827180,0.2068740601,0.1065753531,0.1021763678,0.9710636853,0.3753638930,0.6963067403,0.2306917857
1.2877515850,0.4263571607,0.2456623462,0.8296758308,0.3039325081,0.1900202942,0.9823267948,0.6210450604,0.7959466411,0.6961916508,0.0397475545,0.0196868788,0.3996914386,0.7030846397,0.8114423111,0.8884140201,0.7144869068,0.7106389058,0.4889560640
0.6900492968,0.1721286940,0.0616494445,0.1616040220,0.6700811220,0.8794072047,0.8247518981,0.0206728753,0.4602109620,0.8796231826,0.9644162492,0.1834821814,0.3071627751,0.0813845695,0.9513759125,0.4195266537,0.1075434882,0.3149445060,0.4568282305
1.2845248994,0.7430260812,0.2661170047,0.9030563427,0.9295614397,0.5096703371,0.9488925303,0.3032601319,0.1982769858,0.2217602913,0.0805827248,0.1299619147,0.3119012210,0.7445839958,0.4857293187,0.0959647717,0.6356742258,0.6672140850,0.8158221530
1.6308473711,0.6560328444,0.6191982614,0.5573972091,0.1967605685,0.2038901095,0.5380850133,0.4587447680,0.9331475736,0.1449414266,0.7300216905,0.8115803415,0.1893001998,0.8931467289,0.1180154892,0.4858263998,0.2845674579,0.1556275928,0.7007947394
0.6813763907,0.9341688068,0.4915534113,0.6033275753,0.7843477990,0.3261195957,0.7888548120,0.3495078525,0.7620243560,0.6062041587,0.6242008699,0.1875090272,0.2548802003,0.8099952911,0.1954164027,0.4085303213,0.8714585319,0.2926540368,0.6231699665
0.9283169867,0.2022834748,0.2613097101,0.6084664968,0.7605641270,0.9134421990,0.0460025461,0.0382932922,0.9966113902,0.2162609456,0.8016233843,0.4020698950,0.6112933364,0.7723470166,0.9433180334,0.2527418749,0.0149101898,0.6591593669,0.1963148387
0.8789140091,0.9177491872,0.7959216133,0.2952288313,0.9159716186,0.8282439016,0.0701071157,0.3602219480,0.7715938013,0.1175433871,0.5889490143,0.6610709212,0.3141344513,0.8348545233,0.4712095914,0.7654524148,0.3079311390,0.1203762554,0.8824052156
0.8636394513,0.2784647095,0.0582421655,0.0540314891,0.4912731248,0.8646632046,0.3309741174,0.2315753388,0.4901584727,0.3684712897,0.5908935798,0.5466663392,0.9468052359,0.8610306302,0.2738058672,0.6061311479,0.8369081872,0.8627449049,0.7818204986
1.2226595474,0.5204459248,0.1848850552,0.2949063774,0.2144497522,0.7475569585,0.6343527504,0.6331753493,0.3871043796,0.9281160096,0.5789764772,0.3802698390,0.5965204611,0.0824406009,0.5531258492,0.2857353398,0.9189565570,0.3931448434,0.4127195610
0.7408590166,0.9585911362,0.7046350427,0.2565911782,0.4813641289,0.2703601839,0.1353259947,0.9820262843,0.6661856920,0.2032230592,0.5172335889,0.4213302141,0.1281122974,0.6741888467,0.7421412466,0.9020715362,0.4266894577,0.9770386040,0.5204484963
0.8523685111,0.2502180123,0.1386012230,0.0099736344,0.6371480637,0.6650295599,0.2740256092,0.1292893729,0.0888886934,0.4763517038,0.4715359012,0.8770239190,0.2525071814,0.3718232239,0.0519435843,0.8240839007,0.6366501736,0.9699615035,0.1347159952
1.8863719421,0.4937744499,0.9725444856,0.3279827777,0.6153768372,0.8464308353,0.6013318543,0.7201405748,0.9361315787,0.9677363979,0.3728928079,0.6956787232,0.6237020334,0.9953121486,0.1180990511,0.5330883162,0.1269565668,0.6925192658,0.3582412808
1.0856272022,0.2211227229,0.4443903652,0.8924931201,0.3915252232,0.2555492816,0.8509186374,0.0929166677,0.3542668044,0.3078735543,0.1639565820,0.8272323600,0.4748457949,0.9793642374,0.0018886865,0.5811082997,0.1808702016,0.7504361271,0.4284143297
0.5994563400,0.0868753898,0.4758019463,0.7576899823,0.5260032729,0.8222058906,0.5458547202,0.1067232240,0.2886113172,0.1637133378,0.0241061213,0.8037285633,0.5403031108,0.4559146647,0.0195762233,0.9441295061,0.5356255348,0.8139981406,0.3174048524
1.3689514280,0.7267464929,0.6570614689,0.0869846588,0.8497324695,0.2545186482,0.6743745772,0.9496494473,0.3668270484,0.7391272590,0.4837315435,0.1634693414,0.2203483162,0.6478173100,0.9892884866,0.0481724494,0.5236982159,0.5498567313,0.9911907985
0.9022471389,0.3855469936,0.0319136450,0.3592048127,0.8030094269,0.6606406916,0.9827638882,0.5870408660,0.7541334527,0.6855668645,0.3331006333,0.3877524303,0.1134072908,0.4560239522,0.6430262589,0.7453196090,0.0677820548,0.4698059955,0.6642136248
1.1155797430,0.8288872448,0.5926930579,0.6877881052,0.2219764342,0.0950222725,0.2873421155,0.5412706110,0.2472100495,0.8409136110,0.6225284940,0.6162181514,0.6558810613,0.3204500038,0.5371151184,0.2072418505,0.3582908732,0.1697291971,0.9667966493
0.8181457027,0.1799153816,0.1820719911,0.5611155845,0.0594223089,0.4801348392,0.6621607727,0.3158837235,0.7730008758,0.6137007262,0.4048286021,0.2118380823,0.4735095564,0.2970072253,0.0188344035,0.1323049353,0.0194599061,0.5675471189,0.2054980352
1.3703762799,0.8245753864,0.9650004113,0.8169593371,0.5008163707,0.5328150768,0.1229610504,0.4849816827,0.5963547721,0.2893932300,0.7797725439,0.5429023506,0.7669256821,0.2357665519,0.4653167449,0.9215768558,0.0575135924,0.8913526485,0.4123084923
1.3974286934,0.6662132717,0.4314484722,0.4340077699,0.5174790292,0.4381406004,0.1715176315,0.5527769771,0.3044943405,0.4109356583,0.0935153333,0.7383038385,0.6498819768,0.2843990971,0.2219433712,0.4938420889,0.1937042300,0.3745775346,0.5856889342
0.9808308920,0.2158700061,0.2928468881,0.2772713083,0.7556067480,0.5859563325,0.8802097187,0.3114252049,0.8006879824,0.6179251941,0.5547274513,0.5023115645,0.9623160928,0.7062200049,0.3108011021,0.6283944305,0.4235731344,0.8975660992,0.7928180131
0.8125263035,0.7830747000,0.1220134604,0.5340667523,0.0214255097,0.0774959044,0.0751636584,0.3039643403,0.5077002503,0.0924923579,0.9574845157,0.5302331378,0.6308082505,0.7136708422,0.7444755852,0.7969028832,0.8160380595,0.5976642394,0.3368183697
0.7456383994,0.9603318193,0.8482239385,0.3157486283,0.8704952712,0.3826778995,0.7051488843,0.6343446952,0.7466085531,0.7569040698,0.5576132609,0.5637762459,0.5585913000,0.8737155569,0.1672433387,0.5647332135,0.8929943521,0.3003344097,0.2898854270
0.9610867499,0.2934936750,0.0629367674,0.9416941210,0.2744776015,0.9714504972,0.5226717810,0.9896160315,0.1984059201,0.1966831418,0.4221229768,0.4782483665,0.5937133435,0.7798976800,0.0287660326,0.4956314279,0.4490085024,0.7503948002,0.4303387213
1.1715033689,0.2492847995,0.5035509814,0.8054172252,0.8947327592,0.9809584443,0.2853006119,0.7122349380,0.9729700578,0.4256593313,0.4516040727,0.4202241986,0.6722309446,0.8448479015,0.8669877140,0.7242573097,0.6368219914,0.8457589629,0.9649478544
1.4007395276,0.4780279766,0.4013069113,0.7325890773,0.8190135084,0.5577682455,0.5806024613,0.8317422905,0.8594759020,0.7183825467,0.6244750751,0.1591465274,0.3282807346,0.6555327482,0.0305734257,0.1463555337,0.5485400041,0.6770239401,0.7462558384
1.4114884593,0.2665510034,0.7527323988,0.0514225049,0.0983255335,0.3812379155,0.0652754951,0.4983714110,0.6933795714,0.1748407902,0.2472171500,0.0779179898,0.3481824549,0.7701095550,0.4582782376,0.8686827419,0.7977547266,0.2096611657,0.0866723465
1.8484946713,0.6697853553,0.9028328083,0.7921965959,0.5660830460,0.6134583279,0.4523292246,0.0242589333,0.7841662670,0.0864561543,0.8755583384,0.8458185677,0.9343475106,0.4652004753,0.7587029567,0.2105919208,0.8931487779,0.2443687548,0.5562184959
0.7887998540,0.9381264350,0.8033127993,0.2920927978,0.5251656823,0.0446197440,0.4624411235,0.0090174669,0.5676343312,0.3160034276,0.1875045491,0.6443615455,0.7147037319,0.2645597206,0.7201676867,0.0206675687,0.2047619912,0.2880852612,0.1917100505
1.3241472007,0.5153052608,0.3228029931,0.6037332729,0.8243475404,0.9525820104,0.0545549339,0.9860326167,0.1064448007,0.4134452301,0.5273299117,0.1873841091,0.7640259903,0.8446950039,0.5737549371,0.8868133905,0.5469425542,0.9187261623,0.4323163688
1.8557889273,0.6383234094,0.8248228028,0.2612028292,0.1962776195,0.2801086697,0.9826175005,0.4320220019,0.7301851923,0.6168936947,0.4829963551,0.2125843242,0.2923441167,0.0313414275,0.1965899699,0.8373863374,0.6473421844,0.5068428601,0.3562835697
1.5870645555,0.3470875908,0.9676438424,0.4287035066,0.8670085504,0.0537345189,0.0361757906,0.5649008263,0.3913093664,0.8210695786,0.2440362495,0.4877539700,0.3204383615,0.7760444176,0.6209352637,0.5026936978,0.8974590591,0.6150511325,0.2071210507
1.0616339553,0.2617154908,0.2581015372,0.6789154405,0.4218238860,0.3659767160,0.8427900646,0.9053481224,0.5614992582,0.6485211083,0.5829025046,0.8897835597,0.4914422764,0.9769969190,0.5731994808,0.1211564936,0.8897264962,0.7903192267,0.5542053667
1.2935024166,0.8122504969,0.6583173382,0.7977135047,0.3483932453,0.0069012604,0.5862620267,0.2470879567,0.0044262479,0.6141610482,0.9931518032,0.7724464513,0.6432488568,0.3398535670,0.1042909687,0.4062860442,0.8431309211,0.6378504720,0.6696078697
1.3680570694,0.5345095276,0.1437391564,0.9017941133,0.1177473673,0.9041592994,0.9360143125,0.5049034807,0.7109110851,0.2878893519,0.4855468934,0.3272047853,0.4384505563,0.0069362843,0.7457156790,0.5966146142,0.1954991935,0.4227589270,0.2880359899
1.1536597075,0.7592407911,0.5125999244,0.0996314549,0.6983539157,0.8234070111,0.3102735208,0.2775484247,0.4827083059,0.6043278643,0.1464037004,0.4703411377,0.6605577338,0.1017686714,0.4276658044,0.5950870449,0.4094565250,0.4118358005,0.7520525017
0.6466416501,0.7655999845,0.0161801385,0.0684600772,0.7633450380,0.4767351926,0.7736548704,0.3060815033,0.5634119505,0.3508036254,0.1894664421,0.0630024114,0.6194818882,0.2876421044,0.2040425902,0.7812704783,0.5892321764,0.8369167376,0.5354443774
0.5839621683,0.9453563819,0.4627213036,0.2890788482,0.7282535209,0.8469484311,0.7962814730,0.4660770219,0.2781196926,0.6921302202,0.8822621953,0.9510563333,0.8129812264,0.5302956416,0.8486943073,0.2408676525,0.3167273458,0.4754827307,0.5090800280
1.1186809377,0.0973254253,0.9914591024,0.8106936066,0.6952543470,0.2226133946,0.1868479881,0.6428767908,0.1775046798,0.7380599054,0.6353002441,0.0092165767,0.0289989754,0.5754861034,0.1446211280,0.7340453338,0.1581043157,0.4353574568,0.1401373708
1.6899324729,0.5690188647,0.6315740071,0.1347882843,0.2179069674,0.6945108015,0.1711078513,0.9638389640,0.2388123481,0.0702851873,0.4248205291,0.0563190156,0.5249746810,0.0493804428,0.5819243182,0.8200234574,0.4787829225,0.5305960031,0.9855324197
1.0460885504,0.9337750939,0.8582811631,0.7792839929,0.2824401936,0.3698292531,0.5880401586,0.4565096862,0.7767905038,0.7917618145,0.6927593722,0.3999365068,0.5767364532,0.1471073212,0.0000901482,0.5592454328,0.4211908381,0.7445710689,0.8840252191
1.4971050906,0.4988058700,0.5106281282,0.3064751807,0.3697517205,0.1373492796,0.6554543781,0.2368335187,0.8780714556,0.6041514510,0.6786786921,0.3242725790,0.3945104084,0.7978388392,0.0313440621,0.7303937426,0.3785914703,0.3179306473,0.2940739846
0.8763557856,0.3414250904,0.0478914305,0.4813154050,0.0577228981,0.3594552119,0.6150985598,0.1505107063,0.2566139684,0.4491806616,0.1208412002,0.5363244627,0.5543462879,0.4794814278,0.9030202574,0.6289329930,0.4799410146,0.2252638660,0.2906439469
0.9683853854,0.4382325664,0.1091793481,0.0572811924,0.8702217004,0.4268834588,0.6573696662,0.3508391186,0.9190728191,0.1712237504,0.1856359027,0.5459665573,0.5520666766,0.3995695137,0.5513598923,0.5149879738,0.9706527572,0.6690749046,0.4125318401
1.8483866704,0.5957326566,0.9028982620,0.1890324084,0.4537545356,0.7272035901,0.7267528776,0.7273724375,0.8016076637,0.0569243744,0.3296380033,0.4182489033,0.1438196938,0.1313453655,0.3792355639,0.9527892640,0.5442285039,0.6341930778,0.8010002127
1.8561102877,0.5979681043,0.8304947992,0.7323117540,0.0916095670,0.7922510065,0.5668304085,0.8294444271,0.2452524001,0.5868562293,0.9023019425,0.0587591922,0.2465434451,0.5081621022,0.1156342035,0.6115980708,0.1591564221,0.7190026618,0.9501808143
0.4564544672,0.0052080455,0.5916781916,0.2941858698,0.5926171108,0.9341656083,0.2484408415,0.9076273937,0.4220414400,0.1098521726,0.1555861930,0.3781933981,0.0117422539,0.1447115925,0.4588796395,0.8668647196,0.2006009345,0.9294566456,0.4457593095
1.3445363493,0.1835954114,0.7107942567,0.5653713556,0.7236889327,0.7354435513,0.3284663829,0.2976082697,0.9393930854,0.6779005725,0.6645424518,0.8805422018,0.5633214601,0.4222799036,0.0999679906,0.1443874904,0.7158841713,0.0249886069,0.2813041631
0.9152117450,0.1154905852,0.5536523480,0.7438984947,0.2247335300,0.7861003311,0.1154969641,0.0557766672,0.1169292899,0.6882115170,0.8341720977,0.3225887552,0.9385900097,0.1934636071,0.2271048857,0.2776563368,0.7874158441,0.2669388469,0.4412859905
1.7790797787,0.5541161959,0.8695449267,0.1065198878,0.3451849471,0.1799071984,0.2369860521,0.8686868033,0.3870933831,0.4493376042,0.4033814013,0.4214841129,0.9584885648,0.8727614392,0.3905472617,0.5034366619,0.2123695346,0.4081131252,0.7661961306
1.4473927391,0.2719661359,0.8626785202,0.6227233200,0.2085314624,0.0400264822,0.5381623884,0.3780355880,0.7210929575,0.1101485670,0.8406475980,0.4359405854,0.9567065371,0.3371630851,0.6813680777,0.5169611618,0.8975427371,0.6182364812,0.9961262573
1.1954909940,0.1642905854,0.7445692272,0.2852648104,0.4240334232,0.3488413798,0.0769207365,0.6690836298,0.7864863823,0.2478848323,0.6917916171,0.9104507753,0.4751720242,0.7647169008,0.4655655328,0.6865674312,0.8461656222,0.9704041347,0.0755242545
1.3989590945,0.4510060574,0.3634194542,0.8840607832,0.1284955613,0.8946234773,0.9650126544,0.8278794963,0.9927477597,0.7142153896,0.2864095644,0.9067763719,0.5560775365,0.8776859035,0.8653286875,0.9574948512,0.4068637037,0.1748722293,0.5885647660
0.3275197624,0.9775806289,0.0990098113,0.7266203270,0.8250431441,0.3042001953,0.0501150229,0.5736035153,0.3179313035,0.2970342516,0.2322434904,0.6370746543,0.1551259536,0.9837914677,0.2174865552,0.3868895011,0.6841781095,0.0710111299,0.1932328107
1.1266506375,0.1723224077,0.5822146546,0.4802180929,0.6375937362,0.1011940771,0.3317952187,0.6981644987,0.5626665250,0.1443135874,0.6302405218,0.4983303970,0.3433392138,0.4283780151,0.0558757066,0.1064569629,0.4880210203,0.5155403131,0.4839892292
1.4541807621,0.5135299709,0.3677055505,0.9087941519,0.9682196632,0.0912247978,0.3932561192,0.7564825847,0.6519517128,0.3946174288,0.3666935221,0.3918993165,0.3592557353,0.6225656721,0.4567490032,0.6628310779,0.7377786269,0.0688380631,0.1825347854
0.7800351584,0.7192090337,0.0954478359,0.0826657811,0.5560804517,0.0255235621,0.1688422733,0.5263870967,0.8847537203,0.9888111771,0.2856083011,0.8400408893,0.3162693092,0.1991712833,0.8346242248,0.6361752455,0.4695174716,0.2182214778,0.8223876666
1.7615145869,0.6058079373,0.8343233794,0.4689131853,0.2245698021,0.2137503606,0.3657253110,0.1591014013,0.9426596098,0.4702494351,0.1512332433,0.5144833440,0.7654023813,0.3145305154,0.8220919498,0.2098788225,0.0518667848,0.5710601132,0.4337425519
0.8938610013,0.8235080674,0.3994795649,0.2400029606,0.1302482811,0.5225398908,0.5462083257,0.5905957316,0.0381361043,0.4011330762,0.5594310989,0.3198911361,0.5872097882,0.5197222023,0.1788340616,0.0226379681,0.4928016279,0.4943040364,0.1153355787
0.9604555269,0.9894308468,0.8000475445,0.9906530606,0.6682333330,0.2471150371,0.7392048810,0.6297174891,0.0589708569,0.8400136534,0.7328464322,0.6765219248,0.1927367316,0.1550475604,0.9525248839,0.2035795529,0.5250176041,0.6427368517,0.5191012590
1.9071241009,0.6024378926,0.8810252717,0.5460651186,0.3771150078,0.9443340114,0.0271540271,0.6795248610,0.5846168088,0.0782617621,0.9138778224,0.3210288827,0.2915127785,0.9095841136,0.2394505241,0.4202794966,0.1191103775,0.9958626688,0.8693272948
1.0148434436,0.8645061555,0.5162715082,0.7131803431,0.6534822197,0.3626431870,0.7621179979,0.5026032489,0.7926084011,0.7980273448,0.5249611041,0.1751429733,0.4016094839,0.0898848422,0.6644446739,0.6741023388,0.3159326356,0.8568771996,0.7594361640
0.3728448782,0.0697205303,0.1915607655,0.6246517269,0.2528973530,0.5391851645,0.6741033637,0.3145330511,0.6354139308,0.0768683162,0.7352803429,0.9669796575,0.8400783562,0.7303459915,0.7317348296,0.4217474061,0.9323780487,0.4683513858,0.9806147192
1.6959578836,0.6692507628,0.7464316491,0.4038701661,0.9949056329,0.5690289111,0.3189070319,0.2852529247,0.5246570306,0.2243195798,0.9860691510,0.0356315601,0.5999926626,0.6943210230,0.2379965297,0.1504578760,0.6375248737,0.4922031441,0.1846238794
0.5088632154,0.9663588803,0.5735195851,0.1548154902,0.8747309287,0.4175826846,0.6587998821,0.5906758289,0.2550220755,0.5601531769,0.0856855836,0.3879166698,0.1838328394,0.8454785517,0.0325062223,0.1923411221,0.4454151201,0.1381484409,0.1106719464
1.1643743692,0.6575672652,0.0551930621,0.1982229254,0.6957274425,0.3075038899,0.6226260554,0.4219525035,0.0405499502,0.7666523692,0.5971027885,0.5995978509,0.3045395749,0.3925772581,0.9300736022,0.0947782238,0.8978916193,0.4941669319,0.0546534608
1.0957438653,0.3858310906,0.2170365033,0.7963682403,0.2318859601,0.4825418560,0.8402226567,0.8211541388,0.2226348471,0.5932441013,0.6650107239,0.2797541885,0.8558443643,0.2491425176,0.5080565604,0.2240021587,0.2328239615,0.0656161873,0.6675492390
1.3095595330,0.4015090337,0.4564114979,0.3234605072,0.3228441738,0.3662274872,0.5953541723,0.8256106816,0.4818862372,0.7475974900,0.1462451273,0.0954690690,0.0284284416,0.6506299195,0.8857540382,0.7565726935,0.0161779828,0.4018912726,0.1165809005
1.6668866583,0.6043763002,0.5552683580,0.2457918041,0.9368222853,0.0621309159,0.0215930948,0.1547033538,0.1005021786,0.6709903764,0.8307163616,0.1898723279,0.4059497172,0.4760218540,0.5799437699,0.7068180332,0.3139812985,0.8058371959,0.7595172288
0.8805321997,0.7560259775,0.2479767404,0.1474803343,0.5021831047,0.3793601123,0.7540035158,0.9606787734,0.0394666150,0.3089931155,0.1076742007,0.2564732647,0.4817776854,0.5287857549,0.6804667820,0.1585178947,0.8909643005,0.2198580373,0.1421487435
0.9451365383,0.0450259976,0.8795085310,0.0420574969,0.7336582972,0.5042965975,0.6298272507,0.0408856742,0.8288021689,0.2218639330,0.2957207232,0.6041132710,0.5835141919,0.6767554665,0.4845016727,0.2690878866,0.7130331089,0.1400713465,0.7008296778
1.3085236091,0.4724036838,0.2829904299,0.4373818063,0.9595719029,0.4920327081,0.8470330470,0.4667825180,0.7069654988,0.3523109028,0.5512491206,0.5806548512,0.2922728138,0.4417684420,0.9997156700,0.0267120231,0.1475277600,0.7836000331,0.4690978962
1.6141555637,0.4247562663,0.7818189256,0.2214908756,0.4726146990,0.4516486207,0.3886849451,0.7108777176,0.0060481438,0.9418164699,0.6818129374,0.5349674253,0.7517000305,0.0614011486,0.4792916063,0.2945661267,0.0834308491,0.9648416813,0.9560564488
1.3624012452,0.7572137417,0.7836009374,0.3418935959,0.7727065344,0.8008886361,0.3017749822,0.9754362204,0.8266653742,0.4273777526,0.9695094995,0.3705798947,0.5718037824,0.8493185125,0.4810184479,0.6957287829,0.2594192064,0.6768746584,0.0075880340
1.4743261514,0.4174886383,0.6326239147,0.0222693760,0.7359581167,0.2947591904,0.1259957240,0.3479752032,0.6690019631,0.9560385669,0.3311814750,0.5472755589,0.2521161306,0.4130580964,0.4526396481,0.4015128270,0.4204857459,0.7238115842,0.4759174915
0.3958344291,0.0576477763,0.3945824439,0.9568080192,0.9748545897,0.6143898023,0.1452174772,0.1822984203,0.2174966632,0.1511727185,0.7584857625,0.8405789652,0.2228709364,0.8673241631,0.5201744503,0.3319338248,0.9797046286,0.9811881156,0.2259096890
1.2312258877,0.6363589688,0.0225554430,0.5170585076,0.6515404186,0.7817727816,0.2644453684,0.8674154804,0.8921880673,0.9233813366,0.1922666335,0.0948601596,0.3038036981,0.3207348405,0.8956392073,0.8526354949,0.1796905384,0.4224675354,0.9709486799
1.5488655769,0.7718462965,0.7766158613,0.9358187908,0.0139578698,0.2271917165,0.0956257748,0.1734520068,0.7532819276,0.7307219108,0.6129674103,0.1292516982,0.7151482019,0.5667375671,0.0624388395,0.9257722454,0.9279177446,0.0138199933,0.4631543357
1.8094394404,0.7009891753,0.8345363439,0.8214782116,0.2640793192,0.5306398175,0.2296030377,0.4566019343,0.5515998614,0.9201238017,0.5852391891,0.3802166390,0.7552548793,0.1882241740,0.4241194914,0.2118335902,0.0359600498,0.9100100794,0.4252587200
0.9527659487,0.3088520179,0.1140529067,0.7050686079,0.7022225728,0.7604828911,0.9606108657,0.6509165703,0.3185804030,0.5040367399,0.2318662340,0.0142938757,0.9651218166,0.1632843704,0.4232248549,0.6787534839,0.2094257574,0.3369931105,0.5287833121
1.0462232638,0.7942381100,0.5444867937,0.3270874434,0.8495776874,0.7328749435,0.9059021228,0.8050008712,0.0816591420,0.7765252297,0.5105570969,0.9727002687,0.8854448661,0.0517992817,0.4945069144,0.7709868841,0.6614996744,0.1380858076,0.2977398210
0.6353780035,0.1660706982,0.0621822747,0.5787906792,0.7858181730,0.5348357046,0.5485057833,0.8712871092,0.7894608461,0.5966864208,0.6324206972,0.4748724507,0.7661932216,0.6212656023,0.7666343586,0.3806571667,0.7946272893,0.9948277887,0.3772963814
1.0200514768,0.1472808240,0.5774367879,0.9145645711,0.3371505915,0.7840932006,0.8859598660,0.1917263523,0.4104121212,0.0861891732,0.7622611939,0.1132568635,0.6367372290,0.0747731047,0.8951829848,0.8163552131,0.0967848731,0.8438548207,0.7106156531
1.6282826081,0.4806949895,0.6088633036,0.1783144507,0.8769143018,0.4177457709,0.9436934195,0.0459611971,0.9628795703,0.1258359771,0.3169984712,0.0610458161,0.1056435518,0.9810665099,0.0705524741,0.9731958371,0.7015660088,0.2920925098,0.2575449200
1.0162453063,0.3482899956,0.0224066668,0.7021035187,0.2864712578,0.8390486165,0.2715722770,0.5995062778,0.4261212002,0.5072095208,0.1440513391,0.3611321081,0.0532793375,0.8472898116,0.2447026996,0.7345091724,0.2345813489,0.9618559898,0.5682535013
1.6547487675,0.5790964595,0.5282103519,0.4272839271,0.5788358367,0.8163824242,0.7296117815,0.9224417937,0.9893803246,0.2062310681,0.9431536613,0.3344954471,0.0624633003,0.6304437158,0.8589580984,0.9568698399,0.3981723830,0.8083165729,0.1701487461
0.6323613970,0.8694659032,0.0365659009,0.9672383154,0.2109132354,0.5220613239,0.6367795154,0.1115394698,0.3196252545,0.9132479992,0.6025575314,0.3296279448,0.4709394931,0.9055004889,0.1697159083,0.2013691189,0.5862900562,0.9626325901,0.3388312953
1.3046879722,0.2567341397,0.7309684243,0.5404994744,0.4971514959,0.8766237810,0.4131441018,0.9595729995,0.5839952381,0.8518379690,0.6186033217,0.8302365126,0.0258750236,0.3805857556,0.4157381120,0.0610580988,0.4545761406,0.7493269069,0.2387971823
1.4668718566,0.7609000787,0.8248482963,0.6234493524,0.3572827388,0.6886253628,0.4418813173,0.4731714576,0.1446277487,0.7940300810,0.4977065748,0.3363239264,0.4253712946,0.5645104463,0.9366390929,0.6675870671,0.5115388483,0.3263558058,0.4655909008
0.5560356642,0.9285000093,0.3463074273,0.7482588481,0.9009960925,0.5813709678,0.7488537702,0.4932646701,0.1675487983,0.2495240611,0.2534319036,0.5712883680,0.0932404221,0.7657427655,0.9878369612,0.7588578350,0.3996352704,0.7003279411,0.7274697304
1.7549666530,0.5868313891,0.5990352513,0.9385181487,0.0831868953,0.2994221910,0.5148731473,0.5780633759,0.4119823675,0.1365300232,0.3811097185,0.1414550361,0.5261278590,0.4759087541,0.6776944387,0.6532697488,0.7093261993,0.5401124108,0.2334197087
0.3750400965,0.8885057276,0.1029560830,0.4980237628,0.1910483805,0.4805345033,0.7388821738,0.3632037222,0.6903355890,0.6112861953,0.1164328978,0.6994512606,0.8916991451,0.2132458796,0.9864577158,0.3864380537,0.6069918561,0.2276775631,0.1738524081
1.2346315628,0.1911656678,0.6053765098,0.5884862732,0.7212837262,0.4057771303,0.1012471061,0.0487674830,0.4170331217,0.5235373338,0.1363779961,0.0070810602,0.4346527619,0.4656932886,0.0399079754,0.3777248904,0.0180993848,0.9310332850,0.6623168105
0.8727034824,0.0712276360,0.6324715765,0.2950946707,0.5575469282,0.5032410995,0.3269479513,0.9032540846,0.1085555659,0.5579208941,0.0458415245,0.1781234499,0.3735947398,0.9384936141,0.2760253198,0.1284152555,0.7055789462,0.9689121587,0.9859623932
1.4684309246,0.2471374579,0.8119015552,0.0069052494,0.3647015364,0.4332944556,0.3018650442,0.1555137277,0.1479241555,0.7157978103,0.5729065031,0.3482032205,0.9977061041,0.4841050936,0.9880511849,0.2400668344,0.1941860411,0.7841555600,0.8868816714
1.7623876011,0.6698145335,0.8524839946,0.1885974467,0.0415038298,0.6046705868,0.3344707056,0.9145810231,0.2195294503,0.5660543790,0.5647387263,0.1237921906,0.4120904647,0.4645425830,0.1344225221,0.8989966616,0.7324558702,0.9359167436,0.0116660608
1.0436694412,0.8170299979,0.2995819747,0.8927874052,0.5450434790,0.8402265452,0.2758510257,0.2245673825,0.7616381075,0.4949395045,0.1986987629,0.0945624133,0.5381460588,0.4213584896,0.7837827459,0.5446540665,0.1374953896,0.7116494064,0.4347425823
0.7606311343,0.1485886663,0.2240887153,0.5125372694,0.3109980033,0.4289839713,0.7127020728,0.0316197745,0.4301734660,0.5621870396,0.6647076137,0.1995440463,0.5291408210,0.2432037672,0.6395444780,0.5302772987,0.0372778245,0.8682704591,0.4601958533
1.7079572769,0.5112187405,0.7328551679,0.1984315170,0.1204215494,0.2021959410,0.6119473879,0.3435978949,0.2923145698,0.9867582405,0.5424934055,0.4553478026,0.5363197484,0.0313180720,0.9293624821,0.6701451508,0.5402282868,0.6672569242,0.2598764449
1.6938816806,0.4049263329,0.9583004707,0.8650394423,0.2254898732,0.6479493707,0.2777950854,0.6201436463,0.3132274703,0.8332536970,0.0245196072,0.5617111257,0.9155397705,0.5683642397,0.8854259327,0.4604402821,0.2293980724,0.2234509524,0.2756831350
1.3748504366,0.5228580583,0.2887766950,0.6137376249,0.6160594077,0.5536630338,0.3631691708,0.3324717536,0.0780833589,0.3730103454,0.3862000100,0.1909128640,0.0971763004,0.5449412444,0.1660412710,0.4712741873,0.3897352841,0.5075360458,0.6300577683
0.2675886816,0.9569100460,0.0978682281,0.4448630968,0.9301313578,0.4320736484,0.1405391993,0.9894557522,0.0267513241,0.2662625723,0.3778104311,0.1322689984,0.4995768356,0.1791675487,0.6509616358,0.9013320956,0.1421166884,0.9599042034,0.1731892265
0.5681981970,0.1148506856,0.2051157551,0.4246748093,0.5757596806,0.4124020298,0.3974028237,0.2062165937,0.1493301371,0.0970162279,0.3282969156,0.7234396504,0.3611172372,0.0460331555,0.8332658341,0.5711751101,0.8553918323,0.6556845376,0.2982059252
0.5204066996,0.8679036935,0.1646140859,0.3181412294,0.2554123240,0.2198477295,0.0022996179,0.5617011615,0.8044312558,0.0103194471,0.9607958981,0.0923023915,0.7245744901,0.5352263275,0.1186437635,0.5605762423,0.0462952531,0.0570767700,0.4550779314
1.3272666167,0.5389171373,0.3481910381,0.1328134286,0.2385616885,0.4650928954,0.1177222783,0.7809600822,0.3897365580,0.4233848742,0.5520531602,0.3508966486,0.7694785978,0.0182716586,0.9372296154,0.0089052784,0.0342820752,0.2968360638,0.0015527290
1.5717967078,0.5835628350,0.5504015964,0.2395072116,0.7161154083,0.0677730277,0.9569786294,0.5563768258,0.4898434564,0.5247807941,0.4900878159,0.5844666103,0.8507951543,0.6589478157,0.5718917058,0.8897794704,0.3614621840,0.5529421705,0.7023653324
0.7528193520,0.9422552387,0.4016917449,0.8718066383,0.6181282769,0.8251480196,0.4887147561,0.9138198960,0.4102931065,0.9938210893,0.2356756874,0.7458897782,0.5711933472,0.6258216391,0.9855596973,0.0526918166,0.4322819875,0.7790963897,0.9496903007
0.7936765766,0.9694300664,0.5645540913,0.9039600836,0.2506819106,0.1282663534,0.2004836893,0.1016656394,0.6607943373,0.2346061716,0.9801015127,0.6625037099,0.1436365739,0.6061698320,0.4967971760,0.6429227305,0.8450326196,0.4451601460,0.9004892833
1.4791641802,0.2908529081,0.8164037317,0.4827671883,0.7896476179,0.9478791795,0.9359170553,0.0820740513,0.3813003189,0.5024501580,0.3916577023,0.7243081465,0.2346409964,0.4990459769,0.4186717558,0.1651349966,0.5033394655,0.0431079066,0.9656553715
1.3623030623,0.5422141474,0.2592469085,0.4610185018,0.8146114839,0.1437891645,0.1427076988,0.0830601619,0.6109896544,0.9099647877,0.6773402768,0.1576105549,0.3097835416,0.8725154476,0.2325370707,0.9256729711,0.0960123329,0.1975576851,0.2698170273
0.8466677754,0.9936553372,0.9003948307,0.5951907552,0.5184957175,0.6332951512,0.2248024279,0.5278622340,0.4217456854,0.6921310573,0.2136693309,0.0765890886,0.3734955171,0.5743215286,0.6534586723,0.5296085278,0.8400087522,0.9964635466,0.0149177465
0.9063520682,0.3631928948,0.0168139596,0.4221815159,0.4718294117,0.0486100268,0.8580785609,0.5158377048,0.1153073185,0.7803877793,0.6421923077,0.8828848361,0.6832612294,0.7834952042,0.3524501291,0.8394694080,0.8542609874,0.3120006216,0.7261599019
0.5108505186,0.8989026914,0.3319462064,0.4015800841,0.0614210179,0.7491387798,0.4383319795,0.2806476660,0.3068727891,0.5595225221,0.1729536180,0.6084197976,0.7793022123,0.1779440627,0.7418799941,0.6898042396,0.1995990591,0.2260475259,0.5922231446
0.8612261126,0.9238737890,0.7679494993,0.2199878078,0.0471523638,0.4071178857,0.3787911382,0.6710847243,0.5111222757,0.6691132745,0.6636139780,0.6453279611,0.0343360877,0.7689105866,0.1319812207,0.1157214815,0.2596873951,0.4016545699,0.3247770601
0.8574210169,0.8954543298,0.7101288282,0.2323795756,0.0014219798,0.3523533383,0.8711472144,0.9730440460,0.1339341151,0.0943780517,0.7382517467,0.9236493116,0.9281246078,0.1639022079,0.4851549626,0.9637634147,0.9253062393,0.8141848319,0.4880594505
1.0265410705,0.8146357249,0.4695841025,0.6620963024,0.3815981889,0.3747804556,0.9729178330,0.6372589359,0.1017865618,0.0758621384,0.3667295597,0.4742149378,0.4184624964,0.9507754201,0.6607689877,0.2744421374,0.4263232797,0.1572727197,0.8211876670
1.1410717241,0.8126064335,0.8589949053,0.2461504337,0.4136937369,0.5818792021,0.4651836829,0.6698409198,0.3881218188,0.8469569067,0.7478827049,0.2194807277,0.4641341449,0.6645267019,0.4979127342,0.6690963039,0.5917511512,0.8287604422,0.5775593714
1.0085274158,0.8342803820,0.3715615189,0.8732839857,0.8107584800,0.4513013988,0.6394289222,0.6933879115,0.0229788041,0.1197017882,0.8435252020,0.3817970891,0.9460581596,0.7877016125,0.8976561977,0.1464127837,0.4177491318,0.8666177191,0.9247012796
1.7171550083,0.6837287526,0.9258947796,0.0407032180,0.1484798397,0.2716817606,0.5123674391,0.0845319794,0.9528238292,0.9599091237,0.7950031103,0.8328609044,0.5860896479,0.3530524187,0.8383136071,0.7205156505,0.8987794122,0.7894888947,0.9604860842
1.0651095371,0.8807409719,0.8147531962,0.6495940048,0.1125397079,0.7909961264,0.5215467605,0.7017566216,0.6180236579,0.8094240927,0.7342983758,0.4951278756,0.0631607682,0.4131714616,0.4171025211,0.4676499664,0.4204925576,0.6618939051,0.5712858171
1.2260336704,0.5285150060,0.0635434260,0.6338405793,0.9501674594,0.4424538882,0.7738865620,0.6444758869,0.2133991176,0.1616400084,0.3745748997,0.0653008518,0.4510259468,0.5042830563,0.1587928249,0.9628275181,0.3023213358,0.0768876540,0.0340908561
1.5660294494,0.5240096115,0.5476266552,0.6740800783,0.1799580068,0.2229698064,0.3251970863,0.1812891267,0.2490157678,0.2351708830,0.1099664465,0.1342429548,0.1304940201,0.8843781440,0.0061023875,0.0047923107,0.3456488425,0.1993298399,0.9859591493
1.8501575110,0.4977167797,0.9695951305,0.0336464507,0.4831081720,0.6646129178,0.4412555859,0.9397632204,0.1175346680,0.7037227102,0.4704323995,0.4607262843,0.2716306522,0.5283440531,0.4245020793,0.4918842554,0.9683542032,0.2275308005,0.5075404629
0.3508499710,0.9262979006,0.0531919979,0.6165551553,0.3173594288,0.4181066716,0.5785986096,0.1605367386,0.1838061490,0.3905040377,0.0749365046,0.8080561163,0.7881232415,0.8250320142,0.8828806874,0.7058291962,0.3808676631,0.6154535130,0.1090700922
1.2035573438,0.8321419005,0.6408290826,0.9093395439,0.6311764941,0.1371239533,0.9653425481,0.8932154962,0.8666273753,0.0223913935,0.4351407060,0.3652596084,0.2003861177,0.6071236350,0.9937345053,0.2678524029,0.8055558208,0.6809659725,0.1807309783
0.8625222240,0.0717918657,0.6300683769,0.2702308206,0.9055917507,0.2219988855,0.7854872239,0.2606451607,0.9149208403,0.6180312976,0.4280904324,0.4936913738,0.7824427808,0.4989117328,0.5972073353,0.6434772320,0.8879648399,0.2263349691,0.4440734277
1.4980631659,0.2126157531,0.8964406115,0.2985880793,0.2860060453,0.4878154039,0.2514974189,0.7006289365,0.4163763052,0.6302619544,0.0123752088,0.0975246055,0.5736629262,0.6311303453,0.6721230076,0.5550203615,0.2391591776,0.5602350411,0.0396318506
0.8043418226,0.0554563569,0.7205838580,0.1379160823,0.9879989633,0.4428261524,0.9193055290,0.6074699882,0.7594401122,0.2697789250,0.2545327369,0.3425753968,0.9904621563,0.6702093538,0.9629718064,0.8815719675,0.7561546500,0.3340340743,0.6074486985
1.6887587062,0.7258686021,0.9116508539,0.7134525373,0.4200058220,0.4990053177,0.6392078059,0.5843413415,0.9160485410,0.5918011471,0.9647463667,0.7734469056,0.5596296796,0.3781303203,0.2141344930,0.4081767909,0.5891283006,0.7701579459,0.5202830931
0.5632071002,0.1007747477,0.1805018438,0.5956428723,0.0313190998,0.7704655112,0.8076476879,0.4591294658,0.2202710749,0.9178572404,0.2075551918,0.4096966428,0.1656905267,0.0742526387,0.4481441847,0.5204290107,0.4055680165,0.6352326584,0.3002913597
1.7326176840,0.6499794629,0.8339899335,0.5343230293,0.9585789244,0.6313667531,0.8221522819,0.4179098471,0.9675079365,0.0321189362,0.2523613033,0.1336652866,0.2470079148,0.7262718595,0.5091504187,0.2458541747,0.8675826265,0.9060065518,0.6325142136
0.6014841060,0.0734025812,0.3448207272,0.0632388107,0.1514671668,0.9207501735,0.7733238281,0.9996228639,0.0183465212,0.8827294827,0.6793630150,0.5964081579,0.2122560206,0.5246174763,0.1185889593,0.3712013291,0.3282689370,0.7132951678,0.9229962932
0.7120033468,0.8500164369,0.4545222833,0.0089657384,0.0267309702,0.4466537332,0.4761365779,0.9053492223,0.3657985724,0.0418223943,0.6496414613,0.4329021598,0.1942624319,0.7903212591,0.4648217198,0.0904200123,0.9361725972,0.9311417356,0.3847718159
1.3238131847,0.7019362108,0.2721105313,0.8557116806,0.9122284669,0.2962079376,0.5131748735,0.6567393970,0.3166281318,0.8499439013,0.9006169296,0.4506518850,0.4804040651,0.9346144205,0.0628918266,0.6457677295,0.4053146118,0.8619077032,0.5261313475
1.3451454215,0.4787683773,0.4488503650,0.1571986211,0.6594484881,0.0463824021,0.7997813614,0.0613264698,0.1930341082,0.1050403571,0.0000564737,0.6025982970,0.9602022407,0.4103709073,0.5266416969,0.5878353642,0.5667441085,0.7496967740,0.3852541341
1.0304747335,0.2686300314,0.3380174894,0.1123279485,0.0539091025,0.8140323324,0.8348312775,0.9670919784,0.0594821402,0.1557587532,0.0702032432,0.2876089756,0.8502309492,0.0206657086,0.0645097934,0.2646047949,0.9569849598,0.9911917768,0.5198024370
0.6696821563,0.0660095958,0.4931774195,0.5235149447,0.6657376702,0.0843610938,0.8557248405,0.6581723973,0.6377087045,0.0056153562,0.9090856876,0.6757066780,0.0220746579,0.8024470755,0.6706209185,0.8917422017,0.8464132732,0.9415421044,0.0710599250
0.6976686301,0.0823448746,0.4093796991,0.5589458277,0.1690309493,0.0254569831,0.0880197779,0.2536810114,0.3674888397,0.7543202032,0.5236789927,0.1814097343,0.1333438122,0.6327054563,0.4891744104,0.1859339555,0.5685992493,0.7127753812,0.2622865669
0.9484337277,0.7852745582,0.3977920480,0.0716774600,0.3995467482,0.4118135438,0.9056216441,0.2203585563,0.2175024397,0.0645270933,0.0375765716,0.2016649872,0.4994921138,0.7507386077,0.2563815394,0.9009527682,0.2752955987,0.2499193503,0.8530602152
1.2699053078,0.3939121401,0.5005432205,0.3093257681,0.9754738163,0.5954644830,0.3195112020,0.0501062637,0.9224957445,0.8852147174,0.3097295658,0.1016294634,0.3770643414,0.1911634789,0.5380612960,0.8460747886,0.0066918804,0.0446184715,0.4017980372
1.5134138682,0.3646331542,0.8014626420,0.4689965583,0.5063764573,0.3847262701,0.6899163671,0.1931205798,0.7307833696,0.7681019878,0.7899169244,0.8176666702,0.8658781970,0.1707336436,0.4003155947,0.9313957172,0.3352333124,0.6709821996,0.1248031310
1.3829289539,0.1602126003,0.9506323935,0.2616644606,0.1247511737,0.7334222653,0.3367310011,0.1921127270,0.8229718683,0.1203948558,0.0380707417,0.6996747901,0.4831322450,0.2426721319,0.2990005023,0.6312816768,0.3426809412,0.8743330936,0.5707430801
0.5172928039,0.9660437680,0.2736784273,0.7874860861,0.3505053728,0.1788162311,0.6122030056,0.7220938814,0.6227356557,0.6831056789,0.3788174164,0.4181903911,0.0753773833,0.9750702098,0.6284730466,0.4155241647,0.0614816876,0.7993787955,0.6096516965
1.0232742869,0.4866090538,0.0387927914,0.0682294845,0.4915185239,0.4010458596,0.5036442089,0.9565806053,0.8620052960,0.4757515369,0.3907145563,0.2792883935,0.7605368626,0.0088345496,0.6973197246,0.4999228479,0.3183743656,0.3391598687,0.8964541621
0.3865328539,0.9996864415,0.3278606192,0.0975193572,0.3674885564,0.0901355489,0.6923844461,0.4889996260,0.8365204984,0.5002796693,0.1336376680,0.3481795866,0.4643490948,0.2040745229,0.5416838138,0.8834613499,0.7716181907,0.1640686654,0.1477688609
0.9211566029,0.1497575568,0.4267658440,0.8851155131,0.4247860921,0.9600577795,0.6400095227,0.3041342796,0.8266107389,0.5139453233,0.5621734680,0.1570284370,0.4542676246,0.6128953047,0.0396410709,0.5984058700,0.1072804296,0.2573917712,0.8961148651
1.3686345822,0.4473122030,0.4204960929,0.7541885570,0.4947175968,0.6601684159,0.3670456472,0.8756252886,0.8098369506,0.1874186001,0.9982292408,0.1672240175,0.1564873015,0.8370835327,0.7023563802,0.5312405512,0.0105745587,0.2671512563,0.1010382333
1.3283854953,0.4873138124,0.2271351725,0.6778228670,0.5321330322,0.6248576924,0.6283519035,0.1901241830,0.9161994600,0.5058995499,0.5260107450,0.6939913196,0.5330176198,0.2306494301,0.6093938612,0.4727249675,0.6322084335,0.3865626558,0.4273352718
1.0119506948,0.9260408136,0.9660399553,0.4629212310,0.4470689411,0.1239024677,0.0517509677,0.7917478773,0.1957870316,0.2442816111,0.9027192918,0.0806447019,0.6482902966,0.4663949266,0.2673505707,0.2293896499,0.2361120258,0.5701745060,0.5389802873
0.8381309448,0.9138804643,0.5202828440,0.5445787140,0.0157889755,0.4214675959,0.3957942168,0.7467328112,0.6541526366,0.0723973497,0.8494041802,0.8238872724,0.2464646423,0.2085611552,0.5169357102,0.7995103290,0.1088702126,0.3171643606,0.9041990806
1.1312471930,0.5244604368,0.0915529938,0.3888454760,0.6063667208,0.4719966749,0.2837119489,0.2061872857,0.4169073692,0.9637585911,0.6540655452,0.6251622474,0.9817240527,0.7084120728,0.3082061828,0.0855289162,0.5506256303,0.7090250183,0.4284465452
1.7350971517,0.6451934934,0.6383230428,0.7900049071,0.3801014788,0.4068132045,0.2362724931,0.8434288988,0.8659859107,0.1503813872,0.7510160958,0.3498417429,0.7905125383,0.2033666269,0.8700068159,0.3318494757,0.5588551401,0.3703258357,0.4287475297
0.9916612451,0.9287372394,0.9633384389,0.7050022009,0.3503543424,0.9681736168,0.9967046570,0.5691364843,0.7227931502,0.8908853418,0.6038016164,0.7053355901,0.1130887500,0.5748607849,0.2226445115,0.8978121606,0.4845611679,0.4425598779,0.0275097565
0.8069923803,0.1450739788,0.2262029139,0.8100493651,0.3422269805,0.5623941213,0.7865249419,0.9034503293,0.6122236583,0.0894014708,0.1400172642,0.6205264508,0.3137083045,0.2297044379,0.9605569915,0.4575378886,0.2248046567,0.1861706086,0.0820721286
1.7559852835,0.6624952451,0.8518538732,0.7238393739,0.7496138822,0.1870736873,0.5681348736,0.3757543885,0.3174672104,0.4366671798,0.3874648764,0.0493613292,0.6988573437,0.8681833531,0.2381335278,0.5835560230,0.5491727260,0.6285845803,0.1920635975
1.5639894653,0.6231989315,0.4625448362,0.3880419506,0.2163048468,0.8988272183,0.1778562441,0.2760477583,0.6627825297,0.3658797121,0.4024577103,0.3340571192,0.2668719608,0.7388523425,0.3771620568,0.6854158310,0.5703894863,0.9638714692,0.8829744952
0.5244064346,0.0274644900,0.5806219943,0.9196182009,0.5464696128,0.5836410343,0.1099027902,0.5470984796,0.3470362889,0.5953484772,0.9162563690,0.0691824897,0.9415060474,0.6406262708,0.9173551847,0.6071877945,0.0426321687,0.6746130848,0.1065462754
0.5076777355,0.8968076613,0.3663820540,0.0825892085,0.1061139304,0.1833378972,0.4259295718,0.8998457746,0.7860718526,0.5769793776,0.0042263027,0.2123177135,0.5708291127,0.8123377851,0.1649994026,0.6312580929,0.5888850314,0.4754858924,0.9926890655
1.1810780280,0.4029132034,0.3144955463,0.0073739958,0.8099420422,0.7668094757,0.0964332126,0.2823725737,0.6442982063,0.4053320534,0.2105426163,0.6900824847,0.9497121939,0.0033779867,0.2951328474,0.7123933084,0.8693096058,0.8975066160,0.0204548706
1.4005014896,0.2388589351,0.9001603561,0.8023800064,0.3994037931,0.2739252958,0.1694756279,0.6533590248,0.6564593219,0.6655431945,0.7783494121,0.4268190173,0.6769849148,0.9077538071,0.7138038392,0.7595788949,0.3924141121,0.6340957038,0.3000920072
0.8298433781,0.9325744313,0.7934103178,0.4440504007,0.5154034374,0.8048849946,0.4764769248,0.9450006825,0.5457664229,0.2898400774,0.7612682522,0.2949329032,0.5349050487,0.2909006482,0.5726537528,0.0871930691,0.2122880544,0.8938534542,0.4405468537
0.9938778465,0.7478182136,0.0026888400,0.7515458505,0.2439043137,0.4656749834,0.1554422589,0.2878394652,0.6695034152,0.5165735505,0.6322637655,0.2634691504,0.5052167227,0.8133333379,0.0935838237,0.0109813813,0.5874593799,0.6197736598,0.3405107216
1.0488373517,0.5165429852,0.0265658175,0.1009131524,0.6358680746,0.4226265881,0.8728265008,0.4708289018,0.0777723937,0.4432598507,0.4364292225,0.6459000324,0.7981707536,0.8218919603,0.6101390889,0.6648433425,0.7609781055,0.4776733409,0.8426095320
0.9793873864,0.0801858755,0.8137710715,0.3276270208,0.1668124905,0.8729896208,0.2440847239,0.6048648796,0.6671120474,0.3268643983,0.4358677062,0.8164130566,0.5921169758,0.3936640048,0.8945133602,0.3349619915,0.7616644824,0.7936283077,0.2980357820
0.9799665119,0.2420293503,0.1717768791,0.7800309437,0.8581081684,0.2565230223,0.2352707600,0.8541869357,0.2351601625,0.5643762992,0.1554864764,0.6989676306,0.2147678040,0.7418821173,0.1520664939,0.5819461934,0.8326090413,0.0633962966,0.5878754838
1.3186736248,0.6234013887,0.0226763158,0.7590259583,0.5160476205,0.0283454012,0.5286560825,0.6272319943,0.3644202189,0.5594195660,0.3376081184,0.9092440130,0.1923338972,0.8969844906,0.5730995887,0.1709823701,0.5440044297,0.3961509319,0.6687874272
2.0015774418,0.6331428058,0.9335463575,0.8754608472,0.7533272649,0.4820781944,0.2701079150,0.9819632832,0.6106128946,0.9012749096,0.8368467182,0.3777321366,0.5896586084,0.2266038823,0.6055489636,0.6168766038,0.9146461299,0.0273892208,0.1570229654
1.4227398488,0.6423064024,0.1208683442,0.9010224342,0.9803671708,0.2244855605,0.9493777064,0.8170203955,0.9904235242,0.1354013505,0.5650848626,0.6316322641,0.2712098238,0.9438501796,0.0715366691,0.9456437164,0.9533210880,0.9371203758,0.9189026364
1.4018199730,0.6645003901,0.3633867877,0.0776653321,0.1689840507,0.1251321113,0.1692549754,0.1097386980,0.0560864096,0.5300506586,0.2280924807,0.6985769928,0.5009905237,0.5111713851,0.6775645277,0.4833292253,0.6078530291,0.8650629234,0.0102811171
0.7402189739,0.9463082085,0.7119451281,0.3333941122,0.5843424588,0.1973809571,0.4555222467,0.6560289650,0.6163624796,0.8227502281,0.2056704636,0.0791095100,0.5128779628,0.1625203084,0.5972627613,0.1895569195,0.6736090578,0.6171348428,0.6867321698
1.4554567847,0.2506896824,0.8445330485,0.0025565867,0.8635274105,0.1349871108,0.0927752298,0.3965048413,0.5548541888,0.8032730861,0.4599075254,0.2556072001,0.3021177219,0.9450323146,0.4725567901,0.7222989901,0.9296638708,0.9152434326,0.5537274941
1.0208771325,0.2123334028,0.3421651647,0.7779022950,0.0799064308,0.8334308111,0.3223642740,0.8556129102,0.4527825331,0.1239443451,0.0582403644,0.1028916320,0.0104210954,0.0490674218,0.2340600458,0.3649080660,0.7756293342,0.1693841245,0.1286403400
0.6949949354,0.1304696288,0.2980390356,0.3009975246,0.2232489330,0.8105234517,0.9476650793,0.5946403072,0.9909906669,0.1250172630,0.8793453978,0.2235123199,0.8703760549,0.0518772314,0.2243027319,0.3002048976,0.8658993292,0.2578182446,0.6882820323
1.0571816321,0.8530043651,0.8612828328,0.2249624909,0.1712037424,0.0233077311,0.5998832177,0.8344767860,0.7770274490,0.0996768263,0.9423916159,0.8872690289,0.9804459918,0.4807273679,0.1766237080,0.5313417727,0.0632064265,0.2635240669,0.5678081546
1.5094069961,0.3658550661,0.7753567539,0.9602750666,0.2126517559,0.1143361061,0.9948703586,0.9353270690,0.3410762382,0.4942112217,0.2126365860,0.8806985444,0.1031686592,0.8552987773,0.4433954676,0.7103134774,0.5096368032,0.8820673178,0.9613669207
1.2639302005,0.1181427614,0.9979340127,0.7768094040,0.8973444476,0.2066973200,0.6947807802,0.5602512146,0.5116792185,0.5567660855,0.0777727986,0.8537754710,0.4041861249,0.1742665973,0.2085040884,0.9651142421,0.8017619785,0.7320806005,0.3186375976
1.5926896261,0.4738923857,0.7144026524,0.5093184702,0.5542283832,0.9457439328,0.4387666017,0.8257414940,0.3594652576,0.3709551092,0.7162676809,0.9155085942,0.2246240365,0.6296156528,0.6482618644,0.9285137923,0.0959365755,0.6054903626,0.3403243439
1.3394360286,0.2248018731,0.8170697274,0.5482039758,0.8680707366,0.5529375508,0.6419588321,0.6198706589,0.9340918876,0.7544813510,0.7954751790,0.2911999613,0.1553811516,0.9706507919,0.1035868793,0.1568279913,0.7922202135,0.2790726047,0.5517046745
1.0428980144,0.2408988745,0.2390400666,0.5804049985,0.0762482510,0.0857732986,0.0867487259,0.7867459592,0.4272193384,0.2097014743,0.3496487833,0.2064084670,0.7685480701,0.4723666217,0.3920098638,0.1536964834,0.5163152268,0.5674294276,0.0446815087
1.4931230161,0.5535465686,0.5373014570,0.0161438100,0.3397776687,0.6509169072,0.1611751972,0.0707114866,0.6735304452,0.2181158981,0.4144560360,0.6396887619,0.8048720147,0.6896126006,0.0843669748,0.0655577797,0.1944215096,0.1159085515,0.7941011546
1.0375747164,0.4048081662,0.2562996735,0.0522490390,0.0180687824,0.1228008709,0.7692762497,0.5893077505,0.1753015101,0.6307714879,0.8492806609,0.0230189728,0.2381823929,0.0350307005,0.7833763932,0.8107354743,0.9092035132,0.0156334234,0.3291402628
1.2064937505,0.7609368462,0.3928065554,0.9396891188,0.5502672437,0.7978667016,0.2240344183,0.5217913731,0.2022625393,0.2690295115,0.3863064992,0.3306016912,0.6881077727,0.8785998294,0.2978405075,0.5984312082,0.1364287223,0.3167753898,0.0532068078
1.0292734517,0.1664155173,0.5024436245,0.6882669722,0.4504322238,0.4637719349,0.5420208519,0.3658008654,0.9666460768,0.4734200464,0.1284452577,0.5828781696,0.0033263810,0.4430187457,0.1049768315,0.0717353588,0.0047126241,0.1994917270,0.1636148189
1.0030739482,0.2990077955,0.0734412592,0.8727291666,0.7356694745,0.7624770266,0.6197466129,0.2627236072,0.6895909887,0.0380335616,0.5307851498,0.7564035845,0.1694050703,0.8743929844,0.2296382800,0.9612971714,0.4838253555,0.5632977405,0.2120843841
1.0751482472,0.2073156558,0.3709824291,0.8780436140,0.1382512847,0.5109882500,0.2807860452,0.9447723181,0.3434715095,0.7601590216,0.2386646130,0.6795009132,0.4257966601,0.6714322463,0.8720942251,0.6566579584,0.9598570323,0.9300491788,0.9050704887
1.5563557495,0.4852690012,0.5519939907,0.8908517811,0.5634530330,0.8794549677,0.1248778463,0.7446068936,0.7004599049,0.8535929844,0.3093632588,0.4829556595,0.2522046438,0.4168217318,0.7338630645,0.8496333975,0.9116317747,0.1170975819,0.2445010754
0.6637660933,0.7890679928,0.0614301629,0.2776888299,0.6724808408,0.2661637122,0.0089311034,0.5636255904,0.4874024616,0.7246929611,0.5401644596,0.3894959802,0.6747826489,0.5621206424,0.5114513730,0.8220809100,0.2242413927,0.8574406625,0.6172695534
1.3693595563,0.6730457790,0.3624752868,0.3452007418,0.5525324901,0.9654793070,0.2582924430,0.3110696712,0.4645693226,0.8255553957,0.3655624113,0.7776895757,0.5475366932,0.2167135181,0.4487758562,0.3443642563,0.7801083698,0.6081690097,0.1788579159
0.7036257578,0.8584006008,0.3194025391,0.2348344352,0.7344904825,0.7430254415,0.5048553147,0.4277101854,0.0012832645,0.8522113278,0.8568040591,0.7245727916,0.6333030692,0.6503616729,0.3455761635,0.9646809638,0.7027440630,0.8426490125,0.0087162111
0.8017971220,0.8631170536,0.2578621230,0.9100828368,0.8294897421,0.8658396421,0.1913544425,0.0312138987,0.6385613979,0.0073382823,0.9898033944,0.7176950148,0.2905436346,0.5155331575,0.7982580255,0.0363834291,0.5752059619,0.6255867685,0.6134818437
1.4077630874,0.3266389806,0.5756384979,0.7472886435,0.9278456691,0.6337216068,0.9652694477,0.8588713450,0.2128195453,0.2842488264,0.8353318609,0.0409354648,0.9850627384,0.4590384499,0.1973626993,0.9843268229,0.4882765091,0.0536615960,0.7475409389
1.5721520006,0.2560747991,0.9628914346,0.0096526086,0.9305343292,0.1792232054,0.0337073487,0.3500428970,0.4231088610,0.5731225970,0.2844760834,0.8376173225,0.7252683512,0.1422653356,0.7386639725,0.2530861639,0.0687794580,0.7340552155,0.7663236942
1.1437548637,0.2260115475,0.5288134907,0.9995074126,0.1527169867,0.6146140253,0.3719505335,0.5284464312,0.8623694289,0.2097714933,0.5746171396,0.3703342045,0.8498638038,0.9728650275,0.3902681947,0.8839882315,0.4614686388,0.0882733667,0.0373070494
1.2522614471,0.4966844739,0.0962407443,0.7580780245,0.0498625684,0.1348234438,0.4862628840,0.8152359544,0.0635358850,0.5180693817,0.6973495999,0.1437179400,0.9971918809,0.7273146310,0.2587236813,0.9113000327,0.5138061092,0.4424870553,0.5540080172
0.7056035930,0.9714862078,0.7663710559,0.0716746385,0.5008000823,0.9712270078,0.6032661976,0.7870370904,0.6683502190,0.7961952757,0.4691221855,0.9838099038,0.5723309214,0.6268520176,0.4058879132,0.6941413231,0.3523915269,0.8394111748,0.5214554022
1.7194658303,0.6826507044,0.7980499358,0.7831926752,0.3979388662,0.5652268289,0.9565320200,0.0427178737,0.1860039519,0.6936098663,0.3350063170,0.8667506612,0.7113142592,0.0239047488,0.5803916430,0.0502278723,0.7543496640,0.4074141262,0.0323610437
0.8026272315,0.1757100587,0.1383103754,0.0339327106,0.3871808823,0.8600110743,0.8705470305,0.9763677537,0.7237637124,0.1565873323,0.3889342660,0.1118302624,0.9656851509,0.7032040243,0.0115271649,0.8865449556,0.6732276708,0.0237818688,0.5540627150
1.7450132181,0.5193075518,0.7886685525,0.3591612725,0.1748556639,0.4266813541,0.8850034476,0.3386411936,0.5505896038,0.7295682718,0.2959788206,0.1476928229,0.6079916264,0.9312001692,0.0847279510,0.4140038341,0.4604700802,0.1765155954,0.1543436385
1.5754374988,0.5046612301,0.5014039403,0.8847062055,0.2447840127,0.7193659873,0.4324109034,0.2793048631,0.2309707554,0.8622690015,0.3698882459,0.6436348573,0.5418390543,0.2242668514,0.6752923198,0.1655662060,0.0523782931,0.8242111755,0.5023310154
1.3298538007,0.3271806323,0.6077916630,0.3906838238,0.7927509217,0.5336555400,0.2147769918,0.4290083302,0.5892686472,0.0686481138,0.1814198568,0.2116225797,0.2741082423,0.7707890944,0.1558839025,0.9513107470,0.4887235140,0.5826921714,0.8832364160
1.9634897463,0.5499583101,0.9678591954,0.1002557240,0.5618869465,0.8496499521,0.5962744627,0.0526481565,0.6291411427,0.4995263188,0.5056013141,0.2958562438,0.7679032452,0.1071079993,0.5387940319,0.4363909558,0.0967598175,0.6566155266,0.0443588167
1.6216280599,0.6530020162,0.6696371810,0.0038912743,0.7498019751,0.1837312614,0.8674502610,0.0747775565,0.2603172640,0.4455656114,0.9030181523,0.0406327174,0.2820840742,0.8848836924,0.1933831169,0.1981022546,0.4243118990,0.7649375620,0.0330626752
1.4103242548,0.2231229075,0.8483102549,0.5147694701,0.3237180075,0.5913842285,0.2310141554,0.3881241129,0.3168205696,0.0742935552,0.3777935353,0.3674343595,0.0723114920,0.1808375538,0.4155326019,0.7891065034,0.2258897075,0.8472494806,0.6741069717
0.6948674764,0.9398452069,0.6776365433,0.3563925536,0.7734841568,0.2923669557,0.7478984897,0.8697678787,0.2601433057,0.4237903748,0.7530881160,0.0139677337,0.4886212923,0.4395656163,0.0472106747,0.1209008463,0.9437328088,0.0186604310,0.7520870518
0.9025598231,0.7903663545,0.2879182954,0.5369374344,0.4445014551,0.9132999809,0.9508970460,0.6476564209,0.1881092121,0.1773314163,0.3115035863,0.4331681029,0.0801672950,0.5807579384,0.0821450949,0.9576612487,0.7206443511,0.8106329457,0.3152464426
1.3799979241,0.5160885032,0.2001121384,0.5437811622,0.4973014963,0.3341839358,0.9013872768,0.3755902358,0.1845670145,0.8994012544,0.6062432387,0.0224461642,0.0094897461,0.0273111762,0.6604542071,0.3513926536,0.5737178303,0.0809052685,0.7205586673
1.3627597718,0.6185294290,0.3062002077,0.0242121368,0.2295411736,0.9982085418,0.9458672014,0.2305700459,0.6673733267,0.9174563562,0.2876678376,0.0204358577,0.3776473965,0.4620161686,0.7907347523,0.3410291807,0.5796851354,0.7018008287,0.2715993000
1.6468824327,0.4201771104,0.9286536618,0.5083286584,0.4178147905,0.9854307217,0.2861712343,0.2528529511,0.3878281850,0.5942763135,0.4722085295,0.3633940497,0.6204708393,0.6226791898,0.8659322574,0.9171188690,0.3601217943,0.2901129610,0.5595238309
1.2651276777,0.3126090006,0.6221872513,0.9148197487,0.7285681901,0.7218138581,0.7842621580,0.9943366375,0.8033734804,0.0015504406,0.7966918851,0.6523278006,0.9208070719,0.0569480521,0.7799032958,0.4462855965,0.6431885571,0.2557901677,0.1678729995
1.6578504576,0.4839129611,0.6508317536,0.4229931986,0.8450957394,0.2017863375,0.0269851259,0.7888896412,0.0878405655,0.6805032520,0.6219016450,0.0509548665,0.3204067792,0.4211715544,0.8684175383,0.6681041311,0.5004363939,0.3238301681,0.1919443135
0.3576356917,0.9445271920,0.3413505139,0.0967440440,0.6951383554,0.0507608345,0.5424371283,0.4533361694,0.3775112189,0.9870292441,0.0027925828,0.6057328370,0.6132829365,0.5583997009,0.5824443991,0.2581783173,0.2259337448,0.2922751428,0.3754556500
0.7686008947,0.2615767043,0.0206677860,0.2186683525,0.8205782969,0.6031045477,0.7587279697,0.9597459947,0.7961544903,0.5516793789,0.1572756465,0.5371575343,0.9383393737,0.0721635688,0.3644222922,0.1854320671,0.5307290186,0.8110318258,0.5631146511
1.1952198305,0.8055727392,0.7733608540,0.1208660870,0.7794023376,0.3897582884,0.8168310629,0.6739792235,0.6022851738,0.4030781544,0.5881221125,0.1753453246,0.5210921231,0.2267256825,0.4210470868,0.4758400717,0.3259596046,0.2586062118,0.4310802882
0.6753136265,0.9626831304,0.3558580768,0.9450111504,0.5587419665,0.6594481120,0.4055775506,0.2466110834,0.1025380468,0.7589761534,0.2655280567,0.0807084164,0.6512282617,0.9746105211,0.2168957987,0.9568870363,0.5303228423,0.6680202201,0.2403074592
0.9809575102,0.2047052054,0.3131993186,0.8148934380,0.5002920083,0.6457712356,0.5772937229,0.1471172140,0.1676675383,0.6984625604,0.5338560834,0.2707887872,0.8508300464,0.7386061967,0.0270957829,0.6608024050,0.6132534686,0.7675551883,0.9830902582
0.6972593618,0.8440130193,0.4320940375,0.4338912669,0.7076254445,0.2326851286,0.2043440272,0.7309264671,0.4767820363,0.0609659367,0.7344442167,0.2421114643,0.4186501207,0.7849120984,0.6636252327,0.7836141730,0.9587079101,0.5554389804,0.3282318980
0.4856568259,0.8426491282,0.0545072294,0.1961444925,0.7825071113,0.0720339140,0.4207584166,0.1534175133,0.8653552271,0.4275404219,0.4269855211,0.5957919724,0.0149270718,0.7318202264,0.0558246788,0.3971064946,0.2362268937,0.0123905366,0.6383181704
1.6200535734,0.6998395020,0.6748485950,0.6101878102,0.4259496027,0.6832848155,0.0249327325,0.1813877701,0.2957879754,0.7666653806,0.0499039659,0.8317520376,0.3385720882,0.6943217653,0.9610414303,0.3289688603,0.0428778439,0.9390996973,0.9917480200
0.6755926790,0.9911624077,0.7153083772,0.2580849283,0.0890684417,0.5106247070,0.7826972541,0.5866145858,0.7401844331,0.8820710314,0.5011787307,0.9523271418,0.3437349030,0.7179835051,0.2549883372,0.2735763949,0.4879037842,0.2517424152,0.5176317841
0.6791585803,0.8413688839,0.3495570351,0.2309229853,0.2612515680,0.8327117872,0.4219640657,0.8796108884,0.9356123564,0.7504478646,0.4011476728,0.3592815941,0.8232799718,0.3161817714,0.6499009500,0.2122792655,0.8790590783,0.6979599386,0.3204762506
0.5845837753,0.0681257432,0.3395498897,0.4697380823,0.9272429618,0.1672368249,0.1652015928,0.8605976666,0.5314719830,0.7751742372,0.1002638518,0.7180287194,0.0473964798,0.9243731204,0.3993726658,0.2484938801,0.8736064669,0.7411131944,0.1996459467
1.3727768362,0.3300457160,0.6862940025,0.6868739589,0.7720817448,0.3694776805,0.0989170134,0.0472736128,0.8020830921,0.0425821032,0.0624752676,0.2966111624,0.2606347774,0.5975913909,0.2045431546,0.4239358930,0.5842680101,0.4776145455,0.1082314227
0.8163840162,0.1866071378,0.3640270955,0.3706061655,0.3445369986,0.6496013706,0.0029646482,0.3951093805,0.0032894147,0.8759547902,0.8654234379,0.7659418580,0.4588972971,0.5613639221,0.1470003886,0.7657128828,0.4787010936,0.3859195459,0.1792666155
0.5610329174,0.9684965036,0.5056287018,0.6752392065,0.2616853094,0.2172408457,0.6642475105,0.8195793140,0.3416019179,0.8929453591,0.0464143209,0.9101362154,0.9083284386,0.8991764036,0.6996339866,0.3125616481,0.5076534572,0.2088182719,0.4401531845
0.8993712383,0.8268521565,0.2783727287,0.9100627319,0.2102022181,0.2401476411,0.1199125493,0.1534058410,0.0018601107,0.5843924240,0.3798623671,0.6080616429,0.0356260776,0.1879777388,0.9160924547,0.3175768650,0.4378900056,0.3337483444,0.5388518376
0.5953128339,0.9979415558,0.2214984919,0.9937487338,0.0537384025,0.2649847922,0.3732546174,0.1867241721,0.5489223501,0.3298076910,0.8265594291,0.4980770330,0.8560009493,0.6536631527,0.9867610280,0.1918385881,0.2518771309,0.4547211323,0.2364201816
0.5142505731,0.8641412877,0.1280807420,0.6003998708,0.9365196107,0.2616167849,0.2447822606,0.5147444275,0.7087023696,0.1951752484,0.6042983955,0.2744076578,0.9705238568,0.9778969242,0.5465655056,0.0298442460,0.4994894897,0.7670049163,0.4653428184
1.1396350216,0.3391943311,0.1676397314,0.7326299509,0.1639999097,0.5852958932,0.8298226000,0.6230974327,0.5389521761,0.0894711991,0.2260503774,0.4154943142,0.1042419599,0.8968875468,0.9783487439,0.7971115606,0.3190917649,0.1270917822,0.2262584428
0.8131088765,0.2226172386,0.1811965883,0.1949004939,0.2846226480,0.9158410659,0.6461901707,0.4392183146,0.2030705908,0.1407336231,0.0734134681,0.6228166018,0.9058537381,0.9180452988,0.9199080596,0.7760995946,0.0736142269,0.7770324888,0.9567906170
0.3934588529,0.9769766255,0.1643643647,0.8127952144,0.3148149558,0.4366702406,0.6988791233,0.5122185309,0.0764680762,0.1585123965,0.5728853487,0.7894209027,0.1710424407,0.1447226154,0.5251929701,0.8545913642,0.2792770107,0.3403468667,0.0094863600
1.6904910774,0.4508107575,0.8753296428,0.3577645894,0.3195108696,0.8932888721,0.4190535027,0.6285617606,0.2831108075,0.2435532513,0.7137340418,0.0433585223,0.4235940948,0.1061543947,0.6602970784,0.0525875217,0.0046785488,0.0990286106,0.5315579931
1.2919773132,0.5509928384,0.1485851386,0.3045558829,0.8163315626,0.1129148534,0.4214154500,0.9844044208,0.1070032420,0.5201778685,0.6577017462,0.7189884890,0.6869411955,0.6867609023,0.9134206073,0.0040683421,0.5076942586,0.5343600347,0.0801618470
1.0140362092,0.2788895225,0.2028313281,0.5570277836,0.1717826620,0.7311774056,0.0843509958,0.7809152339,0.6557227789,0.5952311370,0.9200196131,0.5037125190,0.0820853665,0.4510202387,0.6778733199,0.3765798047,0.0686993798,0.2344130907,0.7138263355
1.1948042455,0.2938842676,0.4443754943,0.4121550186,0.4400927110,0.0717471774,0.7114224260,0.2818740079,0.5399957223,0.3898325403,0.6071442322,0.2411976630,0.8125478724,0.9479092037,0.3959088751,0.9361397271,0.7669421622,0.9166889799,0.5952166602
0.9529002498,0.7513333043,0.1725353216,0.1755097358,0.9040002140,0.4927804464,0.9673540285,0.6277355928,0.5172126750,0.6699644893,0.3686823791,0.0725755027,0.0091054675,0.6944439967,0.0568184783,0.1015300812,0.1127762986,0.6906852488,0.2596279672
0.8036692995,0.1593944433,0.3966620109,0.5960616432,0.4679656599,0.3651946046,0.6673093642,0.8422765686,0.7642154904,0.5179170614,0.2798259666,0.7075138725,0.4701369941,0.0242539648,0.9943205014,0.2043985407,0.5808278904,0.7984072806,0.1910683771
1.4638612647,0.5100497688,0.3677708345,0.3352623817,0.0428625424,0.3483314038,0.4418389699,0.1072144236,0.4778387228,0.2917139091,0.5934465278,0.8380504925,0.8172547065,0.5584260113,0.5519931445,0.1210856280,0.0552422977,0.8691446391,0.3841377865
1.5540466889,0.4935397247,0.4257987032,0.5756392203,0.0461502691,0.0283962048,0.5109512972,0.3849610987,0.5838611147,0.5585252905,0.5555465205,0.5787139841,0.3460059852,0.2547499668,0.1818030573,0.6663492275,0.7764223930,0.9777070445,0.9877471883
0.2583470724,0.0572786144,0.0597631050,0.2642526210,0.3403677946,0.6978717335,0.2360930410,0.2024866487,0.2852866658,0.5052198145,0.9326798460,0.8846411316,0.6389455556,0.0084535195,0.5345616317,0.2066412848,0.9579355701,0.8628088844,0.4528837958
0.3101727340,0.9517004216,0.1115078248,0.5907458742,0.3307996858,0.8636410108,0.4540599608,0.0216551329,0.9100230600,0.0826608432,0.6939821818,0.8218974777,0.9914956473,0.9710427091,0.5405478017,0.9398275020,0.5296424055,0.0733858974,0.8031685179
1.1381477706,0.7980137708,0.6509229511,0.4601413874,0.6810543032,0.2344040858,0.6720642606,0.5298047206,0.4013943209,0.5064492036,0.9895654184,0.5452544851,0.4354169581,0.5102555229,0.9062395303,0.8795753518,0.8682694633,0.0730819493,0.4640918842
