0.5075538906,0.8385648124,0.6921481486,0.2160888282
0.8493610683,0.1254118979,0.3750692892,0.7538885181
1.4824807725,0.7351879616,0.4128894825,0.6449313695
0.5769076395,0.8242052997,0.0662826601,0.5382972370
1.1963053859,0.7558726123,0.8253250923,0.2191128709
1.3203486498,0.4839306516,0.3661178169,0.2653491055
1.1072819548,0.7983301780,0.5601573097,0.5621789193
1.1507903221,0.2658963187,0.6979550453,0.0604590381
0.5249597978,0.9716296629,0.5006199961,0.1902635439
1.5224742827,0.4620275886,0.7140201817,0.8246512508
0.4745306881,0.8695089990,0.7650935053,0.3784356567
1.0724604268,0.2969020066,0.6978009311,0.4592899406
1.7762984750,0.5381610457,0.8632297770,0.1113501372
0.3498662560,0.0465127783,0.2521098546,0.3988167869
1.2402920166,0.2962267625,0.8941109489,0.4558918273
1.1820559930,0.3523008447,0.3758870775,0.6100404020
1.2510242336,0.4744085696,0.1212017535,0.4970980692
1.8883007176,0.7442719486,0.7622568117,0.9820200615
1.1888863640,0.4038885350,0.8413836356,0.6488714001
0.3089010329,0.0735830801,0.6912448289,0.9864246115
0.9255598454,0.2797242228,0.4002761706,0.2939290479
1.4971320940,0.7256917627,0.9030381300,0.2611328880
1.2824964406,0.3930946001,0.7925775063,0.8875488789
0.9223038451,0.9752310150,0.7813550038,0.7205502580
0.9880932011,0.2912454404,0.2686902296,0.3642291123
1.5045204308,0.7366750407,0.5495173109,0.4378795547
1.2923703795,0.4140864348,0.6227500874,0.6706608238
2.0578678722,0.5602242216,0.9840606163,0.9145827384
1.3708764285,0.4846075444,0.3200008258,0.4478968741
0.6748213129,0.0800524142,0.5017669240,0.1311157227
0.3697721426,0.8507489593,0.4054654973,0.2478085579
0.9158664055,0.4420525118,0.2677121492,0.1130424819
1.4565732238,0.5150103777,0.4492222661,0.2526580296
1.2739359114,0.3524188699,0.3182549880,0.8769793404
0.8633865941,0.3507742860,0.3524623415,0.2550931203
1.3123535475,0.7930827141,0.6399575400,0.7517206097
0.7453776410,0.3072559769,0.1726194175,0.2238831188
1.4959168387,0.8351084794,0.0803205309,0.9868659991
1.6797605245,0.4942028815,0.6548702809,0.9197375865
0.5489399680,0.8172869891,0.4835282366,0.0942667629
1.9571887944,0.5740437915,0.4336978149,0.6960801058
1.0376320271,0.1656414422,0.4097096844,0.1805206382
0.2919702701,0.9448761675,0.4477669191,0.0300184956
0.6791424217,0.0547743973,0.6650428170,0.2873261461
0.7362356586,0.8944486169,0.4945285216,0.5687141788
1.9413882304,0.5907463978,0.8012529627,0.5165932042
0.3768895422,0.0392373496,0.8317548700,0.8231783556
0.9104492746,0.1021062536,0.6256981886,0.1848154834
1.6470920367,0.4785040277,0.3565617464,0.8399795020
1.1381616960,0.3700580649,0.9765995404,0.9707272677
1.7847836717,0.6637511942,0.6751583844,0.1471196538
0.9023008146,0.1606224251,0.2755541946,0.4597432043
1.3104153038,0.4022267037,0.2048945995,0.8643896520
0.7747693164,0.1217212050,0.3459284965,0.8378272071
0.5423376885,0.9564273068,0.6797994464,0.3910149812
1.0934459482,0.7603843530,0.9433266500,0.0176009373
0.9770815998,0.1881282816,0.3754059338,0.1192757440
1.0834795671,0.3410211328,0.8211878855,0.0662024094
0.8178821563,0.1515626497,0.0441551694,0.1480402694
0.7082436837,0.0961111269,0.6607852845,0.8311612139
0.9886354357,0.2056727945,0.8905273600,0.9706899568
1.7487963167,0.6655081818,0.5476896997,0.4482629570
1.6898752987,0.6014179261,0.2209112511,0.4771638798
0.1913086125,0.8863306715,0.7937774020,0.0997893323
0.6706162730,0.3078111187,0.0616456466,0.1903749016
2.0767039568,0.6170353316,0.7546213526,0.7866565327
1.1277573567,0.1186228350,0.7557587169,0.4327454539
0.6377155564,0.9037741985,0.9332073393,0.6724941716
0.8292086972,0.2071172630,0.0411763145,0.3408890619
1.7855235444,0.6623003493,0.9842193016,0.4046624752
-0.0619284609,0.0208745272,0.2389601189,0.9676462141
1.7210968007,0.7317212116,0.6731629691,0.7212457241
1.5677430517,0.4761348024,0.1314496107,0.8639575514
0.1126456892,0.8419469105,0.1738512581,0.1487456579
1.9926870669,0.5525985659,0.5785464836,0.9645590440
1.7824077635,0.6382294234,0.7750126903,0.0657430324
0.9143947740,0.4656427499,0.0603255527,0.1136155884
1.0123512125,0.3903200789,0.4034750835,0.3411211095
1.9638527901,0.5515113787,0.7672869857,0.8182601175
1.8045353100,0.6646535104,0.7421850956,0.0918275915
1.2343989095,0.8631117301,0.5743896840,0.9161485023
0.8475909880,0.3343078281,0.3152522300,0.3097131815
1.0245754941,0.9171880681,0.4086158821,0.8527969166
1.8162469942,0.7063839406,0.5345699724,0.7829973496
1.0211568141,0.1674365369,0.7872160559,0.7223515743
1.8593104590,0.5642933136,0.5880305582,0.3170847466
-0.0101374905,0.9729597854,0.0180306492,0.0393487397
1.8886457910,0.6937956076,0.7939109127,0.8312378272
1.6122719546,0.7361721432,0.9309401534,0.6268450487
0.5539616716,0.0750801377,0.4579698058,0.6673052032
0.9549202989,0.3767167067,0.2912536710,0.4874346947
1.9619387443,0.6230334198,0.9885497153,0.4784843082
1.2574375035,0.1943141188,0.9644071064,0.2427213021
-0.0301392136,0.9368928517,0.1268164412,0.1403848178
0.5452443758,0.9927360380,0.3877925557,0.3892683011
1.2904637136,0.4142303020,0.1060244912,0.8525802313
1.0022532879,0.3126479330,0.3201621744,0.4771668011
0.4554068553,0.8183722534,0.4209713921,0.0931982528
1.9809532595,0.7165450814,0.6836127441,0.9466337440
1.1216227433,0.3085979269,0.6620862675,0.5685588188
0.0545883201,0.0205718000,0.1813924883,0.3867582282
0.9311922038,0.9286761036,0.4616673207,0.7953549751
1.8056285321,0.6715685951,0.4900508063,0.4156355629
1.1981399289,0.4291583823,0.3689274132,0.4130979720
0.7224654419,0.1198533212,0.3087622732,0.7135621869
1.0668127468,0.2834127955,0.5738619127,0.2557702083
1.8483131535,0.5118040570,0.1070193740,0.8971229938
1.7491260117,0.6841261214,0.5903251310,0.6171834751
1.1428006979,0.1552358510,0.8356552032,0.5383903454
0.8527185558,0.1199651294,0.1352989832,0.1665563422
1.7196102671,0.6605664158,0.3029613452,0.3789806103
0.5345698300,0.9239652641,0.9686289232,0.6068881300
0.6396686062,0.1164209971,0.3631344388,0.9339921438
1.3442310240,0.1573097489,0.9726533391,0.0778226380
0.2623385415,0.9363256739,0.6160131160,0.0824252737
0.6078757070,0.0647664990,0.7644816445,0.6167229400
0.5366767780,0.9907689597,0.7227897674,0.1396095485
0.0425342100,0.8622019289,0.0804292797,0.1456182779
0.9190551810,0.1142664925,0.5635453516,0.3065590598
1.9461481226,0.6393531051,0.9098607690,0.1973137837
0.1943407409,0.0316874397,0.4510273633,0.8528988490
0.7279994170,0.8989968403,0.6993389778,0.6909173500
1.2304545940,0.3672300780,0.9280182787,0.6537052755
1.1771970348,0.7381806194,0.3804935257,0.2450121569
1.5433079369,0.6473195202,0.0661419496,0.2359515522
0.9810975533,0.1538817357,0.5950346300,0.5302233098
1.3846900462,0.4801699002,0.8625020402,0.0957588935
0.6294693818,0.8336173990,0.7138197549,0.3306506783
1.0703434000,0.3256701037,0.4588317440,0.3656437751
1.3817962335,0.4404221744,0.5733714337,0.9128775106
0.6864575316,0.1111873139,0.2371278704,0.6894189689
1.2312147501,0.8170080850,0.9996766321,0.9042764908
0.8235314307,0.1086803457,0.3072003434,0.1762804704
1.8470126218,0.5824802905,0.2395901808,0.6184148111
1.3793098737,0.1942426201,0.8757482893,0.1596514675
1.4503365484,0.5336973952,0.0384364896,0.4245911800
1.1169992844,0.1907297414,0.4692232402,0.1061465340
0.3942741809,0.0655327317,0.3258318045,0.7373222561
1.7183011308,0.5475918476,0.4473262486,0.5015614459
1.1435952615,0.7311094659,0.2283659991,0.0584374127
0.9696403416,0.8551128872,0.7891781938,0.7562105966
0.7980837565,0.9953624680,0.7284303189,0.5045214049
1.2329135185,0.2493038193,0.7257353347,0.2820210587
1.0772555671,0.2358676889,0.2166538817,0.9310093030
0.6285777360,0.0907767858,0.1397206047,0.6609961901
0.8903582147,0.9245816568,0.8798947361,0.8661111512
0.2665108560,0.9048290701,0.6583351875,0.1422419700
1.3750913382,0.4008342538,0.2579872365,0.9493903048
0.6389995531,0.0993672411,0.8822745606,0.8525801674
0.5196402233,0.0558989133,0.4453194588,0.2191123653
1.1350697871,0.1735416759,0.4133891867,0.1443512944
0.3796000144,0.9317196330,0.2113813364,0.4886011401
1.1082748304,0.3893971545,0.1816528392,0.6069193380
1.5559561858,0.5348527534,0.4518173899,0.0057068879
1.1012987046,0.3660681172,0.4625344942,0.6335269362
1.3199205262,0.4340064218,0.7947426076,0.6032119463
1.1289789469,0.2652523564,0.6109879794,0.2247949116
1.9239780298,0.5341023211,0.7473689097,0.7943814390
0.9437342123,0.1254319494,0.3790367953,0.3270483684
1.2593592061,0.4001293897,0.5786225154,0.7326551028
1.2203466071,0.8433744539,0.6748759729,0.9086631474
0.5393105447,0.9542721388,0.2511753085,0.5601812834
0.9032405543,0.1267814328,0.5555983441,0.6661480973
1.8129482629,0.6724501565,0.7177415204,0.3849193249
0.9876362454,0.4453933194,0.1922779410,0.4282407649
1.9796801690,0.5518252517,0.7754309824,0.9261334211
1.2211138503,0.9768062235,0.6227658472,0.9521093631
0.8278436050,0.2112855192,0.0903033051,0.4067120500
0.6025542476,0.8416222351,0.2178131587,0.5374328696
1.0014885782,0.9155082525,0.1564406173,0.8796873324
1.1749737716,0.7317302948,0.3944736341,0.0258182497
1.3433549285,0.4030864563,0.0926216632,0.8553717010
1.0831605907,0.9361616292,0.2786782685,0.8857622762
2.0677329823,0.5875489968,0.7828693095,0.9909625666
1.2025506917,0.7317487189,0.4841413728,0.1172317368
0.0680774680,0.0236842949,0.9057579792,0.8684801170
1.4103591765,0.7589133900,0.5102031336,0.6445665439
1.1981825515,0.1791982070,0.6648362150,0.3757685089
0.5392576694,0.0849567333,0.2527651208,0.7073937711
0.8055805511,0.9900001933,0.5789968809,0.5116365062
1.1324441104,0.3530895975,0.5281752572,0.5252549676
1.1732716167,0.2933466981,0.6512940341,0.7885115083
0.3834391710,0.9643280539,0.2659844319,0.3428801573
0.5019316131,0.8132020639,0.2228936681,0.2038622905
1.1065847542,0.2125141844,0.4251870953,0.4733174191
1.6758307186,0.5684424906,0.4954873638,0.0751286313
0.3871122247,0.8638645864,0.7909300302,0.2045630245
1.1766647924,0.3417577866,0.6525077990,0.8838040500
1.5222414326,0.4601111921,0.2023686556,0.9318641309
0.9321905009,0.2394523840,0.1781309795,0.4557967123
0.9408231132,0.7720470329,0.2146711471,0.3843011569
0.3719283362,0.9156994673,0.4797704410,0.3634741453
0.5485769916,0.0967367163,0.0886661754,0.5314841963
0.9288582150,0.2294843340,0.0520867081,0.5105136387
2.0043991483,0.5550371425,0.6431772029,0.9467998518
1.6023843351,0.5528756716,0.1623010676,0.4952545236
0.9561219916,0.9158803539,0.7236564544,0.8048329559
1.6937182250,0.5384429531,0.8744723570,0.0401696119
0.5204740618,0.8531005082,0.4099524528,0.3685038543
1.1503721231,0.3319932436,0.3376238098,0.7497407695
1.0426477175,0.3492914571,0.6608432275,0.4177113551
0.9000994390,0.3321590507,0.2729744715,0.3901502186
0.9291064601,0.7545549524,0.1756214677,0.1348351102
0.8005173739,0.1242868636,0.1920492748,0.9397809992
1.6890335627,0.4969101411,0.8277824978,0.7106987931
0.8293295278,0.1414241952,0.1571941461,0.6542767452
0.4714696311,0.0250677188,0.8114584451,0.3824429198
1.0925015415,0.2226736822,0.7392453619,0.9814401507
1.3376832285,0.4338380360,0.8435406404,0.5457403992
1.0193808612,0.4335806432,0.2462483021,0.3255819176
0.3197067993,0.9810546021,0.1574630802,0.3678083932
1.9305661634,0.5939531388,0.2291751482,0.6956718235
0.7118219510,0.9191899663,0.8600948807,0.6720603017
0.9084455990,0.0846484513,0.6807717680,0.3813100231
0.3599414578,0.8500037518,0.0876283814,0.4320587296
0.4148661555,0.9867411397,0.5427975248,0.1581686222
0.4648841421,0.0709078872,0.2026816868,0.6263061853
0.4335624361,0.9751161477,0.5592019089,0.0118847598
0.9695519759,0.8267064426,0.6094944650,0.7406904157
1.4095113332,0.7830500126,0.0109796729,0.8549131700
0.7421370816,0.1171087476,0.2903072161,0.4727379389
1.2109279403,0.4218286370,0.5468060186,0.3918731320
1.7454758744,0.5742641803,0.5834011088,0.0306262111
1.3928994985,0.4417362496,0.0157200962,0.8938214158
1.4301822635,0.5054687746,0.4972219644,0.0295247902
0.5057593673,0.9011890431,0.3121425383,0.5370789264
1.0499841575,0.9031102728,0.9122254040,0.9302416600
1.1439793837,0.1284725376,0.8165810792,0.1657730208
1.2402187146,0.7599589427,0.7158578881,0.3943997962
0.4237048829,0.8364617174,0.1423393846,0.4389507190
1.1781937701,0.3215397289,0.6041509851,0.1835618170
1.7263413860,0.5336967147,0.9532078191,0.1305421373
0.6627828923,0.0944227191,0.1979938104,0.7305400462
1.2959222475,0.4532914437,0.8650922628,0.1471172383
1.0966584104,0.7222049064,0.0110678331,0.1597411116
1.4978263597,0.4712177996,0.4033483472,0.7391155866
0.9444187355,0.4476676026,0.2398529524,0.0373563830
0.8923680122,0.4432028282,0.1098303931,0.2395527350
0.4452478869,0.0100243143,0.7254930916,0.0825258193
1.6340989009,0.7015114096,0.0985259376,0.5597185376
0.7113429712,0.8829102936,0.4263787487,0.6096235243
1.0580394640,0.3905430137,0.6058359372,0.0357713805
1.5980329337,0.4790108352,0.3983614446,0.7184536738
0.9813448031,0.3643283457,0.2882670759,0.6883292969
1.2061313647,0.1416795693,0.5647754267,0.0503533260
0.8411896660,0.2720574517,0.1209070122,0.1703556451
1.3140478530,0.8635960815,0.1953449177,0.9868268157
0.0442995449,0.0152494613,0.4684896361,0.9855242098
1.5906938590,0.4992509155,0.5435261968,0.3821501298
1.9384315412,0.6530958652,0.6722204758,0.6472657382
0.1375014871,0.9593474095,0.2217050664,0.0239532747
0.9637167944,0.1378334741,0.3627061647,0.3845601436
2.0361302869,0.6413379818,0.5983521493,0.7770786868
1.3344651138,0.4014042591,0.0947027615,0.9163326087
1.0068828159,0.3698981767,0.3929498532,0.5331685818
1.5088505652,0.4825960798,0.8424663909,0.5038146532
1.6645984374,0.5210470106,0.8804199617,0.3021864941
1.1380854722,0.8559466928,0.9767079933,0.9749102352
1.1018930876,0.3706941302,0.6598829962,0.3737743006
0.8932107389,0.0544766502,0.7613252196,0.0494447825
1.5919620584,0.7186996858,0.6541050943,0.6154252119
0.1390550018,0.8592219725,0.0520477198,0.3407238259
0.6134650585,0.1069673850,0.9582928124,0.9453113446
1.8673060588,0.5421224756,0.0666430892,0.8178206553
1.5391661088,0.8015612418,0.4439711191,0.9917257598
0.1995167854,0.0079424084,0.4366321197,0.5729962270
0.4350206360,0.9805644268,0.5804599929,0.1038473444
1.1187828212,0.7885168503,0.8684823741,0.5617862819
1.1135410604,0.3586369399,0.4054192845,0.7313752954
1.6633294682,0.7086598736,0.0719604974,0.7256759254
1.2971264215,0.2562875649,0.9998738725,0.0930777282
1.8544576075,0.6368494051,0.8308767967,0.0955555292
2.0228494383,0.6374218007,0.7889784612,0.6741834865
0.6691423426,0.9146073497,0.2026135190,0.7028184205
0.9369432997,0.7710211307,0.2008533452,0.3725840920
1.4207685944,0.5033291978,0.4054210797,0.1082819662
1.1498186322,0.8744247487,0.6910514813,0.9585089159
1.4988031708,0.7610149946,0.2864697701,0.7960256762
1.1149406276,0.2771384486,0.2310809159,0.8055523110
1.6057952696,0.4967059135,0.9021379239,0.6910130990
1.0535431863,0.2138340484,0.3175437024,0.3722140260
0.8152241957,0.1114247058,0.3479980431,0.3309162934
1.3986140863,0.4574458780,0.7592616405,0.5224919226
1.3734810736,0.4206012413,0.4161071653,0.9236570912
2.0581567198,0.6358680455,0.6233639782,0.7665814043
1.1353141084,0.7564592703,0.6616470913,0.0855496270
1.6963153554,0.4639915534,0.0116301890,0.9582135828
0.7772257000,0.8585544375,0.8849671469,0.6480705618
1.1038944135,0.3682800082,0.5482352210,0.4079121944
1.7040305053,0.6728121259,0.5152216672,0.1646109970
1.1580941472,0.9771172536,0.6102852108,0.8903195015
1.0538095511,0.2529547738,0.5164155521,0.9677462900
0.4287297624,0.8943989715,0.3966043498,0.4385770105
1.1506934368,0.2404548513,0.8605422071,0.5475243448
2.0543686063,0.6519156185,0.8318981777,0.7757348848
1.5121800566,0.7656339793,0.4974489109,0.7845356616
0.1755401981,0.9091383471,0.2271887618,0.2820680297
0.8478745022,0.1640250758,0.4229449137,0.8242378900
1.1863419229,0.1619369226,0.7805318037,0.3184517437
1.5525485211,0.5093723185,0.7687796411,0.0917943352
1.6414233323,0.7224678651,0.9622446100,0.6439600106
0.8768340398,0.9829560962,0.1877806377,0.7015600811
1.0871511474,0.2251315521,0.6284738603,0.6749348445
2.0708113830,0.5533716609,0.3307363126,0.9320887044
1.8660213615,0.5563433001,0.5650640408,0.8025493644
0.3057450771,0.0316935972,0.8382120545,0.7511646707
1.4994665536,0.7275788513,0.8727837836,0.3453272582
0.9533564755,0.1639112927,0.2571890286,0.1332535088
0.4539972899,0.8925986696,0.5405203769,0.2665738147
1.8795551313,0.7284011791,0.9782415836,0.9424947906
0.9535015823,0.2195415815,0.3046200644,0.0104935973
2.0386347849,0.6744285242,0.2546516525,0.9256884753
1.1241414745,0.1452410960,0.9712007561,0.3738630225
1.5208217670,0.5477980603,0.0827547792,0.2146704761
1.6708603868,0.6299436099,0.3515677995,0.2344425107
1.8067161616,0.7017435072,0.8880433886,0.5901469921
1.9028498149,0.6285861745,0.1910641390,0.6405876974
0.3714895630,0.9687796675,0.9441681108,0.2783331112
2.0167675969,0.5463491415,0.2237164396,0.9910367115
1.2825948176,0.2495745409,0.8311126218,0.0931139046
0.3865902679,0.8530489541,0.4101462542,0.1424717018
0.8950460865,0.3074577920,0.1863512359,0.5058699217
0.4505827054,0.8131703366,0.4145223900,0.0257658378
1.8766330357,0.7006091135,0.2590997076,0.7676425769
0.9190862093,0.1619709235,0.1018302317,0.8494538190
0.7765697714,0.8035747783,0.6401767881,0.2323134367
1.3686846643,0.5163143168,0.1659873317,0.2926334859
1.2921421975,0.3553747524,0.4682311342,0.9123402312
0.7460388537,0.1634401213,0.0021940822,0.0803202278
0.9617816121,0.1625035215,0.3168053161,0.8248672456
0.7288080837,0.1331399804,0.0480950316,0.5615112346
0.8711132148,0.1069933115,0.5485830312,0.2039346401
1.9192884452,0.5547518491,0.5960765904,0.7406108785
0.6600487904,0.8036079529,0.9901947825,0.1150963028
1.2478973936,0.2194758718,0.7823498946,0.4611038837
0.8025231777,0.0796216175,0.7332072589,0.6043053683
0.9066641438,0.4324959990,0.0521091138,0.3045999671
0.2980726309,0.8813884778,0.4230623724,0.1111805099
1.0277620797,0.9000536047,0.6693884513,0.8606723602
1.0873664183,0.7843825837,0.9639508449,0.5560991680
0.9276034550,0.3761129167,0.4626755378,0.1706321249
1.4197056473,0.4774668175,0.8966284233,0.1718883676
1.6586938866,0.6076077276,0.1838820831,0.3456121507
1.0134249909,0.4140348951,0.4122328455,0.1442774100
0.5726013530,0.8155064977,0.4744989769,0.0779956753
1.4271044483,0.4768297492,0.5240595821,0.4612215993
1.3702076559,0.1636066867,0.8294768641,0.0580398244
0.7942202546,0.8241243068,0.2331217258,0.5934661928
1.2866596710,0.7411522393,0.4745028397,0.3239553379
1.0472110418,0.8109287526,0.1058088704,0.7049931114
2.0024304373,0.6881365389,0.7445940429,0.9061036726
0.1329952723,0.9245320123,0.1363260090,0.3668322774
0.8341545914,0.9608340759,0.3097347012,0.7130869884
1.3393482651,0.4510707977,0.9268590461,0.6550971878
0.1090278048,0.0277169537,0.3162895386,0.6440632062
0.2147372440,0.9546960659,0.2118218883,0.2212817567
1.7253880499,0.6785408614,0.2173406178,0.6874497420
1.1657124966,0.2566336245,0.5277296927,0.7500673819
1.7318675255,0.4746862942,0.6303972986,0.9568736743
1.0986549220,0.3347459404,0.9354106931,0.6228127768
1.3099565248,0.4033261560,0.6329912267,0.8958278250
1.8799937385,0.6688138525,0.9061314034,0.0451079987
1.1369389997,0.2909871460,0.6411771412,0.1192039229
1.0235430086,0.1662991754,0.7349581537,0.7802412965
0.5893278153,0.3888556674,0.0597554801,0.0122782258
1.9644563411,0.6729344669,0.9638749871,0.6375624455
2.0148748783,0.6601949938,0.1411260753,0.8562280304
0.0132723645,0.0097116399,0.1085243576,0.9084846079
0.5768336783,0.0727218657,0.4348161805,0.6186848114
1.7606405120,0.6854577380,0.8595236125,0.1946405620
0.2974185448,0.9102146411,0.5290297939,0.0658738885
1.1596803275,0.3011665034,0.8471090625,0.8389482973
1.9333023408,0.5662454974,0.8553945009,0.4622444840
1.5629162066,0.6696577177,0.3243282287,0.1602489468
0.9220855383,0.3123602484,0.6234530711,0.0762256477
1.9832815991,0.5982061245,0.7473983677,0.3458199296
1.0545268108,0.7740240428,0.4544845512,0.3532870434
0.9470884429,0.1892094837,0.1968271416,0.8458171062
0.1985411234,0.0175531099,0.4922335651,0.5959209484
1.8933816974,0.6185346719,0.2737589190,0.5983261219
1.8606285987,0.5296855074,0.6317223553,0.8776961380
0.7940413177,0.9313245872,0.9102723306,0.7229093960
0.8904119490,0.2533052628,0.0555362367,0.6198602923
0.3105019664,0.0454591350,0.2649365266,0.9934003587
1.6919726083,0.5270583908,0.7164651982,0.3829491629
0.9626600244,0.1440385949,0.9369177560,0.8458367904
0.8455492844,0.9884239183,0.1350037354,0.7203586106
1.2584162214,0.1744223530,0.9089827665,0.2043907724
2.1687348286,0.6185809313,0.8643430142,0.9005930056
0.9282766457,0.1478541845,0.2771563203,0.0495722926
1.6379875679,0.5153086516,0.7947649825,0.5992245137
1.8343507123,0.5269766191,0.1664595397,0.9041585777
0.8612191412,0.3354836847,0.3601737266,0.1845792153
0.7105172369,0.8080038614,0.1472813491,0.5028252567
1.1719724687,0.2785019338,0.7907489791,0.0576344216
1.1444534476,0.3068469312,0.4922964201,0.5522526417
0.7374975563,0.8014299036,0.8700549985,0.1369389142
0.9793085727,0.3512117056,0.9399797578,0.1049437103
1.0588586276,0.1293782269,0.5870133737,0.3053249119
0.1200832346,0.0319435727,0.6574972267,0.8758562679
0.9249431714,0.1763116457,0.0460921800,0.7689653933
0.5484443742,0.0077883265,0.9492509985,0.0028735252
0.9205119083,0.2369270916,0.2679001799,0.1965142094
0.6331812874,0.8835124329,0.0713945655,0.7121106106
0.6161087557,0.0792062807,0.0721871976,0.8764218139
0.6030813637,0.0889459259,0.7962139786,0.8485342805
1.6398310416,0.4834609342,0.6184692145,0.6971813951
0.7188770253,0.1152519950,0.3728629267,0.4796114438
2.1134784935,0.6036466816,0.5694306211,0.8471487026
0.0855354184,0.0247822472,0.0082115779,0.6973581867
1.7055386351,0.7005012539,0.9537966138,0.2716833053
0.6049848659,0.9158689064,0.9753618808,0.5621032324
0.0427002001,0.9355276254,0.1890448115,0.2200217082
1.0488388629,0.4259142531,0.4519923705,0.0669572615
0.7979323243,0.1312529624,0.7908830660,0.9196291834
1.2303194043,0.8227603310,0.4726977261,0.8239407396
0.5989550224,0.8204503068,0.0807892317,0.4969796579
1.3119391001,0.7776552327,0.3611607716,0.7166505093
0.7594401941,0.2616213625,0.0021047383,0.1754470841
1.2845507099,0.2199898960,0.9861168405,0.5152263854
1.0525677395,0.3225276713,0.9278490795,0.1011755230
1.6806241439,0.5373967712,0.9908298974,0.1559833915
0.3607035584,0.9517977986,0.6204850132,0.0931307630
2.1217587709,0.6009454161,0.7560548328,0.4554763238
1.5767839786,0.6991359749,0.4301450224,0.4629916088
0.6176928014,0.8238675464,0.3625743114,0.3785339818
0.8414433351,0.9090428563,0.7822338046,0.8022648376
1.1283138296,0.4205622507,0.5458884345,0.3058697782
0.4834019347,0.3868883569,0.0279836104,0.1221453362
1.8283827393,0.7214930130,0.0522866635,0.8592263048
1.8360445497,0.6321555206,0.6998999145,0.1231031429
1.2865587087,0.7531646617,0.6433704384,0.3687756368
0.5074172057,0.0461777514,0.9083706828,0.5976363316
1.9985957779,0.6406316387,0.7222107262,0.7055382720
1.4286036942,0.4238801865,0.2487972407,0.8686264741
1.6420469647,0.6920116681,0.8328999455,0.0557472284
0.2732498638,0.0570910053,0.3501032753,0.9456690092
1.1490978729,0.8367408128,0.9956364200,0.9040138315
0.0371046147,0.0137135083,0.0025094392,0.2230447573
2.1709220415,0.5830538151,0.8567637787,0.9551253586
1.0788211542,0.3073484715,0.5784866125,0.3081930867
1.6125319990,0.4827475502,0.8518956215,0.6077065422
0.8477429239,0.9165854946,0.0767205243,0.8262164909
1.6915375066,0.6921407641,0.0657652429,0.6276066002
1.8521416407,0.5781942893,0.9642901541,0.3200742836
0.0901975364,0.0104465139,0.7151726070,0.7987751676
0.1974784436,0.9126417790,0.3053756173,0.3311672246
0.8889263222,0.8090869431,0.7511926593,0.4835712661
1.7101221797,0.5817795331,0.3234148384,0.2290647564
2.0624725275,0.6574103165,0.8184072716,0.7112213893
1.1609237616,0.8684605157,0.4888865429,0.9398675971
0.3671769800,0.0380081105,0.3613663908,0.1984014012
1.9608761350,0.6432445344,0.9011708114,0.1531992565
0.0845127124,0.0049253642,0.3903902635,0.0198417268
1.5039826066,0.7586145952,0.9249068863,0.8172473635
0.4429676839,0.0537297064,0.4360818286,0.8126954292
1.2921548447,0.3905680451,0.0158355532,0.8727075135
0.6982346974,0.0421447220,0.9410582789,0.3710137962
0.3116180227,0.9835994977,0.0669103779,0.3810346212
0.9402650090,0.1575076253,0.6118241933,0.7210350565
0.9599951787,0.2123122914,0.2350973461,0.3459066620
1.0889573122,0.2350570844,0.5259369969,0.6875279411
0.5986741529,0.0735968096,0.4644763327,0.3839470004
0.8258020620,0.8033131172,0.3095693261,0.4954564403
1.0709401754,0.7946384399,0.2707305387,0.6445837506
0.6098625148,0.0387693575,0.9923241667,0.3052791897
0.6993364867,0.3436511709,0.1040587512,0.2748278558
0.3265765517,0.0379113034,0.5211073135,0.8169161233
0.7644261709,0.8556638290,0.6051338729,0.4856476986
0.4852476260,0.0905604843,0.1431387275,0.4141250191
1.2387434551,0.7789567212,0.6714768628,0.6608116501
0.7829443709,0.8897394292,0.9553890113,0.7451613060
1.2840558077,0.7686185019,0.9409973358,0.6388719570
0.7646135669,0.0717566243,0.6470573333,0.3221768240
0.4390351197,0.8486556321,0.6451961516,0.2874707528
1.6118270939,0.4549508547,0.4709849822,0.9707444010
1.1330618764,0.1819923158,0.7370261224,0.5379522701
0.4251482937,0.0438351772,0.4146369210,0.3296108310
1.0873519816,0.1866893844,0.5867256092,0.8021428471
1.8581961014,0.5704084283,0.4572374668,0.5917661304
1.2395701516,0.7688756960,0.6702187518,0.5626132689
0.6662845218,0.0433394589,0.7960232759,0.2713501909
0.6819397270,0.4264309436,0.0989300767,0.0057428419
0.6888459757,0.3240444994,0.1753195809,0.2149352471
0.8289938707,0.9380294538,0.9321435925,0.7222387862
1.5576723475,0.5117486989,0.1289531218,0.6158708743
1.1976494754,0.2088313760,0.6009576895,0.5499900910
0.4080002337,0.0694336499,0.0784455155,0.3349731689
0.8983870080,0.9200361852,0.6229189050,0.7788599624
1.0626014724,0.7769646532,0.9616442801,0.4366517039
2.1107276881,0.6711865307,0.2248942020,0.8819446657
1.0808364507,0.3471788846,0.8002128224,0.2925027377
1.0351633867,0.3197632562,0.0934468483,0.6863599961
0.9770487274,0.1775804963,0.6036753905,0.9247930246
-0.0188060564,0.0106111150,0.0940018082,0.2529113550
1.0595026313,0.2481714983,0.4067261852,0.7923576178
1.5133166815,0.4974856131,0.5130138175,0.1925530053
1.0089059906,0.3876303730,0.2452498129,0.5954968917
1.2674252808,0.7125248201,0.2026747210,0.1085544517
1.2710851401,0.4529825526,0.5612350323,0.2264313595
0.7837299231,0.0908700419,0.9630319210,0.5622060473
1.0918404345,0.0901276423,0.8633817949,0.0105400692
1.1405924028,0.3212273920,0.7696086071,0.7179046408
1.7280195743,0.7273497452,0.2762096855,0.8191400779
1.1322599219,0.2485026398,0.8999645842,0.5876683679
1.0976137257,0.2887910171,0.2583482256,0.8282256412
0.8518804765,0.9954388670,0.7123641594,0.6039356184
2.0918922606,0.6084032488,0.6178200431,0.9884111926
1.2140546456,0.1935823272,0.7499715020,0.3321636699
1.1813264619,0.3606343431,0.9857000367,0.5147246231
0.6230247209,0.7881223827,0.2725597521,0.0515952283
0.7122519536,0.1486040205,0.0258842446,0.6078844553
1.9618732757,0.6112270245,0.6525836254,0.4799035102
1.3461583286,0.4139828833,0.9443918171,0.8551297728
0.4275216630,0.9910588078,0.2796198310,0.2025396253
0.2589592316,0.8704311294,0.7611833365,0.0680266459
0.9504371031,0.2193337387,0.0752419015,0.7141836117
0.7435021499,0.8250558446,0.0754089945,0.6421037744
1.0304359938,0.4564917314,0.0272228749,0.4765094779
0.4952661051,0.0933359017,0.0106913476,0.7885102622
1.8037059787,0.5657402255,0.9746379127,0.1683606035
0.8725023857,0.2063948001,0.1513071514,0.0934094746
0.5054719105,0.9054217120,0.6266759509,0.4528010645
1.5967244788,0.4633733861,0.7138445376,0.8956706334
1.1334020530,0.2816970609,0.8004467990,0.3320842909
0.0125473485,0.9074803107,0.1628657966,0.2424373919
0.8360653264,0.9553256461,0.1968627204,0.7059784218
0.9826743004,0.3056228611,0.4740846096,0.1512606979
0.6380487772,0.1129468093,0.4297867085,0.8053819380
1.1023213480,0.2576138341,0.2436625761,0.5439389491
1.1064182798,0.2760180063,0.9162246642,0.3534827935
1.0279325642,0.2255115692,0.1621373868,0.5083431302
1.0203826189,0.3567588573,0.3370405475,0.4195552431
0.7472897501,0.3038697303,0.0906209378,0.0818921576
1.9049496277,0.6576468379,0.2637676310,0.7614879925
1.0998717227,0.1784107757,0.5537857153,0.1298225531
0.8858003992,0.0788204999,0.9072061450,0.2514784452
0.7445794266,0.9541620038,0.5625506485,0.5649405052
0.1453771407,0.0081534694,0.6757459847,0.6557732928
1.0488087787,0.2965820135,0.8423936699,0.6337621146
0.8568298521,0.2337936554,0.0225241061,0.3095264362
1.8875790432,0.7185390720,0.1244632162,0.8095455409
1.4964381906,0.7100901860,0.5083569584,0.2770867050
1.0044876075,0.1294998529,0.6709916478,0.5847701377
1.7985705555,0.5676880128,0.4953811677,0.2497808964
1.0621576978,0.2391130172,0.4901898451,0.4720995592
0.9969570990,0.8621724129,0.8882134957,0.8266296920
0.4614088994,0.0631435072,0.5429855312,0.6708487423
0.9023526597,0.7873972559,0.8660898890,0.2377795676
1.1305489154,0.1367703171,0.5456512227,0.0107784781
0.9836801599,0.9897892609,0.6538537393,0.6408201123
0.2394228633,0.9102801973,0.4840764203,0.1993812098
0.2263488474,0.0278743954,0.1069440064,0.7152048150
0.9931681165,0.1254586723,0.9145383933,0.5482624538
0.4793306525,0.0422837080,0.5957031977,0.5746502524
0.4853727100,0.8170460721,0.3429608009,0.1524252814
1.0703533998,0.2374394721,0.2024593842,0.6445113115
0.3155251332,0.0458520761,0.3826783852,0.6225226903
0.1072737935,0.0283849442,0.3207794602,0.9365998527
1.0792333743,0.2145098138,0.3378098245,0.9021595423
0.8724201751,0.9459852053,0.9546458139,0.7972013219
0.5485957394,0.0375336775,0.8296294429,0.4961500514
0.8743543749,0.1320487727,0.1970791917,0.4602017307
0.7201989816,0.3779249233,0.1486843595,0.1703066396
1.0658094774,0.7380644295,0.0933269242,0.2490470486
1.1322886917,0.7577810076,0.4190210777,0.2818637988
1.1565823409,0.1524736372,0.9166321642,0.5749436695
0.1122309129,0.0175894659,0.3302540931,0.5807747518
0.9225744889,0.3600303978,0.2406675411,0.4337425342
1.2502137669,0.5022903818,0.1129654691,0.2769984798
1.6869604237,0.5798612837,0.3537242389,0.2285423867
0.4577949143,0.8710832698,0.2762067336,0.4795699720
1.1240541731,0.4722095758,0.3382138023,0.1144010184
0.4162164218,0.9557374073,0.0305615561,0.6063270470
0.9268945840,0.1733359626,0.5260800402,0.8618537836
0.6257980175,0.8545864867,0.2101712264,0.5172863680
0.1889075217,0.0286539922,0.6287781032,0.6689901177
0.5749608500,0.0488575519,0.6567937534,0.3022234946
1.9355479150,0.7134256469,0.8914357861,0.9380287310
1.4497344611,0.7029179828,0.2127948197,0.3009839645
1.3303804940,0.1503311457,0.8576169277,0.1323166411
0.9017720031,0.3553337992,0.1095729247,0.6193891217
0.7851618989,0.3040303363,0.2012889683,0.1071632324
1.6996235690,0.6692784682,0.4875177395,0.5793515601
0.0535132993,0.0167518454,0.1516846284,0.0388012463
2.0824307526,0.6218111359,0.8811396314,0.7012735574
1.7465737658,0.5329383915,0.1509525863,0.7102049424
1.1766537130,0.2652160048,0.6583235901,0.1584227691
0.9832405344,0.4500236260,0.2540840637,0.1889130305
1.2099466086,0.2389994212,0.5094680783,0.4117453148
1.0268671293,0.9565982542,0.1145305393,0.8695379167
0.3626855734,0.8569991253,0.3279071659,0.3393040535
1.0026980117,0.3829724941,0.4794937466,0.4117609033
1.6070433469,0.5575427997,0.2812138339,0.2184040187
1.8494356194,0.5815025082,0.7449953585,0.5239617851
1.1991154163,0.1927112595,0.8611525721,0.3774230326
1.9644709822,0.6790471235,0.9072554896,0.8283450944
0.4279660592,0.8581665834,0.9470920746,0.4125141439
0.5272417015,0.0608362586,0.3712614547,0.2914006880
1.1581978731,0.2358943662,0.6309110348,0.6396167172
1.8028852642,0.6465052258,0.5860996776,0.1611508897
0.6690238732,0.0871670582,0.4874974925,0.6172750381
1.9684559509,0.6823541617,0.9456171437,0.7243589092
0.6266858445,0.8557733012,0.6650433319,0.5079473108
0.9590012685,0.9012317680,0.7617376392,0.8825105030
0.4886872092,0.9141140509,0.4354768217,0.4470801487
1.4498386072,0.7883799724,0.1178505239,0.8813582683
0.7561621205,0.1056892349,0.4406872129,0.5298411860
0.8457561147,0.1456273605,0.6018071744,0.9085208855
0.6320031653,0.1123798331,0.0050393269,0.5355880395
1.2452737454,0.2593445641,0.7602666322,0.1623532582
1.2320360084,0.5227259957,0.0665779508,0.2190002300
1.3986735946,0.5017894253,0.4528695011,0.3058311554
1.8043856636,0.5717724739,0.8179698424,0.0386744685
1.5520802982,0.7616099804,0.8817229861,0.8241485981
1.3765982855,0.4632801941,0.8536250354,0.4063088824
0.6843420038,0.7991555766,0.7653693190,0.0795389914
2.2583883100,0.6095078005,0.0984220415,0.9377257177
0.4227128579,0.8838906648,0.6308905557,0.3740036635
-0.1485558370,0.8917454769,0.0205410800,0.1478529926
0.5329566223,0.8375006145,0.3003974245,0.3041030185
1.7132946000,0.7253650232,0.4872085580,0.7731918904
0.0069552579,0.9024456235,0.0728220336,0.2209181587
0.9815682207,0.7857210375,0.1009161776,0.5710714294
2.2753938319,0.6735068014,0.1293817492,0.9931425888
1.1997987651,0.2323104191,0.5692986045,0.5765746957
1.2036871030,0.8713233166,0.2098487426,0.9663544827
1.5423210374,0.7867247833,0.8185447205,0.9599950439
0.6247631981,0.0898301462,0.3863005790,0.2179241571
0.7141878872,0.1142604106,0.4438327593,0.9720205976
1.0343411771,0.1393939323,0.5175193784,0.1504981330
1.3994763921,0.4995309103,0.5780340314,0.0003336513
1.0026228130,0.2805789657,0.1409118373,0.7179368199
1.7621696095,0.6648853940,0.0687559938,0.7144698730
0.3470971569,0.8951932041,0.0970676861,0.4639804892
1.1635374424,0.1309321986,0.7963022353,0.2084669990
1.8459695261,0.6686119934,0.8034637086,0.1992242909
1.7405850108,0.5383300272,0.3031322129,0.7192148975
1.3203887404,0.7288918172,0.5395459332,0.2512249374
1.4458160473,0.4575210020,0.5739368373,0.5557900267
0.5980794688,0.0427976705,0.7591626310,0.3323455823
0.3442932977,0.0443772849,0.9756452757,0.7718435339
1.3526308404,0.9809885870,0.5235493362,0.9596940417
0.4220233556,0.8735462986,0.6698862700,0.2453944718
1.3401676227,0.6996134638,0.1551884540,0.1703618952
1.4670012788,0.7293086242,0.3089294389,0.5365328104
1.0430573771,0.2323015035,0.3537129025,0.0955779979
1.5629224386,0.6563581798,0.1879374274,0.1326184368
1.2124638847,0.2143457634,0.5836346247,0.0601540357
0.5760200959,0.9849634850,0.2318026558,0.5216436273
0.3301388960,0.9281038910,0.9157241093,0.3358597452
1.5933644814,0.5676140105,0.2866104204,0.2255512877
0.3235037259,0.0012855960,0.6911378235,0.3935288998
1.0310883017,0.2979152458,0.1434842029,0.8577846657
0.5867850317,0.9427935905,0.8922606025,0.5336376188
0.9714959451,0.3928083132,0.2668505656,0.4383529525
1.3351184039,0.3805792976,0.5888599276,0.8400001947
1.6485696595,0.5073956744,0.6636531105,0.6908323954
1.0658901385,0.2425104351,0.3400486267,0.2249125845
1.0288690503,0.9018736607,0.7970265772,0.9146691786
0.3395847653,0.8715807528,0.6875696764,0.2421000614
1.0698251465,0.3188859280,0.2680310691,0.7835386185
1.4986749292,0.5554557750,0.1101884507,0.1991640364
2.0012351873,0.6491158043,0.4392867250,0.6963622287
1.8983162327,0.7219632780,0.5645727775,0.8754207081
1.1504516132,0.2450978876,0.7168309906,0.2658708199
1.9298997157,0.5209506820,0.2114340484,0.9576457435
1.1262046166,0.9002437654,0.7865374863,0.9306754749
0.9218108630,0.1551768966,0.2508788092,0.5852668707
1.2054078274,0.4230229596,0.6342418136,0.3752964138
0.5838146988,0.0330399528,0.7429184080,0.1036754990
1.3293192437,0.4018819815,0.9706867702,0.8872819502
1.6220642831,0.4862954294,0.6105729072,0.7015853184
0.9031959305,0.3974524720,0.2461852572,0.2312605077
0.5357204956,0.8318774530,0.6308635176,0.1734552725
0.5912588912,0.0703465459,0.5958776630,0.7084091758
0.7476866316,0.1386927873,0.0093563358,0.6742674209
1.1404531877,0.3592070975,0.9656436623,0.4968198877
1.2547189605,0.4091990566,0.9696640185,0.5919865201
0.4361828406,0.9617941252,0.6154639805,0.1586941944
1.0399609027,0.3355304892,0.7023941561,0.2464174364
0.5160887291,0.0754788679,0.7511442503,0.9152678824
0.4754492959,0.8580990623,0.9316108540,0.3599867851
1.7728028584,0.6000147357,0.2153078110,0.3134260550
0.2691537846,0.0448249370,0.3402967391,0.9943244292
1.7108524748,0.5196731379,0.8438507373,0.4876318906
2.0233974588,0.6444540580,0.9234172664,0.7490581894
1.1822927111,0.7768077797,0.9436343262,0.6594734815
1.0455486416,0.0845849584,0.9639047050,0.2664693251
1.3915770001,0.7544418041,0.2862480268,0.6178109035
1.0517321803,0.3955019118,0.4121074377,0.4627373749
0.5161539176,0.9771147224,0.9910338945,0.3560858335
1.1946024680,0.2672987635,0.7456532510,0.1839341689
1.0942302410,0.9567307238,0.6323464388,0.9160273666
1.0629814665,0.4710890655,0.2204159828,0.1612087618
1.7019858446,0.5664425169,0.1138351598,0.4508071965
1.0463821136,0.7172404814,0.0493612964,0.1346424877
2.0535737372,0.5997176374,0.5077087859,0.7820650274
1.0342951644,0.1873035622,0.4605259549,0.8103166019
1.3783799008,0.7328307236,0.6125025040,0.1310507425
0.9159056140,0.9449080978,0.9879586535,0.8531105475
1.2256202738,0.2198939983,0.6064705928,0.3635462661
1.0237391014,0.2929935226,0.9648159769,0.8308050914
0.5089504293,0.9927602974,0.5013365768,0.3059241781
0.8390885554,0.0963608163,0.7217825833,0.7007984037
1.7562445679,0.7430309914,0.0778754541,0.9139860348
1.6088393038,0.4668407945,0.7032089141,0.8372877493
0.9980378048,0.2306860130,0.4164813542,0.0798074269
0.4364423726,0.0036352786,0.9395436887,0.3075494755
1.5320664159,0.4764342339,0.9718239962,0.6573674650
0.3509441411,0.0532268893,0.6862529278,0.8978039790
0.3132452844,0.9497473808,0.5050080715,0.1861974776
1.9945951086,0.6044988688,0.3291273185,0.7383173576
0.9975703294,0.7845229793,0.3861316848,0.4521913713
0.9091659911,0.3692490038,0.1975334616,0.3255786990
1.7761753241,0.6456002663,0.4520366080,0.3429560885
0.9729594980,0.4051089269,0.3085499991,0.3140512078
1.3943479724,0.4735200550,0.2256574181,0.5724339981
0.3399062083,0.0559630770,0.7865565801,0.7819858347
1.5846403614,0.5360070065,0.3600659234,0.2973776650
1.2094342312,0.3676039933,0.8954991066,0.8746471785
1.1479390124,0.2743778231,0.9497906926,0.2794833111
1.9339925252,0.6640655360,0.3491241198,0.7599227877
0.8862130645,0.2730960444,0.2120106113,0.2353348910
0.9555074358,0.3456170803,0.4540437641,0.0039087597
1.0954171211,0.9494148033,0.2674453000,0.9036722848
1.5250219246,0.7027522830,0.0413393551,0.5186042094
0.5163714471,0.8314427809,0.8756963653,0.2061110963
0.5837379588,0.0827575237,0.6216221435,0.8480725757
0.3376012337,0.0319162660,0.6736083052,0.7261371927
0.8128981589,0.2644797511,0.0693832577,0.3744879269
0.8975578309,0.2291960914,0.2079913729,0.0356791325
1.5036350390,0.4483473222,0.9421421279,0.9704121123
1.5371825268,0.4789182866,0.3528885863,0.7748251163
0.7272895349,0.1222067429,0.1908978718,0.8126497541
0.9466611381,0.1546829368,0.3243378150,0.6700276566
0.8985100906,0.1319653268,0.2592814916,0.4488500629
0.9900219622,0.9740780769,0.0358894316,0.8612541328
2.1029885635,0.6024792901,0.7271502403,0.6624871862
1.5168023011,0.4769286427,0.9136339118,0.6662162508
2.0873035823,0.6260464180,0.7901649309,0.8712723195
1.1187718853,0.2967712587,0.6351937824,0.2161539959
1.4154988819,0.7477013226,0.9417344899,0.5455217195
1.9165066312,0.5712349715,0.3911432054,0.6809984992
0.3864373080,0.9136798314,0.0870305137,0.6066452955
1.9000951079,0.6061251522,0.6112734933,0.2841185559
1.8069889058,0.6644084738,0.2182465296,0.5843041784
1.0599407137,0.2115384191,0.0026271794,0.8858824315
1.9389697133,0.5324837124,0.3543953410,0.8905040316
1.6299618625,0.7229903185,0.8796185394,0.4942157974
0.9949364169,0.1473095913,0.6478145432,0.5693467056
1.0201497521,0.4409080532,0.3400487870,0.2082586974
0.2283287790,0.0367202757,0.3670191513,0.7092420122
1.3326667864,0.3783383939,0.3417272955,0.8682975439
0.9672867247,0.1449509626,0.4534591090,0.4497203629
1.1120755157,0.2331661385,0.8735602314,0.8185460325
0.7601410168,0.8724324218,0.9068812458,0.6713350195
1.2149974492,0.3996740389,0.5143553088,0.6098269590
1.3173730438,0.4102680473,0.5687809129,0.7379040104
0.1979513676,0.0410426647,0.0054327428,0.5265375822
1.2029318979,0.9718542171,0.3505209108,0.9138600760
1.9681871005,0.6244431912,0.8125632385,0.3866620377
0.5076751588,0.0545589390,0.3169810694,0.0835373592
1.1292539245,0.2824562182,0.4682309908,0.6977844745
0.8838082192,0.3457715637,0.3835441891,0.1823782693
2.0682376080,0.6403153200,0.3993818462,0.8714506993
1.0643274390,0.7735657790,0.4509729289,0.2732035321
2.1600692323,0.6329636405,0.5398338759,0.9296247193
1.6566521635,0.5393797643,0.5740414513,0.1852231510
1.0078885528,0.1713157957,0.4282345154,0.6274423982
0.2998250074,0.9464708942,0.1346789867,0.4331289920
0.9474434524,0.9066408801,0.2049623515,0.8549146214
1.3392201163,0.1987522239,0.7708023876,0.1706241905
1.8267101476,0.5320420674,0.8679668477,0.6389997265
0.4121575413,0.9422147877,0.2893528250,0.4840880847
1.7041360419,0.5532199792,0.2325559082,0.6911416154
1.2808896639,0.4363614439,0.7515643607,0.2021810182
0.6963771357,0.9121582071,0.3468585660,0.6558464250
1.2586568877,0.9903366810,0.2045205602,0.9232437578
1.3763056961,0.4292913855,0.3395270255,0.8324005897
1.2865293063,0.7825624933,0.3853972535,0.7930687093
1.9032563805,0.6237099780,0.4350034388,0.4458093366
0.2966278631,0.9608621549,0.9036926526,0.2102053756
1.2069466730,0.1787721172,0.7106911828,0.4615680596
0.4596182341,0.9225223293,0.7065452954,0.3407511796
0.9652737467,0.3056028015,0.2652487272,0.4345559872
1.8955250294,0.5768626894,0.5974961557,0.3089087949
1.2654752864,0.3954671956,0.3575783862,0.8660241365
1.1871797412,0.4278096876,0.9316885803,0.3699949197
0.8467887632,0.9660139281,0.0743538821,0.8278694066
0.7985892258,0.2202881144,0.0385186963,0.0053629919
1.6161921147,0.6770688792,0.2923595529,0.2483118532
1.2328844072,0.3654561419,0.6338337489,0.8257909121
1.1708184942,0.2371947309,0.5903463429,0.4013284177
1.0354787459,0.3842764271,0.4125489584,0.3767698811
0.5691562027,0.8238580339,0.3341953309,0.2006824441
1.1657848487,0.2680191820,0.8319991479,0.4565410263
1.6223922619,0.7342617931,0.2212063303,0.7464388617
0.6399069750,0.2822518066,0.0366312300,0.0298895951
1.4970432510,0.5408848437,0.0006779369,0.4326590555
1.0296170772,0.1506526128,0.6159954376,0.4967964811
2.0256522698,0.5545255953,0.5006088031,0.9658860942
1.2384492928,0.9581084379,0.5830050980,0.9310451855
1.1384045013,0.8090485223,0.1217084160,0.7760743535
1.3600045097,0.4197554729,0.7553914127,0.7486129348
1.1651018572,0.3020373227,0.9049222753,0.8457405461
1.5563394442,0.5365374161,0.5199059610,0.1954791132
0.5134758926,0.0867618525,0.0226153851,0.6313513013
1.2203038762,0.5182745688,0.0137528889,0.1249638310
1.6911195506,0.5122958426,0.4903043848,0.7628657968
1.5758260308,0.4927766720,0.8438159642,0.3778411076
2.0257926751,0.6328849910,0.9515783674,0.3299533257
1.1694640660,0.4515022347,0.0590848240,0.6000085408
0.5059899927,0.9251001908,0.1000072752,0.6041786937
0.3819359005,0.9226312406,0.5454888400,0.2046146278
1.3211213628,0.4069675860,0.9124321458,0.7628951028
1.6043805298,0.5014552079,0.6412484410,0.2560512165
0.9034255024,0.2377867711,0.0938681997,0.4492154239
0.9421717297,0.4478854312,0.2575315090,0.0523515965
0.1607129312,0.8713162548,0.1442114137,0.3267124806
-0.0918257857,0.0012423799,0.7914519104,0.9138785628
1.6096112263,0.4673653834,0.4442506590,0.8166844628
0.6000210641,0.0891801945,0.0993502572,0.4852974472
1.1347041538,0.1494447985,0.7847131348,0.1792471328
1.0361506074,0.7416517048,0.0707138715,0.3199428258
1.7133448075,0.6776790014,0.3148206437,0.5539824830
1.1865563089,0.3426985038,0.8798826443,0.9507200032
0.7592720799,0.1461194243,0.1944127606,0.5258285016
1.0319369303,0.3473769765,0.9033726605,0.1061528688
0.7467998916,0.9875605704,0.4499827336,0.6375765244
0.2185553909,0.8566072679,0.0555752053,0.3522284418
1.1353608182,0.4985577731,0.1489518022,0.0832239945
1.9031693620,0.6101317813,0.3894905445,0.7198342495
1.1007037273,0.4552352411,0.3671900538,0.1570266325
1.2867027110,0.4420515104,0.8020390684,0.2739915103
0.9553327962,0.2035591849,0.3152594078,0.7514870267
1.8196445018,0.5337505671,0.9715816819,0.6308547776
0.2508858973,0.0345595271,0.4596925781,0.6755710017
1.2087695757,0.3534425996,0.6349393256,0.9326601829
0.9533294911,0.3570591721,0.2627951979,0.4262206694
1.0538704496,0.7959274439,0.4007698586,0.5133175408
0.5368228329,0.8341995948,0.2423803606,0.3247942235
1.5225914726,0.5634593097,0.3991957494,0.0487813334
1.1119926933,0.3222683206,0.9650316843,0.6613369891
0.5008874661,0.0416027613,0.5290172535,0.2769384287
0.0202037448,0.0267609514,0.7603260403,0.9910758251
1.8037554774,0.6775279917,0.1984733005,0.7280957650
0.1496748178,0.9202594168,0.3408061306,0.0684039659
1.1116585312,0.2554298948,0.9750786556,0.8079680143
1.9122055656,0.5567951923,0.7085637512,0.7173172830
1.9202239700,0.5192040456,0.8316314212,0.9835695717
1.8721165755,0.5905602936,0.7399570344,0.1696735115
1.7577300429,0.6422871941,0.3316346254,0.2742558915
0.5533148900,0.7992697147,0.1733748980,0.0869731320
1.2238926865,0.3360573195,0.1991243285,0.8164664640
1.0093249299,0.2463483715,0.5838327106,0.7643624956
1.1445058682,0.2577900863,0.6236233308,0.1205778452
1.7624192662,0.5728731858,0.5326378310,0.3790153296
1.1122330333,0.7843768649,0.0738295140,0.7011805599
1.4222838288,0.7137909152,0.4316096577,0.4304769072
0.1968553364,0.8774754111,0.3108947065,0.1206817138
0.4999640888,0.9176891616,0.2265302580,0.5681521990
-0.0790312205,0.0042956143,0.0855893145,0.8440984849
0.9979756086,0.3947845266,0.9122869402,0.0167187648
1.0463177166,0.7351205296,0.0792750336,0.2503008751
0.2938592091,0.9835160161,0.3433693898,0.0591652789
0.9719067405,0.1466887355,0.5097484807,0.4845001547
0.2101671132,0.0252265082,0.4147293000,0.4139580110
0.2673494029,0.0449416581,0.1151135609,0.0719216966
0.1091218304,0.9341945806,0.0079565499,0.3750355765
0.6792073057,0.9836270192,0.2229752615,0.6137523179
1.0865245187,0.1559875472,0.5380728228,0.3103667349
0.7857850462,0.7823732180,0.3882810379,0.1067501577
0.4032843152,0.0502173945,0.1937483701,0.2104367834
1.2474600661,0.2743723351,0.6872544950,0.2731455194
0.8501487169,0.2148090919,0.0754849262,0.6011445655
1.8562215772,0.6931242499,0.7366293214,0.7538570989
1.1244985443,0.2843610537,0.8950785527,0.3383417657
0.4933800368,0.0007700078,0.9093417794,0.0456769884
1.2127897881,0.2381464873,0.9525189335,0.6381851973
1.1721025967,0.4582988849,0.0750771732,0.5055550550
1.2209092422,0.4515569423,0.2696901958,0.5934404805
1.0509798365,0.2410189734,0.7685271534,0.7669380392
0.3640253840,0.0570463726,0.0844609646,0.5522588273
0.9365826396,0.1424874173,0.4915502634,0.7855711427
0.9973099704,0.2051305353,0.1835983650,0.5547536549
0.4285373857,0.9290526953,0.3328545388,0.5110665922
1.9468755627,0.6178495275,0.4839358457,0.4860020698
1.3727731930,0.8163255257,0.7047350098,0.8662203494
0.7457273150,0.8258130014,0.7662223335,0.3534444546
1.5856573280,0.4632363943,0.7625847677,0.9322633098
1.2927528833,0.4305414151,0.9863574379,0.5866348212
1.4174722667,0.4438828303,0.9538590124,0.8052912749
1.9634492298,0.6310584143,0.0647074756,0.7789355948
1.1177628487,0.1994718564,0.5077731834,0.2925688010
1.3972682975,0.5273343804,0.2358608345,0.1020051560
1.2295457810,0.3926384269,0.5101325890,0.7776179886
0.9170940576,0.7548395399,0.2639420654,0.1129500501
0.5464188691,0.9850337783,0.7334627387,0.2601416174
0.1759343999,0.9633851664,0.1410557282,0.2545231433
1.6130330709,0.7031619780,0.3348456118,0.5432497621
0.6030426820,0.1027314297,0.2446991564,0.9315520213
1.5177280370,0.4915253548,0.7121114616,0.2600989328
0.4063562761,0.8201336920,0.0250419078,0.4165837124
1.1786462477,0.4932959651,0.1840628152,0.2188539452
1.0338784005,0.2804417506,0.7772208320,0.8271463123
0.4005494063,0.0676081864,0.1842757562,0.9288538693
0.7089030544,0.8787032153,0.2696696367,0.7133947472
1.2410180019,0.3441573564,0.6065173531,0.9186966991
1.2247735074,0.9342312850,0.6683973424,0.9825033241
0.4747476252,0.9846736513,0.7816839931,0.0120319085
1.8138819989,0.6881446655,0.7388786141,0.4884680921
0.4502545661,0.0409989065,0.8143313014,0.5437992540
1.1515149250,0.3245869643,0.9510554538,0.6758399899
0.1759597962,0.8326844653,0.0852311473,0.0516166778
0.2737595095,0.0039843951,0.9299278515,0.5728352134
1.2246844022,0.1584195426,0.6093391350,0.0085686779
1.3721972200,0.2011776146,0.8038082315,0.0147702216
1.1379976167,0.8977091830,0.7347062959,0.9841086902
0.9596657526,0.8011293754,0.4299158507,0.4621939079
0.9283690420,0.1489357046,0.3126867057,0.0349773338
1.1306438610,0.1329935048,0.6344356720,0.3088103584
0.1918931498,0.0437036157,0.0589409002,0.1089050830
0.5956328597,0.8651843055,0.2024065204,0.6476281021
0.9003023402,0.1129127934,0.7389536960,0.6146951697
0.8507220950,0.8576280405,0.0737514366,0.7479965577
0.4273816794,0.8594185446,0.1871396961,0.5064302244
0.8923771147,0.0792398013,0.8665731791,0.4890575924
0.7338130350,0.1205559341,0.0103894266,0.2622377558
-0.2357718618,0.9161538666,0.0715400132,0.1012879270
1.6154816806,0.4894020750,0.4163561387,0.8308320857
1.1103023354,0.2951233441,0.9861650899,0.4552142330
1.5669477247,0.4879120055,0.6126367059,0.7739158730
0.8979117782,0.2018535084,0.0896750971,0.2639600104
0.5666652966,0.0434881275,0.5742882197,0.0507999659
1.4434990966,0.4527406974,0.2560942886,0.9299968215
2.0159165234,0.6590530173,0.4592040329,0.8978284499
1.8751286690,0.5926042878,0.9821456258,0.4655380732
1.9434004573,0.5556715857,0.7850539676,0.3175128514
1.1311907008,0.2448889470,0.5634796344,0.5647415889
0.2656629957,0.0245361307,0.6691608166,0.6437592580
1.0262130273,0.8604652662,0.1116434386,0.8268462159
0.7391752028,0.1357964637,0.9565364862,0.9753699462
0.7002032879,0.0406115093,0.6782533164,0.1401632622
0.9981821016,0.2397036810,0.0728499644,0.8309816441
0.7916158641,0.8004935271,0.6712296729,0.1893531674
0.6495986164,0.0750341587,0.8071039991,0.7735404360
1.6356503340,0.4712175972,0.1931786905,0.9296744951
0.2610577412,0.9743792137,0.8898352627,0.0296951539
1.2067692594,0.1361999838,0.9680156358,0.3316934018
1.4969827016,0.5343930945,0.2168596629,0.0856122197
1.0517142661,0.8960147302,0.9509884116,0.9135290511
0.9246145607,0.3931628167,0.0291402168,0.5552322831
1.0089492166,0.2179661197,0.3481772214,0.4727716892
2.0991608073,0.5922139364,0.4478228825,0.8147546126
0.9068704797,0.3895886524,0.3864985240,0.1204771255
1.9090351555,0.5741458542,0.6324051952,0.4881677004
0.9875822085,0.2497250255,0.3405112874,0.1376915742
1.0092012442,0.1810896804,0.7797168639,0.8398031334
1.8168790988,0.6476797488,0.5566921137,0.3852055613
1.1771142492,0.3442902034,0.5517306119,0.6659440999
0.9958067433,0.7855961107,0.8842389128,0.3396326727
0.5657692284,0.7893711403,0.0215757450,0.3984953377
0.8122863566,0.1133342118,0.2100283432,0.5167450001
1.7793430025,0.6938146504,0.4574972530,0.6184851812
0.6581736751,0.7997170022,0.3186217404,0.0667781710
0.6382273875,0.1059358345,0.3416625704,0.9677201789
0.9667291067,0.9727816810,0.3456688717,0.7064131614
1.0999527525,0.3060813042,0.7671393010,0.0946837887
1.1356647130,0.0920660724,0.9826784617,0.0517907356
-0.0087224936,0.8886974414,0.1283345451,0.0136763945
0.8561744101,0.1810201293,0.0019492864,0.0953958176
1.6015795256,0.4989407245,0.5100497440,0.6465635792
1.1307164770,0.2696726358,0.4900455404,0.9214630022
0.8425199702,0.8028289501,0.2922189766,0.5778542189
2.0485854394,0.5713704921,0.2279129186,0.8813234207
1.4478598510,0.4709344296,0.5489042878,0.1268172611
1.3056080807,0.8100194902,0.4977246268,0.8898511980
1.1418450486,0.2963333913,0.4493114774,0.4991990945
-0.1793603678,0.0139105377,0.0204130758,0.1375541193
1.1095226635,0.2837375106,0.5472425507,0.4600599993
1.8094974766,0.5347142800,0.0811019545,0.8685853724
0.5897602000,0.7914992629,0.0677277101,0.2558704289
2.0494270077,0.6848514612,0.3116778892,0.9143146832
0.3335881530,0.0310254993,0.3665229571,0.2968528132
0.4386202387,0.9628586939,0.2629146607,0.4588657774
1.0512605316,0.7658486948,0.6881864435,0.0970497343
1.0991896849,0.2638702733,0.8339588956,0.5974627031
1.1915264700,0.4501833957,0.0369992288,0.5993431854
1.6265880327,0.7143822234,0.2194078231,0.6213402644
1.0194472126,0.7843703245,0.7724967933,0.4634114687
1.2304566655,0.1959968627,0.8264797254,0.2565808771
-0.0216914941,0.0114505132,0.1015811329,0.8491030245
1.1852444253,0.2217178686,0.5957213467,0.1948525448
1.2277680798,0.3257006834,0.5998659182,0.8823311754
2.1237129254,0.6760485900,0.1954108583,0.9833017272
0.9406861815,0.8200682068,0.1511082006,0.7310074137
0.9072179711,0.3205076202,0.2227866123,0.3156772773
1.9419161381,0.6503413418,0.9035477038,0.3720625225
1.9274227208,0.6048883123,0.0138405235,0.7530392786
0.6117073653,0.8508614380,0.5287303275,0.4623680861
0.0784673637,0.9099905754,0.2464940672,0.1488122291
0.5755248522,0.8274558081,0.7475469918,0.2078867506
1.2058143036,0.7338907252,0.3308146519,0.2383678625
1.1107679950,0.2275313452,0.5068689746,0.8359578560
0.6082316846,0.9874516513,0.5687547229,0.2756570800
1.6128857945,0.4639998097,0.5075927733,0.9556996933
1.2259507136,0.4087060219,0.9267731379,0.8066285391
1.0699487645,0.3412222513,0.8235498937,0.6278121412
0.6474107507,0.1002325460,0.2086165548,0.0362834982
1.9204948681,0.6923294127,0.9069984622,0.9226659994
0.5115765809,0.8402956770,0.9087085373,0.2249198749
1.1171221396,0.5066529705,0.0226681290,0.1857984582
1.5331232424,0.4947283548,0.7628254881,0.4608953850
1.1790289066,0.3181902110,0.8024801186,0.7772036484
1.4308387903,0.4686759160,0.5386319826,0.3250953710
1.4389541108,0.7175776908,0.9889039021,0.1339277226
1.7789581862,0.5325936393,0.4084267983,0.5136044936
1.0896434684,0.2521389646,0.4784555844,0.6672382205
0.9348629665,0.3311974480,0.4026320426,0.2499569639
0.4666546018,0.0160361361,0.8148859764,0.1831148392
1.1031607350,0.9317610073,0.8953482359,0.9560541392
1.1447104808,0.2640297926,0.6255936968,0.3234852484
1.9024746957,0.5967318464,0.9581414264,0.0951028876
1.2503462384,0.4964478191,0.2007298089,0.2994087466
0.2506193538,0.0483519320,0.2128232278,0.9696649265
1.9632075342,0.6313586268,0.2505831958,0.7152833947
0.9405549410,0.1487053632,0.3069362344,0.0318424514
1.2384781222,0.4371346850,0.8188034012,0.1903932577
1.9755996427,0.6097946282,0.2038645815,0.7339948485
0.2878163256,0.0464805113,0.2284986410,0.7757979273
1.6275324311,0.6907849440,0.5748121563,0.1489988030
1.8621602524,0.6913329313,0.8981422996,0.7455971218
1.1572982484,0.1250105033,0.8492486264,0.2980553934
0.1244851045,0.9433618337,0.8362526178,0.0002932290
1.1347440870,0.2526457940,0.4742582445,0.8911306135
2.0674558917,0.6056984008,0.8297006117,0.8904937604
0.9641142790,0.3973190939,0.4465160494,0.1326708182
0.4755527229,0.8431758478,0.7112927033,0.1065197521
0.4214033360,0.0555874562,0.3256827438,0.6380383628
1.5679791785,0.6988665226,0.6290080269,0.0026204911
1.5020904173,0.4615191633,0.0625975561,0.8513171392
0.4573577979,0.8919316388,0.7695639469,0.4084454021
0.8023395348,0.7787418534,0.3713803331,0.1026876244
1.5554822689,0.5335733685,0.1735359802,0.3737761666
1.4104803625,0.1919007581,0.9784962514,0.0651669190
0.3313640867,0.0427361074,0.2940016792,0.8643626920
1.7007245882,0.7187914321,0.2388025273,0.7503429830
1.1340100403,0.3325218699,0.9888835712,0.5491946838
1.1566737608,0.3678846774,0.8819700499,0.5153955101
1.2948704130,0.4173035411,0.2600717179,0.7345284568
1.0185915634,0.3644160586,0.6507548547,0.1106824779
1.7701766845,0.7022585248,0.7673609566,0.6101182773
0.6772905797,0.9700380293,0.0653762627,0.6626518639
1.4342860231,0.4677288236,0.1616115985,0.7490494829
1.2093066039,0.3454375883,0.8571431418,0.9513604803
0.9821447867,0.1999074890,0.3933996818,0.3468734406
1.7403995848,0.6601026801,0.5114416421,0.2257274177
1.1183479275,0.2515068159,0.7853895360,0.8062486755
1.1790593237,0.8118814155,0.5067498549,0.7658556869
1.8001415968,0.5659592827,0.5696750013,0.4364548808
0.2791837483,0.9229855012,0.6887203017,0.0552430891
1.5746127704,0.4776997307,0.7742905277,0.7768414063
1.9241633563,0.5689557973,0.4598348015,0.7772665074
1.1102430480,0.1655404386,0.7222140260,0.6150567470
1.6714644018,0.7318997807,0.5897680342,0.8009515362
1.4810244573,0.4373373123,0.5399463362,0.9567156716
1.8474856960,0.6266304584,0.6364390216,0.0063231157
1.2597185225,0.3891626838,0.5761043510,0.6706352844
1.1450744915,0.3300157201,0.9141327548,0.3826018505
1.2625857186,0.6984186460,0.0595147041,0.0100132124
1.9013867989,0.7456062701,0.1131658883,0.9026296259
1.7645257310,0.6196191678,0.2262300812,0.0946454545
0.1880846241,0.9235996411,0.4477848483,0.0449378839
1.0900418275,0.7437660411,0.2286569469,0.1817532951
1.1597594895,0.3792978378,0.9041439742,0.6528668841
0.5950948491,0.0976924577,0.3638174596,0.8032959085
1.9295209599,0.6421442921,0.6353827085,0.3639141742
1.0706753287,0.1977915474,0.7986538986,0.8749225145
1.0081107415,0.4583171602,0.0908473372,0.3032228801
1.2279045147,0.2942931162,0.5459769522,0.7252681535
1.0963824270,0.2095797691,0.8887583592,0.6614490864
1.8976259968,0.6306034669,0.6678549435,0.2477403932
0.4172814356,0.8374107255,0.8701831427,0.2428320847
1.8565188235,0.5793058405,0.3734593411,0.4932715998
1.0520040494,0.2692938678,0.2452956286,0.7747884991
0.6498132022,0.3308789099,0.0657427858,0.0595250310
1.3394525798,0.5044942565,0.4353586293,0.0306356857
0.7857451186,0.1367183062,0.9211306765,0.8622170974
1.1964321684,0.1769852138,0.5683115695,0.5361770098
1.0540757961,0.1613122455,0.2687869065,0.1906166731
0.9846930261,0.1503966229,0.8498299814,0.7201094979
1.1263054541,0.7680483199,0.8042778699,0.2519384599
1.8274298096,0.7477901466,0.7091914242,0.9993519093
1.9870769709,0.5375690201,0.9925387480,0.9890848304
0.5536306812,0.0651993044,0.5387332550,0.6950867174
1.0338737567,0.3317247809,0.7732102175,0.2366797346
1.1812936597,0.2975164047,0.6025922521,0.2520799869
0.9902757886,0.7290351159,0.0071310201,0.0790175604
1.9735791319,0.6686387661,0.7300011884,0.6519257498
1.1116340481,0.3692447395,0.7749721662,0.4151008661
0.5370697890,0.8225175071,0.4305710473,0.2840256033
1.1720937350,0.2502928660,0.5887013277,0.6127708732
1.3725433984,0.8535198909,0.6472455790,0.9795913590
1.0102341861,0.9175636174,0.4647562512,0.8995882342
0.3649396240,0.0221457825,0.8306710882,0.5961020635
2.0165983676,0.6752022581,0.7980304040,0.7560385412
0.6785997256,0.3503509438,0.0825348188,0.1346802907
1.0432467787,0.8007344890,0.6788305743,0.4982033685
1.5598152866,0.5222212300,0.4989608289,0.2695164733
1.0981240389,0.3557649980,0.6027959239,0.4786263054
2.0604155211,0.5735930502,0.7377979835,0.8741529702
0.9224972140,0.1060585445,0.8978343655,0.5805889246
0.6857635725,0.8907968367,0.3324695657,0.6101990774
1.8146126541,0.5138511686,0.0104851729,0.8975793879
1.9308416580,0.5163715082,0.6585987950,0.9264179650
1.2450167465,0.2293018872,0.9942280794,0.5583993305
1.9660660918,0.6918331974,0.3466522384,0.8393017546
1.5250595781,0.5272439355,0.4502585149,0.1174044393
1.1662588958,0.9904362167,0.1994520219,0.9037758799
1.5868157474,0.5147886805,0.0794991904,0.8162382112
1.1637775080,0.2593454677,0.4377733837,0.1771324128
0.5522971630,0.8522738174,0.1033007430,0.6169603159
1.3444977840,0.4816022132,0.6801134042,0.1155251682
1.0206521264,0.1663313162,0.3759687200,0.4802100588
1.0753791077,0.2253955408,0.7456539585,0.8994790350
1.1118087563,0.3283801489,0.9162985864,0.2691081139
1.8064622188,0.5815986407,0.2556700691,0.5452687594
0.6533561168,0.0684667538,0.7388503841,0.6205536651
1.8011781470,0.7343372430,0.2019222059,0.8726659961
0.6307225695,0.0576019331,0.8511761486,0.4886114135
0.9984250065,0.1462833381,0.3203283262,0.2525371517
1.8706031049,0.6726105418,0.9041645388,0.6161240686
0.5319891713,0.0698890176,0.2181114908,0.9837276110
0.9788748265,0.3371051428,0.9206182264,0.1357927718
0.9634511279,0.1581343813,0.2539429839,0.0722081916
1.7487379000,0.6322214102,0.4158784614,0.3158580671
1.6316190609,0.5507492891,0.2117731013,0.5220640442
0.8141256206,0.8783182216,0.1685449903,0.7794063531
1.3574858160,0.1206489065,0.9943544727,0.1069139484
2.1785300314,0.6536926055,0.7227883747,0.9107157784
1.1648373314,0.8094285817,0.1393760233,0.8578693924
1.0693279650,0.7232375174,0.0147118802,0.1750746284
0.7171760152,0.0730246315,0.5676123958,0.3531757965
0.6877472676,0.0445471258,0.8616666171,0.2689912184
1.0574325786,0.2091203266,0.3588751515,0.3921125088
0.6358506230,0.0841877964,0.1833751913,0.6613371852
1.0266643011,0.2629072056,0.8424369874,0.8048307934
0.5849302252,0.0425644066,0.8845761333,0.4913418251
1.1499757035,0.2767716953,0.9079322187,0.7979151486
0.9413000719,0.7984605768,0.4408379839,0.4271682264
0.4523940466,0.9708597945,0.4633075552,0.2196400024
0.9376851096,0.1641639315,0.4155012964,0.8062132789
0.7678323162,0.9022714043,0.7991112707,0.6979101570
1.2409460284,0.5429333411,0.0372688780,0.1361719583
1.9375895512,0.6462657835,0.8648768121,0.4289874463
0.4220017313,0.9125521412,0.0434716782,0.5851194561
1.2923806913,0.3747468236,0.1748824477,0.9232380500
0.9834110191,0.2406398505,0.9505884153,0.9382428960
0.6525835998,0.0823934991,0.3648773797,0.0051405619
1.5145741499,0.8338329409,0.3021544074,0.9972915552
1.0327517466,0.1897162435,0.0731237125,0.6835613597
0.8065460783,0.0913396545,0.6179262864,0.3238988085
1.3453063184,0.2222825195,0.9035836217,0.2382506191
0.5493860102,0.7984093118,0.1973398492,0.2462788229
0.8712754355,0.1297135000,0.5486894734,0.3687924460
0.1025032056,0.0154740712,0.0178069686,0.9052418926
1.2965457716,0.4164782605,0.8964742829,0.6300180708
0.8461602864,0.2324207284,0.0758410562,0.2532238862
1.4978006389,0.7626821559,0.8233861864,0.7717266013
1.3659704738,0.7445097510,0.3465828810,0.6422525317
0.6471675864,0.0898153414,0.2103471318,0.4571056337
1.3749598172,0.7524055893,0.4480511604,0.5161533834
0.9732040888,0.1347871701,0.7649772221,0.5726890659
1.0728470802,0.8017946542,0.0507483250,0.7545786795
0.8448749026,0.1454054582,0.1286270960,0.9015665743
1.1452652560,0.7498037977,0.5924260587,0.0343778394
1.4775155225,0.4677302110,0.4720436578,0.7915071215
1.1372646599,0.3660862483,0.6904313549,0.8218157065
1.1877609577,0.2386534857,0.8493920874,0.3976584867
0.6471440196,0.7955375565,0.4617134141,0.1082324090
1.5818993129,0.4532744072,0.0680210240,0.9616475510
1.5481510842,0.7269045930,0.6353451390,0.5202470636
0.3499251295,0.9716401576,0.0172938726,0.4792369456
0.4289522878,0.9718807148,0.4672132932,0.2607735216
1.1916057777,0.2280057025,0.9888905613,0.4038908579
1.3139920324,0.4677530627,0.4131253470,0.4258422032
0.2026280733,0.9047910672,0.9283507207,0.1324598357
1.0857449659,0.7878599930,0.9782975304,0.5011496812
1.3521417794,0.4519925025,0.4151478505,0.6554729685
1.0463480788,0.2634510114,0.1942823724,0.5915904077
1.1917641624,0.8562467786,0.1775466602,0.9033918780
0.9832189890,0.4250104791,0.3237015659,0.1613624938
1.3889178591,0.7253280474,0.6549221193,0.2515226823
1.7840120441,0.5378408247,0.9422867778,0.8170380283
0.6519746407,0.4486625257,0.0015672530,0.0606331104
1.1685468336,0.8859686549,0.7908063679,0.9510039490
1.7658021357,0.6726284683,0.7876288541,0.0100078432
1.0745200929,0.9105453771,0.3899507764,0.9360306982
1.0401461061,0.7685490083,0.8656411606,0.1122888503
1.0717858033,0.2756223845,0.1313309460,0.8464687681
1.4913115651,0.5092662988,0.7656515534,0.0186437807
0.5386302854,0.8460258699,0.2818684724,0.5039376168
0.2841637962,0.0461642618,0.0214300511,0.8721335317
1.8618119308,0.6341092986,0.1922254592,0.6839241521
0.4151726893,0.9597692379,0.5600740151,0.2221353825
1.2291620529,0.9488535361,0.2960022714,0.9480980742
1.5230976837,0.7607615707,0.5230963951,0.7855838772
0.8068168386,0.1494805920,0.0303397498,0.8625272492
0.8959640561,0.3979879071,0.0514833905,0.5294149956
1.8133996306,0.6777453821,0.3607619701,0.6101692359
0.3755371376,0.0331541482,0.4772718090,0.5286784408
0.6070532647,0.0707279658,0.4599579699,0.0721368755
1.9378384678,0.6102336778,0.2578908279,0.6979971962
1.2501522387,0.4628526277,0.9831078753,0.1236960138
1.8000468284,0.6601325440,0.4985920982,0.4347794801
2.0413635738,0.6244978860,0.6835551258,0.7495939697
1.7576386614,0.6133487556,0.4232393709,0.2171797138
0.5473887411,0.0946898393,0.0505342984,0.2138361881
0.7696139412,0.9400836357,0.9806740228,0.7675544007
1.0778260109,0.3898681992,0.8680585608,0.1154056539
1.1727682308,0.3174704064,0.6678256738,0.4782873894
1.0964046802,0.4470319540,0.3275683782,0.1428936514
0.2507680716,0.9473797925,0.3346674041,0.1437355509
1.4141275354,0.7300988237,0.7926648196,0.0096968116
0.7162099446,0.1141235987,0.9201909513,0.8294796523
1.3589984823,0.5403014375,0.0818477678,0.1592746769
1.5711555859,0.5477583058,0.5084316798,0.0268020310
0.9766266335,0.1185438923,0.4765859737,0.2899343822
2.0204195194,0.6450703944,0.5879499887,0.7396968540
0.6080872846,0.9490920971,0.2098164818,0.6221855635
0.9290782058,0.7812581494,0.1863027018,0.5015996410
1.4757456291,0.4981156285,0.0095931682,0.6830753115
1.0126692016,0.1316305506,0.8015593978,0.5662107166
1.7966513485,0.6008384030,0.3818600484,0.4741701436
1.0044697476,0.2596339595,0.3129398880,0.6183352169
0.8952675569,0.7913885272,0.8562752018,0.0655481692
0.6716506707,0.1148836592,0.3259093132,0.9512410884
2.0646985759,0.5860002115,0.9156810889,0.7430915658
0.8832027681,0.1166539801,0.5182917776,0.6033333824
1.7489601350,0.7087997894,0.4841010081,0.7697311648
0.9013921934,0.9561324111,0.3959181234,0.7580268563
1.8751891498,0.5367717804,0.8406920818,0.5598171876
1.0562416508,0.2516763647,0.8071055714,0.7293501093
2.0403564018,0.5937510294,0.8087095032,0.5056759896
1.0778169155,0.8864336279,0.7329230901,0.9076247753
2.1145042791,0.5658586859,0.2201741447,0.8786020449
1.0491072978,0.3148172095,0.5245212966,0.0746816799
1.9058039071,0.6778278284,0.9589557969,0.7034396670
1.3349083236,0.7218998185,0.2416765657,0.4180456057
0.6965730635,0.0948733030,0.1109053316,0.2305109815
0.4589569281,0.9405604099,0.2967436088,0.4920765023
1.4177844258,0.4800968635,0.3843054202,0.4296997014
1.1580685888,0.3363508771,0.5437056054,0.4469481112
1.1932253023,0.9652772641,0.8166517633,0.9617579696
0.7089714384,0.2682100975,0.0992081281,0.0643044757
1.8005609009,0.6845576391,0.7033540435,0.5005570452
1.0001259058,0.2150945499,0.3311230556,0.2339924784
1.1109478902,0.2808513728,0.9021169217,0.3250931460
1.9265490114,0.6030472568,0.6129842166,0.5385737003
1.1404880932,0.3687628941,0.9835073917,0.6429090693
1.3721637371,0.4836307620,0.6020314149,0.4944166206
2.0304302420,0.5507456431,0.7242122720,0.8839961519
1.0749165414,0.2344586503,0.5493357574,0.5012096301
1.7045269291,0.5279114072,0.3859621211,0.5521811430
1.6326988236,0.5015766945,0.6741387889,0.6612240701
0.9516554470,0.1286736144,0.4525139210,0.3006706859
1.5521122036,0.4550127340,0.6707122647,0.8820746698
0.7508476066,0.9221794346,0.2048069315,0.7824350111
1.9427996298,0.5479220959,0.4657813845,0.7651498324
0.9153820160,0.2910932612,0.0664234428,0.5854555147
0.6489989199,0.0676328240,0.4124081818,0.2675754411
1.2441884581,0.3281845134,0.8171909714,0.8184562172
1.1401423067,0.3523244693,0.9481205033,0.7798387635
0.3179631610,0.0605778626,0.1421045898,0.0155295587
1.7672120275,0.6829898120,0.7238193199,0.1996948825
0.9798110515,0.0798945881,0.7356888665,0.3177459165
0.9734103696,0.3139374223,0.0311741051,0.7614947854
0.6137502193,0.7747409781,0.1209999396,0.0178165844
0.9570973494,0.2524988705,0.0687788286,0.5505868750
1.0843831015,0.3784497008,0.7364302668,0.5724952879
0.5229912922,0.9474708896,0.6066838397,0.4228521956
1.1053699602,0.2531548812,0.7841069101,0.5615399638
1.1277026091,0.9758748409,0.7727120433,0.9173507027
1.2686451545,0.8360598904,0.3551828911,0.9036924397
1.0699787808,0.3100888329,0.6023231264,0.1511067945
1.0033298087,0.2779666427,0.2345910785,0.4899475373
1.3224770511,0.2399881832,0.9520443618,0.2866606158
0.5140341534,0.0792406423,0.0559915731,0.1856613028
1.5730128315,0.6995322509,0.6650898977,0.1986406395
1.4052628549,0.7891540191,0.8597838703,0.8032482207
1.4570026417,0.4584062016,0.9605920213,0.7258565651
0.7691708592,0.1228435796,0.7062963326,0.9154615885
0.7845391573,0.7724255430,0.0092614655,0.3243256422
0.4972294514,0.8329822161,0.9977151012,0.1678904633
1.2585715268,0.4186467583,0.7677582260,0.1483541875
1.1296770961,0.8707769253,0.8172357882,0.9377577848
0.8209806719,0.1024628195,0.8997323524,0.6190568772
0.7484306708,0.9931756433,0.7448812456,0.4486513797
1.1182403599,0.9185010515,0.8292327352,0.9822952650
1.3319495153,0.7396061598,0.7206869728,0.2871333114
0.6867156772,0.8459406740,0.3030718227,0.5060810264
1.1176199277,0.8444404339,0.5190551637,0.7747989129
0.9266649137,0.1626590190,0.6510404071,0.9033513391
0.7197154437,0.2934865813,0.1303091993,0.1455348411
0.9245396928,0.2010138450,0.1005304416,0.0397667192
0.7853861684,0.9839745662,0.5354629700,0.6081760549
2.0399946079,0.6264313483,0.6592219605,0.9079956055
1.6890033406,0.7367999793,0.8260416944,0.7096418705
0.8929840580,0.3528431107,0.3766502065,0.3230438771
0.8750269489,0.9775547495,0.6846979317,0.7462426439
1.7107234845,0.5929295828,0.3476684096,0.0534553177
2.1470099761,0.5798679931,0.7608415156,0.9817014109
0.9928337612,0.4350375590,0.2751107194,0.3284834245
-0.0130454760,0.9450140496,0.0541895942,0.2338341296
1.9024107434,0.5383836184,0.1912700769,0.8992026279
1.4975483811,0.6848918717,0.3441543682,0.1676980940
1.2549182672,0.4272558048,0.4034562622,0.7471865279
1.5581119084,0.7429642733,0.6815470083,0.7143431145
1.3798797086,0.4854666032,0.4877921225,0.1592816329
1.1609885661,0.3086776204,0.9258759907,0.6321846743
2.1440509563,0.6377150280,0.6620455914,0.7973073976
0.9300850469,0.2957340959,0.3287884952,0.1483749613
0.2469960443,0.0422517719,0.1720381951,0.7550411548
1.8045988249,0.6658298688,0.8048497314,0.2572433082
1.0593671993,0.3077290793,0.4698757173,0.5040961218
1.0946938777,0.1820277194,0.3876664437,0.1672729944
0.5002775708,0.0811871113,0.0282049612,0.2278921545
1.8931893652,0.5649599787,0.9473155510,0.6965517953
1.2820661546,0.1725651646,0.8526512500,0.0899304359
1.6778087049,0.6888993778,0.7014060706,0.2214912156
1.2028302531,0.2325046241,0.4792515494,0.3997863014
1.2012590097,0.1911945349,0.7584262491,0.4844599269
1.6279990506,0.7031643094,0.9900981945,0.1544296665
1.2203189099,0.2121398440,0.7101282340,0.1422934372
1.1867618627,0.3412211238,0.9531395449,0.9407054197
0.5601490334,0.9828649270,0.9166479976,0.4192711819
1.1876189033,0.3106693188,0.8637579431,0.5136411668
0.9683323410,0.1593541738,0.4941992494,0.4986694302
0.4835288856,0.0812701506,0.3848680073,0.4062779152
0.9996129026,0.1958292280,0.4930376172,0.5475181645
1.1848031349,0.4977585145,0.0851058390,0.4204313780
0.9706326644,0.3507355725,0.2874705697,0.6209239759
0.8480727265,0.8534965916,0.5050034880,0.5601898227
1.2459181573,0.2095221906,0.7076110943,0.1779387046
1.0857476617,0.9843125863,0.6753665116,0.8132533189
1.3560240280,0.4842659360,0.5970957518,0.0883738349
1.5357068066,0.5324467447,0.1827892419,0.4803205712
0.3052033014,0.0121641031,0.7805304581,0.4379869494
1.4411859391,0.7922389062,0.5306141590,0.8629144479
1.6994061290,0.5627831313,0.6159361266,0.2575305888
1.1998589641,0.7578142610,0.9135871422,0.2094895395
1.1627097899,0.2598222611,0.7718005897,0.3632310025
2.1772953765,0.6445214779,0.7011542617,0.7344490866
0.5367052819,0.0929518156,0.3231445473,0.9996147363
1.9201817425,0.5567548775,0.6213851871,0.5027860139
0.9361182154,0.8124605187,0.3499170766,0.5781825129
0.5783624836,0.0400352879,0.7974123749,0.3752077616
1.1412596357,0.1813258176,0.9225529057,0.5595412334
0.3882652649,0.0605615411,0.1173449936,0.8435314596
0.8167093590,0.1515696300,0.0359285167,0.7592318041
1.1551197924,0.2999955453,0.3157429379,0.7187645910
0.2807712691,0.0308456733,0.3419529605,0.1786298954
1.8025548196,0.6745626359,0.9130365464,0.1911677676
0.7116226071,0.8208105137,0.5281121242,0.4490857389
1.5105225571,0.7636870967,0.9451626432,0.7755311627
0.7900711728,0.3803006137,0.1459732015,0.1532535606
1.5003938637,0.7139474683,0.3776462774,0.3976042878
1.5551153836,0.5061526073,0.7519870906,0.0854030995
1.9152533015,0.5662102539,0.5110608158,0.5604917264
0.6366463566,0.1009292760,0.4008400870,0.5403813266
0.6647451042,0.7981200674,0.8864139117,0.0826244536
0.8216602246,0.7840104923,0.0035626622,0.4984723741
1.5777279836,0.7040735498,0.6209088881,0.2657942859
1.7427711734,0.6917364344,0.3927263192,0.4598119839
1.5197157743,0.5407048219,0.2464046571,0.1705512668
1.7913622031,0.5687074121,0.2248896905,0.7195642566
1.7735199006,0.7004051044,0.6044648871,0.6478093569
1.9765702973,0.6439930941,0.0509061493,0.7661612361
1.5211112936,0.7158989130,0.7505167483,0.1236718857
1.8930142474,0.6420110561,0.2451756631,0.5775541251
1.9042267989,0.6009456295,0.5751048906,0.1118618232
1.8534643760,0.5907605608,0.7477911088,0.0081102819
0.0288254707,0.0233664635,0.5729629633,0.8822212549
0.4049019650,0.9590033914,0.5274413923,0.0708944900
1.8192898194,0.7095479270,0.0862031445,0.8748391576
0.5961235216,0.3757932018,0.0623184557,0.1409631381
2.0525997145,0.7002914359,0.2197237180,0.9091158155
0.9965264672,0.8228400669,0.6980274326,0.6823514977
0.7444593876,0.2546346003,0.0353005538,0.2113030947
1.1649553488,0.3291078860,0.3677188591,0.8126694933
1.5529480726,0.5036760296,0.4598117192,0.5497112841
0.5698827151,0.8634282788,0.9420696136,0.4515644714
1.0195150133,0.7234487354,0.0264463624,0.0585663659
1.0432564758,0.2681113879,0.4948301478,0.0462505342
1.0480158818,0.5056043502,0.0726531364,0.1089088052
0.7509079898,0.0738202250,0.7991188064,0.7585001065
1.0179664211,0.3839560204,0.3520787530,0.4335146337
1.4151223768,0.4087338423,0.8277274900,0.9273555049
1.2136827335,0.4251104306,0.5041606225,0.6763865620
1.1697437734,0.2962616471,0.5955948732,0.3627976642
1.2866531832,0.9851544504,0.4315059630,0.9462000004
1.2724361657,0.1681400654,0.7649329737,0.1146197120
1.5390781818,0.8146853641,0.6232962965,0.9484126296
0.3751920822,0.8897251548,0.5257050409,0.3340552259
1.9268072116,0.6919485632,0.4426739091,0.9008865656
1.7606325263,0.6858197700,0.1621255559,0.6396045571
1.7128843976,0.6820058775,0.7300123203,0.1001003549
0.0254553710,0.0082995274,0.2264757377,0.7012325175
1.7573363049,0.6701754119,0.2500038669,0.6115302135
1.0411019809,0.8883773842,0.6557573638,0.8841596334
0.2172164505,0.0202827235,0.6456204166,0.7064845121
1.3482800057,0.5187469454,0.2078088194,0.2490577873
0.8068701836,0.3160944826,0.1350572370,0.3109705766
2.0522941919,0.6349982561,0.0829620106,0.6958885269
0.5860613801,0.8161248233,0.5476123186,0.1016354420
1.0994740522,0.2526428381,0.3703333962,0.8812144872
1.2712962960,0.3441772997,0.2482631273,0.9800534094
0.3665086863,0.0386561960,0.2913977688,0.6937474644
1.7933510585,0.7034484713,0.5377463090,0.8226663963
0.8439391606,0.2220185293,0.1687307463,0.1203426639
0.2518989206,0.8720611790,0.8539037482,0.0067844198
0.8208229465,0.9658677586,0.2160562890,0.7108445063
0.9257610037,0.9146325074,0.9289646766,0.8803110797
1.6546588573,0.4533683138,0.2307936988,0.9852390552
0.7993223777,0.7658945974,0.1067280930,0.2565920691
0.9181569225,0.1623890463,0.4666337845,0.8872578937
1.3970244646,0.4951766824,0.5788707227,0.1992105672
2.0423230634,0.5473961289,0.3173067392,0.9182642100
2.0448268908,0.5552286216,0.6355867139,0.9607177309
0.2633658229,0.0578597601,0.8789944032,0.9788240186
0.8673034084,0.1336930911,0.2159161069,0.3640357690
1.8746918742,0.7110532549,0.9872952078,0.9430098202
1.8167675919,0.7009312869,0.6631984922,0.6895977655
1.0758296104,0.3336603597,0.7824823630,0.3978319705
1.9959224557,0.5975793424,0.9696287352,0.5160499613
0.9102682357,0.1672426424,0.2071041487,0.6368435260
0.8685345015,0.2097420288,0.0051147435,0.2000427190
1.8129639209,0.7173224458,0.7817872770,0.8304668357
0.6586075890,0.3237643977,0.0510104703,0.2873643588
0.9276903500,0.1124583503,0.7341834841,0.5855364318
0.1844270555,0.0319085753,0.2236893019,0.4807125944
0.2262379488,0.0389211733,0.1638468988,0.6307153758
1.2196806158,0.2388556450,0.8359778962,0.5610605150
1.3424660679,0.4063734054,0.5905165770,0.9243367498
1.1118991501,0.8348092214,0.4546847544,0.8119833099
0.8769779848,0.1599677337,0.4070790993,0.7924356091
0.4098052357,0.0613309458,0.0411148829,0.4555432229
1.5718500713,0.5665020978,0.3175502061,0.0727475863
0.7616994984,0.1271973601,0.7626536133,0.9783320863
1.8802453645,0.6281592068,0.6863459181,0.0707915006
1.4014030746,0.4854639910,0.6468707534,0.4587029973
1.1838726401,0.3018899898,0.9081528663,0.3643464348
0.9497923371,0.1024844378,0.5484142937,0.1163351878
0.9694335144,0.3675021956,0.9203511628,0.0306157848
0.6742104348,0.9692885990,0.4487823822,0.5386591663
1.4822949942,0.5005947790,0.4983342966,0.4815012548
1.6240041728,0.6394621542,0.0881295185,0.2865297982
1.3230865475,0.7133299722,0.4015991361,0.0007903314
0.6100123596,0.0859254697,0.1858716027,0.4524065016
1.0280633634,0.2757018242,0.3576552349,0.5231507775
1.0883537514,0.1682989310,0.2799650422,0.9040604853
0.8767239318,0.9153520465,0.9479891924,0.8675291404
0.5236767554,0.0738459178,0.2454196981,0.6537647211
2.0049999066,0.6413550476,0.6638104817,0.4159962852
1.1268777461,0.2482696368,0.9621304927,0.4195556752
2.0023307924,0.6475577941,0.2434939874,0.8240683178
1.3024651143,0.4942371988,0.0953170494,0.5306802108
1.0731552405,0.8139620434,0.6673707825,0.7089104661
2.1376924027,0.6394314645,0.4640688723,0.8684715373
1.4906310291,0.4873718890,0.5247522900,0.4388019544
0.4195741772,0.9743446758,0.3792917041,0.2396964382
0.6733886052,0.8776015887,0.1560108641,0.7071286706
1.1804972325,0.3025431615,0.8578154919,0.7286903600
1.8306126346,0.5389737208,0.8123921102,0.5130016586
0.3212886086,0.0328088412,0.4222733431,0.2233151586
0.9893802713,0.1769820593,0.5825465226,0.7788072790
0.4578794465,0.0362503368,0.7104311174,0.4515938132
-0.2298755964,0.9050677905,0.0247560419,0.0894371097
0.8014802988,0.1366359903,0.1465501346,0.8626646631
1.0349920431,0.0986426274,0.6481318191,0.0387704983
0.8362888504,0.8502384108,0.8928599924,0.6603105166
1.2098609744,0.7555541304,0.6766396968,0.3203570215
0.7654903308,0.8438231856,0.9753883193,0.6324246621
1.2749611060,0.1560248630,0.7527443671,0.2244749963
0.8574645882,0.1124588474,0.3031356057,0.5097008037
1.7507586589,0.5805561292,0.4099527985,0.1985377868
1.2931634894,0.4079606154,0.4086390224,0.7217068191
1.2116688058,0.3029516729,0.5633204307,0.6509176073
0.2566173285,0.8739134453,0.3003377666,0.1158881313
0.7705378431,0.0862669457,0.3086414548,0.0470831908
0.8843371937,0.1153055177,0.9169055556,0.6369867621
1.5836557908,0.7156829492,0.0855530557,0.6990633992
0.9891926000,0.2492997371,0.3756893859,0.0328996135
2.0778655117,0.6728879272,0.2677052941,0.9146606769
1.1539034931,0.3369910722,0.5146051955,0.7998949283
0.3308396539,0.8981847405,0.8595284719,0.3082695647
2.1604876339,0.6284681101,0.0775404888,0.9008645820
2.0872010793,0.6052878078,0.8876180842,0.9541159655
1.2073091657,0.2328323556,0.6665516056,0.0857746335
1.1020970815,0.3938122525,0.4794576207,0.5313697811
1.1647838420,0.4039927242,0.9936974060,0.5099932564
0.7646870689,0.0928501560,0.3005157241,0.1513397358
1.2538353333,0.9239528480,0.0048862430,0.9878681738
1.3645464211,0.4690591958,0.5872603359,0.3746310413
0.2845917598,0.9474258786,0.6054837490,0.0587689379
0.6982131987,0.3976820620,0.0000655807,0.2420234223
0.7840576232,0.1480089530,0.0479479111,0.5572899768
1.2245337814,0.1760568133,0.6472135200,0.1516806410
1.5857283566,0.7969128462,0.6451303272,0.9738092164
1.7369008242,0.7187892228,0.4104145865,0.8006320136
1.5147971019,0.5636994486,0.0666086655,0.3045455421
1.1206628670,0.1845350587,0.5771720141,0.5929628173
0.1760767635,0.0123208185,0.4973852018,0.4890569590
1.2146545500,0.6987548505,0.0883694365,0.1653641403
1.0083064267,0.7622867914,0.8270391532,0.0495182084
1.5654292662,0.5774926272,0.1375706688,0.1445973925
1.7874899249,0.5353084800,0.6808151221,0.5599952338
0.9689049371,0.1492392725,0.5501492542,0.5984201901
1.3146272683,0.1589228188,0.7823924336,0.0893266437
1.1724390244,0.2723013175,0.7154354712,0.0324359832
0.9928384935,0.2463848914,0.2691524564,0.6084850990
1.9447427386,0.5668096150,0.7511625460,0.2202015917
0.1324627421,0.0163401947,0.7036991239,0.7878225467
1.3110305594,0.4145191703,0.7298772025,0.8184595503
0.9733967111,0.1944606526,0.4756018558,0.8078582180
0.8956126011,0.2763932542,0.3692540185,0.0403132958
1.1593798257,0.9757961054,0.0470580490,0.8966059586
1.7744788871,0.6104006334,0.3293662157,0.4428157607
1.2347672687,0.4130028659,0.8184748744,0.6781390343
1.2967460152,0.9452092095,0.3081790181,0.9792891529
1.5353864448,0.6658765161,0.1492286511,0.0817557402
1.1483584538,0.4631561259,0.3681317870,0.0621811643
1.9235121729,0.5470136051,0.4486756873,0.8853997204
0.9743404780,0.2681584141,0.1660398812,0.6138177203
0.7389928363,0.9134143338,0.9743192048,0.7230487089
1.2144273683,0.3788093221,0.5358450114,0.5863570515
1.1750122825,0.4424842462,0.9215538771,0.0033443188
1.9168226183,0.5776531957,0.9765068663,0.2317133334
0.4211552732,0.0684820051,0.4182203425,0.6775125344
2.0811826121,0.6042164676,0.6656392842,0.7645205944
1.3101384022,0.8284993780,0.2814119556,0.8987845991
0.9379649429,0.2924573092,0.3389110092,0.1825588105
1.3703714180,0.4931055795,0.4947951448,0.0911441117
1.1570281250,0.4053658625,0.3206778862,0.6790641876
1.1671414900,0.1991620496,0.6590212786,0.0315527434
1.0195928441,0.3692857916,0.9955702678,0.0215884892
0.9128445858,0.9547033936,0.8257195686,0.8244256754
1.8761003058,0.6664156993,0.7403653231,0.7241365556
1.1996442797,0.4285140820,0.3242436937,0.7209057061
1.1494437098,0.1243366591,0.8767121184,0.0155905698
1.3281424261,0.7562011013,0.7110726194,0.3198751359
0.9598818947,0.1744172019,0.8342528459,0.8052320052
0.8734578371,0.3771918434,0.3645171573,0.2677154249
0.4993578005,0.9631167037,0.1285444903,0.5921293175
0.8469685138,0.7725577531,0.1008971044,0.4217238289
1.0434589099,0.1584670251,0.5991788434,0.5865522224
0.9464846561,0.1558607486,0.2386165383,0.3397036745
1.1921777718,0.2412311627,0.7693130831,0.9456312602
0.2816679859,0.8817721072,0.6327752013,0.1878290913
1.1023261764,0.2702470112,0.5427078187,0.8175605723
1.5646084244,0.4559112495,0.6618210518,0.9080369955
1.9445701009,0.5587792242,0.2234318310,0.7749395438
1.5312773492,0.5333330611,0.4011053793,0.0462081281
0.8431992729,0.1497007052,0.0812782079,0.2849354549
0.1196731906,0.0356320332,0.0119231025,0.1463365330
1.3824106455,0.4415522014,0.2482469311,0.7070488809
1.7511369013,0.7443918374,0.5478489485,0.8843466578
1.8012517776,0.6850790960,0.8017582973,0.2814020512
1.3427899647,0.7070062441,0.4092346110,0.1727332858
0.9559563175,0.4219263973,0.1496047559,0.3003616956
0.7849092857,0.7994768626,0.9530585751,0.2059480434
1.9787449337,0.5471722051,0.8153382589,0.9577740994
1.8790934246,0.6644191263,0.1785466658,0.6974163035
1.5820367355,0.7517720481,0.6489491134,0.8096778755
1.0607668342,0.2767809247,0.4659641031,0.0556728072
-0.0829328271,0.9114115914,0.1593871144,0.0312179954
0.3038924649,0.0340301712,0.3125166908,0.0052581358
1.2126102118,0.3288463117,0.8836845556,0.5878483263
1.3047515880,0.5245199575,0.1229247460,0.2263281932
0.8026093260,0.9726721360,0.8029009677,0.7367237772
1.7664766926,0.6850291563,0.9672617382,0.4087212321
0.9766136337,0.4522561876,0.1991762564,0.1826867168
2.0455445947,0.6314843794,0.9816361546,0.6428090489
1.7495329788,0.5144729766,0.6774087310,0.4878035409
1.4186765849,0.4730009680,0.4412981189,0.5052898486
0.5234638434,0.9457320830,0.4593959011,0.4625829737
1.6339494846,0.6539495150,0.1899301625,0.0465139414
1.3431172157,0.4833161989,0.1885298757,0.5882988148
0.9969459807,0.2631259496,0.3772581541,0.0517441119
0.9700483232,0.3601519504,0.3740705501,0.2730756884
1.6256121182,0.6315873069,0.0284315654,0.3082980770
0.8306678024,0.2636663051,0.0027748099,0.5548107536
0.5555052532,0.9266790975,0.8926548956,0.5049841313
1.0743056399,0.3551423143,0.7762625013,0.1251921720
0.3679924240,0.8979423186,0.7055824210,0.1237654301
1.1896929787,0.7531898579,0.7357544900,0.0697515434
1.5918960389,0.6898705126,0.4906249720,0.0701500433
0.4195804006,0.8439303961,0.7395185621,0.1088468213
1.2185852504,0.8401917554,0.4336836707,0.8997476998
0.9806108613,0.4740314252,0.0403554993,0.2393514776
1.8392576923,0.6819046801,0.6467221011,0.5483169673
1.1781021569,0.2921436650,0.9087096249,0.7349866071
1.1308490751,0.1974021356,0.5977618764,0.7080859851
0.9902010872,0.8535650681,0.8382417855,0.7672248717
1.0033679964,0.7928190127,0.1564002204,0.5973759586
2.0857322164,0.6422425180,0.8552131406,0.6698116861
1.6439372218,0.7342324196,0.4501815650,0.6866224993
1.1540144488,0.6984663153,0.0673196861,0.0657050009
1.1829252423,0.5072466537,0.0225967615,0.1615307077
0.6550495318,0.9575214110,0.6400749164,0.5651279064
0.4875017053,0.8163555444,0.3683716725,0.0818989353
0.2646019596,0.9034179037,0.1210974550,0.4922925702
0.3870756185,0.9801710624,0.4702272699,0.1523122805
0.6170455908,0.9441469311,0.8701220094,0.6295074892
1.7123614423,0.4797498161,0.7682362038,0.9020192181
1.2682221213,0.2471237847,0.9871217312,0.6600930792
1.6288831648,0.6895659079,0.4601103698,0.5340414883
1.5627794857,0.6706456489,0.2858083880,0.1078325709
1.3196547233,0.3497642929,0.6563610837,0.8643691509
2.1288446509,0.6462110291,0.6769870846,0.9541822072
1.9666536212,0.5822349382,0.8119527777,0.2277440377
1.2162300304,0.3387743496,0.7670523754,0.7645538039
1.1974283996,0.4345363443,0.9744785046,0.3120674592
0.9605281013,0.2871066271,0.4182999042,0.0344478822
0.7000934614,0.8987232741,0.2813795067,0.6371396654
0.3772456747,0.0694461374,0.0062190116,0.5654478491
1.1583637800,0.2163241576,0.3819299145,0.3957126935
0.9012900579,0.8575746931,0.3913244096,0.7833091492
0.5679247681,0.9211841382,0.0293162185,0.6754538904
0.8109412611,0.0965801817,0.8658621633,0.6425066854
1.8031864771,0.5295557158,0.4036978876,0.8320668821
1.7146595053,0.6952941592,0.4371393395,0.5573353082
0.4365533671,0.8799110086,0.0355233341,0.5496958401
-0.0618289298,0.0097766184,0.4205212563,0.8885238553
0.0365400192,0.0199817578,0.1332145802,0.8733150008
0.0507554286,0.8265003484,0.0306137882,0.0050146940
1.3490443271,0.8116366960,0.8018875509,0.8758360715
1.6302136857,0.6488812487,0.0330227529,0.3504380875
1.8890284292,0.6068710209,0.7993297606,0.3566626281
1.5568728797,0.7154333528,0.8629260509,0.3435847391
0.8652522155,0.9052645756,0.5782192468,0.7612165229
1.4970661197,0.8182826034,0.5844539251,0.9692819247
1.1324664278,0.2502470178,0.0248088424,0.9891201640
0.8781049119,0.1028969836,0.3893456195,0.2255876542
1.8190327627,0.7248086219,0.5498715257,0.9134190675
1.6043832074,0.5048505260,0.8214030348,0.2909909145
0.6708098065,0.2712652431,0.0363766068,0.0484494422
0.9730255165,0.7595279499,0.0469976093,0.4133955292
0.8012592783,0.1347020104,0.4038090171,0.9823004384
1.3902046284,0.4587284432,0.5572216465,0.4842237665
0.8691129752,0.7857480973,0.5620504384,0.2001197131
1.0293622627,0.9710854770,0.4004390373,0.8322488005
1.0452207664,0.3648825592,0.5928426949,0.4240242028
0.4788887924,0.8838466821,0.6302612987,0.3284641102
0.6033421420,0.8236262209,0.4933095182,0.2035206768
1.1827156358,0.3179195133,0.6913982080,0.9834326535
0.8111131607,0.7983905803,0.4591746877,0.3433682649
1.5271382170,0.7068170040,0.4554105587,0.2342136497
0.9096444604,0.4257351157,0.2320590029,0.1135211029
0.4201715624,0.9937769429,0.1779622517,0.3516479121
1.7340592583,0.4975993161,0.7293506900,0.6342776763
0.6474461664,0.8166850511,0.8433367668,0.2417669540
0.7041682054,0.1442219494,0.9363826076,0.9667818653
0.3980508229,0.9424929511,0.4279744464,0.4259258499
2.0667266212,0.6352701711,0.6028576471,0.8160273117
1.0455184720,0.3577991339,0.4644239950,0.3264824468
1.6086508623,0.7046441079,0.7593458286,0.3101508023
1.1486774427,0.1800475036,0.9258476532,0.5376605881
2.0096280930,0.6075770315,0.8124924371,0.7443092385
1.2005039060,0.2616677991,0.6547656291,0.0623508071
1.2297585070,0.4327299300,0.7225430316,0.2595323194
1.0615547493,0.8364824671,0.5082520470,0.7163744964
1.2636011927,0.3699533018,0.6567329440,0.7416582433
1.1060851731,0.1646201662,0.9839113445,0.7139275530
1.2837133643,0.4078607491,0.6450310691,0.6423559926
1.1519198229,0.7143153883,0.0294002813,0.0039254008
0.8976874097,0.1482788330,0.1340303125,0.9272380860
1.1059322028,0.3598079752,0.6453163625,0.5851229787
0.5403405838,0.7817461172,0.1325493290,0.0181276702
1.9592201786,0.6942783004,0.6372492567,0.8330304868
1.1810221132,0.2585172749,0.9274813727,0.8256099529
0.9138335439,0.2912182017,0.4785478449,0.0852542908
1.5337506164,0.5128950091,0.4622595612,0.2383550494
0.8955500424,0.8802117211,0.6473160918,0.7878998521
0.1956173800,0.0426962555,0.1158988938,0.9887634869
1.7579310666,0.6428363209,0.3150942880,0.1844550086
0.9894399532,0.7648707029,0.2074154232,0.3970520464
1.2361011506,0.3143342174,0.5677566307,0.7456662508
1.3771204650,0.7233726247,0.3200220603,0.4212814479
1.1921987930,0.5413309702,0.0080672250,0.1132604451
0.8077480367,0.1214157524,0.1731566820,0.2508938010
1.9109591823,0.5713034318,0.2238104153,0.7743347883
0.3573813681,0.0375614699,0.7143955526,0.6625734164
0.6140331150,0.0550745799,0.3070096510,0.2836702466
1.9916042463,0.6490085892,0.9293455668,0.3475160746
0.3326275118,0.9257316125,0.2954589643,0.4167434132
1.7943774682,0.5409448442,0.7286317606,0.3388082161
1.9880546531,0.5625064241,0.7875426184,0.7890819406
1.3018368105,0.4085531202,0.0894691209,0.8213343949
1.6640993535,0.5351591270,0.4220857983,0.4842593114
2.0816362421,0.7023841817,0.6802235414,0.8923685849
0.7103717838,0.0728532175,0.5517774404,0.0399040338
0.7751113461,0.7766532846,0.0084654209,0.4054463947
1.1860081444,0.2090476199,0.5906161174,0.3501480923
1.2342601531,0.3882309477,0.5810868365,0.5401664653
1.6541579885,0.6665431281,0.4219657974,0.0609079367
0.0689008506,0.0222320834,0.4661357399,0.8419103672
0.1026361004,0.0267499724,0.5545746824,0.9116764681
1.1945424366,0.1543899923,0.6818051724,0.4232778093
1.7174921552,0.6248249725,0.3236339310,0.0373314064
1.0675317592,0.2568870495,0.3608779703,0.5881623836
1.5462230188,0.7011115808,0.5914167260,0.0465461778
1.6098321559,0.7025649380,0.1526416878,0.5096611695
0.9236184468,0.1661107368,0.3751940826,0.3752328806
1.1661298061,0.3169736738,0.9554665905,0.8297947694
1.9134858786,0.6492360449,0.8520273571,0.4945494846
1.0149451245,0.1498799962,0.9110295943,0.7012061370
1.2655606535,0.3741018187,0.0348573743,0.9576419926
1.1160855494,0.7670054775,0.8059727726,0.1739386443
0.4525739172,0.8218957361,0.1146542296,0.3835791034
0.8918372995,0.3635417530,0.1774657858,0.4753931082
0.8952709267,0.1377441287,0.2933450282,0.6047600893
1.1432963945,0.2806719046,0.5455470632,0.7171230404
1.1610575328,0.1936424085,0.9840703643,0.6679213539
1.5569893695,0.5169654072,0.1624897302,0.5897156888
2.0525415279,0.5938547645,0.9195624581,0.6857391146
1.0549769273,0.4145889562,0.9473690639,0.1041372541
0.8577791731,0.0615077659,0.9417078876,0.1225022402
0.3801242904,0.9177076311,0.8475635765,0.3921715216
1.3538018440,0.4477564792,0.7376114271,0.5833871877
1.7330909885,0.5224948611,0.4743381496,0.7029144151
1.2671432433,0.3852013315,0.9086608995,0.6667359998
0.0752017188,0.0195693475,0.1475917603,0.1004276310
1.2042987940,0.7563098269,0.5643493068,0.3790071799
1.0950575786,0.1308073199,0.7923911316,0.4812219750
1.5445172136,0.7887751412,0.9678727607,0.9509090762
0.3554480308,0.8861116079,0.7876344720,0.3101900937
2.0461596362,0.6882954290,0.7282341917,0.9584104180
-0.1283668286,0.8711986350,0.0209234225,0.1189819205
0.3652743615,0.0345919751,0.3644759640,0.2163019655
1.1033386356,0.2680567449,0.3698115585,0.6096667042
0.7636939838,0.1259257822,0.5226625412,0.9915476953
0.6435810112,0.8003492598,0.8741683878,0.0095963661
0.2043758372,0.0003091645,0.4867453473,0.0837130448
0.7157650879,0.0890511750,0.2355053270,0.1468786948
1.8520984865,0.5637520852,0.7186663034,0.3209678853
1.1616139497,0.2632184442,0.8717454135,0.6449249080
0.1603686836,0.0153627201,0.2825439903,0.0762182264
0.8167987171,0.1445199334,0.0959599859,0.5495313556
1.0740970587,0.9963451657,0.1064173592,0.8504595752
0.2021107514,0.0203479652,0.5141805247,0.5180210050
1.0646035409,0.2880917943,0.5374588664,0.1322691888
1.0146035259,0.1966634761,0.5326834968,0.7835395711
0.4764955362,0.8232315019,0.3598308667,0.0412279975
0.3115145432,0.0054570873,0.8945549476,0.4487526082
1.6069498472,0.6096060602,0.2287154529,0.0438519990
1.6339749442,0.4721545920,0.5110880408,0.8609567480
1.0525339028,0.2731170513,0.5801717019,0.3984940742
1.5206218753,0.4392982373,0.6623967079,0.9657622772
0.2183645326,0.9296452260,0.4073444349,0.1148147426
1.2473254902,0.2184764747,0.7220899547,0.0391021664
0.0370825609,0.0135778884,0.2137821588,0.0755754494
1.2073080157,0.2394253666,0.8432984457,0.6411488446
1.8778562826,0.5152044282,0.7972758847,0.9671020577
2.1722378082,0.6263419454,0.0454602881,0.9048783504
1.1480097273,0.8024528529,0.6003982999,0.5950754202
1.8635222861,0.6626057025,0.8066154507,0.2586670704
0.4544748318,0.9795596485,0.0858129912,0.5074174707
1.8864193395,0.5454539218,0.5150386265,0.7863525539
1.1865158486,0.3340820880,0.8396598854,0.5945021200
0.5850375462,0.8936003019,0.2002324149,0.6915558383
1.9554661813,0.6098635205,0.5964947358,0.4836728052
1.0439419131,0.9016758249,0.5614150197,0.8424433163
1.2267099597,0.7686249143,0.5910794883,0.4797760603
1.0736971210,0.2670655193,0.7144543486,0.6483642583
1.2945170118,0.8030938806,0.9552513696,0.9341110000
1.2542922807,0.3521621013,0.3569685103,0.9254560253
1.8949028132,0.5545233610,0.5952132157,0.5725995982
0.8010735653,0.8111064801,0.6575349437,0.3282366522
1.0392755265,0.3555841578,0.1937867677,0.7940100761
1.1470540526,0.2520668319,0.2740424232,0.9556036641
1.0561270885,0.1914608800,0.7558684276,0.9478425499
1.0012555009,0.2241915786,0.0193951547,0.7014189887
0.3934053682,0.8800413168,0.9847272230,0.4458370094
1.3636298646,0.4600915494,0.7934739675,0.3719486282
1.0557398899,0.8933639655,0.4893145372,0.8427012304
1.6327370254,0.4898165196,0.1084784993,0.8542074192
1.1001674936,0.2396024326,0.5452471938,0.0400305973
1.0767387357,0.3668375129,0.7240006989,0.3816640875
0.8797084389,0.9036612879,0.7531790582,0.7576488059
0.3795380079,0.8654205823,0.3982799283,0.3174255092
1.7456008306,0.6590941452,0.5360604561,0.0703267560
0.7340322964,0.8266427853,0.0136345665,0.6314575554
1.1096572331,0.2559423073,0.7056100075,0.6138759523
0.9574679997,0.3081848787,0.5595527901,0.1791554239
1.0500665715,0.2484930413,0.4093017219,0.4504443762
0.4194275700,0.8253604379,0.7583606198,0.0090705810
1.8467433170,0.5727364753,0.8919656487,0.1866340342
1.2685910808,0.2055278481,0.7118798163,0.2287039563
1.9390883734,0.7131766336,0.5064703201,0.9956664969
0.9985608213,0.7792113251,0.9406216079,0.3078867354
1.6234870350,0.7919906254,0.4036419937,0.9861239722
0.4754510381,0.8408025992,0.4797150871,0.1674812883
1.0122045901,0.3484637566,0.4479870799,0.4750692474
0.9611344800,0.4449778662,0.2366349214,0.0836895957
1.0432170278,0.1668224443,0.4326266452,0.4768218075
1.7213101035,0.4902023178,0.8453919659,0.9203610775
2.0888597544,0.5997131487,0.7252057882,0.6769802948
1.5602272087,0.6840887402,0.6182919087,0.0196228148
1.0296520942,0.4097485465,0.4836991060,0.0344363968
0.7633595913,0.8269763200,0.1349658103,0.6621057734
1.8766754254,0.6060284809,0.3400740092,0.6279443267
0.8162046253,0.8664173956,0.0070674632,0.7511629745
0.0691598054,0.0197677372,0.3865763554,0.9143018813
1.9501495438,0.6694347898,0.3157078565,0.7087968923
-0.0566977674,0.0013491304,0.5429518334,0.9229933696
0.5769379752,0.1046398176,0.5038787300,0.9247286432
1.0849653543,0.3864081412,0.6761762625,0.2101393431
1.1900590412,0.2790422432,0.6941213765,0.6695344114
1.1722170280,0.8045556702,0.3599461329,0.7294081474
0.8185319981,0.8022589735,0.3938079283,0.3154400599
1.3898422869,0.4420426830,0.6385089030,0.6992188887
1.2739204805,0.4329410683,0.7856605151,0.5356818478
0.7819051747,0.8636160223,0.5697717976,0.6106710401
0.9705864272,0.3749013710,0.3148582299,0.5017822410
1.1032786417,0.2799516337,0.3286144351,0.6564935085
1.0177294785,0.4561784001,0.2358417898,0.1842353032
0.4897115798,0.0808806599,0.5001192903,0.8573976451
1.3709246826,0.7067798970,0.2987933769,0.3223416605
1.0466497469,0.9757984718,0.4592726090,0.8793396621
1.1300712448,0.7131126506,0.0915552137,0.0223313312
1.2098316977,0.4318663902,0.3163799647,0.5586719082
1.1070442271,0.1561824790,0.5086429190,0.1004880158
1.9675770551,0.6949391730,0.8539880621,0.8290791419
0.4972468380,0.0506154105,0.3804846140,0.0189035969
1.9308543589,0.6281836899,0.7431624443,0.1896822284
1.0598811743,0.1919890225,0.4631717662,0.7162965726
1.3413200292,0.2417456105,0.9908924692,0.1335577279
0.9467688075,0.8198607236,0.1962703212,0.6855903422
0.5391189982,0.0925121422,0.0256755084,0.7489606997
1.1539746351,0.2791264807,0.8571866815,0.4113092655
0.7528046917,0.9947458926,0.8304187439,0.5043923930
1.1481016085,0.8446596535,0.3669423082,0.8668598195
1.4724638707,0.4737307546,0.7996043659,0.3787274458
1.3503023419,0.3969328494,0.9096020505,0.8832875596
1.7807335190,0.6471569457,0.3075875569,0.4524272464
1.0461975460,0.2043408025,0.4889302772,0.2799918663
1.0869530645,0.2636605000,0.3061472910,0.8394939064
0.9538919407,0.3715861106,0.9043290453,0.0857961842
1.6515763258,0.4526107502,0.1462760880,0.9646518278
2.0742402835,0.6317275013,0.1715491283,0.8015274198
0.7409628304,0.7890108175,0.5172662364,0.0064681679
0.8073531634,0.1085495903,0.3808773022,0.0386513055
1.1857238794,0.1914180896,0.6975741829,0.6307269331
0.5688035916,0.8920420274,0.5351923738,0.4533452977
1.0359006025,0.1448899006,0.5743808808,0.5886098488
1.0906969940,0.3490892210,0.7074285070,0.0829304409
0.7891038780,0.7803347815,0.0244289951,0.4293614411
1.1070746361,0.5019729665,0.1393102086,0.0116138035
1.0489278567,0.3752572180,0.7892621918,0.2081327776
1.0720475117,0.2854519149,0.1184395595,0.7544621580
0.1938343336,0.9440286779,0.2355971586,0.2755971337
1.4189320051,0.4216687197,0.5762174280,0.9398075063
1.8604233531,0.5153381393,0.1412523925,0.9071748811
1.4164096325,0.4551369150,0.0663542855,0.6974556697
0.9942365156,0.1275633245,0.8453643789,0.6157609569
2.0881242326,0.6263358316,0.6093554645,0.8855734064
1.0208932909,0.1704492598,0.2636226722,0.8889597544
1.2388834143,0.2382109404,0.7840164470,0.4739666110
0.8197165199,0.2857577909,0.0100898257,0.5509448406
0.6599836960,0.1047893551,0.1272339261,0.1471465224
1.9886616573,0.5418677810,0.8038808005,0.9707092989
1.5541343813,0.4944178793,0.7237689606,0.7578715104
-0.0373116128,0.8568843516,0.0584127760,0.0639886101
1.9499522003,0.5723208878,0.7759683359,0.7679332477
0.0190675792,0.0058518245,0.2352036159,0.4809266105
0.7093549915,0.9715503725,0.4975381450,0.5207053224
1.5873196183,0.7179353229,0.6351161655,0.3704368579
1.4295511886,0.7385410157,0.7567292530,0.3670984424
0.1193186502,0.9495419536,0.1585663446,0.2301754663
0.7515841283,0.2571551463,0.0184455311,0.3531754491
1.2751124770,0.4138544863,0.7491769577,0.7447030436
1.1399780828,0.2633902310,0.7296819906,0.4274854543
0.7459150817,0.9933148415,0.6603267597,0.4828346494
0.9237798470,0.8045457112,0.8165608590,0.3648388582
1.2838122859,0.8582657231,0.0121540785,0.9897822425
1.6743327434,0.5422404668,0.8580546452,0.2021465506
0.8579884024,0.1456184177,0.1813911321,0.9439751448
0.3738197635,0.0801025596,0.6208206983,0.9940810741
1.4412979263,0.7994224901,0.5883373830,0.8792977795
0.4982239107,0.9331657243,0.3245847696,0.4433509526
0.8715623470,0.2644951665,0.2823376760,0.0919662222
1.6877622646,0.5426750913,0.2512716996,0.4320046419
0.2724543627,0.8949489945,0.8368819711,0.3181617411
1.0334377269,0.2557859963,0.4193465290,0.2702938843
1.6616429551,0.5686081506,0.3725005910,0.2881323667
1.2036664526,0.3370145547,0.3698513526,0.9179497965
1.4408684168,0.4487355342,0.4149696538,0.7650998234
1.0908737460,0.2881578279,0.2364733592,0.6118766356
1.9133181775,0.5674362438,0.7426714999,0.7327997895
1.2925025663,0.3842875663,0.6542257759,0.8186598418
1.8383360336,0.6191745210,0.5247793251,0.2826969602
0.3626484995,0.0380172373,0.7816086831,0.6022234078
1.8028852606,0.5753537242,0.4208351019,0.4704132713
0.6315387366,0.1194382604,0.9184847553,0.9747518437
0.1731859861,0.8593050480,0.9164248311,0.0368995839
1.1970786227,0.3444345431,0.0348573275,0.9602609308
1.6565316670,0.5283118863,0.0575065558,0.7257105439
0.7017093699,0.8261407704,0.5049219464,0.2730084030
0.0863840775,0.9395637602,0.3239740956,0.1314346655
-0.0450973209,0.0092641508,0.2189669883,0.9083256110
1.6557507057,0.5941594417,0.2150730536,0.2902030470
1.6954908665,0.7495727670,0.0540734621,0.8762759558
0.8688132784,0.8058374348,0.7216754586,0.2562106709
0.9039517813,0.1775300268,0.9120123851,0.9038009394
0.5837347614,0.9566059310,0.7993963163,0.4991762766
0.4770568829,0.0845499846,0.7596817595,0.9756163207
1.2751446085,0.7270466630,0.7974371882,0.1465582987
0.9423754542,0.1463028114,0.6096010165,0.6680844693
0.8952866745,0.0905844939,0.6468363997,0.0020056698
0.6782055522,0.4145390794,0.1159654257,0.1610571124
1.3614164960,0.7286549576,0.5290533614,0.3527602208
0.2342226802,0.9133009012,0.6645411702,0.1586969038
1.0405450265,0.0764492497,0.9127197595,0.1462208393
1.5443655397,0.7367720274,0.1316437747,0.6925037128
1.9661890503,0.6228760402,0.9968029563,0.1765710484
1.7788153520,0.5251345360,0.9212161689,0.4328671510
1.5888657320,0.6564400544,0.2439979049,0.1276250681
0.9627491608,0.3929797537,0.2079776694,0.5267661061
0.6599644812,0.9608780109,0.9431751423,0.6132918809
0.3524292250,0.9640313923,0.2882459686,0.3186123447
1.1197365836,0.1691560455,0.6303639217,0.5646935567
0.8628618348,0.1458582641,0.0709335151,0.5110046601
1.8184398470,0.6351091618,0.2014139280,0.6067019813
1.7653287791,0.5025933016,0.1314628286,0.8923611767
0.2299422700,0.0173202544,0.2712391366,0.0015952289
1.2324774245,0.9821215244,0.8519186962,0.9818992789
1.0254137557,0.2909630651,0.8769687214,0.7036789472
0.1807521529,0.9060706694,0.2055596629,0.2726851535
1.7746207318,0.5836998035,0.1855200449,0.5981336964
0.8520651713,0.8221033874,0.4981249284,0.6513663196
0.4753512848,0.0352359161,0.6325638486,0.3607210191
1.0347972412,0.1953154565,0.2869899542,0.1497215248
1.1882819765,0.1210977964,0.9413026385,0.0671855049
1.1605496638,0.7796699460,0.9048265657,0.4552655675
1.0061941815,0.3845410348,0.0832078716,0.6737423469
1.4680015257,0.4779178869,0.7312921319,0.4108820075
1.9827564308,0.6461196083,0.9584964014,0.5225209177
0.5006680454,0.8648185083,0.9590727542,0.4362225600
0.8061231245,0.9340271846,0.8578119367,0.7593613822
1.0741427310,0.3005407933,0.6248492218,0.2623600040
1.1611766128,0.2410069805,0.5943191899,0.1037305297
1.3010080785,0.2247123179,0.7042248523,0.1650362676
1.8666204106,0.6232765954,0.1069697724,0.5388694368
0.9666661190,0.7338746753,0.0363050466,0.1259422950
1.9181118988,0.6437592003,0.4892649100,0.6226468742
0.5624071410,0.8845032871,0.9624627491,0.5248188969
0.9511933430,0.1294945196,0.4967017036,0.5306357218
1.4492887801,0.4680347139,0.2986798668,0.6784695533
1.4526210367,0.4580440823,0.9269310534,0.4751919730
1.2290724603,0.2391026231,0.7817032396,0.3334377454
1.4763335002,0.4323982412,0.9365726484,0.9733827288
1.1310822239,0.3342349707,0.5222906673,0.4736727515
1.0121637918,0.9962928479,0.8376409884,0.6956188496
1.1185586979,0.1745598246,0.4808845041,0.0530529207
-0.1288551064,0.8923165143,0.1533844336,0.0465336352
0.4102072511,0.8512681151,0.3851819541,0.3426378644
1.5645280265,0.4892535723,0.8433518202,0.2676059840
1.1908653564,0.3069403668,0.1351671427,0.9754484498
1.3851374045,0.5199756043,0.1271912913,0.4851591269
0.6792482872,0.1168849346,0.0548440986,0.1826426242
1.1624237908,0.2629335643,0.9671602816,0.5299658217
1.3004706341,0.7979351613,0.6542885471,0.7540172114
0.7197323149,0.9746831764,0.8946513143,0.5802121158
1.0459408109,0.2065287803,0.3955150112,0.4579463470
0.1210715260,0.0180610949,0.2672956449,0.2117829271
0.9849623021,0.3706925332,0.2091681400,0.4388843721
1.5148503740,0.4734034347,0.9149174379,0.5617388352
1.5747486187,0.6714148910,0.1789357690,0.2402575421
-0.0527584700,0.0004118170,0.4378746350,0.0570593405
1.1731090653,0.2111554432,0.9383666597,0.7270405037
1.0879172887,0.2248792772,0.4461574544,0.8207221429
1.5048394514,0.4928275097,0.5022420731,0.2330454233
1.7109978925,0.5291706963,0.8284302326,0.1431809570
1.8563450087,0.5397242679,0.7957011734,0.5868398551
1.0522322116,0.8029698056,0.6378266157,0.6348912130
0.5164626374,0.0647945352,0.5182964746,0.4823287447
1.3391349044,0.1895046594,0.9936254155,0.3402816179
1.8266640035,0.5917364031,0.4523008641,0.0022484357
1.6705160939,0.5528351577,0.4700687753,0.3895942276
0.6281255390,0.9758358550,0.5982229809,0.5074508271
1.3052575953,0.4534683348,0.5608724491,0.3774198118
0.7199933574,0.1124057641,0.1718454266,0.9898568435
1.1879795724,0.2464068644,0.6897085552,0.4211214353
0.8607233247,0.3292315051,0.0292170964,0.4404443187
0.9324490941,0.7989557711,0.7065002001,0.3037210198
0.7471026032,0.9686612493,0.4021417993,0.6481841916
2.0341029679,0.5715914497,0.4977861535,0.9008533239
0.9144118552,0.0749954006,0.7192361672,0.0724943229
