1.8900718113,0.6381953336,0.9914597755,0.0967294554,0.5870922138,0.1791438273,0.5571982333,0.4952737401,0.4773658476,0.0414410823,0.4651443222,0.7814649810,0.5582395970,0.3714392364,0.5762845439,0.2778389546,0.0994523395,0.3912085099,0.4457356451
1.4586551901,0.5067043418,0.3964389515,0.2060162360,0.0732362267,0.2680541262,0.0925406800,0.3231453823,0.2727852461,0.0016126949,0.6882891734,0.0345681690,0.8479557760,0.8281549323,0.6125455403,0.1835334090,0.5302061951,0.9438705324,0.7714036696
0.6191652358,0.8833688234,0.5404828799,0.6122044606,0.2513688738,0.5949276840,0.4904191805,0.1456068546,0.2452172325,0.4586233180,0.1839106775,0.7378848532,0.3899223081,0.6075649924,0.8200987974,0.7698977218,0.3822133709,0.9647437640,0.7758305705
1.0823277888,0.2853615876,0.5560590232,0.7336757723,0.0099908543,0.4850534457,0.8213839232,0.1119566550,0.8905379142,0.1451665322,0.2232749852,0.3891058809,0.8168913685,0.5956111908,0.0447470537,0.5023735140,0.3320906412,0.9290923903,0.2750199941
1.0221595781,0.1988751027,0.2647640012,0.3254604977,0.9246497778,0.4539243517,0.7527568515,0.7358909328,0.5224356509,0.6303002962,0.9507150308,0.2466440909,0.1820528748,0.7041243120,0.2484703979,0.3272883745,0.8176489629,0.4621543298,0.3694239022
1.6323096524,0.5143271320,0.4558716758,0.4944250428,0.0430013333,0.6638908244,0.9817181785,0.0548064985,0.2798878116,0.7454558959,0.5192533580,0.1927861387,0.0897170509,0.5559736815,0.1517573459,0.9765640858,0.6989810987,0.9995032151,0.0456265811
2.0520276855,0.6015009071,0.7866090794,0.7350986944,0.5521302829,0.7205641349,0.0424219167,0.5121117635,0.3142293511,0.6962845293,0.7850086202,0.4609553307,0.8626717600,0.3017792452,0.4623754342,0.2873540291,0.0829565763,0.3861046135,0.2094324136
1.9663875038,0.6057395948,0.8020163446,0.3801019953,0.1418204379,0.3677683820,0.3499432460,0.0770065976,0.0877144158,0.8133402652,0.1141306548,0.3861441337,0.5493500280,0.3313602716,0.8314784876,0.7818726427,0.4094581621,0.1428652530,0.2816449835
1.1173845527,0.3516385503,0.2194625899,0.7239001130,0.2907622425,0.7315161975,0.3101369124,0.8658547830,0.4002302697,0.9538038310,0.7787600433,0.8792213693,0.9256096608,0.5717834032,0.1037146835,0.0102261926,0.9131498619,0.7943082616,0.1880315352
1.0879013946,0.3769943535,0.3769107262,0.6389396276,0.6920201331,0.6109816262,0.7508699720,0.9043340679,0.1251385219,0.0440309376,0.9094979408,0.7502559342,0.0076868002,0.3741649117,0.7578593545,0.8113481125,0.9789731477,0.1105185679,0.8157747602
1.2338773895,0.3484125772,0.6777201074,0.6123328829,0.7599995038,0.6292542071,0.5795879658,0.4942367660,0.9720168412,0.9947134154,0.8913011685,0.8134598267,0.9379481234,0.8701374436,0.9310435770,0.3419830804,0.5234246134,0.2383067080,0.0417478876
1.6710096546,0.5069133709,0.6413015918,0.6331661823,0.9908569597,0.4475038249,0.7400825805,0.0061240321,0.4361729079,0.3116281053,0.7812095309,0.4334119798,0.6265275143,0.9525105955,0.3123263415,0.7822382770,0.8118770012,0.3515538655,0.6577239001
1.0617131360,0.3379988731,0.6586918498,0.2222927265,0.4416301527,0.1557411915,0.0474670344,0.1073189701,0.0971749909,0.3925699587,0.4719093240,0.4521783448,0.0842417588,0.2710235703,0.6664434671,0.4990470436,0.8438030692,0.7292301209,0.9520939657
1.1699982514,0.2604237852,0.5565991833,0.1666037422,0.4097836706,0.9866059900,0.0726117223,0.8626770453,0.7773058111,0.1172932713,0.5800940203,0.7212036195,0.4082513883,0.8230567118,0.7461619621,0.7587349109,0.2100072538,0.7242518646,0.4194339710
2.0597655678,0.5936983872,0.8594210375,0.8542054739,0.5122492369,0.7540757162,0.7793126605,0.6215285224,0.2900242659,0.1196501412,0.0104472609,0.1428934852,0.6371424597,0.8509070712,0.3738802386,0.1688465121,0.2154219380,0.7394517599,0.9883953562
0.8240538705,0.3194546005,0.1559774592,0.2697275682,0.5771918313,0.7290413040,0.1984158370,0.2342946543,0.4858320986,0.1992154324,0.1027149069,0.7388683495,0.6643989126,0.6861440452,0.2781515148,0.6791707523,0.0994719482,0.7841166808,0.2114622901
1.8510324814,0.6828415994,0.5631202384,0.5446432983,0.2835738442,0.8096558548,0.0033632525,0.8344999155,0.6474185004,0.2892513199,0.1913910080,0.4814605661,0.6826714248,0.5819765474,0.5759134985,0.4679084045,0.6032816336,0.6043152102,0.6716581140
1.3807993309,0.8008249451,0.0317383436,0.8870298164,0.1660342597,0.7968790745,0.6742199285,0.0291478373,0.9925505760,0.1883803381,0.8525483095,0.4358258047,0.2679525892,0.6716048897,0.1930307710,0.9828149369,0.0799791206,0.9781458689,0.6385684966
1.5486627715,0.4880897564,0.4249514815,0.7246424787,0.6729038303,0.2385648488,0.0618532349,0.7012210579,0.0212673981,0.2083250030,0.9969014285,0.9585918637,0.1563378126,0.8906768392,0.8905654424,0.1418225503,0.7592075336,0.6881568021,0.0065541511
1.2028429347,0.2553173908,0.9196443775,0.6109380531,0.7363779017,0.0896817643,0.8481947441,0.4031448957,0.7713588889,0.9016518150,0.4570085989,0.9670436412,0.9132370286,0.9306022064,0.7687990835,0.9615076550,0.8363602161,0.1854219446,0.9265952075
0.1896037691,0.8264045779,0.0877515145,0.1429937662,0.0403843216,0.4955212568,0.7827842844,0.6261282210,0.1711676754,0.7476777071,0.6667533836,0.7778698495,0.5723704300,0.0428068643,0.3983972974,0.5416190636,0.2413994972,0.9530231260,0.9410357187
0.6895104156,0.9049970551,0.0952486930,0.7367801717,0.2018308462,0.2411157806,0.4532962892,0.6408335466,0.8959977722,0.3596627284,0.4356340428,0.8872638635,0.8162174612,0.9286389814,0.5039966492,0.5054808800,0.3259277335,0.6857324889,0.5150777786
0.0551169017,0.0120762084,0.2584313311,0.2745228614,0.2227932875,0.0100693487,0.8992644461,0.9843032130,0.9996656252,0.4624462928,0.8688066886,0.5895885529,0.2258216968,0.6864859774,0.6691122608,0.2572488091,0.7300941721,0.6989412902,0.4260393492
0.3494179389,0.8425600581,0.3121459310,0.2156107685,0.5854063645,0.6788280698,0.3458854730,0.7476512965,0.9037742944,0.1310282368,0.3361008715,0.8646949372,0.4543522122,0.2016763020,0.8211651897,0.5490119023,0.1832629868,0.7568547612,0.8987473981
0.0984791815,0.0211791915,0.2912518807,0.8685490213,0.8087102983,0.1880086033,0.4683564185,0.6164109741,0.6917885084,0.2237086114,0.5035767533,0.9995270716,0.6079084588,0.3319277379,0.3185418787,0.8505955940,0.9260745181,0.2626079482,0.4776316783
1.2654514163,0.5397735788,0.0325811425,0.0870470150,0.9009132705,0.3064278572,0.7888629466,0.1163246070,0.5423371467,0.9960104199,0.2419694070,0.1806213153,0.9693261372,0.3099111849,0.2583886808,0.8257222057,0.1588275809,0.1792508323,0.6745877924
1.2190720137,0.2636605304,0.7711403545,0.1965212253,0.4739536019,0.0235893824,0.9809436609,0.0919727929,0.2028298946,0.8185800232,0.0762538610,0.4313065862,0.9424141952,0.9175696518,0.2207466426,0.0710930978,0.8642975451,0.6243044073,0.4232324036
-0.0685855666,0.0152795538,0.9914091804,0.9538888369,0.9058230572,0.0112817503,0.4495645401,0.2806608087,0.3837544746,0.7112313090,0.6360155547,0.5584521881,0.5206702092,0.1386481013,0.9712910763,0.7766258745,0.0173770593,0.6483924633,0.4745969313
1.9028458866,0.6225610697,0.2091529528,0.5860101900,0.7500425194,0.5745793883,0.6387119542,0.5766369668,0.4963192100,0.3545933775,0.3514036750,0.8017115463,0.8510843355,0.7864587174,0.3857971663,0.7630862205,0.8791018642,0.7331306727,0.0310040541
1.2594134846,0.2349423893,0.6570394272,0.0377282923,0.2852019545,0.9796472326,0.0891665117,0.5908094499,0.7599688038,0.4615833092,0.7259449695,0.7613377615,0.4652865911,0.9398593166,0.6589281726,0.5021443188,0.2774527766,0.5457764809,0.5712907900
1.6545833445,0.7351698457,0.8929058724,0.8042171992,0.2288335397,0.4712595007,0.0248598305,0.4566873401,0.3243421095,0.2582413049,0.3773022241,0.7824692004,0.2323859270,0.6180294103,0.9457629481,0.7878822766,0.3110183629,0.2219922863,0.0608304692
1.2038552728,0.2443619434,0.0846020676,0.9680979092,0.1104348726,0.9867041516,0.7156461471,0.0702678300,0.2372446655,0.7538619864,0.1006036884,0.2612315826,0.7189004727,0.7288013489,0.1042881053,0.9870861402,0.3573569959,0.0508152091,0.1987978582
1.5737914541,0.4587153075,0.7448895154,0.9452665483,0.8400423818,0.7649893944,0.0210524020,0.2563225778,0.6008496392,0.9142235265,0.4908569677,0.7297382590,0.8952051110,0.6513133887,0.9433916945,0.8901197303,0.1487339795,0.1851038941,0.1559736755
1.2247952944,0.2587922946,0.9943039471,0.3444462337,0.9047491089,0.2148174598,0.5854520050,0.0149724763,0.8395586749,0.6729483025,0.9838803492,0.9144211349,0.2525551321,0.2128096806,0.1713850292,0.1558512582,0.4173880243,0.0089729555,0.8537983558
2.0197841180,0.6250801239,0.7841738130,0.5472717225,0.5082769492,0.9747124604,0.1960660776,0.0908323796,0.9767046395,0.9090066667,0.9273645421,0.3282628688,0.4915453790,0.0979881829,0.5654320322,0.0814931823,0.6269869328,0.3672426246,0.3930934859
2.0247812304,0.6807136491,0.8993733539,0.9212406242,0.2188237390,0.1079587719,0.0540647252,0.5536878704,0.0448047518,0.9804775004,0.1450990578,0.5024350724,0.3647511754,0.9459462097,0.7589235725,0.4813533639,0.7601463321,0.9532714137,0.5845629314
0.8680744166,0.4038067604,0.0213617500,0.4484944839,0.0835955489,0.0554641429,0.7948740461,0.4775491387,0.4048587429,0.3355544793,0.9980733412,0.7633185656,0.5874649421,0.4878426531,0.6526242014,0.0175941435,0.5405129938,0.3741998498,0.4878719888
0.7160981560,0.8720117160,0.0238489510,0.7478718188,0.2369098666,0.5352461045,0.7896523223,0.3249221172,0.4414120726,0.6480896000,0.1643979762,0.2862315626,0.5850463494,0.9745512356,0.3944374194,0.5340007688,0.7820646342,0.3601160514,0.9359741785
1.1621239138,0.2905362197,0.7398416088,0.4538114934,0.2005469915,0.3825650173,0.4924693103,0.6294730252,0.6361860553,0.1805143365,0.8238739435,0.6334563084,0.0723280358,0.3351924482,0.9913302514,0.0177932677,0.1890705763,0.8991624036,0.7081142506
1.0958187817,0.7634037083,0.6529820114,0.1344440164,0.8848862354,0.8996461410,0.7236237136,0.7666907022,0.5595839412,0.2647333374,0.8302013014,0.9926733761,0.2248839306,0.7443223254,0.5936241774,0.1803086345,0.0927879646,0.3183847466,0.0742437023
1.1544761099,0.1790129123,0.5137458587,0.7818934470,0.6311241173,0.0315073880,0.0729235471,0.9744788472,0.3142168260,0.3074351432,0.8954189968,0.0827640370,0.3857317493,0.2878067141,0.1764450156,0.5317429923,0.6550387189,0.4225888375,0.9917648485
1.7747140768,0.6844736186,0.6493779946,0.4265998935,0.1891721043,0.7887969607,0.2372897044,0.3534359234,0.2831764494,0.3546012250,0.3111198506,0.1245994538,0.8235490255,0.8239621844,0.0143151698,0.1105221502,0.4174973351,0.7232071354,0.8496819005
0.3635626984,0.9764640659,0.9585257696,0.2181896011,0.8083350165,0.9227549040,0.1377247052,0.9658778414,0.9969136632,0.6369812159,0.4894263069,0.8514758228,0.3458672800,0.6143915569,0.9684537366,0.3429671782,0.1267056512,0.6988696898,0.1116696133
0.9648834188,0.3464926401,0.5499276157,0.0293555976,0.7884560699,0.7785499895,0.8136465161,0.0726771103,0.0894188027,0.1170496522,0.8175683302,0.3917529796,0.1627425436,0.6025374548,0.9824896755,0.8770435564,0.9705913035,0.1612833523,0.6663103479
1.9036069655,0.6119594233,0.4186182406,0.5912066302,0.5681002560,0.8111795611,0.2473980081,0.3182142303,0.6008001518,0.4769036710,0.8128513446,0.7895392150,0.5982469653,0.3663453599,0.9804595610,0.2446746223,0.9071233240,0.6413022405,0.2160885150
1.3873853070,0.1971606250,0.9933532014,0.1091767928,0.6941471935,0.5154771287,0.4034587258,0.2133728299,0.6664486377,0.9509672293,0.2417641390,0.5925950548,0.1127223365,0.6515299748,0.5648231083,0.5447736612,0.9241111113,0.8095773566,0.2718212338
1.1380677330,0.8842828776,0.3050456073,0.9093498403,0.8255467174,0.4845312187,0.5626904221,0.7657324300,0.9876326801,0.1345011346,0.9479144990,0.1905238877,0.4544446147,0.0737694138,0.9763922245,0.5177418512,0.1440714874,0.3285064759,0.1767992808
0.3921584245,0.9337869053,0.3690556825,0.4509819014,0.7798663139,0.6380007129,0.5219787624,0.7937937599,0.3426593048,0.1306921517,0.7885980708,0.9246806846,0.4490759824,0.2052990822,0.9421079234,0.5219952213,0.6680121925,0.6398903697,0.5700707308
0.5970865401,0.8225465499,0.4023506533,0.2399149713,0.7233032447,0.3750783544,0.6837881268,0.9061311872,0.2431396923,0.7297805661,0.7384567389,0.0870757346,0.9475288914,0.5598080426,0.7523424905,0.6788500877,0.2139559416,0.0242850575,0.0511724538
0.8066846757,0.1863890391,0.0902531953,0.0104205253,0.4729867503,0.3139216167,0.6995045911,0.6778373695,0.6400007166,0.4112823565,0.0159400332,0.0750924839,0.5167458576,0.5470460883,0.0343130079,0.8538894169,0.5287144755,0.1378906508,0.5185903922
2.0214538698,0.5992233900,0.9871263802,0.6634190453,0.9798656427,0.1642020755,0.9058276938,0.0586129553,0.9072431544,0.2189864601,0.4620675235,0.8039925542,0.8777549825,0.9496659395,0.1416077324,0.1111657674,0.6783584080,0.6050042244,0.0642137203
0.7200554851,0.0494117858,0.7836738410,0.2866101739,0.3229213644,0.6607075801,0.1447730630,0.0808166894,0.2881285814,0.3807764930,0.0092866856,0.9845447443,0.5570587801,0.7846767604,0.0179540632,0.4662540782,0.0627148625,0.2200193813,0.6802834589
1.2057122448,0.4025911284,0.6806860423,0.2583178453,0.7841784152,0.3495757512,0.4294993424,0.9682336797,0.0234868208,0.7879902640,0.2942900402,0.3380531478,0.4582113028,0.7935937603,0.7991771748,0.7993782657,0.8572209345,0.8219463944,0.2107643227
1.2913753507,0.4109090650,0.7394131440,0.3808960522,0.4585319491,0.6159371798,0.9630710728,0.8213456068,0.1150080809,0.4042592290,0.0900407862,0.9112928037,0.0726228999,0.4613368183,0.7744035871,0.6783910859,0.8359626781,0.3404053765,0.5075593720
0.7751393582,0.0817005428,0.8734106139,0.5703813005,0.4687179383,0.6803088566,0.1841464352,0.4599112056,0.1600158850,0.2503008056,0.5366187810,0.4320468826,0.4616609300,0.0223126055,0.0061737894,0.7825614135,0.8960657436,0.5680518377,0.2308640229
1.7593845459,0.6205385748,0.6025661470,0.0274787893,0.8670344577,0.0618449040,0.5049763933,0.4418133162,0.4294632674,0.9597302507,0.3987704126,0.7862616352,0.3538309911,0.8363107556,0.3200977954,0.2121612054,0.8010082472,0.4514330533,0.5608090430
0.8870693393,0.2479251618,0.2080082106,0.1063784150,0.2980086280,0.8465371289,0.5653779395,0.4512397373,0.8087228297,0.5220846139,0.8450160703,0.9649687267,0.8114728886,0.2369387536,0.4036165916,0.8978402265,0.8820553786,0.6205167635,0.6157486253
1.1357626444,0.1781174564,0.7170644792,0.4694639108,0.6767510783,0.7327602676,0.2324506251,0.6627061529,0.2365306361,0.3346417320,0.6554485649,0.4568045533,0.6809386728,0.6463417235,0.4597210976,0.3461178487,0.2809799848,0.4672643442,0.1229096033
2.1471813256,0.6273570631,0.2700990332,0.9287675210,0.8783047281,0.7671499999,0.4938582880,0.3242080227,0.5721153742,0.2914021668,0.8281938456,0.3598558927,0.1721568385,0.6383533549,0.6731231127,0.5349905551,0.1388994503,0.0205220230,0.3705738146
1.0562493035,0.1801102359,0.7340681539,0.7842031469,0.9616211589,0.1037535757,0.9308466001,0.5876631229,0.8026630588,0.8438806489,0.4710556234,0.7938053270,0.5172240455,0.0696182943,0.0887889429,0.4490257542,0.0132217664,0.8647901961,0.5590820740
1.7603698912,0.6644104935,0.2447979899,0.5017441462,0.2138391549,0.7498412140,0.7152323038,0.6196478743,0.8073859492,0.1393056384,0.5422786742,0.2528791083,0.0072136985,0.4632513373,0.0453943359,0.0408279704,0.3525723352,0.5519684559,0.4096661209
0.4550185342,0.0135625371,0.9905841567,0.2709641371,0.3100175467,0.0348591001,0.4394732473,0.2581524462,0.2561429069,0.2774447949,0.3385188863,0.1585698176,0.8558596036,0.2971565380,0.2368408581,0.7337792512,0.0524140502,0.0134067939,0.1266585133
0.3247152322,0.0394073324,0.4070927428,0.5821291801,0.8756964238,0.5295538927,0.3231839967,0.6551234290,0.7674881948,0.0370579568,0.3685510108,0.9737742943,0.7926963153,0.6383507692,0.2582091179,0.2080736208,0.8485324549,0.1910659205,0.2001320572
1.6488177712,0.5259747972,0.6565607230,0.3819135670,0.8045249295,0.5392436932,0.9436655613,0.6146462925,0.7416762862,0.1979511317,0.1215897204,0.7621144677,0.7850393527,0.7449920662,0.6274684301,0.1891034429,0.3820609552,0.8215790431,0.7769717059
1.9940238771,0.6936771533,0.7517932404,0.9434383416,0.5624896588,0.3064679382,0.9617569940,0.3518102308,0.0899066161,0.4007411137,0.2903456312,0.3070878444,0.1155484910,0.2332648166,0.7020830527,0.2250678440,0.5630028078,0.8111374083,0.5279132891
0.8287962290,0.0833633783,0.8333718265,0.4813734106,0.1148984618,0.6345367604,0.2865206119,0.8360901163,0.4071250451,0.2821109007,0.3670953829,0.4053270641,0.0004160081,0.6235826935,0.4400293245,0.3641213598,0.7966394493,0.2162384596,0.1822152836
0.5624327702,0.1017650082,0.8637428057,0.9196800756,0.3883996568,0.4811408919,0.6507351508,0.1376817711,0.1084553449,0.6056878085,0.6911787226,0.2088398094,0.7048466958,0.9712714637,0.7975953630,0.8865324167,0.9468854097,0.3425638969,0.5799451675
0.7340993869,0.1255338456,0.1793526043,0.9724634053,0.0416120016,0.2988966930,0.0499303761,0.1276180563,0.5442102716,0.2923124316,0.9170733961,0.7806892133,0.9902116904,0.7535485214,0.2753476560,0.9476975077,0.1844760704,0.0079402555,0.2381838301
0.5314513651,0.8792724714,0.7722299156,0.5085890380,0.1038161090,0.7475518033,0.8879622659,0.2186524048,0.9425413617,0.5485313274,0.2189846228,0.4594593897,0.4768932618,0.7615103515,0.5590568431,0.7579690700,0.0636512985,0.1762944048,0.7167841744
1.2621318191,0.3709021652,0.6016781984,0.6817183449,0.6069396798,0.8091653223,0.5711808591,0.4117005656,0.6108296036,0.7535255394,0.5199044308,0.3235219173,0.8380920394,0.0464349915,0.2357639069,0.8495696632,0.1825476025,0.2504356802,0.2014325351
1.8645495537,0.5357120086,0.9841887543,0.5167881592,0.7295750507,0.3903608519,0.9577361531,0.9600310933,0.7054324460,0.2827478755,0.9137165859,0.3378186937,0.9064101479,0.7572897396,0.3551337831,0.9097544842,0.0549866501,0.7481460001,0.4166107553
1.4692591781,0.4462555946,0.1858688975,0.9156914752,0.9969743804,0.4341497550,0.1187402695,0.3910666696,0.2375523041,0.2571741221,0.1367827031,0.0239753082,0.4030134703,0.0772817998,0.6101050144,0.9598053638,0.7048353728,0.6493799283,0.4391438721
1.6914552594,0.4852609815,0.5843005997,0.9725601423,0.2443092583,0.1581059376,0.9654378621,0.9154856723,0.8507958414,0.4026293916,0.2027882817,0.1666616536,0.5186453791,0.5965717819,0.1473063473,0.2764620497,0.5948551728,0.7805670233,0.5039465194
-0.1139558780,0.8614286428,0.0203986885,0.0835139267,0.0323494935,0.3756344965,0.9585029459,0.8781838424,0.8855163126,0.7034322230,0.6977659974,0.4828821888,0.7247037063,0.5563392979,0.5031060827,0.1674081463,0.5480839233,0.5657774535,0.3612365433
1.7108987613,0.5808342317,0.2730478994,0.4286622523,0.6577134685,0.2348229865,0.9891141081,0.5171507629,0.7661903428,0.9789160788,0.8436825048,0.3313486845,0.8858502906,0.7916831637,0.4548724440,0.3347446104,0.9201457018,0.0846471586,0.0669299833
0.2787031400,0.0283216275,0.7888646976,0.8144732402,0.4159169066,0.3289412892,0.1292558846,0.3683877987,0.9018779198,0.9786837029,0.3894220370,0.8664850738,0.3951108843,0.9419794274,0.3723384506,0.9232096952,0.7236122439,0.0436536752,0.0569112317
0.9685048991,0.3450426845,0.6789869770,0.0011047024,0.3864444756,0.1303338937,0.9081263841,0.5051473584,0.4340727050,0.1504632997,0.7780280952,0.4648645194,0.4492431414,0.9549152101,0.9179672472,0.9599583270,0.5919720565,0.9907233365,0.3175713244
0.7781134487,0.3629425149,0.2496870047,0.2155758143,0.0710240821,0.0841045057,0.8941904416,0.2192743464,0.6139459305,0.3677449441,0.1849496956,0.1433396514,0.5276406065,0.9336004668,0.7466383436,0.5275666709,0.2045908941,0.5987117200,0.5167187107
1.1996817759,0.3922333706,0.0395611231,0.7967223869,0.5535088070,0.7465072870,0.8147622688,0.9145599005,0.5109060608,0.5273173768,0.5313307446,0.4206977035,0.7947081763,0.9562289180,0.8066790595,0.0836946442,0.0372309461,0.0456381398,0.8979297494
1.0520901643,0.3027508852,0.4460421814,0.2651677985,0.9845995352,0.8009242910,0.9123019635,0.2607079615,0.8671378370,0.8107624741,0.8016536795,0.1184300056,0.6644027902,0.0184287787,0.8552834362,0.7778255429,0.5493262804,0.7374013412,0.0459714027
1.2422704030,0.3880981396,0.8356802158,0.8401356857,0.4221680226,0.6992733002,0.2218322055,0.4655916342,0.6402898935,0.3648045326,0.2186894883,0.9646215564,0.9304122542,0.9346307080,0.3627624928,0.9219703552,0.1935443423,0.2980856508,0.4911573335
0.7344329108,0.7963880354,0.9108959758,0.1896916225,0.8494249266,0.8661900807,0.2748127622,0.5593977633,0.2309594905,0.4429159153,0.4866422599,0.0348843623,0.8108726614,0.2285753804,0.4628407473,0.2985080784,0.0403751586,0.2154946507,0.3530594521
0.4584771120,0.9901715147,0.8234018821,0.1235958742,0.7657380196,0.9751656342,0.8168944245,0.7388184054,0.1397328545,0.0725415701,0.0874266508,0.5694459118,0.7414424235,0.4566258971,0.1955989853,0.1329346568,0.0223962331,0.1407362997,0.0217683227
1.2867203238,0.7638875526,0.4804386567,0.5273385825,0.3364560071,0.7356942683,0.5700124638,0.2025357466,0.3439447405,0.4510366712,0.0098148588,0.7772248475,0.8194681578,0.9264452762,0.3779325075,0.9466983233,0.5848995957,0.7899519093,0.1156576433
0.3701874738,0.0119198850,0.6471479565,0.0317847479,0.2796435416,0.2758582629,0.3053381645,0.2672662473,0.1219097121,0.8020530644,0.9535567919,0.1520457021,0.1749018042,0.9812292245,0.6998163355,0.6093816979,0.0512995841,0.7413528513,0.7814453036
1.7710797628,0.6711562559,0.5179327848,0.3573975416,0.9794164770,0.5770712105,0.0060142817,0.9484691752,0.9844420348,0.9516224405,0.9337908290,0.0216906436,0.8860722879,0.9844308409,0.9397618476,0.7017370154,0.7674046780,0.6790446154,0.2263139992
1.7081202356,0.7020873474,0.7428361229,0.5452864363,0.9074250294,0.0550880963,0.7266607730,0.1352223163,0.3961044255,0.2076783574,0.7600135369,0.3988900128,0.2277349460,0.6517242472,0.4780713575,0.4769284941,0.0522810035,0.7708461660,0.6656367740
1.9038836249,0.5605139698,0.7084269030,0.9283943472,0.4409792395,0.4074202368,0.8678675264,0.2686790873,0.2298788621,0.1879261003,0.3472578639,0.7010732590,0.9934657467,0.2474058595,0.5578040264,0.3293730963,0.9934527911,0.2030666635,0.6588454033
1.7070801988,0.6428609922,0.2354714013,0.2284604708,0.8006457090,0.1222824196,0.5350633774,0.4405803244,0.6676880523,0.4361640706,0.7025663065,0.1338643971,0.0035173055,0.3880817160,0.8310111502,0.7147777169,0.7330558887,0.6264531068,0.1194681621
0.3940458432,0.9413190100,0.7935183036,0.2937198572,0.8662235394,0.3742081592,0.7857861849,0.7952362627,0.7827925973,0.5559767015,0.5873369479,0.8098319052,0.0122842884,0.2600181220,0.6870782171,0.9260198649,0.3033554843,0.0788339195,0.2439718368
1.9580700880,0.6944369249,0.7796183987,0.8339171297,0.6275113018,0.8066781341,0.5467728066,0.3490091851,0.5571758576,0.3064594836,0.9405475475,0.8643205365,0.5846808026,0.5917973251,0.9075661524,0.9776489189,0.8908262469,0.8433442702,0.1699922023
1.8270304429,0.7316569894,0.2568365514,0.8675769479,0.5468181880,0.2148144711,0.2718381386,0.1638537097,0.3184784040,0.7847050092,0.3029975074,0.0540090883,0.9510289280,0.9121454313,0.3280903815,0.3152308067,0.5758463582,0.8431132648,0.0257390214
1.8107913267,0.6811567219,0.8671490043,0.2368185149,0.9886105707,0.7358671397,0.7493522305,0.0602698344,0.3622991768,0.3352346796,0.2197047329,0.1342243548,0.0377551782,0.9101969216,0.3231311945,0.0031349772,0.8523695401,0.5080490306,0.3891314075
0.6183091141,0.8256639031,0.7119069765,0.2989363809,0.9140924310,0.2800228045,0.8072511962,0.3825188865,0.2559902342,0.4930748903,0.1406960817,0.9878594987,0.1021106193,0.6361695110,0.0948606158,0.7033930076,0.6465367958,0.5571206317,0.7701673062
0.7395110739,0.7573498000,0.1181592473,0.0662320762,0.2667971921,0.3162587031,0.2047268962,0.6924384873,0.4529111302,0.7643377940,0.5319432096,0.6983547164,0.4531715311,0.3243391615,0.5370134905,0.6150476954,0.7819105475,0.8396476131,0.6451285628
0.4495999395,0.8016547844,0.0101133656,0.2592738032,0.0038984076,0.4626506154,0.5738963918,0.4561669511,0.9121118647,0.6603320244,0.4195112831,0.6841649224,0.3246668464,0.2327012020,0.0422102370,0.1092551214,0.3900615200,0.2541215262,0.2542576698
0.6554277173,0.0413791039,0.8445397850,0.2801964816,0.2996308618,0.1696253929,0.8657301629,0.3200842959,0.2763542613,0.8088038490,0.7605890401,0.0903111720,0.1306726205,0.8213705253,0.7042661861,0.6654387468,0.3640321974,0.7243065253,0.7504404736
1.7346800359,0.7229260159,0.7682604497,0.7668956721,0.7850470089,0.7858759496,0.4797344412,0.5180444287,0.0510420515,0.2302452955,0.1645792929,0.3003191245,0.9528022957,0.4934809188,0.4569409951,0.9441062125,0.3085574906,0.9253961841,0.2873038089
0.8294138368,0.2004566048,0.0053652907,0.4145731275,0.1623540524,0.5928670416,0.7633056480,0.1695269126,0.0754848790,0.8150539359,0.1474221357,0.7492989478,0.3614472832,0.5777407003,0.7745022044,0.0797305753,0.0680524933,0.3157595471,0.6914657433
1.2005601455,0.3737321475,0.2124148375,0.8531607907,0.3994094394,0.8247777640,0.1803883647,0.1592199981,0.1688202062,0.6322507785,0.9865568098,0.0646104911,0.6184163136,0.8592046767,0.7654932906,0.3525514326,0.3047984895,0.6706581826,0.8024210037
1.4375609572,0.7703536382,0.6926417805,0.6817404822,0.4674467830,0.4638749645,0.6364680389,0.1681406195,0.1200153843,0.4853121627,0.6642059873,0.7197079340,0.1813425710,0.2500882301,0.7949387025,0.0098987617,0.3689757190,0.6171631046,0.6374965152
1.6769218629,0.6371156829,0.1979246395,0.2145287486,0.4826537483,0.4477361319,0.3013218202,0.3063910849,0.7263722401,0.7352352766,0.3461074299,0.7787491736,0.4924618697,0.6923335669,0.4458477574,0.7862062556,0.2840622146,0.9339334388,0.7547193965
1.1268303403,0.4409550055,0.4343867955,0.3333107972,0.9771783354,0.4685512180,0.9083165696,0.8457686737,0.1726708957,0.2928971269,0.6756154053,0.7551077062,0.5583887004,0.4511525983,0.1360074044,0.1928283972,0.5608835544,0.8592679328,0.1838247639
0.1125701678,0.0360264417,0.3912338628,0.9589832335,0.0550102982,0.2700909938,0.4337732428,0.8614915924,0.7263334065,0.2103761950,0.6847818766,0.8785535785,0.6172960951,0.9329624417,0.2550594609,0.7306976191,0.7315433220,0.9023468434,0.2012887353
0.4063205081,0.0700860071,0.0016374969,0.1208112579,0.7364236427,0.5314637805,0.9011950341,0.7299145495,0.9901974700,0.1969983719,0.4905801919,0.7239695166,0.3921154609,0.1402651326,0.6438083116,0.7671511056,0.1051065817,0.4349101993,0.1421231401
1.0964360467,0.1815071838,0.6784487737,0.4313001730,0.4165985589,0.8868107954,0.1299684763,0.2582378321,0.7831408477,0.2145088233,0.5812318129,0.2781930930,0.0410415509,0.2095619560,0.0060083628,0.1790251373,0.2442880556,0.2900098652,0.2367163733
0.0200742955,0.8910755048,0.2364850555,0.0527891087,0.5415159091,0.1898660990,0.5178096069,0.6334391871,0.7732255186,0.2813153873,0.7792679750,0.2434810075,0.8054168575,0.9955855174,0.2624538905,0.8366551099,0.8202051733,0.9590213127,0.8632479559
0.8423266330,0.9892924647,0.5568626461,0.6515842664,0.1732047740,0.8641058803,0.1024735794,0.4480460268,0.7270036209,0.1041229457,0.1338247976,0.9035470036,0.5347489922,0.2024494153,0.7494814938,0.5279746250,0.1148558637,0.4328965030,0.5274502117
0.7398699431,0.8339539683,0.7035543591,0.4354239309,0.0979648664,0.2175615280,0.7307744064,0.2521053139,0.0423281034,0.4780640263,0.5157810147,0.4984761477,0.2073269926,0.7659021764,0.8161233899,0.9297282011,0.3876191246,0.3242656800,0.2968091204
0.9179252258,0.3821912871,0.3673444303,0.2912324008,0.4066448914,0.4030143105,0.5112496340,0.2126905299,0.4091093555,0.6362536388,0.2328573129,0.2727785010,0.9321385261,0.6342170397,0.2609779774,0.0741048394,0.8318986822,0.8075106015,0.7584992332
0.7226568225,0.9887306655,0.9080145261,0.4826009088,0.0298576819,0.4941710128,0.2391840813,0.1390068969,0.9304567840,0.8346396292,0.5526633477,0.8325794499,0.1876787848,0.8329833477,0.0134690600,0.5277749179,0.6423241860,0.6346174983,0.5838099010
1.1493110626,0.2276704942,0.4872611042,0.7758177732,0.1875917019,0.8556355828,0.7511681226,0.8598449589,0.1565119032,0.3554512782,0.6926761578,0.8704499234,0.0144361160,0.1966333206,0.2337666531,0.8025609510,0.9151956370,0.2982773671,0.5139242964
0.9662051891,0.2461689494,0.2211965750,0.3885176677,0.3740774696,0.6885575761,0.8140398502,0.8886096529,0.6084162686,0.0280859281,0.9460225659,0.1011032076,0.2522655019,0.0480730821,0.2245877589,0.8854665695,0.1258289326,0.9043577220,0.9669398432
1.3580301142,0.4255215020,0.8727705819,0.6602779022,0.4267802372,0.5101993799,0.7030470882,0.8222245774,0.0584922665,0.1994934461,0.4967940113,0.2783232815,0.4109199469,0.9614249239,0.6567462541,0.8628669189,0.8951993160,0.6589943305,0.4795331328
1.3857173665,0.5123031193,0.1499080020,0.2676274067,0.9192671258,0.6806471529,0.7895085439,0.2002243900,0.2080847425,0.2184130709,0.6296888884,0.7428519014,0.9833999848,0.0298601222,0.1357950884,0.4802546284,0.7852943869,0.2514995102,0.2447500527
1.3702149390,0.1955258168,0.8703927434,0.0993486659,0.9276152099,0.0420789879,0.0683676592,0.3984199603,0.4607971991,0.4902985505,0.3734285979,0.5102857390,0.1237268206,0.3578397251,0.3522245245,0.0002138176,0.8683904831,0.7975823985,0.3109599637
0.9772044465,0.1468208345,0.4602545192,0.2703282445,0.4283480456,0.1682465123,0.1426733689,0.0821814240,0.1979853771,0.2745192332,0.5392327399,0.4322810753,0.1508546577,0.8952827559,0.8591791486,0.5541145911,0.3141408800,0.4241209121,0.0199730347
0.3700931872,0.0282303136,0.3942971570,0.0356514751,0.2168772066,0.1684753707,0.0877304440,0.1606580531,0.3979485500,0.7211578228,0.7876034865,0.0926346940,0.7245886975,0.9451023646,0.3243609257,0.9465559448,0.1365693156,0.4786267348,0.1358090495
0.9842011740,0.7868346370,0.8519669623,0.4201999713,0.6039146812,0.2951072911,0.3484147451,0.5797046196,0.9666477594,0.7863492769,0.3812423252,0.7698076972,0.5563079688,0.0414837706,0.5230236365,0.6956479082,0.5601693163,0.4184914537,0.4762984539
1.0778437890,0.3972429776,0.8186031638,0.0103344665,0.8097675365,0.8606017500,0.1317623158,0.2616828642,0.4916773703,0.8651879830,0.9581607760,0.5473274567,0.2604985519,0.0625541086,0.4244928380,0.8155524359,0.0691456832,0.2708625575,0.7119161271
1.0923064293,0.2709992057,0.8010829209,0.9631081271,0.9985054806,0.2211367803,0.7534073194,0.7345953777,0.3394693329,0.2695736305,0.2987095914,0.8143420072,0.8396629064,0.3764902165,0.5819028085,0.3160501314,0.1433502614,0.3004078427,0.9660646549
0.8979713044,0.1647020388,0.1508621178,0.8250879589,0.0564679950,0.1572894576,0.0101266192,0.4193834510,0.6267219001,0.3301033628,0.0928679465,0.5780856338,0.1548965582,0.3058668692,0.4349715023,0.0638245429,0.7244421822,0.7073567566,0.5030088662
1.1182537870,0.3618486284,0.5405036660,0.7608189791,0.6708350690,0.3428060558,0.3259963360,0.2118473967,0.1888308821,0.8455973672,0.0362040389,0.0811581135,0.3633661953,0.7224029488,0.2627717335,0.8578946099,0.2924991339,0.4205321155,0.1747547415
1.0934004533,0.1820835360,0.9855809496,0.7742829951,0.8936040562,0.2666467031,0.4496593001,0.9012204400,0.0517077960,0.0647859683,0.6190049665,0.1735954161,0.9026282828,0.1106929488,0.2972046042,0.9967396804,0.2200384004,0.0556838200,0.2468212140
0.4619454486,0.0520253790,0.9797497959,0.6113034955,0.9946136669,0.7760688487,0.9222791094,0.5973587867,0.9026086581,0.7279515835,0.5043453452,0.6498764181,0.0827796523,0.6520252731,0.6872109351,0.8462764737,0.9521268841,0.7793064087,0.0172438483
1.2081210785,0.2840077109,0.7686678813,0.4514947154,0.8441840329,0.4631120762,0.3941445693,0.5404120358,0.3604179987,0.6779459047,0.3526465361,0.1166682445,0.4245659309,0.7953289483,0.7387604857,0.7722195085,0.3085544820,0.5957892336,0.7442137030
1.2389155174,0.7495040681,0.1921814198,0.4844412523,0.2320050072,0.0623119484,0.4898720203,0.1141743624,0.8191934058,0.4721508406,0.2965241984,0.4696663417,0.0901871625,0.3341733141,0.5837814093,0.2396738787,0.4603297221,0.3319316288,0.1851849813
1.4631007632,0.7189510845,0.3068926339,0.3632359474,0.0012966458,0.3287428398,0.7089127800,0.4359396738,0.6423673928,0.2128834534,0.9325266043,0.3469581242,0.0210645908,0.8592899399,0.3793592871,0.1984934352,0.0324935912,0.1565990259,0.1995728193
1.1532588959,0.2894417298,0.6633659784,0.8757192849,0.1952804413,0.6010077058,0.3835088992,0.8108420760,0.9183923063,0.6698462218,0.5414118982,0.9526686255,0.2532124259,0.9523659798,0.4808998735,0.1270204692,0.8410535452,0.2080687231,0.9020054056
1.9452744083,0.7201273373,0.8899819425,0.9330140830,0.5679106388,0.1558566131,0.4340442216,0.5881344426,0.8783521692,0.8305443608,0.7374414833,0.2757812565,0.6350399316,0.7001019638,0.3411729960,0.2758638860,0.9538128320,0.1309060425,0.5043687607
1.1480874583,0.4083928860,0.4649983447,0.4230769773,0.3312775070,0.2293438156,0.0974397290,0.5077512499,0.4609837002,0.0809485968,0.4981576717,0.6565383770,0.2704692665,0.7841297633,0.9083320914,0.2609197946,0.4151073639,0.2679369703,0.1353173830
0.9973530510,0.1660654544,0.4186956444,0.5894701072,0.0750816468,0.3148301284,0.4111444640,0.8138420841,0.0337462217,0.5534129883,0.1677720862,0.7638977277,0.3205668270,0.5952978540,0.5379995867,0.3383195739,0.1863024528,0.3625532772,0.2452823299
1.2861784400,0.6926039842,0.0924051745,0.0629002830,0.4354695333,0.0696922153,0.6659555142,0.3262006334,0.3737829443,0.0315496752,0.9263786269,0.5076711308,0.1682610785,0.3047074488,0.9907111000,0.4083708282,0.3574725907,0.2435068516,0.9511897388
1.0198480153,0.2222245831,0.3668553518,0.0654722172,0.1751047008,0.4570202499,0.8166418825,0.8987693769,0.0519256473,0.4721601521,0.6614519115,0.9577208129,0.2305021480,0.4603785207,0.0235271669,0.9735680108,0.7676806994,0.9184249735,0.9689579805
1.3785725629,0.3825029371,0.5789907021,0.9393173864,0.2779638973,0.5888173295,0.0669899852,0.0920226024,0.1311642925,0.2111048998,0.5966326914,0.2924266249,0.3047277389,0.8494375687,0.4075028832,0.0138519438,0.3428572291,0.8965019807,0.9418337213
1.1757034075,0.7582222280,0.9315540430,0.2469101767,0.4177703394,0.7546393988,0.9098931050,0.2548003242,0.0290985265,0.4079950713,0.5966658960,0.1980574756,0.7170416581,0.7886423164,0.7227132864,0.5337092580,0.5188097433,0.9682248653,0.7839135760
0.8039751880,0.8017412063,0.8317227709,0.1034838620,0.8602150046,0.2205664689,0.7536289152,0.2701566928,0.4015717192,0.2401652844,0.5687446652,0.9426876879,0.4065586020,0.6705747268,0.5356532784,0.3084688601,0.5741228603,0.0528530812,0.8786269143
0.5544837172,0.8684132315,0.8098704819,0.4510282022,0.1768055403,0.0282632245,0.1157393981,0.7270309210,0.3038274376,0.2409914080,0.3140229886,0.5710803220,0.3678688264,0.4019011985,0.6438442831,0.4206032386,0.3541347653,0.7070448744,0.7170526851
1.7571776162,0.6659586493,0.0524111368,0.4438826243,0.4936929030,0.7866230484,0.6509882626,0.0087454225,0.8461466311,0.1870163771,0.4816830294,0.9983160812,0.5295233959,0.3601492081,0.2892016476,0.1726213940,0.0303968408,0.4444687639,0.1035167639
0.1402437638,0.0183942189,0.5214792530,0.6231642720,0.8523214436,0.6702024487,0.3210121306,0.9052051167,0.0034441172,0.5123364974,0.8684829560,0.4434357087,0.0700083901,0.8554218413,0.4997800049,0.0429799525,0.3501697757,0.1955928942,0.2350744602
0.8076387552,0.3694811592,0.1405103012,0.4709805297,0.2156063190,0.1097430564,0.7378307878,0.8322651513,0.7398450301,0.7691685071,0.9841999939,0.1484877239,0.5314250601,0.0895400150,0.0529846881,0.0327914315,0.2988318219,0.2475245859,0.9397133777
0.1496297386,0.0024273290,0.3413073980,0.2666366213,0.0700908036,0.1193132974,0.2569941608,0.5411693054,0.9300534837,0.0181669439,0.6539274076,0.5010362140,0.4104522983,0.4368909670,0.5281629253,0.6018611287,0.1707245421,0.5246968045,0.7007432685
0.5393962720,0.8227888173,0.9639942588,0.0166170465,0.8268515476,0.0648726731,0.5716206439,0.0831535153,0.0027396251,0.5929663167,0.4767267897,0.6058442743,0.8417003785,0.5588222704,0.5886090157,0.6312921631,0.7304495684,0.4362066774,0.2368511916
1.1994621239,0.2792582235,0.6175263938,0.2630998757,0.8932946694,0.8888172870,0.5448968604,0.4703102750,0.4127515980,0.8658658065,0.4931458547,0.8246997952,0.2552520146,0.7750928079,0.8292784987,0.6095966270,0.0315965772,0.8015571132,0.7905863467
1.7323231549,0.5176754447,0.8611135543,0.7152154143,0.5431491656,0.4943044293,0.5213444508,0.4765766866,0.9358760320,0.3453291548,0.8633949728,0.2235529279,0.8092258718,0.0738634666,0.8995685986,0.0316245316,0.0551742296,0.6657625085,0.1132959164
1.6348944182,0.7034569127,0.4154975627,0.6186600455,0.6268051146,0.4766538247,0.0520925950,0.5499606074,0.8840621478,0.0577187411,0.5358469873,0.0816789344,0.9331439522,0.9961471080,0.8568797220,0.8131976858,0.0147952218,0.3133059236,0.1986834824
1.2125574415,0.4395477174,0.5104961996,0.5068140934,0.8107482861,0.1364730849,0.1880732256,0.1102974420,0.5783937949,0.0395079562,0.9496973493,0.5713970262,0.1774458023,0.6401851824,0.8187369319,0.8732484427,0.9446964060,0.1302044695,0.0351617270
1.9269265860,0.6743518562,0.5901538876,0.7021623133,0.9975296779,0.3249479769,0.4711550968,0.9296801160,0.7644216719,0.6282149251,0.1381302834,0.7895636882,0.1536522938,0.8270255745,0.2089055682,0.0773220049,0.8655028234,0.6658199285,0.1233455535
1.5405636854,0.6131009257,0.0706622543,0.2052236755,0.7143772436,0.2799259891,0.3519644407,0.4232678647,0.0409059749,0.7559653801,0.1410920953,0.3299464096,0.3486072061,0.2149937645,0.9091025806,0.1320112176,0.1143412642,0.8793712661,0.9375734413
0.4275854409,0.9985155275,0.2756541153,0.1273518459,0.4952007448,0.7134855399,0.0570266045,0.4796344591,0.5808796190,0.2548850959,0.0931474116,0.7298076911,0.7137683054,0.4466468453,0.5284849645,0.6380734792,0.6034751704,0.6716504473,0.2623524464
0.8815590719,0.3422875189,0.4054902753,0.3361482905,0.9055160809,0.2928540845,0.4700466208,0.6943548078,0.0578244837,0.9440578251,0.3918914339,0.9760211686,0.1759840927,0.5123752195,0.1208142315,0.8251939546,0.2415371158,0.7686288954,0.2691608972
1.3922385039,0.5432694460,0.2368129126,0.0624260822,0.0228781077,0.1712773617,0.2909290069,0.9213750145,0.4043990154,0.1125907536,0.8544412246,0.3396193306,0.5737274464,0.1193079880,0.7360978669,0.7376449889,0.9755654563,0.2159075099,0.0676175570
0.9245405202,0.2236442591,0.3250297719,0.0643392625,0.6897054064,0.5484851869,0.4536567239,0.4012761236,0.0123844309,0.6182123944,0.1445319506,0.3422880798,0.4361115290,0.5291199056,0.1084657658,0.2083286370,0.2813092457,0.5261298153,0.6448052497
0.8106225411,0.0907059403,0.6375619458,0.0947416507,0.8347233274,0.2234064358,0.2228795019,0.3878583383,0.0958829024,0.0117053004,0.4715118713,0.1942027057,0.4565593727,0.7925010300,0.8376715964,0.9289808472,0.1341521552,0.1514076174,0.7298090734
0.7934661529,0.1140365225,0.3283940840,0.5166772127,0.1796553800,0.5599212837,0.9016522297,0.3647491069,0.4348346908,0.5403809538,0.6489899111,0.2534394028,0.4606578563,0.2051724042,0.1647151074,0.0645604619,0.8857752013,0.9086661697,0.1814468816
0.9215002665,0.1863996154,0.1143377962,0.4655596355,0.3456245959,0.4881216519,0.9737367288,0.1281516706,0.8088123120,0.6499124090,0.3364054366,0.2657203211,0.7188563632,0.9291760956,0.5033271449,0.2057046530,0.6142091937,0.1868981441,0.5620078993
1.7585011106,0.5435946015,0.3856447877,0.6269836319,0.9908036716,0.1919832832,0.4896269378,0.5478204831,0.8958386376,0.8926981348,0.4689110395,0.6652266289,0.4427782325,0.6037806171,0.3104768702,0.8918668075,0.9560073713,0.8994349318,0.2850044506
2.0554983865,0.6505869130,0.9599260128,0.7533859324,0.6317287263,0.2513666717,0.9074065826,0.5216757330,0.1248703785,0.7769695553,0.1423387183,0.3638109175,0.8204045024,0.9421220085,0.8865108418,0.2498203078,0.5277167494,0.8226204461,0.4188468776
1.0206979958,0.1797891831,0.4215495467,0.9069914971,0.9114893205,0.2274791705,0.3316301172,0.8319285414,0.4018316017,0.0211370863,0.1781503113,0.2281433032,0.0750400256,0.4984344944,0.0342593426,0.9230847646,0.3892079780,0.1920190075,0.0257108432
0.8949877730,0.8113507317,0.4318042571,0.4806080795,0.3763339913,0.1409289046,0.6769689767,0.9367194948,0.8503763424,0.2409014729,0.0626379217,0.0178623024,0.7787328736,0.2519406852,0.3170514315,0.7388599962,0.4828190015,0.9020923541,0.5345110873
0.5038449208,0.0513435604,0.5447071775,0.4690872876,0.2455830528,0.0542237022,0.8136213781,0.6725694585,0.9316348137,0.3895409759,0.9305747209,0.8005691200,0.5546363420,0.9630251426,0.8184482868,0.0339452860,0.6301557952,0.5845027076,0.9266627222
1.1280534691,0.1986765082,0.5699937217,0.4326868782,0.8314501748,0.3567665952,0.2772719364,0.8130440182,0.8444486724,0.8265086488,0.0027030775,0.1610457689,0.5306505883,0.9554060137,0.6707635248,0.7094696223,0.3479499981,0.2023383899,0.3666234250
0.4618879671,0.8267362932,0.0077466331,0.4794099566,0.0779886178,0.9963546264,0.0527759021,0.1921311956,0.5482635668,0.8588317052,0.6467290475,0.8019714654,0.6491256540,0.2885767770,0.7997447890,0.2100476101,0.8829225746,0.9398850479,0.4219390650
1.0872020334,0.7926652190,0.3592328139,0.5745843796,0.7881356110,0.8066236254,0.2947426503,0.3441906751,0.6514357000,0.3225084577,0.8033761058,0.8530416144,0.3126083791,0.2556468673,0.9125555189,0.2771674140,0.3406973177,0.2169823721,0.6727367050
1.4475699237,0.7288729541,0.5803629624,0.2814474009,0.7943994368,0.0415032891,0.7013793543,0.8262257167,0.1879854704,0.1978624265,0.9248083519,0.8008773098,0.1097438303,0.3572286286,0.5968960659,0.9534118050,0.8084115144,0.1818910791,0.0430441803
1.1555326056,0.2827948936,0.4506225865,0.6760118144,0.9987546718,0.2036423548,0.5593529526,0.9763199149,0.0540467316,0.8404148193,0.1429809988,0.5005298520,0.4004943601,0.9515460875,0.2146822698,0.9876219442,0.1863833129,0.9988646909,0.9434871145
0.8625145812,0.0927467043,0.5232874503,0.2270292001,0.0704219750,0.5324441530,0.4445424431,0.1701637430,0.7546062626,0.0922441410,0.1011562261,0.3148146322,0.3733868868,0.1623441110,0.2567188782,0.7791010985,0.2542751231,0.7722393001,0.5261487007
1.5596197564,0.4363737125,0.0998079566,0.9917345905,0.4011800353,0.6491359013,0.5412790001,0.0628448975,0.2419602973,0.9651418124,0.1328143620,0.0040817183,0.1333475299,0.1197912164,0.9564826302,0.5055229746,0.3119376090,0.8936865128,0.9097628760
0.5870905338,0.8107328699,0.8262508404,0.1384183492,0.5707135518,0.8759813380,0.1503019171,0.9411992362,0.3253005296,0.8085701674,0.9667464908,0.0190625824,0.4315061634,0.4071190230,0.1031344189,0.3285090813,0.0933381775,0.4845989448,0.0824878859
0.5010940790,0.8282666758,0.3098997980,0.3775132124,0.7072961526,0.8535368805,0.6203777394,0.2140040065,0.6136190347,0.1771303761,0.6232451051,0.6573420012,0.1988859166,0.5403366861,0.1607612512,0.1830166788,0.2297431609,0.5281169967,0.7492227874
0.9349896459,0.4216326108,0.4268983744,0.0114963617,0.5047863302,0.0687685155,0.8461437930,0.3445215896,0.6721559641,0.8826416429,0.2679937237,0.2720790107,0.7609455306,0.5748818690,0.3203432918,0.4990754820,0.7684092733,0.7931764709,0.6774172100
0.3849140047,0.8590510594,0.4386447161,0.1762176902,0.6836866181,0.5079982763,0.1015872301,0.8549998021,0.7364769375,0.6309651048,0.2906078709,0.8582260340,0.4910880945,0.1146722502,0.6727435895,0.0727735679,0.9918965404,0.7839013437,0.3588381852
1.0874662469,0.3079155387,0.8802208326,0.2152146811,0.7369398144,0.9641799188,0.2679701814,0.1502812971,0.9999448615,0.2213460894,0.8714419581,0.4495232910,0.3908863455,0.3174892802,0.7142312185,0.6914080631,0.3523982450,0.6399720974,0.6444562942
0.6129064951,0.3507031143,0.2019548197,0.0781222128,0.1942030467,0.8729792234,0.5620795070,0.6688563001,0.1192462823,0.1635898843,0.2540507739,0.7757870959,0.4412336469,0.4096077888,0.1916411222,0.7914808799,0.8396341511,0.7293647845,0.3928404488
1.1597176322,0.1926815220,0.3918286831,0.1938936848,0.2757373087,0.3183059992,0.5463602378,0.2794739312,0.4056549769,0.2432475452,0.9461970194,0.0366761525,0.0521085133,0.7018993884,0.5930422913,0.3635321351,0.8785557854,0.2885539583,0.7594581512
0.9345299239,0.8859831022,0.4467534016,0.7889606822,0.6725150798,0.7678076692,0.9735385391,0.4024554546,0.8667223162,0.3200635619,0.8914852213,0.8603238901,0.2064753761,0.5674100800,0.1765516658,0.9579970375,0.8732638087,0.6518742452,0.7611136651
1.6466189253,0.7209901967,0.7941967246,0.5802375316,0.8321800635,0.1237997617,0.5579045975,0.2582346505,0.2780308700,0.0194377289,0.5467723506,0.7241710529,0.5586475795,0.7410955725,0.7084569360,0.2219766927,0.3357884609,0.5875087333,0.4273296202
1.7615740179,0.6547335582,0.1259717235,0.5683000346,0.6752171596,0.5023207497,0.6152002888,0.2514848810,0.8983664584,0.1658397596,0.0540391230,0.1031103924,0.9287776390,0.4279070371,0.4826606450,0.6396908739,0.3757239343,0.4550247542,0.1769660811
1.8635235242,0.6239665168,0.7384973290,0.1967033703,0.0687077878,0.3026828386,0.6087161077,0.3951817290,0.6670306801,0.9751738342,0.4945378236,0.9321226002,0.8747762998,0.3545825389,0.6369460160,0.0254768746,0.9331458981,0.5168493777,0.4760652046
1.2100453020,0.3768948771,0.8278088347,0.7043703957,0.7920119273,0.0257741553,0.9784934531,0.5823651181,0.3226849639,0.0543585291,0.0687943101,0.6906275032,0.1623223319,0.4604199659,0.3034028097,0.2585016292,0.5784500847,0.3840398003,0.7617489456
1.0297329796,0.1285485679,0.5736608018,0.1318709559,0.4721107124,0.0874754439,0.9556603044,0.2069879364,0.8176205356,0.4596411112,0.0553199664,0.6725210428,0.9701274415,0.2502167232,0.5184501190,0.3928461347,0.5294795840,0.0744508276,0.4639684532
1.9712453254,0.5827621435,0.9581080045,0.4604795212,0.7461869292,0.2941107009,0.5765760658,0.5525675359,0.6916075559,0.9164058585,0.1231624612,0.8857849421,0.4402416901,0.0806248832,0.6518708013,0.5166725014,0.7067948472,0.2576211598,0.8708178712
1.1618382143,0.3899563835,0.3463710103,0.6722465514,0.9828543276,0.9994920595,0.4343913629,0.1791706048,0.4786486382,0.0402664436,0.6286921754,0.8826756621,0.3580289042,0.1834176890,0.7292338601,0.9397935005,0.1418242157,0.3801564260,0.3468554311
1.1483081161,0.4807625521,0.1501353398,0.0873381273,0.5756220852,0.8184138476,0.6404544550,0.7927272095,0.9739441750,0.1322965632,0.1544424573,0.4831717595,0.7163040406,0.6249947969,0.7322311385,0.3784528611,0.8597550109,0.9123833531,0.1914033418
0.2120694547,0.9989555015,0.0105406508,0.2159760444,0.1711507615,0.6405572268,0.0324152579,0.9696383829,0.1568820164,0.1500362588,0.0723769986,0.2949062310,0.7207048415,0.6639692315,0.7542027961,0.4011290818,0.2085085046,0.6074731156,0.9448140913
0.2463035934,0.0355543369,0.1754818352,0.2447016426,0.8229521897,0.9832453784,0.6835606701,0.8193351671,0.0794725817,0.4151018426,0.1344633967,0.3311856788,0.4523817965,0.8193121450,0.4991372535,0.0849796558,0.4229113916,0.1125103913,0.1254818964
0.9097526431,0.1839972308,0.1092231348,0.7015946297,0.9409012180,0.9789412361,0.0547679649,0.2112086812,0.0006960905,0.1057610101,0.0800592729,0.4814255720,0.8952058160,0.0925518564,0.1915220778,0.5599764353,0.3908075027,0.7695338911,0.4791039800
0.6954256771,0.3456852986,0.0412027328,0.2970293599,0.8116027929,0.8752661478,0.1235287398,0.3132592437,0.1051884020,0.4930554570,0.7218021081,0.3908561297,0.2213790472,0.7362854998,0.2153118157,0.7677211259,0.7332931576,0.0246836239,0.6469175251
0.0264932199,0.0024942526,0.4810774781,0.7771104582,0.6578832827,0.7044442044,0.6353677257,0.5367651449,0.6998758452,0.4255747647,0.1478993226,0.6002914600,0.6047959536,0.4377015692,0.2166240352,0.3791237380,0.0727160487,0.6128221786,0.0725175709
2.2432977408,0.6262431814,0.0080651693,0.9614586976,0.0487485652,0.3077569656,0.9228756290,0.4419693916,0.0408311998,0.7418976244,0.5297158436,0.8174552289,0.6375344230,0.1996313871,0.1585191665,0.9362857221,0.1406941358,0.3172468024,0.3453280004
1.1185064203,0.1820793924,0.3306882105,0.2008416869,0.8972499286,0.4507187326,0.1303543847,0.6462096974,0.6296962158,0.9982809362,0.6007792298,0.8117283427,0.8109856316,0.8072864332,0.0751325166,0.5221379826,0.3041386568,0.5858951966,0.5158499271
1.0404398839,0.2634844892,0.0046917561,0.8759946223,0.1224278724,0.0218806140,0.1338861846,0.4216975651,0.9176083887,0.2747659729,0.0567529278,0.8010008579,0.3463057623,0.0244816668,0.7996023021,0.2850342612,0.8283173700,0.9396453235,0.7652823485
1.1089033939,0.3600901454,0.9051716792,0.5570174583,0.9868142333,0.2573736522,0.2978965468,0.1366984561,0.6291292398,0.8357742251,0.3199555644,0.3220579692,0.5896387522,0.3205930302,0.1444837900,0.2159924499,0.6142204220,0.1716199962,0.6045608321
1.3261427785,0.1165554708,0.8610021982,0.0767918701,0.1018250153,0.0250612131,0.4788765406,0.2860329011,0.4825257715,0.7486298735,0.2200216680,0.4571085932,0.7549501542,0.0070663724,0.0962065406,0.8862680436,0.2192906071,0.6910865111,0.7929746224
0.5710301697,0.0603224503,0.4642249626,0.3086108751,0.7759487819,0.2457891993,0.2330530269,0.0745314805,0.6905047002,0.9435023941,0.3873709880,0.1549682809,0.9694649379,0.1265546297,0.1995052812,0.4133349918,0.0023671128,0.2370491603,0.5427484104
1.0713282582,0.3509120283,0.6697992441,0.0730343752,0.0997891856,0.4789023792,0.2524515847,0.1594707814,0.7093632356,0.9894828379,0.0036176908,0.1945721651,0.5755559925,0.6424389528,0.4133111391,0.1512495042,0.7431039447,0.9145168282,0.0515513362
0.4374672615,0.8896353540,0.3615288312,0.4410726213,0.9119184917,0.8644479929,0.8220565197,0.3364062465,0.6282624310,0.8045125086,0.2175282812,0.8468543637,0.0031600773,0.2693440017,0.3000837223,0.7894621092,0.8270865050,0.4162807643,0.7112707806
1.7062188126,0.7088761089,0.1090993714,0.7102258115,0.1307722319,0.5636127629,0.4268890529,0.7040194790,0.5796662339,0.7452510762,0.2920972967,0.8876528441,0.3856789557,0.1685842244,0.4390648685,0.8544881283,0.6737085775,0.2637558319,0.6380830833
0.9972359198,0.1256060278,0.3632414703,0.0626103411,0.2148705277,0.4481589945,0.7908502053,0.3295706389,0.6515034223,0.1990047842,0.0277392543,0.3543420714,0.5249670432,0.9585033452,0.1729386330,0.0698713765,0.8232736433,0.4440378319,0.5416758055
1.0131663258,0.1349183626,0.7780312936,0.4740640129,0.8194435905,0.1655800520,0.8462018850,0.7379472405,0.4918193505,0.4905468394,0.8344669647,0.9764850401,0.2548991568,0.9839352087,0.4052471856,0.8130417050,0.8990351121,0.1967439514,0.3003588952
1.1347740951,0.3688511099,0.7167711768,0.4319248397,0.5018737751,0.2032584861,0.1919404198,0.7225438832,0.0538108888,0.8392885108,0.1867807019,0.9002156532,0.3135240023,0.1156736254,0.6604841056,0.8492317394,0.0615262274,0.7059364402,0.6248508605
1.1306547256,0.3792540487,0.2820447236,0.7260603039,0.9655857127,0.6912679362,0.7193878225,0.0232301591,0.5824514288,0.7353705588,0.5455587193,0.5200837936,0.1433202251,0.4270220544,0.0031553684,0.4520952083,0.6587004382,0.9074543941,0.6750466882
0.9353963045,0.3530952512,0.3208420889,0.5218373534,0.9102272132,0.2075219887,0.5963613124,0.8064361252,0.4323886684,0.0057777687,0.6679994690,0.7692675099,0.6754924869,0.0946024972,0.3719226502,0.6849135075,0.6323186984,0.1131806850,0.6148712918
1.0721812450,0.4115192328,0.5076806751,0.0929665269,0.4706818593,0.7083169670,0.9492544807,0.2278756530,0.4151229889,0.2968656287,0.8339866395,0.6899746567,0.7725444316,0.5947313884,0.7374334016,0.3445173013,0.8656463611,0.6864951301,0.3973862206
0.7463945873,0.3381533891,0.2193850759,0.3941754854,0.2580467079,0.9927159163,0.6969548535,0.1511961139,0.4672595222,0.8762199999,0.9329409089,0.6767757651,0.5780030176,0.8437599448,0.3736799048,0.3896710117,0.0793052320,0.8465700207,0.2387387745
1.1793962021,0.2629345832,0.1341078611,0.8965935112,0.7862185535,0.7815326715,0.2970933673,0.9629970659,0.6753543165,0.1905648003,0.5033405262,0.4265076796,0.0938171279,0.8416072630,0.1075359154,0.4064504159,0.7465869327,0.9877880631,0.7230229122
0.6649622914,0.0830915596,0.7876155920,0.7038894568,0.7630462262,0.2584859437,0.7416964059,0.5813001162,0.9847761559,0.9463204609,0.0036149712,0.9059734011,0.6824621306,0.4791171397,0.3680899118,0.6662806016,0.0480569155,0.4991014977,0.3999229344
1.7179868079,0.5833294193,0.2898134212,0.1659293882,0.2920963131,0.3941853325,0.6883934355,0.4991209932,0.0756941491,0.3735679500,0.9349090334,0.2372328821,0.4085521046,0.8434077496,0.0724592630,0.5223755602,0.0719667718,0.6081118844,0.0576980210
0.8567955483,0.1518819608,0.6472272811,0.8429736160,0.2766993449,0.1337660455,0.6000839980,0.7178023737,0.4322161620,0.1210430550,0.2661376647,0.8839176208,0.1780088299,0.2695745710,0.6609997380,0.6693978634,0.6169002365,0.0096452612,0.3675822376
1.0461706434,0.7746720717,0.2830873473,0.3978420270,0.6403974382,0.6780876935,0.9683900857,0.8474266023,0.7987489660,0.4526915800,0.2918935294,0.3263140014,0.9700814685,0.6915035963,0.1108644143,0.3662473988,0.2740259699,0.4519633424,0.0266634454
0.5493912792,0.0788631686,0.2093599802,0.8184569326,0.1787667957,0.4480406364,0.6566230551,0.2517438349,0.5663629171,0.2406854848,0.1318991265,0.2680378672,0.7225786676,0.9417976858,0.2996508858,0.2506179560,0.6803264579,0.7143701167,0.8240261186
0.3693993629,0.0496364410,0.2705749858,0.6053039559,0.7194545951,0.3638302272,0.8922119846,0.1186758373,0.8687938429,0.0065836550,0.6988536310,0.0780382227,0.3320346724,0.1193629771,0.0620649943,0.9320957552,0.8883016860,0.4692882056,0.7764059507
0.7082003636,0.9949885040,0.5199945546,0.4860039526,0.5875785737,0.3861318022,0.6019138959,0.9269218630,0.8262585012,0.7893008317,0.6277873754,0.8548958498,0.3213579693,0.7041462724,0.0539771784,0.6641257103,0.6818865188,0.5178822528,0.5302697974
1.1038875317,0.1857115862,0.5316463279,0.7427578903,0.0422233902,0.4711081720,0.5072263218,0.7370424826,0.5941921334,0.0619307584,0.2182397093,0.2853988698,0.5012047614,0.0737477686,0.7080950399,0.6919956424,0.7719205832,0.1503460727,0.1686183482
1.2320518095,0.7116368708,0.1562969589,0.2735267429,0.8728833365,0.9654245934,0.0120388802,0.2106801455,0.1361547784,0.2490763767,0.0630064848,0.7955906589,0.8501523611,0.0149257178,0.9217571267,0.2006302626,0.6514754296,0.1597398145,0.7812729236
0.1474470405,0.9156188165,0.9389900072,0.1184295109,0.2631607082,0.8762206280,0.1114990456,0.5830367658,0.9132443484,0.6742278529,0.4555593460,0.5615056491,0.9640597698,0.7260969512,0.5574416947,0.4246292991,0.5427374017,0.6525541805,0.4080859443
1.8167493452,0.5815370850,0.5709548081,0.1264862483,0.5369068256,0.5460218922,0.9128668529,0.5301818936,0.1296827866,0.9453338327,0.1150456520,0.7889150665,0.8944174850,0.6881310946,0.6748582959,0.2118210138,0.0418893434,0.9796474489,0.7446235856
1.9127846552,0.5643055061,0.2877378302,0.8075729243,0.5801324763,0.9209593210,0.8136708350,0.1312662350,0.6330138046,0.0644256709,0.0860054708,0.4622185580,0.4128933769,0.9889053851,0.2590207368,0.3610132193,0.1092528282,0.3105315816,0.9217887168
0.1797538740,0.9048489439,0.9797116355,0.1954209951,0.9967392270,0.4021391836,0.6311536988,0.4466789843,0.9545561275,0.4547955166,0.4615093816,0.3816224585,0.4824597449,0.0404194778,0.3727555301,0.7071070722,0.0266272929,0.3669665985,0.6681074006
1.8306552520,0.7417930939,0.9267945648,0.9532510893,0.9357881613,0.9801050122,0.6544753922,0.7103457156,0.7789008568,0.8621717139,0.6109099273,0.1394347738,0.9229228777,0.1440736934,0.3307707843,0.2646917660,0.0426236664,0.4609952646,0.8256131329
1.6186922446,0.7039784776,0.8572678716,0.1554565154,0.2402342691,0.3753187131,0.2914706781,0.2932079129,0.3318660915,0.8101015739,0.3076447283,0.6945195112,0.6773580894,0.1249361708,0.8279065936,0.4338966743,0.4089794461,0.0823970752,0.0640590016
1.2780864273,0.4599675203,0.8555500564,0.3616300430,0.8462616597,0.7431344115,0.1934723836,0.0261112355,0.9125547602,0.1385119787,0.7280855806,0.2459584319,0.7526942323,0.5941614256,0.7248996879,0.8856218650,0.1470429982,0.5824538512,0.3513888653
1.1044636513,0.7540897691,0.7713990207,0.1226250079,0.8893714024,0.3550986622,0.5637529331,0.6912363013,0.2686786258,0.4767593588,0.3865680722,0.2514580731,0.5681708721,0.9161627072,0.1589995459,0.5324271476,0.6180904467,0.0336746958,0.1894081458
0.3246047752,0.0431932751,0.3318305376,0.7065145989,0.2383534367,0.7295658152,0.2431962012,0.7302689019,0.8879835602,0.8332732798,0.7312475670,0.8423775331,0.7333322620,0.6993058736,0.0971729228,0.8989959249,0.2470198963,0.5828085360,0.5851909038
0.8514222762,0.4304120115,0.2286696519,0.3067836211,0.2016984178,0.7432661585,0.8449967357,0.3218501210,0.6478218634,0.4707494161,0.7157274597,0.1996208496,0.6590772149,0.0824877427,0.1119398788,0.4003097980,0.8676910872,0.8367906758,0.0423970784
1.2275521883,0.7085597185,0.1465983733,0.0566928063,0.3094014924,0.6144805973,0.4583215232,0.1132414660,0.8333722015,0.8280418850,0.6698355658,0.3621624909,0.6608382894,0.9236976496,0.9982261675,0.8538868240,0.8749167641,0.3714463788,0.9510379009
0.2799507231,0.8618212539,0.9884786862,0.1708339556,0.8675708488,0.5225926444,0.4771575636,0.4105944329,0.7309096047,0.8197663756,0.0678225806,0.3025409851,0.0589890107,0.7767366440,0.5374720180,0.7501944552,0.3922416089,0.0319653788,0.4650490417
1.1289805503,0.3163912576,0.5478000306,0.6007435018,0.1384858790,0.8347662076,0.4082215504,0.9800197406,0.7252011454,0.6973042501,0.5710806116,0.0411129181,0.6373369887,0.7615596779,0.1113871493,0.2606253094,0.1919328839,0.0054709125,0.0029236675
1.1090573498,0.1596695126,0.6019710761,0.1700552445,0.0207745998,0.4650421691,0.9964177230,0.9581865782,0.1856751712,0.3859289067,0.5271050730,0.5934331580,0.8575550101,0.4863966872,0.6636060339,0.9516620761,0.1012201966,0.0409694057,0.2301663554
1.1879777523,0.3128816301,0.9717577661,0.6631582326,0.6304102073,0.7536940451,0.5677841290,0.8326754185,0.1751217759,0.7426839439,0.7628251779,0.0122747486,0.6874678349,0.8668972719,0.4051025471,0.8108087628,0.8019603687,0.1023501376,0.0526719148
1.2485176991,0.2275791943,0.7619081347,0.5869218581,0.6622933999,0.9740064374,0.8819790126,0.1988219214,0.3950646677,0.7298072766,0.1217387981,0.8612382713,0.8943450503,0.0865442871,0.3648535318,0.8167079751,0.7483744446,0.5850949985,0.2112600305
1.2868637593,0.3010300517,0.7221415772,0.3873932539,0.5195618643,0.5711879691,0.6777258762,0.2750600492,0.6240612713,0.0426881420,0.5292941948,0.7443540835,0.4077583423,0.2362940105,0.0319687824,0.0557578749,0.2860755554,0.4770903993,0.9785941002
-0.0040018400,0.9772705911,0.0005158899,0.0401426801,0.7999147394,0.0050716152,0.0495361755,0.3779327504,0.7362777957,0.9188540812,0.3285460462,0.5772891480,0.3799770630,0.2755590669,0.5563064963,0.5703092148,0.8262381153,0.7423034037,0.2034133672
1.7876122655,0.6724235423,0.5363988462,0.4440954951,0.3181001840,0.5328070556,0.0261474350,0.9829057891,0.1738498534,0.6121305165,0.8209113315,0.0385819174,0.3863588709,0.5239303294,0.5377996931,0.3933750164,0.5756967600,0.7541664413,0.5621759533
1.0348139727,0.1567487643,0.4962421705,0.6438042794,0.0114504787,0.7451347275,0.4201916043,0.8052159500,0.9638809708,0.2228049614,0.8150896104,0.7219478785,0.8214936759,0.0865073128,0.6267732180,0.0166957272,0.6342812789,0.6166260657,0.1428584911
1.5612161530,0.4595335061,0.9310725693,0.7392868900,0.7585048248,0.9105497262,0.3633766047,0.5592269243,0.8472592421,0.9953923451,0.5644327478,0.1857129906,0.8577485322,0.0999699964,0.2502372284,0.4346611438,0.4868061786,0.8442751450,0.8370391571
0.9197679691,0.1795193123,0.0625220170,0.0943046067,0.4108336199,0.2169777351,0.0824592761,0.4548963323,0.0391337266,0.1133029174,0.8349673143,0.0208312774,0.9516550678,0.4152166582,0.9378959494,0.0845994476,0.4086585457,0.1415192778,0.1161467864
0.6078755720,0.8859943671,0.9563543874,0.5801578995,0.8055149543,0.5950320303,0.7497368273,0.6194601488,0.6366566078,0.9208091478,0.0271105586,0.2465302082,0.8771689465,0.4513339697,0.1038789117,0.0942404384,0.6276803812,0.8748608136,0.1860364056
0.9042987654,0.9091671327,0.9251826983,0.8209985432,0.8472670099,0.1399312994,0.6904206725,0.2884749879,0.2712751999,0.9908340232,0.5293951847,0.9126354756,0.6252642307,0.1295052067,0.6767519006,0.0207712562,0.1716050672,0.5580066455,0.1579833381
1.1186350002,0.8939214423,0.9918039016,0.9997545283,0.1564002105,0.8089115424,0.8879261483,0.4550083144,0.4844375730,0.2412169483,0.3804318130,0.0715532763,0.0210171893,0.9429444125,0.8494062496,0.5252831972,0.9628558526,0.7940440085,0.0212384458
0.4207129432,0.8201917398,0.0088343071,0.4164645386,0.9284615974,0.6439001832,0.7178487507,0.1753864071,0.2009301087,0.6626035373,0.3037487165,0.7722876163,0.0860541584,0.3957636396,0.8778151064,0.6203528191,0.2083097538,0.1882087395,0.1731529313
1.2856495442,0.5204860928,0.0148216646,0.3079606181,0.7045330957,0.2391431140,0.2703621638,0.5151380850,0.8255875474,0.9401224798,0.5768045583,0.9134201553,0.1319671670,0.9144577314,0.7246255106,0.1495897269,0.9898534566,0.0863891275,0.1556661246
1.5180234589,0.4639388266,0.6504302760,0.7170676043,0.4492338539,0.6551587694,0.9961797979,0.1475935290,0.0603637690,0.0863660615,0.9996673332,0.4693504132,0.8392927287,0.5968671325,0.2559914498,0.3196839898,0.4243371152,0.0281602448,0.6871036998
1.6006494516,0.4750821410,0.9032041700,0.9491299825,0.8775033451,0.5381510395,0.9042221301,0.4895169547,0.4318062079,0.4226185047,0.8889509814,0.4241675714,0.5526158313,0.3679151289,0.4444138907,0.1631399415,0.0147403543,0.0081278796,0.3843172222
1.8313574814,0.7369006975,0.4090030100,0.8866043215,0.4004959895,0.9474989406,0.2140366981,0.7544197950,0.2124726841,0.0331609105,0.8060848562,0.9994559649,0.7958050696,0.8817349352,0.9854287294,0.4513369883,0.2252333561,0.4986745231,0.8331493518
2.0454140092,0.5545787087,0.3261645430,0.9757287562,0.9051559790,0.6790332305,0.9476877048,0.2562558063,0.1684951435,0.8190923294,0.5578962905,0.2688455871,0.4351049887,0.8224015814,0.8447885139,0.0180423065,0.8722143599,0.6595933526,0.4366179026
2.0191870749,0.6431804789,0.9223503725,0.7309695400,0.7973194329,0.1664894704,0.5941815808,0.4486454418,0.9822348148,0.6642757522,0.0316529473,0.7830568488,0.7695624163,0.7273452996,0.5323937849,0.2103327307,0.8627536221,0.6573386269,0.8882504923
1.0448803874,0.9941239600,0.9035504886,0.8302525180,0.1362559821,0.6360226684,0.0792556073,0.5786694997,0.2363117954,0.8259866295,0.6281174935,0.6216107594,0.5086277082,0.0678350230,0.3112716803,0.6794032125,0.9690826259,0.5124936805,0.1299534160
0.4145620705,0.9588469553,0.9820213247,0.3889366029,0.2362715334,0.4123348144,0.4486299715,0.6039037768,0.4901614741,0.6378345469,0.6547622160,0.6166878950,0.0644166954,0.0852049292,0.7984343441,0.3286881714,0.0401530841,0.0662160856,0.7852310674
1.4005766150,0.5373798420,0.2842807982,0.1498479779,0.9758493238,0.0188304227,0.9103786357,0.9221177794,0.8467217541,0.5981556174,0.2212622001,0.4304605420,0.7698896094,0.1109130509,0.1136074301,0.2006139554,0.3413991692,0.7941056031,0.3819768798
1.7107584923,0.5236636307,0.4917501223,0.6492338019,0.5428989718,0.6558693730,0.7508396738,0.1038975114,0.1202994095,0.7299495686,0.7853067151,0.4331195536,0.4522810372,0.5726736022,0.4472420716,0.8502125160,0.7200783797,0.3675059993,0.7686247113
0.2053836125,0.0025490967,0.5392382034,0.4166430105,0.9712431648,0.8982068554,0.8897200351,0.5099442046,0.9160717546,0.8063258639,0.2900978570,0.5111478180,0.3515415981,0.5224434160,0.4302919712,0.0238975873,0.0667119796,0.7341584041,0.6647533418
1.1441878513,0.1479458870,0.6485384373,0.4145137664,0.6139740924,0.0633843304,0.3636407393,0.3877561526,0.5696892573,0.4132338295,0.4550744725,0.0038840798,0.8210574329,0.0890203618,0.0109841551,0.4971339354,0.0500862662,0.7613786738,0.9941748960
1.0751776538,0.4025076601,0.8968647766,0.1924771531,0.8788328593,0.3295768478,0.3156782770,0.4046351399,0.8208398364,0.3443268352,0.3228783517,0.3496430197,0.4731712731,0.7760944612,0.9260036165,0.2680389076,0.4633645208,0.9166863473,0.7004909996
1.1340867681,0.3221202042,0.9378651297,0.1743162311,0.0698941254,0.4853343995,0.3672507583,0.2469029009,0.3808496256,0.3365142552,0.0504248725,0.3987705396,0.9637428622,0.3876833760,0.9754686796,0.1781017748,0.0463942602,0.9358372261,0.9492169026
0.6457500389,0.8779880497,0.7111362462,0.5388521217,0.0985105594,0.2406768697,0.8237060418,0.1661836109,0.3716799226,0.8244310620,0.3451884406,0.4277025640,0.1578168222,0.9895022238,0.2006578623,0.4920825989,0.1780848632,0.1500347284,0.3902732717
0.1906656700,0.0290350825,0.1444060121,0.8715387831,0.5745303353,0.0934209858,0.0926659172,0.9031588437,0.5935856209,0.8654634869,0.3393812185,0.1120857746,0.0247264301,0.2179674170,0.6392522944,0.3379357401,0.8096096423,0.2208668937,0.7946291035
1.0934514434,0.7033291605,0.0458028323,0.0502204429,0.9584293732,0.2184862672,0.9921534404,0.5086727916,0.0973286334,0.7702781781,0.2624401784,0.8354612595,0.8222158287,0.5158173443,0.5279559782,0.9596534422,0.3205427481,0.0971618974,0.4214048661
1.3365582990,0.4895439552,0.2725559339,0.5568208371,0.2183764234,0.0460135381,0.3029390718,0.8981421829,0.5748686039,0.4027438191,0.9372092903,0.9618730291,0.1502577848,0.2067284838,0.1160305761,0.4137054481,0.9730774625,0.8978691197,0.5211470573
0.1245051427,0.0145868483,0.3305724820,0.0475878173,0.0858176022,0.3700421159,0.1814031144,0.4168588320,0.8312679064,0.2083702102,0.0523115357,0.1955608082,0.9984968295,0.1250464343,0.6008612095,0.5809056683,0.2121868875,0.9635962539,0.8608004314
1.2075055246,0.2569333674,0.9978462761,0.5733761476,0.9313404893,0.8291635337,0.1147769129,0.0218375844,0.8488445285,0.4504445939,0.5013917800,0.7241648997,0.2203607582,0.3476642426,0.1160660598,0.7285913985,0.2784147115,0.8680844151,0.0128996055
0.9744210965,0.2002562899,0.1592723544,0.3916840102,0.9226827621,0.2104348747,0.8765515306,0.2886437734,0.0615244095,0.7603230681,0.7793578776,0.4369668974,0.8190471754,0.2508852535,0.2567804570,0.5602813364,0.6755180179,0.8720661585,0.5533621169
0.2192060697,0.8624860088,0.2408328926,0.1378962454,0.3072560489,0.6245215514,0.7861901167,0.6179218383,0.4817429627,0.4390930985,0.3473864774,0.0678010902,0.6934033554,0.2611621904,0.1314318337,0.0652537649,0.5651537431,0.7755983235,0.8189835623
1.0096631859,0.9205050042,0.3850847496,0.8992412826,0.9289313195,0.7037586067,0.6409621548,0.0637081789,0.0830823677,0.4999733041,0.1507621662,0.3801610317,0.5186769822,0.7259336097,0.9590846213,0.1259126818,0.0057477522,0.8745017644,0.6577406831
1.5808158927,0.7091808906,0.7138224874,0.0317690617,0.2678708265,0.6705302917,0.1753053502,0.4748057591,0.4923646599,0.9639113940,0.1446013562,0.6251308134,0.8761113554,0.7345737457,0.8652587871,0.7993588571,0.9530626110,0.5430870737,0.6390848670
2.0416660609,0.6317354246,0.5083368736,0.6310669604,0.4353464697,0.6190517419,0.5623197502,0.0777894628,0.4144219099,0.2222672152,0.6679504407,0.2081374712,0.0237394996,0.5807201701,0.5401841456,0.1122809313,0.8273250361,0.5797114549,0.9139546325
1.1308922627,0.8411935400,0.8924088546,0.9217531767,0.4863309206,0.1553386297,0.4202692603,0.7956212339,0.5438995808,0.4833201733,0.0233129085,0.3030228029,0.3467245909,0.1900675576,0.7984962401,0.2084765711,0.9074848341,0.3763405227,0.9304423180
1.0698792631,0.3876650694,0.2503913362,0.6308584622,0.6476894650,0.5912614768,0.9890682378,0.0825104990,0.2918072740,0.6336863508,0.5102530860,0.0033193706,0.7015078066,0.9305142078,0.4963150874,0.6876369952,0.7077055759,0.4511689017,0.0536292126
0.4162272339,0.9858585604,0.8420940003,0.1033637665,0.9728469295,0.7141797713,0.9790547934,0.6660422184,0.5464217612,0.6461629930,0.8803208995,0.9883768220,0.0827144119,0.1189398534,0.9782519631,0.6337087294,0.3124393132,0.9613604943,0.8033135031
1.1935335265,0.3299040171,0.9066550102,0.4230579207,0.0926561479,0.6443063844,0.2799466063,0.2067634963,0.7070147799,0.3430001129,0.7941442339,0.5628244269,0.2249965956,0.4107216480,0.6061348690,0.6885465527,0.0183106560,0.2257715544,0.0255460301
1.2637988156,0.5200974823,0.0217785770,0.3038347993,0.3418167561,0.1084960235,0.2300828735,0.5149146164,0.6588764275,0.4223265860,0.0089149905,0.3673541434,0.1211057801,0.0852438209,0.4983370220,0.9023010336,0.9858085858,0.5824166874,0.0526418925
1.2529763809,0.1620544638,0.8466424774,0.5537987214,0.8717915384,0.6591690163,0.4316911183,0.2081072788,0.7001272740,0.9565047989,0.0537488328,0.8807014711,0.7228054094,0.3526337031,0.4032868753,0.6516888432,0.3566272768,0.2975029992,0.8869912889
0.6187836226,0.9780842239,0.5914027913,0.1963372933,0.5383125199,0.8685129060,0.7661126167,0.2002918360,0.3248730658,0.4038101010,0.8425742827,0.9973809968,0.5897477678,0.6226462977,0.6875716061,0.9347801461,0.7187650726,0.2799675260,0.8909018310
0.8995348662,0.1389797148,0.4503903316,0.8141100848,0.9202374454,0.0648057469,0.0146415496,0.0143885899,0.1075974341,0.3175011668,0.1856932759,0.4735048799,0.6651200626,0.9581198325,0.3329800623,0.8304570789,0.8414059055,0.8301661352,0.8002469806
1.4656931697,0.6946287201,0.4554027313,0.0263842712,0.6033079216,0.1619253399,0.9684589178,0.3435873454,0.7439737180,0.5377895781,0.4241606437,0.7848858554,0.8019970244,0.9041963177,0.6210703526,0.6118142856,0.4291577531,0.0201038813,0.4305684166
0.2602117979,0.0286547138,0.2455958309,0.1048734886,0.2664903314,0.1604855660,0.9290146424,0.5673663967,0.9636744684,0.1516223115,0.4864405110,0.3438629905,0.8520388026,0.0651181060,0.1268110910,0.3476724198,0.7991269123,0.2931203166,0.2743664418
1.0538661577,0.7662394755,0.5451256330,0.0485752041,0.8010144657,0.0265415254,0.7430726883,0.3777318146,0.5446066057,0.4741334175,0.3472037519,0.9690053138,0.8114781153,0.8211651647,0.8204577933,0.4597936879,0.7602906702,0.3425572164,0.7042380972
1.3621342225,0.5220588957,0.2592342056,0.2182560685,0.1989008133,0.6719334155,0.6876752985,0.5900826592,0.8803493809,0.2348233855,0.1886235447,0.9461891291,0.5609175110,0.1671134364,0.7237496199,0.7183863199,0.8942169444,0.8912173971,0.4184592089
1.6993178614,0.5818018598,0.5458066617,0.1968300715,0.3293126779,0.2077763381,0.3029310445,0.1398159819,0.2053585295,0.9353078684,0.4368287251,0.4752975651,0.5849131241,0.3808938573,0.1683906087,0.9894743750,0.5092185757,0.4318427183,0.8005161213
0.2068659319,0.0177786032,0.9492198699,0.7284043109,0.3034654011,0.6660088381,0.2364727904,0.1525693992,0.4606036484,0.3854122928,0.5864860721,0.1534972207,0.0997346261,0.0017069973,0.8848283316,0.2901300142,0.6238069099,0.5167685810,0.0168023112
0.8363926229,0.7712635450,0.2811101350,0.1328636802,0.4436875344,0.0353057322,0.4208751416,0.2141067395,0.5447286645,0.6446616360,0.7587662880,0.2795646809,0.9350041900,0.8555788688,0.6069753335,0.6705865212,0.1777742563,0.1076651168,0.3386786194
1.2472519552,0.9638079065,0.6719234162,0.9621227726,0.7182979234,0.2836544881,0.2916198778,0.1141192360,0.2474052916,0.6283636153,0.6174843166,0.5475314962,0.8986369571,0.4022972093,0.5983587296,0.6982832840,0.8205366142,0.4839372194,0.9327091022
1.3769684568,0.4245308472,0.8227629878,0.7632879436,0.5365361936,0.0600348255,0.7583892516,0.2694085297,0.5774216071,0.6123637600,0.8393723513,0.6345542150,0.4893646170,0.9741214859,0.5031741365,0.1241465941,0.3697723567,0.7037953496,0.5769867435
0.2878164505,0.0055855916,0.6151543728,0.1029249764,0.8311392519,0.5934849039,0.9535652924,0.5929649266,0.3381479400,0.1826672244,0.1346303170,0.8137106887,0.0813818762,0.2079357631,0.1080585985,0.9339213939,0.4491044188,0.7526515542,0.4920610675
1.3504588111,0.8093352586,0.6177954384,0.9322123829,0.7559256525,0.4639719919,0.6081122172,0.0082335002,0.8249277987,0.9856414575,0.2459089321,0.4322598104,0.5069508597,0.4988601484,0.0022440891,0.5915748163,0.0564296933,0.9327201525,0.3229964362
0.8958570186,0.9379789576,0.1367244851,0.8022703695,0.6403130012,0.4921380519,0.0144782252,0.5766411227,0.3045452114,0.2090809583,0.0991851561,0.8823348200,0.0615486264,0.9848312418,0.1573089548,0.1443421095,0.0865757243,0.1875094331,0.4280285112
1.4758128701,0.7499813914,0.8814702838,0.6201521303,0.5149367888,0.3418346400,0.7552492210,0.7256035581,0.5300047550,0.1112147655,0.6891805613,0.2455875918,0.4323329229,0.9280615453,0.4315991700,0.6971893209,0.5307588635,0.4837914201,0.8576599811
1.5148667040,0.4615331891,0.8155114771,0.7442757091,0.0728487605,0.7497927653,0.4803575666,0.8975231817,0.7844503146,0.7107612403,0.6228237717,0.8556803446,0.3287391034,0.6616531862,0.3314288145,0.7161217120,0.5015510990,0.0933313068,0.2845639869
1.0561134816,0.2104387001,0.4317478234,0.4338092768,0.0825187271,0.0309669703,0.4383282894,0.8925714460,0.9720209675,0.5635263960,0.7997330925,0.9044779660,0.7593935303,0.9871274193,0.1818724430,0.0711433870,0.1471140539,0.2104320919,0.2965931977
1.2365635229,0.2571281144,0.9984855784,0.0610945637,0.1139479494,0.2276891354,0.4884369242,0.5052938468,0.6741041111,0.7134808447,0.2814921268,0.5608089746,0.3368204211,0.0291366465,0.4188740922,0.4801837329,0.0556565904,0.3759139991,0.7236277349
0.4020145388,0.0156145548,0.5287553306,0.0891018737,0.2501401949,0.5145739280,0.3557815711,0.3591687341,0.0037314244,0.1684584992,0.0904629054,0.0336983072,0.6317775878,0.5600874417,0.0207127967,0.4254186839,0.1555941955,0.4301127839,0.8100525908
0.8221737740,0.1430491776,0.1168358808,0.3841877682,0.9977593810,0.6047062965,0.8105636305,0.4776941920,0.0121053040,0.1545812827,0.5692501190,0.7053177485,0.9328082890,0.8625302933,0.5037854182,0.9518014013,0.5936013477,0.0270751731,0.9092338136
1.1883985384,0.3327256702,0.1957832225,0.9081756175,0.9707942234,0.7345519946,0.4029911325,0.6582572885,0.8457030591,0.5767337077,0.5790722428,0.8107490415,0.1983810881,0.0418923092,0.7663605989,0.0227176384,0.6843611154,0.9095958396,0.1970606359
1.0082246984,0.7350236003,0.1538414887,0.0492185210,0.4346370574,0.9313899114,0.1995037237,0.3309522521,0.4708079209,0.8421951147,0.2798492895,0.1845427497,0.4151781636,0.9862075725,0.6743547362,0.9525304481,0.2459787970,0.2312373701,0.4539914580
1.0027774419,0.7934235433,0.4914574723,0.3272620478,0.8144391038,0.3082185368,0.2253030922,0.3606117158,0.5769853879,0.5840412718,0.7266770850,0.1250319372,0.4423968404,0.5495477084,0.0802550450,0.5950592039,0.2803105613,0.1594669868,0.9062658609
0.4711496093,0.0739138438,0.2028087054,0.3176398610,0.7205188068,0.7524777992,0.5783996961,0.9817872797,0.1686478353,0.4666801068,0.4481988267,0.8737205237,0.0936360579,0.0256060585,0.9157545556,0.8727071122,0.4562289529,0.4188643492,0.7685778788
0.3794724445,0.9564958801,0.4823565480,0.2576412935,0.0522397786,0.6567293944,0.7212400889,0.0810281332,0.8704235270,0.4844013422,0.9342475970,0.9005257792,0.3021897637,0.6775972312,0.2064333557,0.0286115471,0.6464704173,0.3089807909,0.5280977366
1.3141590695,0.2192798709,0.9191610540,0.3157091358,0.0114584171,0.4244046683,0.1256073011,0.7599094128,0.3176301475,0.6237251267,0.6791646293,0.9966839058,0.3244946355,0.6495273197,0.2194055762,0.3011347208,0.6004425341,0.5953529674,0.7325039364
0.9206746964,0.2875650899,0.0368532905,0.6411430555,0.6796793162,0.3593518838,0.2676644961,0.7967849591,0.5535571027,0.8797797878,0.7730117990,0.0808561911,0.7824656621,0.4569253588,0.8532169196,0.7573707660,0.0503765607,0.3765086373,0.0982920215
1.5322733814,0.4851787104,0.2028481745,0.8352410097,0.4083274077,0.3276009312,0.7101002190,0.9406314645,0.1019468038,0.1772752027,0.3534950698,0.4785150408,0.2615584084,0.4171075741,0.4018346721,0.2218942586,0.3105193160,0.9115023451,0.8489268075
1.1645473538,0.1884105436,0.6425507008,0.5051402808,0.1420932572,0.2474275039,0.1000622464,0.6496872029,0.4475073069,0.1380366250,0.5974771281,0.5383774897,0.0066599102,0.4525735117,0.3115348268,0.6765534282,0.1789977061,0.8910234266,0.5716934354
1.6095121694,0.6273593921,0.0481662409,0.2825962149,0.7708389341,0.8799391228,0.7634081532,0.2282954634,0.3641498989,0.2977491573,0.7092972851,0.9473223741,0.2763853222,0.6373999752,0.4731382794,0.2128627410,0.5648332707,0.7820173544,0.8462354129
0.9595735622,0.0751682968,0.7464283193,0.0093720789,0.3288801764,0.1438297082,0.6353599980,0.0264117182,0.9911774859,0.1854053033,0.0092432359,0.2308734292,0.5614359418,0.6739401432,0.5616794530,0.0423961003,0.8375367828,0.8841840371,0.7728179313
1.6962242940,0.6153305971,0.3052147975,0.1481363673,0.1535925518,0.8280860177,0.8618237631,0.7028232063,0.8025083509,0.0476584187,0.8793722950,0.4496976074,0.6463141185,0.7792823884,0.2038550657,0.0767670848,0.8359099751,0.5697270846,0.0745786221
0.9133852864,0.1306377761,0.7108885668,0.8106999652,0.3809178112,0.3997206854,0.0114718026,0.8129574181,0.2283938168,0.1915671898,0.1113581430,0.3914857794,0.6658062598,0.8669563834,0.0393823790,0.3707673464,0.2132171438,0.2398896413,0.6380764669
1.8455267587,0.5533311430,0.8321551303,0.6237737313,0.1069313796,0.0169058772,0.4943291717,0.4626052015,0.0225202289,0.4427531603,0.5789624361,0.4575447432,0.8221550899,0.7853021942,0.7927696001,0.8451790352,0.4503205316,0.2536094407,0.9721028813
1.2239512187,0.4506100642,0.5967462581,0.1892754715,0.0941735553,0.0638600575,0.1612133473,0.4901602727,0.7712696041,0.3048449701,0.3482190978,0.1882379095,0.8179328250,0.6833712356,0.2499486487,0.5272707090,0.4117340338,0.5254593830,0.6715184913
0.7757732281,0.8784917509,0.2995992425,0.7031793401,0.1893600219,0.1785692082,0.8021607066,0.7163851344,0.3503737340,0.6529408154,0.8174626073,0.9952970828,0.9647961158,0.5483003767,0.0600976684,0.8942948828,0.8006701261,0.3634073486,0.0140674761
1.1164187408,0.2189662933,0.7839146607,0.7837070130,0.5771758822,0.7016151118,0.4701929633,0.6298165458,0.4783480903,0.2029944907,0.8270240008,0.2575668021,0.2124332486,0.7370621644,0.7227311528,0.2715678766,0.1169960464,0.3233788046,0.5085111898
0.1334750269,0.9588076923,0.0107635451,0.3846187774,0.2558746565,0.4567599082,0.9951474185,0.6266876512,0.9685857941,0.6826349023,0.7526695272,0.5695839986,0.6908917727,0.9069671247,0.6214930333,0.5384287360,0.8109729023,0.2222385857,0.7192631391
1.2839851879,0.7427336018,0.9767742083,0.1666768886,0.1695089472,0.4872196634,0.9120999439,0.0077819719,0.1887608450,0.1336550826,0.7206552072,0.6969859226,0.8020111076,0.9635619749,0.3188925776,0.9026273741,0.2181665916,0.1619842602,0.3184016963
0.2978855837,0.0334361436,0.4227820660,0.0610494680,0.4721482038,0.0254512039,0.6372841600,0.6148115619,0.3028169451,0.8267082660,0.4566773529,0.9183773013,0.2711112012,0.7058005052,0.6713581677,0.8502361850,0.6179192884,0.7108591160,0.1483778985
1.2995202166,0.4238115385,0.7029541442,0.4522804334,0.4794649558,0.5005891150,0.9573777766,0.7434151566,0.6449704025,0.6616618464,0.2353217621,0.6209692330,0.2330083605,0.3163204192,0.8778568736,0.1853327194,0.8548060352,0.8051862898,0.4803590418
1.9042221646,0.6259490478,0.6559776926,0.1959061090,0.5942315189,0.0920249036,0.0772576553,0.3776028662,0.1805038417,0.6722894694,0.5421275471,0.9695601880,0.9237092305,0.7941767735,0.1109640895,0.8497417922,0.6810548364,0.0450570212,0.0114868550
0.6408826586,0.8370374452,0.5747854047,0.3788150651,0.3998685703,0.5574764084,0.8069547126,0.5199026572,0.6042875555,0.8560704623,0.1792274277,0.5087774358,0.1885361976,0.4523114314,0.5568478698,0.2397384686,0.4760676768,0.6095622107,0.7587362628
0.8176957811,0.3624427243,0.3207748423,0.0526578970,0.9643765617,0.1274806458,0.4289630489,0.1655049390,0.7848053097,0.0164052716,0.6791631963,0.1857991951,0.2631117101,0.1915039433,0.6206462667,0.3048273939,0.3652933377,0.8634955250,0.9228067590
1.3792508015,0.1360587683,0.9268640698,0.0402632250,0.4673269791,0.1016266034,0.7472251278,0.9633036561,0.5696456072,0.8630621190,0.7501669243,0.0055196688,0.9212347386,0.9479535304,0.0801245799,0.0141635589,0.1251124263,0.1543768438,0.7758215089
1.3772099998,0.3656806637,0.5868844525,0.9661942922,0.1367429475,0.4392420583,0.1904158562,0.4985685780,0.2127112964,0.6201735801,0.2816951061,0.0119128498,0.7527934173,0.0274728715,0.1160198926,0.1710764576,0.5660483324,0.8734941870,0.5507417213
0.9637415510,0.2963281554,0.2389839795,0.5108937132,0.7021468613,0.0721521802,0.0762235878,0.9056207804,0.0951813616,0.4316444313,0.4725193081,0.4160495841,0.1589007072,0.5910174316,0.4194065016,0.0655326694,0.7687453630,0.2432980146,0.5341121310
0.8766162714,0.3991088048,0.1949158140,0.3277892247,0.6070602078,0.2395899101,0.7746959646,0.1822080377,0.0372341377,0.4062528410,0.9663437525,0.6257305066,0.8956995356,0.9053624802,0.6637459051,0.9889143677,0.2774399053,0.2190997477,0.5587722457
1.1428075662,0.3697011009,0.8889820149,0.4098964871,0.6402691817,0.6126930172,0.8904400405,0.0725584596,0.3466978511,0.8980944970,0.0197600087,0.6461616520,0.6957639665,0.7758405632,0.6928161295,0.0481280132,0.0253613184,0.4217601921,0.8242339727
1.2199397821,0.5262930469,0.0303453647,0.0878904172,0.7917110125,0.7523639290,0.1821496643,0.1666880904,0.1052732562,0.7039664806,0.5026238813,0.5606636762,0.0983078668,0.5119646263,0.7765956547,0.1965594162,0.0500718968,0.9663829170,0.7050103602
1.0208878636,0.0955497298,0.8309500740,0.3107138274,0.4047080844,0.5592899230,0.3275170464,0.5661004380,0.1186416259,0.2878159533,0.3970253422,0.4032233888,0.4938219405,0.1635720945,0.0271414115,0.9463226633,0.8864437165,0.3735481632,0.7771211169
1.2885880734,0.1716254450,0.8072860416,0.3510511507,0.9580968428,0.7387894656,0.1027869277,0.9876059527,0.8804004578,0.9642040148,0.5405655647,0.3520997513,0.6593742269,0.1817208600,0.7698771182,0.1916175657,0.9254930063,0.6440435616,0.7318426728
1.5660709636,0.5403780330,0.3496008173,0.2458040384,0.9874181219,0.8700323945,0.4409279966,0.3613275812,0.3217388549,0.2817941185,0.9743523026,0.6178228608,0.5831113568,0.9411898765,0.2662434764,0.7054152714,0.1579285438,0.5827536384,0.3575704538
1.9128513495,0.5819178977,0.2601963712,0.6620010480,0.5965451088,0.3630566260,0.3734213912,0.5283056704,0.1567599402,0.6505368473,0.0991624680,0.1628652491,0.5119129758,0.8751403555,0.3611602637,0.7810900326,0.9314069486,0.5986562241,0.9683485230
0.8617328362,0.1539700800,0.4319627954,0.9975172991,0.7515495042,0.7203212515,0.9968230916,0.6637580624,0.7260615830,0.9051418359,0.3784821381,0.5982240938,0.6649245020,0.8822288076,0.7986347182,0.8897445665,0.1896723966,0.9927780217,0.5082674449
0.5263447108,0.8465420013,0.3062401777,0.4099967185,0.8868270203,0.4417580066,0.7633701080,0.7614366372,0.3558533442,0.6841519515,0.5271243792,0.8266640772,0.2441352314,0.7143923460,0.4156393376,0.1949765761,0.9477796538,0.8790987638,0.0766904095
1.1772068584,0.7955847887,0.8885207375,0.7688238500,0.7487151004,0.7676828682,0.0268085116,0.9013764185,0.6404412106,0.3304272761,0.7910835943,0.9137336080,0.7953485357,0.6937685347,0.9434088912,0.7471045244,0.7983321545,0.2319312411,0.2235954797
0.8853232170,0.7937577702,0.2529375571,0.3591404933,0.6926339296,0.5424062657,0.2050211596,0.1805150126,0.7939038513,0.3028040173,0.4009913713,0.6153309837,0.0408302116,0.2686004510,0.8083624948,0.0529345566,0.4398564350,0.4072046543,0.0783812608
1.0967102078,0.1679210717,0.5119900626,0.3513170127,0.6322301854,0.9332871031,0.3713345037,0.7033473581,0.2552374353,0.9628757460,0.3198889065,0.6825346304,0.0343924847,0.2243578589,0.1068586510,0.4553837776,0.6466517287,0.7540265435,0.0402777841
1.2450493325,0.4852371280,0.1199395024,0.3904165561,0.5000351822,0.3930777230,0.0949306597,0.2066478786,0.2995617554,0.2999224906,0.8004912351,0.9656507844,0.5940812133,0.5740925512,0.7691238262,0.7568452142,0.9511961918,0.1085058420,0.6722900175
1.1199730285,0.2430559740,0.4746659678,0.5028451566,0.8142603374,0.8516367573,0.4462069820,0.6865376185,0.6145510669,0.1770722431,0.9637840648,0.8922252635,0.6422224413,0.1250239908,0.6317557963,0.6794678618,0.4162158556,0.0144488177,0.6934087863
0.4869271062,0.7821951007,0.0301324871,0.0735478916,0.3950133534,0.4696989178,0.7798703111,0.6171930238,0.2616790949,0.0677031456,0.7087535840,0.5123524197,0.6687406299,0.8565720474,0.0305572477,0.0745687876,0.1382453868,0.7393831041,0.7352568587
0.1889842966,0.0301533313,0.0825119000,0.6201120937,0.1400134624,0.2815953746,0.1519833179,0.4320665481,0.6500955637,0.2718961277,0.0474730473,0.3540356481,0.6625166742,0.0948755119,0.8265236841,0.2013308363,0.2604055887,0.4893638481,0.9538195003
0.3012563513,0.8761244001,0.9539694086,0.3287377865,0.3388762947,0.4726131091,0.9449478411,0.2783693208,0.0173939193,0.7865867134,0.1155284422,0.8184028541,0.1219602422,0.7894021236,0.1997781765,0.7723756365,0.9064425784,0.9441367443,0.1553686647
1.9192779254,0.5816688059,0.5830008315,0.5747510339,0.4899691551,0.5361960345,0.1170263105,0.9503180845,0.4134234159,0.6355518724,0.7906615164,0.6442743580,0.9138139950,0.7314945036,0.6037682331,0.9847588539,0.3457131291,0.9036677019,0.6388469022
1.5612695553,0.6486812649,0.0131445614,0.1786730845,0.0801998246,0.5754804258,0.8674468753,0.1593413857,0.5564357093,0.1191999808,0.8894021729,0.9537196986,0.1451544719,0.1558181496,0.8719597193,0.1197346739,0.5016339710,0.0882290833,0.8354986986
1.1584827510,0.9491260119,0.1220596614,0.9301934255,0.1753192169,0.5966879522,0.8547269255,0.4141538918,0.0149500861,0.7488133819,0.0856883521,0.3580476344,0.4092989215,0.6537715053,0.1265242498,0.5085654193,0.6233810598,0.3194943592,0.4217301932
1.6756682485,0.6477328790,0.0560093797,0.4891430517,0.4226737561,0.4232425345,0.3611877142,0.9185352513,0.6920387268,0.1728441627,0.8534516812,0.7723075173,0.4989661455,0.6627507134,0.5721306926,0.3876866350,0.5033823328,0.4453771589,0.2827857761
1.2218751414,0.4164810386,0.6552172185,0.4253020421,0.1930653806,0.7455366159,0.3121399339,0.4146768594,0.5915497933,0.7251917162,0.1794870216,0.7778044833,0.7139358268,0.9080038893,0.4999319949,0.7089504313,0.0206104010,0.8540847834,0.4271617078
1.7753758929,0.5598548047,0.8960811238,0.2775481867,0.8821118420,0.7359155776,0.9113272017,0.7311567682,0.9352806047,0.4099864036,0.9799749441,0.9899602599,0.3418641171,0.8354914421,0.3940478243,0.3921989030,0.0869482899,0.4819183351,0.6444442223
0.5140225165,0.0732168943,0.8428802360,0.7379644186,0.4585327479,0.4364420089,0.1336055485,0.5989176875,0.3103400311,0.4257691609,0.3442449526,0.4764495110,0.0454894188,0.3477582869,0.9703136827,0.7347248861,0.0244427164,0.6340060279,0.3942320481
0.3378906073,0.0395574842,0.3022360346,0.5507800652,0.4212836767,0.5527395907,0.0851249060,0.7879318072,0.4219938046,0.1253861670,0.6752973386,0.3796333709,0.3953182212,0.8159403665,0.2274694403,0.1249946068,0.8168784661,0.4446537636,0.4476609394
0.7919661571,0.9319955471,0.2691479059,0.7324188626,0.9522717591,0.1433667654,0.9331456215,0.9659782667,0.2625273287,0.3986654274,0.3901709026,0.2195002019,0.0579433474,0.5877287720,0.8164452069,0.6719014765,0.5339464134,0.7048792220,0.4993825885
0.1638402877,0.0130219077,0.2642915873,0.2971866614,0.2856607810,0.0219879576,0.8763212205,0.9847753040,0.9094519638,0.5853441066,0.8102806296,0.7000439083,0.9173242136,0.8921487050,0.7599382128,0.9442381386,0.6315962673,0.2704438655,0.9754936261
1.4953545067,0.4728457909,0.6725032857,0.7174209785,0.7524907458,0.7017643608,0.5827462341,0.5869869742,0.0770286590,0.3656902120,0.7275165934,0.6225583848,0.3797460258,0.9332980120,0.9568312601,0.3624702520,0.9540936125,0.8479090640,0.4496823137
1.8028872149,0.6918959179,0.7690641259,0.5850301290,0.8155875333,0.3299030076,0.0552216176,0.9765278269,0.6075944354,0.4488211881,0.4671394824,0.3948787648,0.6409105633,0.3727868425,0.9262467415,0.5229429251,0.9894150747,0.4875317701,0.9669037200
0.7924514750,0.3351012741,0.2057019996,0.3387020492,0.0389460024,0.6993739509,0.8338881725,0.9490990853,0.6874871657,0.5056003711,0.6201795195,0.6301733892,0.7161377565,0.2532040531,0.3950262374,0.2111043710,0.8092253555,0.4154569697,0.8370582301
1.0244015559,0.3661866036,0.6925617376,0.2188772046,0.6305704036,0.7032900606,0.2377462344,0.2304545333,0.5662279623,0.5128987430,0.5083533246,0.2711476560,0.3450838395,0.6494822365,0.8185575465,0.2997691427,0.4344996901,0.6919861895,0.4654775638
1.1392592341,0.3513914371,0.5100868508,0.3932520090,0.1223942523,0.6831569856,0.5449009948,0.9633648050,0.8845347582,0.0342156409,0.4990635844,0.8648416550,0.9591260024,0.8005532141,0.2341404798,0.2227905243,0.1314916172,0.5478121957,0.8853006686
1.1274120234,0.1460328497,0.6320040537,0.0643767546,0.5049091039,0.9332720501,0.2217596294,0.3772906451,0.5041325103,0.3780671506,0.5360143080,0.3244220099,0.7368187868,0.2202615758,0.1283702153,0.2687646345,0.2862820108,0.8130470414,0.0836889837
1.5374686759,0.4911528613,0.3723179351,0.6432569678,0.7327105079,0.5075581294,0.2785447184,0.7489799644,0.7526295620,0.2984793517,0.5801945853,0.4004134114,0.9544877899,0.9626206397,0.8042795764,0.5890506714,0.8206582972,0.8865511891,0.8658303263
0.9446441212,0.1480229402,0.3581305987,0.5919729555,0.7535385321,0.9181503738,0.0813433354,0.6593502171,0.2460139398,0.5169649145,0.9719702857,0.5487111897,0.9710599166,0.5796470915,0.9384425392,0.9276136142,0.4989596873,0.5839444728,0.5426630464
0.6486113855,0.0694739007,0.5966310073,0.1136578601,0.5793775034,0.3803445001,0.4393399925,0.2715847103,0.4836518073,0.1712890724,0.2955026884,0.6300830917,0.7013283264,0.1143539145,0.0805994217,0.1074554322,0.3312825045,0.1069389434,0.6807956645
0.2979927742,0.8671847270,0.1606588137,0.3789464189,0.3015951408,0.5117286815,0.8889320560,0.9324114727,0.1973949317,0.2839123156,0.6614522609,0.5939086319,0.5009328400,0.1280934771,0.5420447630,0.4963509949,0.1195333479,0.9685422075,0.0201998180
1.1248240953,0.4066045297,0.1012133031,0.6401952352,0.2754124713,0.8468934113,0.5372468242,0.9846104312,0.0706850182,0.8911540925,0.3299960430,0.5673980884,0.7139995329,0.7964554502,0.8370228188,0.3776370015,0.8284381714,0.0105970831,0.6620498550
1.0718670035,0.3004783310,0.9530525454,0.6912616627,0.1836125780,0.9211797082,0.8031178836,0.5270727780,0.2143104155,0.6740816403,0.8620355376,0.9246132905,0.4330689106,0.8346239973,0.5942169206,0.0852498894,0.8518926859,0.0421757009,0.5215574141
0.5793440741,0.0829483044,0.3534084869,0.1539579478,0.3252017627,0.0969128960,0.5937854515,0.1614607047,0.1674918687,0.0286680684,0.9710738794,0.7708200666,0.9310768559,0.9181337610,0.2188032413,0.1572452675,0.7889839119,0.5344539081,0.6088291050
0.7168669529,0.8614216555,0.4397349661,0.4534727553,0.4057206911,0.9521052949,0.3662981072,0.3173061862,0.1818154507,0.4606941400,0.8384919359,0.6353278304,0.0923949629,0.9567174390,0.5132381513,0.2372794342,0.9324186325,0.7583157442,0.0642770606
0.3593966625,0.0252904226,0.9245512149,0.6313120750,0.6318427721,0.1800284115,0.2889103116,0.1150100539,0.6741789730,0.9251007861,0.6077177633,0.4669091745,0.6313418691,0.9725616129,0.6832961008,0.4274330885,0.8225878337,0.3761041798,0.7642730730
1.7705979104,0.6927575447,0.5916297552,0.6672263414,0.4924736900,0.0897663640,0.6626482347,0.3791270737,0.4185370901,0.2522465981,0.9612023509,0.3099473322,0.5575266008,0.1359248284,0.6965300469,0.6206039731,0.2014054895,0.7226319517,0.5069227030
0.6718374753,0.0837711419,0.5259992038,0.5016062098,0.7930940444,0.4057354739,0.5142486184,0.2099165451,0.3263560919,0.3187491679,0.4731136764,0.9557560858,0.3698394987,0.5004277786,0.0287348861,0.6720241133,0.4703442622,0.1230682196,0.0407245252
0.1443834183,0.0150154197,0.3606374429,0.6107260396,0.9541995233,0.4677299191,0.4295059465,0.4432696855,0.4404914987,0.1332223634,0.1312605737,0.3489200976,0.6661572308,0.1528337892,0.4355025494,0.1872730039,0.5878346437,0.9876407221,0.9904128371
2.0684466071,0.6082377966,0.9490493121,0.9084434918,0.3007503152,0.3808957968,0.6998351479,0.6500467549,0.1388929004,0.9021090652,0.0361079708,0.8652365767,0.3880215542,0.1931006480,0.6299444302,0.7642120997,0.0872217429,0.5749235019,0.8215129149
0.0061192928,0.0226995377,0.0385429277,0.7748969992,0.0811101662,0.8180018779,0.0009932392,0.5597520899,0.7814697329,0.4750025111,0.1290929892,0.1377447092,0.1295912146,0.3777261417,0.2302576347,0.0257305769,0.3193529051,0.3164925150,0.8843970495
1.9175340330,0.5662869071,0.7683158409,0.5840700987,0.1895424016,0.3804242445,0.5298142539,0.1904112118,0.7169122130,0.5823522866,0.6716588087,0.6936800505,0.2076918816,0.1809475387,0.3904471797,0.7300143113,0.5194455402,0.0089724840,0.3948081697
1.4330236216,0.7237360058,0.7632379735,0.0230314178,0.2877193830,0.7516084701,0.9540668517,0.3477159972,0.6864502411,0.0994200365,0.6167805869,0.9614298528,0.3972215128,0.2780099057,0.1220541822,0.6035211791,0.7805910774,0.6563374639,0.4569062849
1.2110208387,0.3916920675,0.3977165801,0.6909549566,0.6924931670,0.8165429784,0.4483458577,0.0321055988,0.3816075319,0.6479890735,0.3028660415,0.3708613044,0.9346370064,0.6121167931,0.9744978141,0.5603299802,0.3252956068,0.7216185498,0.2235228684
1.8639260840,0.6418684978,0.4512640964,0.5526373942,0.2557031098,0.3067073358,0.3468199231,0.0265169008,0.9880870820,0.0546301022,0.1308985664,0.0702902136,0.0465714184,0.8539835870,0.8329716686,0.0078397349,0.5935046766,0.8621310923,0.2686528391
0.1881456780,0.9805773151,0.1898929950,0.0985696626,0.7059380103,0.7900430727,0.9218607026,0.7709711134,0.0045638034,0.0209214069,0.1722513145,0.8060680762,0.5746412167,0.7885983430,0.1872233175,0.7434682419,0.3307812339,0.9953653330,0.4013534555
1.9726773686,0.7081005201,0.7230419082,0.9877728863,0.7208220072,0.9974464807,0.3520746637,0.3193875208,0.8674484580,0.6558713716,0.4845279531,0.7099052344,0.5826377037,0.3856070001,0.1048861840,0.1974651776,0.6372929770,0.6013684552,0.3561133231
0.7132238572,0.9247469466,0.5020903165,0.6337833996,0.2912079022,0.5817015651,0.2799969913,0.7331339595,0.2146766765,0.9848417546,0.9828610734,0.4809495568,0.4594047863,0.7139570745,0.6713062387,0.4340537951,0.8239185624,0.7970522074,0.5112168129
1.0071873018,0.8103048414,0.0632212573,0.7672493259,0.7648984229,0.1220450333,0.2476929249,0.6912570284,0.2564350453,0.7400245091,0.7854506888,0.0033467428,0.1024669223,0.6261695224,0.9311501268,0.5196651580,0.9429055534,0.2596697476,0.6080356034
1.8408358652,0.5588097042,0.1989293154,0.6562003107,0.6424901535,0.4885184938,0.8803819176,0.7902170478,0.9596311666,0.6020140974,0.3011280502,0.2843492597,0.1873324156,0.3652951358,0.4870630064,0.8355807778,0.4355478727,0.0248093741,0.9318316821
1.6944935128,0.7087665145,0.7095463998,0.5750679867,0.5487442962,0.3437563637,0.1425268857,0.6499572738,0.3290939060,0.6471056982,0.5132365056,0.8885098148,0.2034598456,0.6230327123,0.6304733150,0.9527980126,0.6888950682,0.5119881797,0.2730711103
0.2399622838,0.0480574923,0.6335482949,0.9465444570,0.0235571088,0.2974614274,0.5906928485,0.8389350236,0.2212596333,0.0105460045,0.8823125757,0.8381324209,0.3867777474,0.7391108432,0.3184032507,0.7485742532,0.3136360626,0.6716785724,0.0150487031
0.7888107686,0.9274051200,0.8918748132,0.7650005182,0.1035484658,0.7616895511,0.2024794830,0.3610377447,0.6046953948,0.3079836058,0.1645432391,0.6149553832,0.0889493524,0.2990673360,0.5817915050,0.4927864392,0.4452318303,0.3229042692,0.7165736879
1.8331305967,0.7134622363,0.5681236387,0.8177436454,0.6536383953,0.1197367461,0.5192235304,0.3370450261,0.6532605797,0.1490556072,0.3989381408,0.3432698227,0.8000281837,0.5356711301,0.1820375223,0.0805795674,0.2582110968,0.9080003825,0.5851682846
0.9890096416,0.3350272800,0.2118730900,0.6242438900,0.7126893781,0.1295811865,0.4063257027,0.0873202808,0.9793542195,0.5447911923,0.8641266072,0.1738101530,0.1936849981,0.0897140583,0.1982909282,0.5406405863,0.7356596133,0.5196647795,0.5914626133
1.6229098264,0.6536252568,0.0886822346,0.5061904962,0.8616941021,0.3033429116,0.0162075254,0.0091918658,0.9856595261,0.4140045365,0.9429914753,0.8821200811,0.7882790430,0.9389322719,0.2381652836,0.8208617915,0.8291393687,0.7798169249,0.8272951809
1.2256661331,0.7534098971,0.2775833219,0.5702667386,0.7662032771,0.6156563760,0.1099772684,0.0809037196,0.2615258413,0.7415077856,0.7386650060,0.0100664214,0.0815794036,0.5610360024,0.5816376163,0.1259525683,0.2995707125,0.0464773211,0.3904879427
1.0294844819,0.7738533064,0.1985586270,0.4345149775,0.9370389993,0.1530512122,0.5785112098,0.2918397447,0.9821224605,0.7074901247,0.0452915368,0.8367285983,0.6484610063,0.4592612598,0.6554833630,0.3571379631,0.7761469375,0.8982242854,0.2084219572
0.8144533117,0.1417629762,0.8405983796,0.9736294958,0.7952012186,0.7731626733,0.0381495687,0.3585656823,0.1081634187,0.3691982650,0.7462592639,0.8331309922,0.1846341095,0.9592440851,0.5468953990,0.0033886176,0.9251553662,0.4882932880,0.9030162387
1.2843714267,0.4219637139,0.7652117462,0.6408722791,0.9296491984,0.0141328835,0.3987220338,0.0586732590,0.7338948810,0.2588092132,0.1652188756,0.8328262137,0.0756119719,0.2040468641,0.0063859762,0.1699943186,0.3536369123,0.6198077888,0.8045856068
1.2730660883,0.7407628389,0.9475268576,0.2251045481,0.4857683644,0.0626355268,0.2054950632,0.3027941866,0.7288443055,0.6712294539,0.5023690870,0.7308489480,0.1274031692,0.5480043189,0.1288794484,0.7530751219,0.0169564922,0.3570309219,0.9505586494
0.3035224919,0.9498411055,0.9718819977,0.2862118553,0.5198679802,0.5456910598,0.2853286175,0.6768481926,0.8699581705,0.8572158918,0.1043979371,0.8019481502,0.3608135964,0.7399169095,0.8416650374,0.0680715256,0.8613521807,0.6047228363,0.0251613023
0.0016300671,0.0228733145,0.8795806440,0.9732411745,0.1944969333,0.1778301813,0.1907466477,0.8943701604,0.2333663238,0.0741446430,0.7531317142,0.4303173416,0.5411693257,0.2010952328,0.7656593410,0.2372387358,0.0584848162,0.4906283348,0.9270489519
0.5964342469,0.9067273911,0.3644680975,0.5920786938,0.7938982857,0.7293354510,0.9338246877,0.1905126830,0.8803396606,0.3713301655,0.3732258172,0.9055466176,0.0258355800,0.1505377364,0.0895948696,0.0469550600,0.7592803752,0.2051002158,0.6381086989
1.3887312402,0.4133525527,0.3854818440,0.9226437546,0.0764734038,0.4233906671,0.9291392830,0.5761892359,0.6973496717,0.7102656661,0.7180633999,0.4592878929,0.8269847236,0.3635049080,0.1128221168,0.2651601790,0.9698327927,0.0121266158,0.9797868870
1.0346240360,0.8308168589,0.7512003616,0.8313865377,0.7161800749,0.5678532035,0.9299264804,0.8592049579,0.5401561828,0.7818680153,0.0476924125,0.7263152267,0.7567549277,0.5946772318,0.2459097223,0.2950061804,0.9338298576,0.7231848710,0.5347138154
1.4194591659,0.2002939379,0.9562073533,0.0223684583,0.0361061969,0.1000310174,0.1812571201,0.3497545415,0.1230890638,0.0448917491,0.3590848444,0.8204429036,0.2076053108,0.2220894380,0.4610533833,0.1841731734,0.5592859250,0.0078432350,0.4128408714
1.0783808342,0.4325215129,0.3843368932,0.1347328854,0.1577957009,0.0907776748,0.8152368764,0.7266212681,0.9792669521,0.4266151292,0.9696859019,0.1463544419,0.1791857266,0.8358681663,0.4637872558,0.4847652776,0.5960010181,0.3190827364,0.4123514404
0.8024840034,0.8532104762,0.5843233539,0.6173523896,0.6006560694,0.6255466508,0.2405780767,0.8636861679,0.2560836080,0.9864505988,0.8034390094,0.0294755002,0.6210010606,0.0129424412,0.6078609279,0.2653906767,0.2397522055,0.3178225729,0.0935933288
0.2077768063,0.9292152533,0.9064123172,0.0280342574,0.5383773404,0.1409847535,0.1522768199,0.3387947574,0.2502206163,0.9783736628,0.3380810009,0.5207242753,0.2525804019,0.3499811266,0.4029245188,0.4006442640,0.3706751573,0.7055395457,0.8114769247
0.0018937511,0.9427810806,0.1812048725,0.0192939153,0.4148060994,0.6624419868,0.4283204522,0.3334256103,0.6991732356,0.6655262524,0.5813065010,0.6025668500,0.5683298307,0.1223088936,0.3949467164,0.1243421297,0.9162202187,0.2501010722,0.7608244654
1.7566237444,0.6372496585,0.0091124775,0.5402646950,0.0082751890,0.7614381579,0.4435060197,0.7213969145,0.7915154682,0.1620673372,0.9530626985,0.0919012753,0.6095454343,0.3232669520,0.5591883007,0.1799402205,0.3962344483,0.5833757920,0.4858559334
1.0183784748,0.2120045868,0.1234136615,0.8548560927,0.5838431676,0.3765814805,0.6524080304,0.2460779707,0.5171169177,0.8452688149,0.4624797821,0.1421775456,0.7086765999,0.1923220022,0.3490033577,0.5643752395,0.9060231165,0.9561677957,0.5991551731
0.5636446857,0.0157088750,0.8722720833,0.1571270435,0.5534629248,0.8029702062,0.2702888515,0.6790599971,0.9058240330,0.0890287792,0.1314558893,0.6674733794,0.1940535060,0.2242391368,0.9842924162,0.0916979833,0.9865751557,0.6618425714,0.7937517525
0.8338356224,0.1430827057,0.4100711289,0.5099735935,0.3137539779,0.4423965818,0.0175592428,0.5575768261,0.4805172349,0.8272686380,0.0897897850,0.1880684275,0.1642024367,0.0835255772,0.1717962822,0.1006237735,0.6059208837,0.4783068096,0.5238443203
1.0369702184,0.2050722225,0.5014330272,0.5390457765,0.9830666447,0.3632398033,0.7698226758,0.6019730542,0.7826041121,0.2900931788,0.5775617192,0.2926000713,0.3389997497,0.0336017687,0.2702352423,0.5333084793,0.5730511536,0.5406957601,0.1175506356
1.4476339879,0.5100932587,0.1709862608,0.4342855196,0.0916607992,0.4528488058,0.1520856187,0.7812918160,0.2129998265,0.5550081980,0.9129974318,0.3294480881,0.6490808015,0.6973108411,0.4469195671,0.3760875211,0.0032020462,0.4216474429,0.2792035208
1.6848280711,0.6586501423,0.3272744062,0.3012755752,0.9439995867,0.7277641484,0.8113936194,0.2434952413,0.9362211799,0.1667421002,0.1126475809,0.0218965685,0.7890628958,0.8725094455,0.7488970696,0.8178970394,0.6357615468,0.8632293545,0.0938076485
1.1264656213,0.4195867970,0.3296097551,0.5403414232,0.5461841411,0.4022072910,0.5089343958,0.5858873103,0.3836263019,0.9878553690,0.8800862408,0.3712518571,0.9856540396,0.9173547513,0.5999771456,0.0872689438,0.1904193887,0.7688804741,0.4785822519
0.7124935888,0.8977350481,0.5357468365,0.6015609422,0.2329190423,0.4311880784,0.0853936192,0.7696940501,0.7207604784,0.6849657627,0.7049393246,0.0396765087,0.6102849353,0.6255158355,0.8866858689,0.3653678924,0.1286895857,0.7877038282,0.4017818044
0.7421211888,0.0926212494,0.3994172065,0.1139359970,0.5004098653,0.4453876117,0.0540836215,0.8998530661,0.4921745838,0.8378297483,0.8426357729,0.7661753004,0.2639289446,0.6458723738,0.7504553240,0.8902241572,0.6097127850,0.5000083544,0.3699702409
1.8272375711,0.6754644251,0.6153105455,0.7367678437,0.7546224560,0.4553406349,0.2441239177,0.6197330853,0.9803792664,0.5272759141,0.5656462166,0.3955068888,0.8269885174,0.0741761468,0.0588144953,0.3193060111,0.5005027716,0.8351898724,0.4498175533
1.8458481296,0.6460055381,0.4913031435,0.5866341765,0.5441106734,0.0248350014,0.2662313516,0.5656835963,0.8554384820,0.5054458182,0.5115512328,0.0265451656,0.2011660067,0.8669272814,0.3666296431,0.8583838429,0.3212881108,0.5599563759,0.9359195591
2.0688643297,0.6208970952,0.6873120283,0.7455978058,0.5078007502,0.0173666975,0.7989220451,0.1035461458,0.7196287612,0.6044165586,0.0440969634,0.8188208494,0.9861210041,0.5908931480,0.1482874353,0.1570217142,0.3880161961,0.8795211221,0.2779305088
1.6711348032,0.7788146802,0.3736724150,0.9797838089,0.0589239936,0.6473881086,0.7035275538,0.7649666997,0.5695719555,0.1766273829,0.1275958760,0.9679936632,0.6456576610,0.6736270587,0.8256759823,0.7562535082,0.6696258994,0.0377357563,0.5374792782
0.2117556956,0.9309244563,0.2905187404,0.2684300471,0.6278435164,0.8133878798,0.6957592998,0.7130586408,0.3223403247,0.0763722974,0.2833733014,0.2662832583,0.3311344773,0.8671389336,0.2437658502,0.5268104253,0.1176161517,0.3111692452,0.0540343374
0.6470598976,0.8189582681,0.4412713757,0.2025368985,0.7971805902,0.4669158779,0.9756223802,0.2365959666,0.3538258263,0.9185241789,0.6254423152,0.0999930713,0.3206759187,0.6763092804,0.7188351467,0.1894232791,0.5357543682,0.0249583384,0.3948582083
1.2606401935,0.2601355462,0.5447172421,0.8792081505,0.4293727700,0.5506061835,0.8926822478,0.8331832510,0.2224887262,0.0672605250,0.7351187998,0.2253223911,0.1809394345,0.0599779757,0.8501522664,0.5848602832,0.3020013031,0.5281414231,0.7421426525
1.5626999034,0.7212269086,0.7295290233,0.4822284997,0.5056038289,0.1571833451,0.0526164493,0.9850072369,0.5114530035,0.9662844318,0.2431231983,0.3813620267,0.9263602539,0.2043111539,0.2216471309,0.0128331987,0.8022339364,0.1086964628,0.8610627962
1.9682365102,0.6355515551,0.1326261685,0.7047726293,0.8455887967,0.5425977557,0.1096786399,0.6391938021,0.5980973888,0.1648238671,0.4759889627,0.7677837000,0.9000560086,0.1020551573,0.8173380159,0.3376417022,0.8841069474,0.9983635851,0.1863999609
1.7643776066,0.5293644656,0.5292080165,0.5346489674,0.6076862286,0.7261830275,0.4430529593,0.2781112242,0.9409648822,0.8456633367,0.2255651288,0.8517540838,0.5780196057,0.4717603504,0.3539433650,0.5844451356,0.0074941733,0.2527442088,0.6956602675
1.1884832391,0.2542543378,0.8757372524,0.5699546000,0.3190714858,0.6449055596,0.5259890316,0.9001545550,0.0860186310,0.7423268840,0.3795658644,0.9745275848,0.8417147296,0.1601933736,0.9939575407,0.7537369587,0.1824486363,0.5705865268,0.5077652755
0.1186745653,0.0277684005,0.0283193059,0.9387628480,0.7515429656,0.6503876698,0.0420076413,0.3435115528,0.3301030511,0.8762344905,0.3303994037,0.0705528901,0.5071178855,0.3470073305,0.5137750898,0.4746329028,0.5634155186,0.1653405294,0.0291600602
0.7681232073,0.3701958354,0.2294145550,0.1827690351,0.3715536519,0.4099490978,0.7623611097,0.8819132871,0.2173299440,0.7178360044,0.7713205265,0.0334489904,0.3133066021,0.4638556944,0.8385254730,0.5266941677,0.3072815692,0.7954076278,0.9746844948
1.1393216373,0.3006296592,0.5333375415,0.6286609499,0.8952470127,0.9460812178,0.8609130813,0.6530393358,0.7541446275,0.9002967759,0.0692690545,0.0933214606,0.6739228319,0.1572480498,0.9416875706,0.9733035520,0.2664037850,0.5143202411,0.4830797211
1.7840993607,0.6759636331,0.2911612119,0.5883497613,0.2041670397,0.4476901757,0.4253884044,0.6798862413,0.6131528245,0.9400123668,0.0364949508,0.2373115558,0.9041937925,0.3533855489,0.9681930730,0.8631853400,0.1527842443,0.0655736332,0.7300425543
1.2078900829,0.7479399289,0.1262269084,0.5234045197,0.1175401750,0.4653778909,0.2222805522,0.3404572182,0.3373667741,0.9179328756,0.8701763616,0.2751940118,0.7199912144,0.5867760284,0.0000183999,0.0673565838,0.7850123306,0.9901042159,0.6486871693
1.2777608019,0.4549251124,0.4179033549,0.4451670470,0.7208489371,0.4752554424,0.9015985375,0.8930181595,0.2644808886,0.7189498530,0.7344300334,0.1025120443,0.9821416640,0.2228263152,0.8537968169,0.5046588018,0.1253969568,0.9494067989,0.7801953081
1.7823887573,0.6743746987,0.3324833286,0.5694423925,0.3021985258,0.0053243537,0.7454628778,0.5507958231,0.0073995753,0.3810131987,0.8087806223,0.6277781317,0.1519475899,0.6328714815,0.4227151079,0.8071935752,0.6469974532,0.9628849262,0.3724218667
0.8732422501,0.9028740113,0.3601925467,0.7930149536,0.0767651313,0.7831253022,0.2969792972,0.4730191795,0.7827558125,0.2562496372,0.7643383431,0.5334305156,0.6199876983,0.2544211834,0.8013071107,0.9626481315,0.7479175967,0.3868360939,0.8830460779
1.8785521271,0.5274112194,0.8719403363,0.7918808073,0.7576416673,0.3813690930,0.4368365601,0.0576219911,0.6377455437,0.7091032781,0.4639717927,0.2925523633,0.7020105879,0.0414862663,0.4091878758,0.5610735322,0.6513934668,0.8631774353,0.5122125675
0.5443569970,0.1056423803,0.9969417147,0.9151918254,0.5346591304,0.7174541073,0.0162440085,0.1385199123,0.7260485533,0.0139707463,0.5305158983,0.7922392375,0.0140190231,0.2808717119,0.7539018110,0.7597840802,0.4491681016,0.2245518079,0.5851059372
0.9075820187,0.4059289625,0.3622959156,0.1311761638,0.6442995592,0.1609787726,0.1638404544,0.1740524616,0.4869091681,0.3016276451,0.3873839876,0.1294723991,0.0376470382,0.0258452182,0.7877315197,0.8705853734,0.2512127934,0.9833458347,0.7529165884
1.8289330787,0.6771041274,0.6972079315,0.4274676796,0.4443373302,0.6514039379,0.4067230729,0.4568680935,0.8387505049,0.6333508726,0.6700214403,0.7231759963,0.1561556259,0.9450966522,0.7455728196,0.9384434031,0.2004139589,0.6999725608,0.9454185359
1.9070944937,0.6211137519,0.7988683499,0.0759092252,0.9253100411,0.0417684973,0.0277345160,0.7980162427,0.2311778281,0.9497922185,0.1751290789,0.0797042900,0.3197521366,0.4306204825,0.4866924689,0.5785779843,0.5047502623,0.4536011845,0.8875038738
1.1149056707,0.2497419215,0.7733003057,0.8932329604,0.6074713626,0.3992804283,0.6396158085,0.9488352434,0.6454031452,0.5963817784,0.6323646458,0.8731300553,0.0580756438,0.3585041649,0.1762042967,0.2590058928,0.0217643127,0.5283655254,0.6797377051
0.8824502594,0.8732045885,0.5752098161,0.7312753167,0.8892856312,0.2318950435,0.7988064388,0.9602838996,0.1610013533,0.7502980107,0.1139964327,0.7449813415,0.4307739896,0.2626536649,0.8527349135,0.5413552011,0.9842881708,0.3528681324,0.6504097015
1.2190246417,0.2702305021,0.7544874135,0.2502212190,0.3315462123,0.7283232961,0.9729487592,0.5018093235,0.8256747015,0.9688986233,0.5053504697,0.5654487618,0.8813806407,0.9873869670,0.5829245614,0.4357522681,0.5201012321,0.6879285017,0.4505422384
0.4549104904,0.0602182664,0.6066763242,0.8551004149,0.4956054485,0.1232377886,0.9441122250,0.4059752608,0.7176218182,0.8549445561,0.2890100166,0.7444306778,0.2360457387,0.5685276360,0.8659064243,0.1906477578,0.1832962786,0.3099945481,0.7027476613
1.1590032168,0.2727123194,0.8000859418,0.0311469258,0.7443979526,0.1153011350,0.2327516067,0.3072634707,0.0208860901,0.1805421750,0.1277449738,0.5212838911,0.6905521185,0.6200181423,0.8501843425,0.1819528395,0.6688861746,0.5835032234,0.9628593523
1.8754382351,0.7244074501,0.7188318135,0.9695393004,0.0561709685,0.5278487701,0.0275928805,0.4146654304,0.0434299019,0.1108971124,0.8540070166,0.5042431543,0.2567521347,0.1843448411,0.5803763118,0.8991789311,0.6076046652,0.0610180577,0.3626310708
0.5659450197,0.0573009691,0.3137443324,0.0494549189,0.0123760292,0.0111471030,0.8502290345,0.9448432236,0.1948104269,0.2557035751,0.5697729872,0.4222681401,0.2276382690,0.3226460763,0.4485870972,0.4202184636,0.2072739492,0.4870312755,0.5320080608
1.6543398869,0.5518974614,0.0921616702,0.5470339774,0.8138640909,0.8929355945,0.0665230126,0.2140175896,0.0527901133,0.3230987593,0.8995632489,0.6750035837,0.9011197247,0.1294151048,0.0395382229,0.0486642900,0.6607274918,0.7354819102,0.7580318207
0.5538721802,0.0247845312,0.6595869488,0.1034735018,0.1341759182,0.0591143429,0.2199172559,0.9359496036,0.7245998433,0.8887047809,0.9152416164,0.7843699314,0.1154284918,0.1953046087,0.1432176481,0.5412515314,0.7388515067,0.5552676379,0.8196379997
0.5043804510,0.0483382471,0.5532491342,0.4625300387,0.1164992999,0.2966507354,0.1684713667,0.9175342251,0.3684792618,0.4189884335,0.9591205521,0.5517257738,0.1973481875,0.9849181852,0.2166847920,0.4972526822,0.8035302550,0.5712793755,0.6492897287
0.8369587236,0.1068510860,0.4157827195,0.0164396271,0.2708602004,0.1413668185,0.0505889099,0.0944585993,0.3626487477,0.2337897297,0.8803186581,0.4698261087,0.4553275040,0.1097672372,0.3248987719,0.2567208482,0.3381801535,0.5765311629,0.6445580889
1.0396692216,0.9113356902,0.9281609219,0.9306626166,0.8104129164,0.3191831593,0.1264688141,0.5237775923,0.5122730108,0.3626324879,0.9915244747,0.2219467811,0.4693663327,0.4072933799,0.9168134027,0.4405225278,0.2413557701,0.8660147955,0.4867132700
1.1247894545,0.2497946940,0.5705799661,0.2038397432,0.0155844575,0.9602306921,0.1078082071,0.2627715707,0.5028552714,0.6476504674,0.4724906045,0.9360444295,0.3433523760,0.6833231484,0.5097210704,0.4586968330,0.2492399627,0.3279824772,0.1654052562
-0.0262162587,0.0082618192,0.5334405012,0.9034030100,0.3285526766,0.6909632676,0.2248815983,0.5021626546,0.6669683416,0.3244326918,0.4520866363,0.0678646796,0.0352628402,0.7056872250,0.0464240477,0.7936689001,0.3279705423,0.5739198476,0.6785812279
1.7185664846,0.4953735026,0.2339603782,0.8782103231,0.8413700154,0.9806639776,0.2630062081,0.1678084699,0.5355662923,0.4032945812,0.9955944121,0.4247829818,0.8539509354,0.3861937763,0.7281701703,0.9590596347,0.4592357072,0.1328462862,0.6793230429
1.1535522528,0.3193423815,0.6756621178,0.6508317644,0.2466524155,0.9610461499,0.8991651226,0.9838998003,0.2811530367,0.8016437107,0.8171569252,0.4445405971,0.7532889317,0.2778589204,0.6724445847,0.2519133897,0.4583779800,0.1663346410,0.9382902343
1.9070085999,0.6209776032,0.5494361174,0.4243923363,0.2965813274,0.4668568038,0.8658109513,0.7328942599,0.9205128156,0.0657294296,0.4113493435,0.4027897102,0.9606655369,0.2102091174,0.7739121678,0.5919732523,0.7387459184,0.8075819373,0.1030107437
0.5052651990,0.9815841165,0.2514067299,0.4105886719,0.4867583450,0.4139140372,0.1202564480,0.5830921548,0.9189097094,0.1900022365,0.6236337450,0.6027612474,0.6096787379,0.6390052896,0.3831197975,0.7555828192,0.4474424923,0.4366377326,0.5331107075
1.8133422117,0.5979746334,0.6755491173,0.1488785090,0.8510873366,0.3543295817,0.0585016344,0.7939801171,0.2897384358,0.7642984890,0.4040665179,0.3846251866,0.7882440489,0.7744358370,0.4478243890,0.2004865068,0.4350415312,0.2738697950,0.7012048655
1.3862024490,0.8240387494,0.9712281295,0.9939080150,0.8295753533,0.5006141232,0.8767461910,0.1602761659,0.7648045407,0.9607261664,0.0286708344,0.4464130626,0.9609884872,0.2536960468,0.9503393142,0.5642476223,0.4081976087,0.4454453322,0.2057416525
1.8135819253,0.5004222829,0.3440958641,0.7911875890,0.5977018801,0.0699243805,0.6031110077,0.9413748032,0.3444848342,0.1186007788,0.7712842429,0.1160668962,0.8842344117,0.9852142137,0.6586130190,0.8677383842,0.8600806370,0.2583095246,0.0512230086
1.4615229616,0.7318702404,0.4949601998,0.4476939796,0.1115058061,0.7626235155,0.1562189604,0.9748615741,0.0826051772,0.2306217806,0.1466373800,0.7073665650,0.3499584480,0.9104721934,0.6473503461,0.5005856311,0.6949635139,0.8258461367,0.2826360208
0.4457474548,0.0539113800,0.9178349873,0.6738439208,0.3167055624,0.1446755127,0.4111135563,0.7137078598,0.8752361028,0.3172748102,0.7885613841,0.2379015054,0.5763193528,0.4968369827,0.1168332817,0.4461163336,0.6188376135,0.7750895614,0.6736790601
0.9636775868,0.1257979351,0.9502735875,0.5089599904,0.7751155303,0.1403830896,0.1785901942,0.4581419713,0.2162997156,0.3397386207,0.9669767626,0.7124871799,0.5273688485,0.0057766052,0.5517494816,0.4968627935,0.3006300657,0.6329828792,0.1920030244
0.8816333459,0.3993286996,0.0025672358,0.4430681878,0.3620332099,0.1793554203,0.6854949557,0.1083594249,0.8798292513,0.0548040004,0.8373062114,0.9754729258,0.7567185433,0.8676489614,0.7435494351,0.8202958019,0.4072681877,0.9781630638,0.0596146367
1.5276757862,0.5366193207,0.1911356903,0.3655516648,0.5129685653,0.0610574946,0.4971128033,0.0663414881,0.1946801402,0.8563991289,0.3877439544,0.4469690078,0.5529905979,0.9170312774,0.0053334624,0.3204759587,0.8867824172,0.5023799196,0.8714388964
1.2962851025,0.7219130825,0.1376404198,0.4029528800,0.7683253850,0.1271650182,0.9449462840,0.8038906062,0.8888603219,0.0921582967,0.1085197404,0.2906846762,0.4131379442,0.4690197209,0.7879714159,0.4812326189,0.3821853529,0.9840362066,0.1980117616
0.7559752587,0.1111888788,0.8745284276,0.6927865931,0.0072797973,0.8436502860,0.1749474253,0.7294466413,0.3602700387,0.7484595538,0.9200537444,0.6605234935,0.0679814316,0.1514582138,0.4793935462,0.7537744746,0.9011287840,0.5599306586,0.9145673727
1.3217138341,0.4595761779,0.9469894998,0.4477582544,0.3750557114,0.6266669784,0.8070488009,0.1640806849,0.0672007528,0.3835238008,0.0205854190,0.6887357713,0.5088609071,0.6201375011,0.4915595476,0.8907839699,0.8153023102,0.6550116129,0.1675827804
0.9437223756,0.7851362594,0.7469365527,0.2319830034,0.7970859594,0.4719674637,0.7397046595,0.4830841895,0.3783702869,0.2620121112,0.7602479096,0.6543990337,0.3930911570,0.4507961071,0.1319232919,0.3069066029,0.4845518086,0.0158063732,0.3958675165
1.1968645249,0.2564313939,0.8553783386,0.4090591050,0.4057621695,0.4538476764,0.7568341713,0.8053083448,0.9286964471,0.0634076235,0.9866414095,0.7932397546,0.2365944919,0.9089126398,0.4488105110,0.4029144432,0.1733119565,0.3565951907,0.9909564840
1.8187693937,0.6543051568,0.5668270380,0.6294269163,0.2245011182,0.6436542208,0.7605210045,0.1471318929,0.8249266969,0.6678332396,0.0373289966,0.6719416183,0.6435830491,0.6077294113,0.2085621985,0.1260024779,0.5642412101,0.2561110633,0.5352309707
0.7711282462,0.2547838164,0.0697267684,0.2540977174,0.7596189085,0.6058150384,0.7178151311,0.7692797558,0.2022007889,0.1776899539,0.7685424070,0.5386237555,0.5222230508,0.8808488314,0.8131118810,0.0182156614,0.6226787137,0.2095979787,0.5907907944
1.0625226696,0.2011429496,0.7721850885,0.8027463801,0.9149147888,0.0969512092,0.7975534266,0.8294077837,0.2452103037,0.8972008255,0.7485209405,0.8006680296,0.4852271687,0.7984677077,0.6768568611,0.6377500816,0.8854875760,0.5181090260,0.7062916818
1.0760631326,0.2223886658,0.2700025008,0.9543270111,0.4034403065,0.1952560704,0.8785374741,0.8153717952,0.9237697352,0.0912125409,0.7242950599,0.4225686560,0.9436614673,0.2771945675,0.3132791893,0.2703404503,0.9921166396,0.5666235897,0.1386371084
1.1632339116,0.4133689937,0.7473296486,0.1196362558,0.6596506210,0.9240380031,0.5348615489,0.5680490680,0.6253564130,0.2770666845,0.6081572376,0.2187205685,0.7058636453,0.4987924228,0.0149205003,0.1283366892,0.1457398482,0.0116173077,0.9248740745
0.9944943063,0.3612666118,0.5130943397,0.3066476726,0.2494407148,0.2433105107,0.1461193720,0.8144258480,0.9494301958,0.0447087729,0.4215890846,0.4909080629,0.4950513492,0.1651050635,0.5867701232,0.2126083871,0.3100659140,0.0290442492,0.1066275997
1.1779193596,0.7780527576,0.9040815461,0.6388631809,0.7688675019,0.9326146494,0.3214517996,0.8617720520,0.2882141703,0.5700786311,0.1681148018,0.1136573876,0.4112388761,0.7030405272,0.1048715020,0.5329703496,0.5161175593,0.0535552956,0.4839022371
1.2201696731,0.8350351861,0.7078030769,0.7569348927,0.3667191458,0.9975831809,0.2429546524,0.5019576704,0.2185028878,0.7228976216,0.3167359278,0.3049313227,0.4189445803,0.6595166782,0.5561955673,0.1676831060,0.4118997171,0.2468599490,0.7308094201
2.2327977678,0.5814857663,0.3565403303,0.9600327393,0.8490649560,0.6015819797,0.1380834592,0.3159270005,0.8787213196,0.9523879269,0.5175276856,0.3476891259,0.1470700760,0.4535847837,0.5609157212,0.8936758876,0.6359645345,0.7707059422,0.1341390945
1.8205332517,0.7052483036,0.7826913218,0.6623502705,0.1186062792,0.7411083226,0.7280890359,0.4899022738,0.9525913449,0.3032355640,0.5411899287,0.9735588504,0.5071227610,0.8078810697,0.7229408551,0.1514206008,0.4334126783,0.5497881140,0.1811077909
0.5461850678,0.9940079817,0.3315634535,0.3481774848,0.1517377706,0.5938131972,0.3283509485,0.5612461986,0.9998768086,0.4805335200,0.0199059026,0.8037103245,0.7606196258,0.5451533014,0.1530266498,0.7343880956,0.8029811797,0.2791395262,0.0780106117
0.6383354278,0.1092965309,0.1245536684,0.2428280803,0.1925772346,0.1631404737,0.3611060505,0.2268512109,0.7618953221,0.1157429206,0.7026532610,0.5684261106,0.7124141934,0.0742239425,0.9912499968,0.8981088452,0.7318161974,0.9969725724,0.1577547440
1.3792462777,0.4701073669,0.4147287201,0.3917129729,0.9998516449,0.6110312294,0.4275392534,0.5325212953,0.9626382083,0.9056884493,0.3103783051,0.3333253185,0.6701481762,0.5375304368,0.2620330333,0.1988910070,0.7299211578,0.5313836990,0.7186416113
1.2778474748,0.4123978828,0.9220847373,0.7339533893,0.8440263204,0.8511367211,0.8622934065,0.0276678504,0.7472624344,0.2875430265,0.2685524480,0.1426734671,0.7715894568,0.9908280662,0.0290005170,0.5998728639,0.7689037331,0.9261074352,0.4211064472
0.6264016685,0.9940100678,0.2570847511,0.4517206510,0.7221046039,0.8153889470,0.0195073907,0.5564026634,0.7638985824,0.1346037856,0.8290995115,0.5462170077,0.2424774725,0.5171595883,0.9013173264,0.6285916755,0.2017466565,0.3618645566,0.7611122963
1.2958632437,0.4044615033,0.4277306473,0.6516569668,0.8796747956,0.2920008317,0.3794714535,0.0979149381,0.3832257869,0.9940197635,0.1259608230,0.0810048610,0.0493741420,0.7036336270,0.3854449265,0.0256970025,0.2899049236,0.4138004386,0.0689710487
1.7350194814,0.7099022592,0.6216943709,0.4841092162,0.7264497848,0.2699208601,0.6699243903,0.1881516910,0.1061221755,0.6721459272,0.5600342586,0.0150551563,0.1559840005,0.6675768692,0.4448898910,0.4532484831,0.0146298615,0.2144359216,0.2617416433
1.1687307175,0.4583192148,0.2546077637,0.3982370149,0.1115323214,0.4872230881,0.7906476125,0.2620571635,0.1125603713,0.7271943443,0.1360591966,0.5823885092,0.8036283279,0.2405749507,0.8707429050,0.9896647164,0.7719793488,0.7445388456,0.6406350407
1.3940368439,0.4567545399,0.7767439693,0.4835065550,0.4335303313,0.8505220919,0.3744350687,0.8554363950,0.1179470026,0.0207804038,0.0911619455,0.6875525335,0.9403725122,0.0104552179,0.5294842122,0.4758396524,0.1140608103,0.9237090635,0.9391386236
0.8237379100,0.3885544747,0.1123346078,0.3983288480,0.5058258946,0.1037179571,0.3295882981,0.6821150902,0.4249967766,0.2890109194,0.6286896041,0.7527368332,0.0877131671,0.9135669800,0.8153840911,0.4258563859,0.5634314168,0.9098518267,0.6484344769
1.2836981649,0.3496351937,0.5140694049,0.9043100361,0.4274730602,0.1712390932,0.6603755095,0.3750532685,0.4526799767,0.1758786207,0.3315000798,0.2147208542,0.4951486647,0.1652817612,0.2322476384,0.2421006368,0.3783922826,0.7893844175,0.5428191430
2.0062916265,0.6086098098,0.7036928548,0.4975354026,0.9454950292,0.3772380659,0.3078550124,0.3431433532,0.4901258979,0.6050558724,0.1162753245,0.7225058439,0.0161373682,0.2214471621,0.7818426317,0.6317818812,0.3021783130,0.5222465570,0.1117780958
1.3878205258,0.4650395779,0.8436186371,0.3507161497,0.8969218493,0.7735817902,0.7369339509,0.2769047333,0.8490078852,0.2919300169,0.5099040959,0.0918288663,0.4693713767,0.1152855378,0.9723304927,0.3530226757,0.9240733006,0.4548526724,0.0777610403
1.0885688435,0.7902088420,0.5442062299,0.5694751700,0.1532678899,0.1006208934,0.6198630299,0.6177015101,0.7446656424,0.2723450696,0.3129631976,0.8546581040,0.9710120347,0.1983211510,0.2824119953,0.4185880992,0.3695144416,0.8004818632,0.8812699203
0.8471490756,0.1564147429,0.0334286194,0.9379504912,0.3677298192,0.8504493775,0.3325394051,0.6848123910,0.3929065696,0.8963024949,0.5732037828,0.7114462055,0.6411951532,0.3802500395,0.1859100840,0.2459527813,0.1836853316,0.2495491130,0.6737954993
0.3149437916,0.9277679463,0.6362534083,0.1232085505,0.0962486307,0.3114931325,0.1364734614,0.8405333871,0.7252158412,0.2289458901,0.9199453116,0.4015669847,0.6226607683,0.1880147011,0.4483096270,0.8035439470,0.1556657067,0.1248035452,0.4245724462
1.7752862370,0.5526803031,0.4575335033,0.5927441451,0.4539206635,0.7047908656,0.0570935186,0.4149534421,0.4556904912,0.7183582276,0.3695220836,0.7404290814,0.2099388871,0.4072887139,0.2581269293,0.2819711474,0.2011546414,0.4528419617,0.3487920255
1.5904807440,0.6731265429,0.3756636945,0.1189923013,0.5177022720,0.3776301515,0.3637854555,0.4166055782,0.1965054875,0.7844622743,0.6289994361,0.1678320755,0.8963890723,0.6539913571,0.7092550844,0.8324797336,0.4100696017,0.4307265685,0.3269737914
1.2154892406,0.3701949527,0.8498359425,0.5831649786,0.2861535760,0.4955743253,0.5311362822,0.6767111171,0.9787372520,0.1808852946,0.1316263347,0.9517585116,0.8721722960,0.1971448837,0.9208637872,0.1079205765,0.7999643313,0.8948077019,0.5028472580
0.9451225315,0.7735455126,0.7895972780,0.1025251735,0.8322816182,0.0067753491,0.8675454945,0.7230551128,0.8520410970,0.2612876852,0.0084565893,0.6701730924,0.4703990860,0.1338882610,0.2984552566,0.6712903477,0.7165189733,0.8098370080,0.9157285611
1.4437667351,0.7310978159,0.3610352726,0.4365272701,0.3111559751,0.9279960575,0.0223297684,0.5644014733,0.4311219895,0.0455249606,0.2522567682,0.1961123453,0.0129581042,0.9508293827,0.2286084842,0.6479881084,0.3040688365,0.7818284743,0.1163867703
0.6906532208,0.1095473924,0.5943046378,0.8717555209,0.5767128375,0.4513979331,0.0119280393,0.8270069324,0.4978939180,0.0073506416,0.8642807742,0.8330593042,0.2679193092,0.9402357438,0.2023403012,0.0570816809,0.7525618079,0.8517255078,0.5842681204
0.5380351056,0.0547912403,0.4582090728,0.0940994687,0.6732112565,0.8682982287,0.8368666906,0.6137112444,0.3594840606,0.2966631291,0.5539882015,0.0845895510,0.0483405121,0.9973905265,0.2716297995,0.6536034805,0.3132530955,0.6070239910,0.2638064942
1.3240005950,0.4651313016,0.9049527564,0.3082528485,0.2591236225,0.5001374451,0.1156091660,0.8559302752,0.4211285243,0.7712136461,0.9264870705,0.8647954037,0.1568580450,0.5289428999,0.8970348030,0.0318456919,0.9402372560,0.8802032447,0.4290234729
1.4903968982,0.4914639613,0.9255022060,0.4193005632,0.6979445580,0.8868601261,0.6580447263,0.3176217011,0.6682885494,0.7055359241,0.7402903092,0.3261142387,0.9488076958,0.3236256413,0.0800155240,0.4752793446,0.0822955313,0.7733576546,0.4294862058
1.3034554807,0.4312147282,0.6462122471,0.3933713796,0.3603218512,0.9551139410,0.5015453669,0.1899333047,0.7458933812,0.1391833614,0.3939887341,0.2085156874,0.8327089481,0.1319720361,0.7643335736,0.2860543235,0.8046271637,0.6896128072,0.6469505301
1.9248283384,0.5102258076,0.0793908375,0.9787743461,0.0914761229,0.0378709003,0.4646032387,0.9082785221,0.1604866842,0.2916669252,0.2679772110,0.9125461647,0.3507195226,0.3811351584,0.2276714371,0.7291910253,0.1217168710,0.1072794110,0.3213671853
1.4610354342,0.4186608946,0.1702290015,0.9342117905,0.5982122782,0.3487142167,0.1837858046,0.7904933223,0.4087022281,0.4570760742,0.3783973417,0.3953706720,0.0426238174,0.2518542238,0.5755189983,0.1161349682,0.1629797352,0.2667292327,0.9401530559
1.0696093870,0.2793237831,0.6641937651,0.2262327793,0.8998684962,0.1813984215,0.7144797847,0.8789958647,0.5166842575,0.8680534057,0.5188292650,0.2002255953,0.1624147845,0.8530287387,0.0895518413,0.2241934445,0.1711539823,0.0785340670,0.9516404709
1.9313958235,0.6931732875,0.3469651256,0.8775631312,0.5167989839,0.7673373309,0.3526427090,0.3166412430,0.0405251004,0.1856564344,0.8279754236,0.5282288938,0.5030123233,0.3361309484,0.4911954693,0.2528718709,0.5940854601,0.0721555155,0.0457017553
1.6288179758,0.5654701774,0.0571445452,0.3337842571,0.6831470110,0.4465556760,0.6883498929,0.4741726874,0.5643466899,0.5029773156,0.2554416512,0.9750598025,0.5658389765,0.9002584900,0.1933720717,0.7465987576,0.2008366509,0.5396401524,0.1280925593
1.1599623386,0.1527459383,0.6016810824,0.2592353652,0.8737086826,0.7428273577,0.6458556654,0.8821459595,0.6943303077,0.0960090802,0.8948881439,0.9246515393,0.2857390091,0.0147696935,0.6096295702,0.4793472213,0.8979959425,0.2746970404,0.9522756913
0.7298867319,0.9299012368,0.5502969958,0.6657682857,0.3116399675,0.1133308351,0.6951721831,0.9073349186,0.3933783790,0.7271409573,0.3893494323,0.4253858839,0.9903168449,0.7072587006,0.9997217020,0.5191951313,0.1521731380,0.2377113181,0.8837834437
1.6290608350,0.4706231874,0.1141037067,0.9606636532,0.4576498843,0.6480535332,0.5136828196,0.6667879256,0.3638030239,0.1127669497,0.3363685490,0.3169002716,0.8523275768,0.0213932163,0.2563849443,0.1406680763,0.7435114614,0.0481644414,0.3519850367
1.0490438237,0.3478935968,0.4887136850,0.3959985045,0.6558239964,0.8447761728,0.6497801229,0.5779566054,0.3221776641,0.9223016714,0.9249324378,0.1784080475,0.3160704212,0.1929503069,0.9103308440,0.8869651157,0.7814996390,0.6888462632,0.2665315020
2.1662717680,0.6302581697,0.7490139979,0.7257136529,0.5543241834,0.0954316004,0.5417562213,0.6262462351,0.8731026233,0.9288509611,0.9225966934,0.6565371785,0.1984358519,0.8936732872,0.4947723953,0.0587105073,0.2904709815,0.4585565855,0.1500068403
1.6398593613,0.4746414563,0.6610213775,0.9481824969,0.3592113830,0.9493927964,0.6918897467,0.5840949339,0.8538386025,0.4948060189,0.8759154247,0.0069540597,0.4694166683,0.1949487953,0.9200560973,0.0225859254,0.1429570702,0.5505357325,0.3231507053
0.4311619286,0.0072292894,0.7123684776,0.0154624123,0.6488842849,0.9958808802,0.3915654759,0.4214811053,0.1297761052,0.2354451375,0.4510108238,0.8037364098,0.6889626658,0.1479040200,0.3643947064,0.0093662992,0.5849532270,0.1941804277,0.0590355229
0.7002696602,0.0953238203,0.1869642914,0.2647312322,0.9502604225,0.5543426545,0.7145237526,0.9993024206,0.6877806006,0.1937140005,0.1636222362,0.4312818700,0.1846814290,0.7683341524,0.2750787262,0.3429575265,0.7887475863,0.3358976339,0.6984290187
0.3124740214,0.0316442321,0.4025408199,0.2003093186,0.7266753039,0.8302801425,0.8713002359,0.5091430115,0.8873586497,0.5394805399,0.7451352470,0.1413234786,0.4423997735,0.7925899431,0.8925139792,0.9613509682,0.0823374622,0.0186980813,0.0834790071
0.3137103443,0.9275448187,0.4575969884,0.1678856743,0.8793274376,0.8667689772,0.7063627095,0.1607778471,0.3719714136,0.1006746592,0.2066308756,0.4909828614,0.6547298192,0.6874835202,0.7116424430,0.3007571736,0.7648260793,0.2103887252,0.6298574224
0.5289007558,0.8422372765,0.4301134444,0.3469129054,0.3656810664,0.9833185072,0.7672524960,0.9036702218,0.4739357644,0.5311844961,0.3811083412,0.4777498093,0.7899341898,0.8419041683,0.8282945801,0.1922868268,0.2947781901,0.7768543294,0.1796812742
0.9826823783,0.2862977859,0.6584897703,0.2710699379,0.2476568414,0.1860142078,0.9217751264,0.9743905464,0.1813363578,0.6291880647,0.5141182860,0.3215009368,0.8909048223,0.7730908134,0.7686970612,0.1838236714,0.9835034310,0.3733751442,0.3713382038
1.0327054096,0.1693486796,0.5967817135,0.7697979477,0.6423302242,0.7784625522,0.3203947989,0.5289829826,0.8069093211,0.3800879127,0.2638491775,0.6817764446,0.8932959342,0.4527470585,0.4831756375,0.6847255799,0.8489664115,0.3474667656,0.0709673281
0.2714804280,0.0729266625,0.9791276096,0.9465237338,0.1305049541,0.1738571963,0.5371393608,0.2104781061,0.9192075353,0.2829495235,0.6758503473,0.4398348423,0.8405801503,0.3249513997,0.1455037037,0.1326485330,0.2012622007,0.9244924310,0.4491727483
1.6187663910,0.7245220693,0.0532349189,0.7463365406,0.9325664291,0.0780155839,0.0471060122,0.4078875370,0.7860431737,0.6577803272,0.4301895724,0.7262154842,0.3527348155,0.6352187790,0.7481827909,0.6920727430,0.9612505148,0.0098358898,0.6095233664
2.1280997291,0.6091016979,0.6153925033,0.8077230521,0.4765737054,0.5314460944,0.1033294405,0.9758368797,0.3090774947,0.3779195042,0.4008618849,0.3393382091,0.1038978088,0.5753521927,0.7615948588,0.1001170330,0.4579934192,0.1030927311,0.2045702800
1.5128264091,0.7841347721,0.5349619475,0.9127517026,0.5317544611,0.7383952673,0.9628361985,0.4189989585,0.1429280672,0.0967005995,0.1759362884,0.4578717703,0.4989104108,0.1498308572,0.9470402557,0.9838362481,0.7626993093,0.7364110515,0.3758419972
0.9727399073,0.1512927484,0.3301758211,0.0834013542,0.6137166002,0.0451678719,0.6131221458,0.6270794362,0.7925922874,0.4850296871,0.8805511447,0.2554738479,0.1761162727,0.6510508910,0.1788667029,0.9017226360,0.3367982580,0.5143053153,0.4333859451
1.1260083156,0.8178879272,0.2387284422,0.8233560711,0.0815877084,0.0723661015,0.7269357488,0.2856515939,0.1805379207,0.0619060047,0.9582060742,0.1232659667,0.0868739545,0.6610459388,0.2644687293,0.3573822111,0.1491984631,0.7756811412,0.2705362047
1.1883388888,0.3183645448,0.7593420678,0.9933918666,0.2059841313,0.0325255200,0.4018213844,0.0616047423,0.6825764353,0.6508878776,0.4859885952,0.2639388799,0.8283237528,0.4778234527,0.9242890135,0.3170072231,0.5227793519,0.0814341125,0.8401399181
1.7696500584,0.5229733236,0.1778572502,0.8200977180,0.4889765096,0.7903152581,0.9813934309,0.3656214572,0.0639157402,0.3220110035,0.0649676312,0.4850945973,0.5145221817,0.8196581452,0.3963768341,0.1344256655,0.4143949512,0.8624140115,0.4121199617
1.3863175349,0.8269651311,0.5969855091,0.9888544827,0.1021502738,0.7599344068,0.2309051787,0.0163008901,0.9902354491,0.5257122654,0.8686206985,0.0404579575,0.8652538478,0.3117580705,0.8430033817,0.8722423307,0.8158349264,0.1359600084,0.1041131216
0.2331238152,0.0255866508,0.1364335387,0.3624082733,0.8304165751,0.8199191162,0.6854459318,0.8521420828,0.3538985896,0.1328334943,0.2528943981,0.4230136182,0.9892900276,0.4382807062,0.2760079875,0.4610835461,0.5014642417,0.6016110335,0.0356018543
0.3889619256,0.0592282842,0.3678544705,0.9037871786,0.6539160406,0.7708824032,0.1042158207,0.8714819564,0.8459338846,0.5436192424,0.2165360177,0.6081730595,0.3719826785,0.2471126787,0.0398952057,0.5649901297,0.7180131616,0.3666581008,0.1076292328
1.1251562003,0.3967202976,0.9477343826,0.0755868000,0.3675573546,0.7772674785,0.2639864194,0.3674103997,0.3575712444,0.8994868162,0.8337340657,0.1078494415,0.1151130497,0.1377829830,0.4854189297,0.5604122526,0.2206011316,0.1373608053,0.5253060617
1.7640159636,0.5032965016,0.7161989963,0.8431938980,0.5912278258,0.5613572726,0.0522123258,0.7999532194,0.4597600579,0.9369725281,0.9912802293,0.7101582968,0.6537575652,0.7859219085,0.6800496714,0.9592500894,0.3890965268,0.7580784177,0.8944333594
1.0939440551,0.3652882524,0.5357520366,0.1871801086,0.2721135815,0.0353326894,0.5568482125,0.4331589780,0.6890287109,0.3710744553,0.2935403821,0.0510135061,0.7477305249,0.8041492540,0.0901246139,0.4213719205,0.0652518149,0.3821525225,0.1014483411
1.3018363829,0.4279789604,0.1796011917,0.7292427941,0.7240605765,0.1245019777,0.4757104723,0.3579988624,0.7558860229,0.7839826784,0.0384197457,0.3941272860,0.1085247211,0.5320317430,0.3704378236,0.2802854462,0.3402201576,0.5281497702,0.5916407394
0.9969709484,0.1366352179,0.7953743925,0.7939296749,0.5875279437,0.6450313767,0.6497959224,0.8181653841,0.3218711570,0.0132217317,0.0884097034,0.4654587079,0.1426008517,0.9581765426,0.4052458887,0.3752894147,0.7148930493,0.2867881562,0.5276973130
1.1097680021,0.1662374727,0.4719405366,0.0141751732,0.4728771595,0.5328638281,0.6002246849,0.7796042441,0.2982195629,0.7487422806,0.0584615876,0.0606948663,0.2740249391,0.6165327075,0.5953220981,0.7779115455,0.1902832296,0.0008379914,0.8519330440
1.4942164828,0.5092823276,0.0987555051,0.5249901752,0.3131268638,0.4421913936,0.7354281456,0.2012225722,0.0001723507,0.9160016118,0.6792006847,0.7445450974,0.2989930617,0.5242759263,0.5093105469,0.3805170218,0.4782440992,0.9151705348,0.3559511471
0.5615825763,0.8211051701,0.2224063989,0.3611415479,0.5416974953,0.0368639837,0.7936199095,0.0186714688,0.7955878620,0.2939095969,0.5640344149,0.4553489861,0.1258308524,0.1878281888,0.9940153986,0.3450394387,0.2740089531,0.2633022783,0.3993637962
2.0593316629,0.6189858851,0.6148333308,0.7803798410,0.5127681617,0.0054010430,0.0232347774,0.6300574100,0.4723714999,0.9597656552,0.0217221255,0.9923110179,0.4805575392,0.1623959977,0.7271679334,0.0758368434,0.9811824774,0.0240985241,0.7259691868
1.6196975505,0.5367488335,0.2065701789,0.5390085509,0.3774386521,0.7300730758,0.5855754972,0.7736293671,0.9961498028,0.1005205345,0.1342362587,0.8768656242,0.9813248826,0.6255101615,0.0602548717,0.7174694560,0.8647204484,0.3374828975,0.3558840957
0.7833460577,0.0863155744,0.4464613497,0.2704020170,0.4424601959,0.8468651279,0.3147893178,0.9462191999,0.7143786746,0.4327475436,0.3387148049,0.8110452579,0.3173759504,0.8010667516,0.2649912036,0.8896213950,0.0396125581,0.3677516446,0.2422988244
0.7956558175,0.2451774649,0.0472175367,0.0652592622,0.2961526984,0.4913990319,0.3568292671,0.1881999815,0.3178262758,0.1073509744,0.9262366407,0.5795187516,0.2044605742,0.1020884587,0.6417565247,0.1924830024,0.5083969037,0.1253900292,0.3166187494
1.3614058955,0.4755385103,0.8624985109,0.3430027385,0.0935209911,0.6943474210,0.8557074273,0.8036403288,0.7702805125,0.4806178468,0.9301338159,0.6217374839,0.1825831590,0.4888064707,0.1620482332,0.6699700598,0.6127857958,0.8303601368,0.3381381284
0.2576437814,0.9380510082,0.3120260146,0.2731769714,0.5237380218,0.4953494433,0.9317932496,0.6315787887,0.8131085351,0.7584590818,0.3734176472,0.8493932143,0.3248099366,0.0418717811,0.3154534028,0.0568628903,0.5264084409,0.9843557134,0.2445570936
1.1461396643,0.3893934301,0.3022937046,0.6636275156,0.6600964161,0.2554259894,0.7877013496,0.1168355661,0.3153523453,0.3134797525,0.5373360348,0.6789122808,0.3241794971,0.2094109899,0.4922934342,0.6695345000,0.8922286983,0.2957044061,0.1388372546
1.2781407821,0.4462904678,0.7820062757,0.1121530566,0.8742276641,0.1419339663,0.2776194864,0.5052732796,0.4478243126,0.3006300331,0.2470756097,0.4321226430,0.6870876932,0.9114429874,0.2591864556,0.6789482491,0.0059761872,0.7372559665,0.7436207784
0.9790207848,0.8093367739,0.5028662986,0.4447995634,0.6782748368,0.1177530860,0.2125611729,0.4517934875,0.5597575311,0.7714024107,0.6490346139,0.1370784471,0.4645642232,0.4378478523,0.1361208439,0.2255163590,0.3941763617,0.8509316683,0.2030798209
1.2615718836,0.1627354733,0.8169091755,0.3203173847,0.4781040250,0.1496407759,0.8043467337,0.7618866582,0.1780097160,0.6349223211,0.3913548290,0.4861224713,0.1585530270,0.5615960633,0.5951832459,0.2110679168,0.4454555204,0.1489286180,0.8996970226
0.6640774527,0.1046304203,0.0111690986,0.3122130203,0.5478560406,0.2165971537,0.6519090875,0.8989369119,0.9808023034,0.3277836276,0.3505316321,0.0911601428,0.6643105139,0.2247710173,0.9630086559,0.4180739677,0.7049629741,0.7266590410,0.0553522315
1.3465205820,0.4485517764,0.4129599802,0.6974093805,0.4705224903,0.0937128309,0.5779682041,0.1143627019,0.2978571958,0.1834467532,0.3606695484,0.9262249673,0.9374250831,0.3581980649,0.3013910318,0.2394369684,0.3321088391,0.4561104124,0.0023831370
1.0015390557,0.1708330619,0.6495190702,0.8405492304,0.4706595061,0.8707497768,0.1720060300,0.1311573300,0.2116902857,0.5121346371,0.1193923067,0.7620150590,0.0652375331,0.4767621137,0.3334892996,0.5903779961,0.7906326941,0.2936206027,0.9593896363
1.9195907677,0.6503353453,0.9169508400,0.0661069858,0.1511869513,0.0909922947,0.3351476711,0.8596242905,0.0679095893,0.2245330504,0.7587553517,0.5336401140,0.0235142263,0.9537772850,0.7792604765,0.1343014918,0.6661103263,0.8365660444,0.7746337640
1.8041046627,0.6780987619,0.9779148965,0.2800563697,0.2868636734,0.0313435792,0.2634094780,0.2292380628,0.1290397461,0.9813637064,0.0015354289,0.8538196922,0.9151324383,0.1812202457,0.8008466034,0.7151157234,0.9461417624,0.6605427775,0.5111470203
0.7557882688,0.7720584268,0.1345093819,0.1779937463,0.9374313564,0.5370435519,0.8339362059,0.6343119424,0.8769930071,0.9327356149,0.2010009926,0.9801501160,0.5006422135,0.1700892509,0.8939048360,0.1703562773,0.1869099702,0.4499748341,0.3577180282
1.0123664584,0.3296588271,0.6965786226,0.1308745022,0.6938453156,0.7704051309,0.5347617181,0.7661613571,0.2372207883,0.6375205708,0.1589499138,0.4687712465,0.5811572032,0.3343038925,0.4778345422,0.8307138904,0.0775990578,0.2844284593,0.9262630920
0.2264153003,0.0409401857,0.6377553719,0.8589053244,0.2887011962,0.0077508307,0.7534837322,0.2387751658,0.3330545453,0.9730116267,0.1629617282,0.6686648522,0.4560560236,0.3208075826,0.1384076941,0.1593873923,0.5861268483,0.6901659473,0.5878246263
0.9038198847,0.3905526185,0.3727448761,0.2388070369,0.3288118386,0.8112866980,0.9387548388,0.9371165743,0.8913971486,0.3703892486,0.6226061110,0.9599403937,0.7654600870,0.5330542497,0.6889431701,0.1850395289,0.3988789772,0.2319108753,0.3051678985
1.2711586306,0.3883843836,0.5108908285,0.7121614187,0.2346336123,0.8728334253,0.8581164259,0.8859973724,0.3299286242,0.8206439951,0.7488706616,0.2482769034,0.6482070285,0.4263505537,0.2559690535,0.0359487511,0.6569261373,0.3091147869,0.9345357280
1.0262738661,0.2142810121,0.0638569624,0.6707892855,0.9997652956,0.1387639767,0.3636872770,0.1420148849,0.2313808814,0.5073231159,0.1502228230,0.2105059026,0.1028273434,0.9686069565,0.6412993575,0.2363890564,0.2029740348,0.6810684956,0.7321954939
0.9722180651,0.2473236427,0.0075334642,0.6911960274,0.7922409017,0.5371415356,0.6261991640,0.0561570225,0.1474904297,0.9386238189,0.0670321228,0.0470266267,0.6680751021,0.9517793066,0.5540713540,0.7173946975,0.0001918540,0.5362640259,0.8508697122
0.2462027912,0.0385300108,0.7418327457,0.9347259771,0.5925827155,0.9781281712,0.0498894339,0.5601489989,0.6223063461,0.6151500146,0.6081241851,0.4408136153,0.5141716210,0.4027830580,0.8183570274,0.1164907773,0.4327893848,0.1917845035,0.8918029519
1.7066071617,0.5632961547,0.2914700664,0.4970122666,0.4142556113,0.4641770934,0.3406093246,0.8887540173,0.5505180221,0.2176299211,0.2483318714,0.0672920767,0.0355701551,0.4174375145,0.9440741369,0.0752665479,0.6923585159,0.7476770955,0.0497452897
1.3250437870,0.7311192944,0.9575858486,0.1267601422,0.6244398870,0.7442794048,0.9704808486,0.5318341232,0.8870249426,0.5711706167,0.0694474127,0.4962080066,0.4001355069,0.1755867359,0.9435218053,0.4088672844,0.0130381621,0.2609232771,0.9321954709
0.7272718049,0.1347245693,0.0966468410,0.6831011388,0.9076470747,0.2577880749,0.3732018789,0.9371474442,0.5268700199,0.7930479739,0.7575579740,0.9161962391,0.1252100952,0.9125163189,0.0404657228,0.9499304888,0.2052361432,0.1029079873,0.9276755431
1.8668463957,0.6530447883,0.4159238371,0.6814876845,0.5500006109,0.9589832394,0.9746651292,0.3490416975,0.3013144874,0.0502114343,0.8321486942,0.1372043255,0.9164492474,0.0569269715,0.4842646761,0.4341618081,0.3456228493,0.9482444283,0.6481069813
1.1455870695,0.7897169749,0.2900233050,0.7146496347,0.6813731027,0.3686141656,0.2222422380,0.1002822612,0.0062638150,0.1145136906,0.9399543031,0.1693487598,0.9623944808,0.3445474576,0.3165788266,0.4607299639,0.9402361820,0.3983310381,0.4407409042
1.4324698336,0.4308986536,0.8882209028,0.7941888377,0.0609582229,0.4426736568,0.8551440228,0.8008937249,0.7396238300,0.7016073600,0.8691315562,0.3008809613,0.9674212955,0.1533561666,0.1886759722,0.1055091908,0.6622098968,0.5231623741,0.9478697982
1.6857306054,0.5304677766,0.8408353883,0.4760499724,0.2504425957,0.6461176082,0.1806137710,0.2304502976,0.7621967149,0.7673448031,0.8017683082,0.7728314243,0.8639745099,0.4634178031,0.0634468613,0.8239693170,0.8139854020,0.2921347809,0.8296858804
0.9669843983,0.7851926084,0.8949595059,0.3607056951,0.3531645632,0.0206619972,0.2216480234,0.8760745824,0.3342990539,0.5346387477,0.3890676518,0.7784799780,0.5639217123,0.6597678063,0.8880412948,0.4299807578,0.5221311157,0.7530367161,0.4215589148
0.9763521647,0.7691759753,0.6903803577,0.0730993772,0.1509080545,0.4078976939,0.3187568912,0.9810995041,0.1420474170,0.5249908795,0.2550842548,0.9847238147,0.3144278016,0.2611332594,0.1803615296,0.6455085967,0.7389066781,0.6023417128,0.9785633349
0.3256577236,0.9646719075,0.2397499284,0.3271172380,0.7190553109,0.9326703886,0.1768589066,0.3844021871,0.2959888638,0.8405968733,0.3580524748,0.7677155981,0.2455439420,0.3161531341,0.7098536028,0.6375469098,0.2153060631,0.8108998101,0.1080667921
0.1380606779,0.9003076095,0.0447249141,0.4186540701,0.1981823360,0.2066384372,0.8241621156,0.9962946454,0.2227418809,0.3817342137,0.8889968884,0.8080391279,0.1343977300,0.8687516410,0.7821639137,0.2133993440,0.4977812418,0.1720725917,0.1604966826
0.7100206363,0.0932370306,0.2897872560,0.0821617447,0.5573431406,0.6482421537,0.6766040472,0.2487769960,0.6149996450,0.2921932467,0.2516746939,0.2620446844,0.9975615560,0.0062701753,0.1823814897,0.9934653323,0.2850271615,0.9681054368,0.3885383323
1.3647556781,0.7092264561,0.1611423286,0.4382152335,0.5787478973,0.1204457426,0.0316819828,0.8269608156,0.4553288024,0.5954283665,0.4064178966,0.4976005158,0.8831590962,0.0976472732,0.5460371358,0.5315146192,0.8869480603,0.1017238809,0.8721642152
1.1349072897,0.8209998769,0.0040812023,0.8321776154,0.8474126837,0.2694894751,0.2713729358,0.4806826357,0.8216833359,0.4737565006,0.5974323452,0.3283710987,0.2894088665,0.1193808865,0.7864032627,0.5599310338,0.8396394622,0.9602841556,0.8841936545
1.2286923903,0.2500076908,0.8308730851,0.3015171982,0.0749821660,0.3948595772,0.3275878653,0.3000180140,0.7139915619,0.3559939758,0.5825240566,0.4947358608,0.8685869222,0.3175580245,0.0695352828,0.3266730448,0.1318365288,0.8361350533,0.0090049423
1.0921151430,0.8439303424,0.0966697374,0.8927552165,0.0536398984,0.0066281362,0.3256242728,0.1011351169,0.3618361840,0.4525731285,0.4708886879,0.3188259856,0.8841588949,0.7953046750,0.3202338567,0.0320740220,0.1539940691,0.8811823576,0.6291449084
0.3798059630,0.0643544451,0.0593242020,0.5135842896,0.2452197040,0.3400966282,0.3843294221,0.5775607953,0.9911975368,0.0525370533,0.3517204876,0.9380057460,0.7383232063,0.8718031945,0.7548561430,0.5399978295,0.8062439302,0.0816442633,0.8309335774
0.7262799038,0.1205468507,0.0867582726,0.1065324859,0.9779040961,0.5096628589,0.4930309330,0.6366367494,0.2054499900,0.0495450871,0.6708884884,0.5462001790,0.0388161940,0.8209395154,0.2825041035,0.7338316084,0.1129936433,0.1430706374,0.6273377705
0.5105634618,0.0857924063,0.2619546914,0.8264100016,0.6701555472,0.1760481156,0.0183768715,0.5419372936,0.2271600716,0.1684377991,0.2011231896,0.8924852516,0.0461314822,0.3520249337,0.6765966465,0.9846425716,0.4124693547,0.2555391534,0.4228538445
1.0843088888,0.2711732308,0.9783753542,0.8544371407,0.0484954871,0.4761902488,0.0135296768,0.5535553541,0.0186154444,0.8871643615,0.7151088026,0.1168361924,0.5620064776,0.6866668220,0.1770592195,0.7692405576,0.2112888609,0.1244436970,0.4982731505
1.2132351742,0.8817194978,0.3674383756,0.9822796504,0.2583062190,0.0827533712,0.1426200749,0.0019915527,0.3122960744,0.3580817782,0.0966787266,0.4086351658,0.9571974684,0.5379512997,0.3523169898,0.7483530081,0.3738056939,0.6898041631,0.1950239374
1.1427482448,0.1241277434,0.9893862574,0.4020699167,0.6175224208,0.0742417806,0.2210189929,0.0358249193,0.8389170014,0.6933080107,0.9164401278,0.2922769147,0.4471526009,0.4467884734,0.8600099163,0.3674058560,0.7044260617,0.0311413654,0.0699960818
1.0946156897,0.2494474019,0.5689539887,0.6597987732,0.6135365360,0.0260884079,0.1893037717,0.8475341825,0.9511254806,0.8269343902,0.5239341618,0.9671041087,0.8886879614,0.4216089139,0.2746416283,0.7285500433,0.9752877276,0.5340952627,0.3922999991
1.2812747932,0.3772767731,0.7494836439,0.8149792566,0.2134860749,0.4650127789,0.6330669778,0.5391111325,0.4886881161,0.4686092120,0.7283701902,0.4480431469,0.5478970186,0.1732423089,0.2404537541,0.1989712391,0.5418209313,0.6968216255,0.8361466606
0.5795631489,0.8669831894,0.1946072232,0.6186942572,0.4046783704,0.8262131502,0.1877689755,0.2563954870,0.6430926464,0.6015063945,0.2110339856,0.9566746168,0.7692935042,0.5951218179,0.2083202700,0.4362054346,0.6230060094,0.8466932442,0.1530869678
0.7390142943,0.1104777923,0.2822060342,0.4157445101,0.4852837061,0.9522544431,0.6725828596,0.2532584613,0.7224729340,0.1745294733,0.3089493234,0.3168211202,0.5072328683,0.1107156976,0.8111682341,0.1319502879,0.7742183712,0.4166561053,0.1655845939
1.5005544728,0.7173163160,0.8534644390,0.0299543369,0.8309779257,0.3519274459,0.9387244498,0.9396710065,0.5275115767,0.3268001750,0.5321116139,0.1062362734,0.4091874330,0.7801420442,0.2528285571,0.8296564702,0.9467443548,0.2591028641,0.6438131000
2.0769996830,0.6984556376,0.5088947474,0.9190379658,0.8178574480,0.9929922995,0.4153649026,0.2414371034,0.7551713568,0.3888897427,0.1809803399,0.7645613455,0.5020473015,0.4850820075,0.5719127442,0.8289641158,0.3975365985,0.0815458123,0.5034877512
-0.0225197929,0.8813945101,0.1995975197,0.0296148316,0.3362323842,0.6002190213,0.4756927187,0.9224125172,0.9689332207,0.6327106846,0.0905513349,0.0162988098,0.7343239660,0.1018643563,0.7264663211,0.8310493203,0.7491217494,0.0474094416,0.1167820298
0.7083927588,0.8474825327,0.4827619246,0.5537771307,0.9656259763,0.1097576559,0.5115661610,0.2538572226,0.4547001545,0.6793956258,0.8724660148,0.8732822216,0.6761415168,0.0498655520,0.8969087266,0.6323501004,0.3942525720,0.8321768631,0.4547961086
1.0888127426,0.7733666942,0.9907551996,0.3957324020,0.8449882779,0.9583861089,0.6883013162,0.6309263310,0.5000617682,0.9149574515,0.7425244816,0.2683451996,0.8808708055,0.0716048488,0.4036887983,0.3633726002,0.9850179687,0.4872922019,0.4071430566
0.8649182762,0.7904293059,0.0156587758,0.5379283360,0.9572016728,0.8350948753,0.0727730488,0.4008710127,0.3207710845,0.3203750007,0.1501372268,0.5092014180,0.0895203595,0.1464775060,0.3465746128,0.0483848743,0.7050943008,0.1322637678,0.5730851898
0.8882339814,0.1565913077,0.1381154935,0.9773598158,0.2070652729,0.2705336502,0.4876933874,0.1251452731,0.0569195347,0.0693221372,0.5570503254,0.5984145256,0.9864475445,0.7748116753,0.4765291871,0.2051778528,0.7605295594,0.2605991343,0.8122363306
1.6637859039,0.5376555842,0.5814696112,0.2899322626,0.5707998362,0.9495822815,0.0981938319,0.2043564335,0.3597615361,0.1654341401,0.3891622163,0.5455911020,0.5650291543,0.7923367973,0.0119066142,0.0283197273,0.2806962935,0.7889973471,0.8756336151
1.9467203691,0.6418471459,0.2646254952,0.7161735269,0.3569749587,0.9394371192,0.6062861692,0.8226324056,0.4797833470,0.2746258543,0.9964644446,0.5586517192,0.0285171642,0.8051158066,0.0698446519,0.3075009452,0.1635870021,0.7400622355,0.4709054076
0.8800117984,0.0803512390,0.7147660723,0.0992607147,0.0742908454,0.5304694091,0.4973524111,0.8878624064,0.8673313248,0.5979433159,0.9643699094,0.0544505896,0.9847064997,0.9019813302,0.6327858856,0.2089045707,0.0049044250,0.5094797129,0.4511380738
1.8475451823,0.5351215686,0.9883160578,0.2121756680,0.1128321414,0.6961297186,0.8130572030,0.5554167314,0.4536937805,0.9436332817,0.2311327308,0.8206732048,0.3669414933,0.3653358302,0.9026498755,0.2064704036,0.2765704322,0.0821261380,0.8087522425
1.5482042752,0.7537196231,0.3631168962,0.8315921703,0.0723285173,0.0889888564,0.8545496723,0.2892639541,0.5671359513,0.9850714182,0.4722526173,0.4958719265,0.4856525865,0.4434860349,0.7958300245,0.0032363240,0.6930703340,0.0477614962,0.4645825716
0.1305440809,0.9161598489,0.2319790016,0.2617076072,0.1470260911,0.6235549068,0.0158200860,0.7483457069,0.7710721520,0.8069606802,0.6607031139,0.2737604291,0.4353079824,0.6590025411,0.5200242461,0.4633527950,0.0928415013,0.0860988746,0.0042220807
1.5632159877,0.5099007802,0.8010293152,0.0744259736,0.9325720456,0.2955983019,0.7321435224,0.4654273991,0.8496554917,0.2359265631,0.3770016168,0.7386656141,0.8284850247,0.7407850011,0.1548770821,0.5712820620,0.0847234866,0.0665442551,0.2366781458
1.0621927443,0.2120686966,0.2342774915,0.3043841873,0.2498754090,0.6280472386,0.0906086867,0.9645251596,0.3054606898,0.4521454647,0.9061060531,0.7287956303,0.7052243112,0.3107039230,0.2422807973,0.8948747436,0.3433416505,0.6626071541,0.9665991258
0.8143028787,0.2785990247,0.2372894689,0.1616829275,0.7478217140,0.9686273050,0.9081750451,0.0931148186,0.8361488415,0.3156296634,0.5652610350,0.1128800564,0.8285472922,0.0192758430,0.8621939879,0.6597607098,0.0694792888,0.9349714250,0.5954715071
1.8474478875,0.5572439774,0.7682770204,0.0614971475,0.0709288386,0.2395150684,0.3418372016,0.6682244041,0.3712596491,0.8328523104,0.9611713182,0.9849009737,0.8894676005,0.5196699640,0.5396526403,0.9238596628,0.6050286639,0.4755249210,0.3086580198
1.7198707690,0.7582998536,0.0230665885,0.9653524103,0.8890195938,0.6972475319,0.9156750035,0.0001426599,0.7452715195,0.1360360047,0.5035456812,0.9667579500,0.6983277211,0.4633031218,0.9895063487,0.5794889278,0.0682936810,0.2499120490,0.0034899887
1.2690497822,0.3282334741,0.3861114450,0.9661126773,0.3159598581,0.6122032582,0.3682714145,0.3788733463,0.1617994890,0.9619289738,0.2687830873,0.2057587094,0.1609539161,0.1530857067,0.9118185673,0.4397703231,0.3219751920,0.7920141305,0.5919642927
1.3176411172,0.3999518748,0.3739545825,0.7687892062,0.9756735722,0.0654595663,0.6932382111,0.0610419263,0.7611911634,0.6733879671,0.9449211276,0.2335013431,0.0695080024,0.1252101469,0.0054665918,0.0866885507,0.5850805415,0.0967625725,0.4019242003
0.8243848472,0.1362982636,0.1279099087,0.5549223498,0.8732867816,0.5868759793,0.9885801659,0.4430631260,0.7548347170,0.2011159805,0.2002850238,0.2828572369,0.9678576538,0.8857196573,0.8870714338,0.9802221486,0.6853374314,0.6301157352,0.0475938813
1.1146352053,0.2699830648,0.5712256370,0.3408609036,0.3825450550,0.0807864269,0.2069745460,0.2984087836,0.8656988341,0.1710192906,0.3904970029,0.1196263354,0.3842024097,0.6695639179,0.0787993146,0.9774932678,0.7600572768,0.0701490515,0.2158729309
1.2261319429,0.4107855726,0.6722756755,0.5357181729,0.4316072883,0.6630864984,0.1805370186,0.6164840247,0.2912530013,0.1790607541,0.2643159090,0.5631326250,0.3888805935,0.8140441370,0.6511179282,0.0344156396,0.5343229039,0.5140258712,0.4627305784
1.6745035023,0.7578324287,0.2237688245,0.8720108444,0.0648151328,0.9151522770,0.0252792812,0.9413581325,0.3192483989,0.8552912464,0.4442552394,0.9524163774,0.3389058000,0.7582985510,0.9236643836,0.4503895993,0.4409710650,0.2912523463,0.9740086791
0.9886068904,0.7973036823,0.7863332989,0.4840680716,0.5718630888,0.5963005093,0.1032387686,0.3889224013,0.6424864648,0.8282199612,0.2397800942,0.3928792852,0.5769677355,0.2409238041,0.5802368883,0.3580166728,0.5544184968,0.8168991384,0.1634479600
0.9919848027,0.3994165953,0.1593258374,0.4076671489,0.2150594883,0.5403371556,0.1532313637,0.1168562780,0.8763429334,0.7466091916,0.4352654341,0.5844285071,0.3637659980,0.8962796814,0.4889637790,0.4055813012,0.2808922371,0.4136745145,0.8364678010
1.0887340233,0.4590388556,0.2356609469,0.4383347211,0.1645698751,0.4982793934,0.6087775548,0.0873571887,0.4987521250,0.6921417582,0.4178474819,0.2490412446,0.7611814179,0.2965883039,0.2100851545,0.6343832146,0.8274573342,0.1087078006,0.0739623012
0.7809820719,0.1323146162,0.0390247610,0.6664889987,0.9548649149,0.2756651682,0.3626907703,0.6096348489,0.1548119070,0.8476702505,0.4301685664,0.5342054086,0.8522315566,0.0570769708,0.1727058618,0.2377970343,0.4327555916,0.4385879316,0.4766223315
0.5935578790,0.9846880346,0.9082991622,0.4204366255,0.0417685247,0.8661028232,0.3222317387,0.0251871261,0.6598469836,0.3049628622,0.2248083471,0.7596741409,0.9851513524,0.6653662215,0.4821944101,0.4817872976,0.4002725309,0.4487975172,0.5958357036
1.5632061460,0.5301588828,0.4049998411,0.4460051820,0.9023240718,0.9890238999,0.7576189404,0.2658541737,0.9164496781,0.0135071109,0.0878924235,0.2155340095,0.9406695950,0.9477304441,0.3374864989,0.8687260072,0.3513326430,0.5870973941,0.4310408850
1.1066361929,0.2006682277,0.4911430169,0.4626915579,0.0367128485,0.3780170712,0.3604876369,0.7653571862,0.5377990209,0.3576070854,0.9345102708,0.4075203778,0.1840785179,0.8297970970,0.8446052710,0.5266289471,0.3818940968,0.7209581119,0.8028280740
1.0957395803,0.2937361001,0.5145968419,0.5890060497,0.9564455019,0.9331786876,0.9248978991,0.4387511987,0.8019965031,0.0351132337,0.5433458385,0.9193675880,0.3214991834,0.6193631438,0.1142721575,0.8644720691,0.7412146292,0.9970177295,0.8907337133
1.7449940380,0.7307451643,0.7671727618,0.9018916172,0.6001184964,0.2056057779,0.0178577544,0.1177195247,0.4586375507,0.1235356130,0.4592556107,0.1031989693,0.4947562066,0.7080679464,0.7906490501,0.2077801572,0.6865212750,0.6681584349,0.7235249543
0.4591576578,0.0121579690,0.9394987540,0.3521457924,0.5538193752,0.2944681285,0.9922143874,0.7911770591,0.4954082779,0.6090520430,0.6627574177,0.4636140250,0.0348720048,0.4269225664,0.3939366590,0.0391366375,0.1547472165,0.5644848801,0.2688169967
1.1777701796,0.2028803357,0.6381402585,0.7404349844,0.7179986198,0.8889204672,0.4957621334,0.1574535780,0.5855647705,0.1651064259,0.0515518650,0.1886663945,0.1882027464,0.7171858228,0.6977963995,0.3973262406,0.0522471633,0.4585934937,0.9062674087
1.1121854906,0.2470072334,0.4299952613,0.6085099182,0.2486512596,0.2571921359,0.8547112421,0.2218408110,0.1191869568,0.7542629898,0.0364565687,0.3498801440,0.0993127984,0.2368475273,0.8214082894,0.9621937876,0.8417855136,0.5379575013,0.8764040159
0.9156955330,0.9848038978,0.2580126718,0.7049205490,0.8589446538,0.5244598631,0.5761526307,0.6969786574,0.2657371763,0.6436859054,0.5442051157,0.6511130268,0.1543921942,0.3991322777,0.4927235871,0.4452398163,0.1114872683,0.6975096466,0.2595741162
1.9079064606,0.6112403950,0.3232269989,0.6111283021,0.1679299582,0.8565741185,0.3773977717,0.2131864011,0.5642738298,0.4493579207,0.3107293320,0.3653598642,0.0541148116,0.6246077802,0.4206173080,0.1789513347,0.6143786551,0.7089815406,0.1180196238
1.0562223138,0.4318028146,0.1148514952,0.4564615902,0.3040316880,0.4988605616,0.7335753328,0.3183292888,0.6942793888,0.3891006009,0.9486761526,0.9683825333,0.6509985251,0.3026026855,0.4892123934,0.2833973259,0.7228595369,0.6306838518,0.0714487779
0.5597554667,0.9190982744,0.9131814733,0.5022556599,0.1758884269,0.5189222804,0.5030316672,0.0701411085,0.2161777577,0.1894993209,0.9634992930,0.0718155161,0.5929761627,0.7400677602,0.2374039460,0.8056264997,0.8410312664,0.3508139952,0.1090185843
0.9216308665,0.1677318169,0.1647519353,0.6745040216,0.0475366039,0.0634761417,0.2934985387,0.1450728895,0.3846241172,0.5982032142,0.2030171999,0.4326978816,0.9466835925,0.3107719518,0.6118748202,0.7353568561,0.7432762621,0.9707100620,0.6109279792
1.6100320384,0.6173509148,0.0085168364,0.2056191907,0.9499018155,0.8756188426,0.2729369810,0.3919556660,0.5572830954,0.7656561714,0.3026259826,0.1557287048,0.4103299578,0.4351831356,0.8714776315,0.2775847358,0.0451932443,0.6347215247,0.6395051647
1.0714392681,0.3535539286,0.2658024181,0.6190551606,0.5009216491,0.7846110753,0.1895177680,0.3807569072,0.9685665158,0.6222448126,0.3265633627,0.3519343831,0.5080188660,0.0613247607,0.4042414702,0.9876024671,0.4472561346,0.6823183145,0.8905773283
0.3824340111,0.9612442215,0.7188494040,0.2213293202,0.4009665449,0.0465949427,0.3316457853,0.4327530003,0.6112232807,0.6819477209,0.0662560913,0.6791655089,0.1209285155,0.8369614353,0.7745878681,0.3915107926,0.1693767537,0.6195652792,0.4055301897
0.6129131229,0.9250742500,0.6503644213,0.4928197684,0.0307738700,0.3073728348,0.2082496959,0.0437165582,0.5761983055,0.3495930540,0.5338171844,0.2010583292,0.5143307289,0.4801170635,0.9907075726,0.5327513638,0.5360309405,0.2323125268,0.4584144682
1.0516761257,0.7812882969,0.5789235496,0.4711071045,0.5199841181,0.7722740292,0.1454707562,0.9917148291,0.5682136330,0.4849188732,0.2834302464,0.2576116721,0.1750569549,0.2885932782,0.9048814855,0.8173251152,0.8930734612,0.2239488841,0.2068675073
0.8976040264,0.1425745237,0.9238307403,0.7949376009,0.5670562553,0.2381352025,0.5644804426,0.2594145303,0.4356240167,0.3658954725,0.6141684183,0.3173869464,0.4009444350,0.7591060595,0.0529673576,0.2613322385,0.8230630661,0.4368869330,0.6677298795
0.7155887795,0.7903424129,0.4147286125,0.0379914915,0.6989090646,0.7038508390,0.4100124619,0.6628941574,0.4662356548,0.0590196131,0.7383339157,0.0891785512,0.2144590049,0.3285614318,0.9745444622,0.4978619010,0.7189573821,0.7821823117,0.5560710516
0.9874061705,0.1404991896,0.5425686845,0.5146184531,0.1007744087,0.7166043890,0.2305701958,0.5006086510,0.5493582534,0.3121137234,0.1487213613,0.9530324234,0.0471280821,0.1891511852,0.2697580941,0.6085641910,0.1253300861,0.9821447151,0.0141302414
1.6292481495,0.6237325582,0.2585546443,0.0901837436,0.8570552139,0.3075944769,0.7248012609,0.0269742461,0.5218326700,0.9875032070,0.9082001377,0.8085073699,0.3060895554,0.1381204339,0.7807049889,0.1983277125,0.6982823233,0.6299172668,0.6806195527
1.4658063640,0.4499452611,0.7369634586,0.7472498598,0.6146855479,0.8087983795,0.4677556838,0.4281681915,0.1428832325,0.8483203839,0.6128826477,0.9671876497,0.9435949665,0.0925104742,0.5690181659,0.2642672244,0.7012409485,0.6204586286,0.1337899719
0.0768116018,0.9005559177,0.2398524335,0.1421701117,0.8139544002,0.5473696610,0.7594094521,0.3552997711,0.3981797321,0.9509398933,0.0378990830,0.2393299304,0.7089309453,0.4228202793,0.5937248106,0.4083754345,0.9186373852,0.2425575290,0.0728387703
1.3326436431,0.7188871233,0.1530713773,0.4006914862,0.2738629332,0.5649291682,0.4594813000,0.8168435323,0.4693307619,0.4251298492,0.1677740436,0.2023024178,0.8368926169,0.6002993957,0.9336011234,0.6346136161,0.3693306912,0.5924936369,0.0149933498
1.9233096217,0.5958385799,0.9459937932,0.4818148422,0.8527925690,0.6550492034,0.9993567428,0.8780569588,0.5210018753,0.4702989741,0.1118312628,0.5685467990,0.1984275022,0.6219026569,0.4166832729,0.7406934242,0.7074535771,0.5604972565,0.7572563299
1.1307606470,0.3286878866,0.5940479590,0.5059033166,0.0805499840,0.4048404816,0.3744485045,0.7889798263,0.9962266455,0.0624549630,0.0385096877,0.7945364952,0.1797890029,0.5032544884,0.3456150809,0.3804199287,0.4698291221,0.3275492457,0.4906878103
1.7034421477,0.6172766568,0.1642954018,0.2133240546,0.3239939381,0.9754850893,0.3739286993,0.2025573815,0.9669681452,0.4239702047,0.5407892811,0.7604636324,0.4376108284,0.7168329547,0.4160330932,0.0275030542,0.7008461727,0.0236483324,0.3277328767
1.6951648418,0.5762993342,0.4770360075,0.3090976693,0.7615797754,0.8231868175,0.0590323421,0.7418914135,0.4157260074,0.1790819357,0.5630688783,0.4418032888,0.9408500173,0.8831721894,0.4534018562,0.7866713818,0.5668706341,0.6534050188,0.6521089281
1.2034393257,0.3853221740,0.5238267722,0.5183960945,0.7938983167,0.8613862290,0.0634774754,0.5252409804,0.0834599350,0.8588071626,0.7135203941,0.6158072033,0.1103183305,0.3990083770,0.3246377503,0.4524687942,0.5790617422,0.7383834292,0.6490715151
1.3878849224,0.4804335209,0.8039456703,0.1964691639,0.8201117749,0.3907407339,0.3089206407,0.1930601782,0.6465833188,0.6221434290,0.0528844089,0.6676371408,0.2118208569,0.6505759580,0.8117831801,0.3413192911,0.7875197541,0.8461078963,0.8407431490
0.7507052867,0.3894061280,0.2667441819,0.0020656787,0.9516158566,0.5332226177,0.1195231243,0.0119442355,0.8424388185,0.8402357415,0.4721454121,0.9121248006,0.9056010835,0.0644177251,0.7129466373,0.2420946614,0.6367591136,0.3537030172,0.9823387516
1.1567251748,0.2842876527,0.8744270647,0.5021087895,0.2308798374,0.7907612408,0.9857576969,0.1363910265,0.3500679453,0.9330845115,0.3954042231,0.3990201002,0.2871013268,0.1077067633,0.7984369479,0.0888547857,0.4033187133,0.9692652766,0.5716693710
0.3867786324,0.0777103417,0.1027270003,0.6900396650,0.5974362739,0.2775637813,0.4944630116,0.9334218362,0.7590274671,0.7323983378,0.1121676997,0.5655148613,0.2763570162,0.1826257325,0.6824564792,0.5554732815,0.0488529917,0.3063126247,0.4049820684
1.4003697010,0.4852485889,0.2585203533,0.5226393137,0.3690188093,0.8889209531,0.6598493650,0.3125637437,0.6890207492,0.7181817135,0.2645274311,0.3337473027,0.9086655028,0.0988972855,0.2972938821,0.2769154302,0.0650713340,0.3184330658,0.5218931582
0.6142078063,0.8593220678,0.1128873877,0.6261200258,0.4465198882,0.9619211659,0.0693202525,0.5738830825,0.4150966790,0.3727996396,0.5704921479,0.7083019431,0.7512079269,0.4275073292,0.7248705775,0.2982532869,0.8349819073,0.5904398252,0.5976256458
0.6380517972,0.3420144627,0.2027369939,0.1613078968,0.8923741284,0.5327907211,0.7931987023,0.3407796650,0.2769106062,0.6890184234,0.0770785917,0.7549818456,0.9638837534,0.9942798988,0.7152426645,0.6479859987,0.9841215447,0.9162076708,0.9204241802
1.1207022053,0.2358768825,0.8864456852,0.9084319280,0.6791758970,0.8464272443,0.6364085161,0.7697745997,0.2841043579,0.7039274976,0.4427595826,0.2858188897,0.0611443932,0.2136681031,0.4329359536,0.4848343845,0.3724733694,0.0367250941,0.9927182017
1.9721433943,0.6489337026,0.4362062537,0.8252053651,0.0294268833,0.4938105196,0.7367274749,0.4738739162,0.3185243616,0.8101448519,0.2924289929,0.2248050107,0.0294148197,0.1708717098,0.8882984890,0.8973599684,0.2834452031,0.2132747941,0.1243905448
0.4760793448,0.9531503627,0.9821832895,0.4752220504,0.0449198627,0.5166460469,0.9520611418,0.8718094215,0.4539755014,0.2994236239,0.3148954986,0.7461614422,0.6947109243,0.9446383008,0.5894759299,0.7377997544,0.9071931205,0.2866435503,0.2660815094
1.1792226664,0.3553077337,0.1376028064,0.7496430410,0.0098875319,0.1955956556,0.4093471013,0.1424495905,0.7715202898,0.0204831987,0.8238901668,0.0953825935,0.6951533667,0.0638836085,0.2890559890,0.5232257210,0.1649704949,0.2765282271,0.6551437971
0.0648326507,0.0238173274,0.6329146719,0.9711262543,0.5754985210,0.2527701038,0.6317344328,0.4215053503,0.7012892767,0.1702840141,0.1363962888,0.9959832778,0.4028445124,0.5100414544,0.1875097659,0.0516461264,0.7648830929,0.6647067692,0.3032447161
1.2191101886,0.4710148182,0.4275247478,0.1804912120,0.8742798370,0.3261429710,0.2942424803,0.2519273625,0.5665444611,0.2385572421,0.9322175184,0.6082224982,0.3222884456,0.1437196688,0.7693126694,0.1433082648,0.8546624554,0.0601439992,0.5190288986
1.3580648025,0.4241889773,0.9969508798,0.9808447213,0.0803727644,0.3782858981,0.3124148255,0.9080597628,0.1731698828,0.9861395681,0.9323000268,0.7777978392,0.6033398881,0.3965635503,0.4275025420,0.5572580237,0.5588573844,0.3325855552,0.5967967870
1.7906842014,0.5302242853,0.7357692480,0.6412851622,0.3027973289,0.4919858429,0.6535389013,0.5863021062,0.0365062407,0.4492536491,0.0164605584,0.0102537806,0.4290611752,0.7631724998,0.4346759197,0.2979201090,0.3779232595,0.0611379698,0.4445755391
1.0594675474,0.2092827547,0.4593947403,0.0784094170,0.4104958761,0.7047140572,0.3279659746,0.5457744433,0.2494386467,0.5006096309,0.5650069086,0.5487304147,0.2038941314,0.7206867758,0.4255865351,0.1113624257,0.9573718218,0.7466836342,0.7207749684
1.1817555103,0.2859345047,0.9683339605,0.5958686027,0.9040537459,0.0417741041,0.0963644630,0.9967457164,0.1914576046,0.0183197887,0.8512216784,0.6334096435,0.0741828854,0.1777063927,0.3839577703,0.3581256531,0.9986030170,0.5235392193,0.1957083250
1.6682743497,0.7215374103,0.2387876358,0.7793014915,0.1690673519,0.8000612831,0.3897097118,0.8477601845,0.3772648012,0.7073396705,0.1975713677,0.0147972119,0.7002859646,0.4681124155,0.9970883667,0.9727156632,0.3331297478,0.0261404468,0.8725845475
0.5461189972,0.9219018282,0.9241152515,0.5090403975,0.2518203308,0.9584814557,0.5046440732,0.2967889730,0.6098684476,0.5313649112,0.6199363333,0.3582835196,0.4549566640,0.5863405116,0.7218636256,0.1438991481,0.2853542506,0.9079726761,0.8616787874
0.1957392249,0.0261421085,0.2636794659,0.2907535498,0.3423392247,0.9761687600,0.2469131946,0.9586190940,0.4891146495,0.5107070868,0.2615215011,0.5332385767,0.1920164867,0.8047410158,0.5795501479,0.5195417085,0.6533518571,0.9744348897,0.3856287325
0.3400061656,0.0147805732,0.5251975466,0.3898154850,0.9537082406,0.2044278526,0.8671276721,0.3169471765,0.1004548193,0.8693614289,0.5503174811,0.0657427487,0.4337322218,0.2111426569,0.9969093023,0.8352864707,0.7037036604,0.3900722348,0.4548521771
0.5133810598,0.9945924379,0.8021500824,0.1221372608,0.5744566208,0.6734277533,0.6825516412,0.8837602376,0.1194748951,0.2036707849,0.1020959490,0.2665372739,0.6583086818,0.0790307137,0.2490986878,0.0676307377,0.8078234123,0.3892545963,0.4870629276
1.0122566592,0.3790582706,0.6280550285,0.0481805265,0.0006127345,0.0948410215,0.2996807410,0.2056174856,0.9179578084,0.6811527542,0.8980675796,0.3478707655,0.4715552189,0.5110612096,0.1290278202,0.3221214124,0.7575268840,0.1397600020,0.8793629121
1.2718784372,0.4421472068,0.9170855254,0.2671302915,0.1292146501,0.0415145512,0.1819021150,0.9057632874,0.0313381780,0.9732940607,0.1647182406,0.6694335663,0.4443900051,0.0970218274,0.5652078720,0.0391163530,0.9873414678,0.1560503242,0.1527782220
0.7141981181,0.8787121237,0.8835422170,0.6297259677,0.6203339639,0.0654748021,0.4362566051,0.0033875383,0.7360625060,0.3777558507,0.1273172534,0.1224971550,0.2405151005,0.7810579815,0.7055050504,0.1523369010,0.3016156401,0.9843820055,0.4472859158
1.3242672277,0.1891264473,0.7526165754,0.0494248378,0.9264805874,0.6655504472,0.5289404056,0.7098480072,0.1399516460,0.7418545172,0.3610733523,0.3758445509,0.5024496326,0.3203626725,0.7592001053,0.7003639843,0.1978377663,0.4977766496,0.1429856542
1.8333373957,0.7143899789,0.2335828741,0.7411427516,0.9764932712,0.7013849425,0.4089277738,0.6922923463,0.3868850112,0.3219829410,0.7627336968,0.8039404886,0.2603118058,0.4941220274,0.4425499707,0.4959850088,0.0801146371,0.3769635644,0.7260277867
1.0049164683,0.3366534494,0.0419083478,0.7927583837,0.5315642417,0.5941490524,0.3263058396,0.1076086651,0.6552169735,0.0098897288,0.6946241493,0.7228283555,0.5212934436,0.2977918826,0.0581887658,0.4393441085,0.1385550407,0.6067413705,0.8190895561
0.5103811856,0.8487999002,0.7211836566,0.1931230167,0.8823782588,0.7946214601,0.3066483404,0.4723670994,0.2940126257,0.2273232719,0.4292888804,0.6603321932,0.4915747968,0.5531347797,0.2294286647,0.3273557929,0.3640819234,0.3938831779,0.0391405642
0.9721884884,0.2699062005,0.0583019513,0.5576238602,0.4432806890,0.9666041479,0.2710816265,0.8225651790,0.4951976547,0.2428699088,0.9228618136,0.4978569975,0.5446854421,0.8632346852,0.7420088199,0.0578800064,0.5972461279,0.9127885005,0.0429759776
0.8911966176,0.2971800187,0.1110515236,0.6517326944,0.6457400428,0.9497485270,0.2556726006,0.7006974112,0.8813624030,0.8813555012,0.2290197207,0.4778204430,0.9022569932,0.5878128637,0.1125413154,0.9471437858,0.5027667891,0.9593486217,0.1893234034
1.9361423598,0.5910108031,0.3886391414,0.5235549825,0.5068078635,0.9570846287,0.7713274654,0.3654590917,0.4215567223,0.3343892143,0.4794208097,0.7046813950,0.3882038253,0.0995746753,0.9812880234,0.4547945340,0.1425382675,0.9793778660,0.5045442074
2.1590328282,0.6324388394,0.5872564042,0.8392804196,0.7781379172,0.5088622445,0.9173486808,0.5654626312,0.6175835365,0.2267056026,0.5993753760,0.5846137298,0.9234288815,0.8153424679,0.7278747976,0.7889171644,0.1782227374,0.2655666387,0.7771228651
1.9337321499,0.6421205912,0.7989739378,0.0154732112,0.1957333571,0.5189591417,0.0539711981,0.1408354142,0.7399776209,0.2400960029,0.3031304682,0.7693697859,0.1671678157,0.2215061231,0.7014990650,0.8475227538,0.6528178440,0.5640355462,0.4918480671
1.0326213150,0.3419195390,0.4491044993,0.6092717080,0.0497561310,0.8301480346,0.0780277540,0.1571041194,0.8472710034,0.5819076331,0.7882931733,0.5536921903,0.9959553821,0.4410836635,0.3672715646,0.1810081067,0.6690458872,0.7778212937,0.9407927150
1.3523684294,0.1841554646,0.8923392567,0.1433672401,0.3527174362,0.6870909712,0.8936450649,0.3170703835,0.1255933363,0.5505451303,0.5943716239,0.3724666386,0.0655020057,0.1315514642,0.1510464460,0.3776261251,0.3863368120,0.3046758228,0.3633355368
1.3691892903,0.7349240374,0.9310252130,0.3032176855,0.0781204486,0.5881489931,0.3774571773,0.0944466187,0.6616942423,0.3382040688,0.7719485491,0.5884353336,0.9518799555,0.9917597719,0.4081478636,0.3596515177,0.1882401484,0.6456734672,0.7658375198
1.8365239398,0.6512906754,0.6340362953,0.3195885385,0.7401094234,0.3988851566,0.6315260335,0.1656633556,0.5087119826,0.5263899092,0.8755252378,0.5531397923,0.6376925247,0.1058853826,0.6940754655,0.5400479212,0.6401323988,0.4714700673,0.8438933159
1.1527951739,0.9835848124,0.7779130731,0.8817127452,0.1548670873,0.3374611466,0.0727526677,0.9942644538,0.4760817244,0.3059311232,0.9310904489,0.2672282901,0.8039533961,0.9002536848,0.4051357615,0.1802396952,0.5861493118,0.8480110516,0.7866210267
0.9543088802,0.1441729240,0.3276823267,0.4955317218,0.5342818947,0.2758231968,0.1686966012,0.7043742543,0.8051470305,0.5384099119,0.0142252650,0.8739947370,0.9639330160,0.8671380466,0.9776845778,0.2917332524,0.3966623618,0.7318035750,0.8445403470
1.9528342088,0.6703331272,0.7514943945,0.7108111751,0.1765549607,0.7364528990,0.8919387181,0.9075447625,0.3687836227,0.6302086725,0.9537196601,0.7549752090,0.0723305026,0.1597901347,0.4342580409,0.1327948285,0.8498134899,0.4007533165,0.8577955891
1.8900602071,0.6567556410,0.4980701881,0.5533662508,0.9528774605,0.3427817201,0.9269260083,0.0420412496,0.4137909548,0.4990597115,0.1341011723,0.7400759849,0.5670357155,0.3092362064,0.7504327366,0.2745431674,0.5820849610,0.6198169395,0.5401409383
1.1885009803,0.3255540468,0.4364932854,0.8233192546,0.1399975296,0.6158761807,0.5129155471,0.2836988961,0.4212229767,0.3069598773,0.5906468595,0.4764081466,0.9788786182,0.6079555331,0.0860548089,0.3482928108,0.1755101768,0.0159485108,0.3906043670
1.1899666739,0.8323943035,0.1903145397,0.9038578680,0.6757408026,0.9647507948,0.0262025944,0.1694802387,0.4359177330,0.0808720968,0.5375188190,0.4381622067,0.4591756053,0.6977090179,0.1019857244,0.0315200485,0.7433142051,0.1236601781,0.8195613643
1.2893723830,0.9678364620,0.7493806441,0.9922919775,0.8737365612,0.4088155225,0.2484166973,0.4413523945,0.3006242341,0.2797707718,0.6730728472,0.3604673225,0.3344081065,0.6079596303,0.6591331059,0.9308142031,0.6865629770,0.2637875787,0.5857060479
1.8421958946,0.7259416702,0.0622413288,0.8870041031,0.0577384608,0.4731186618,0.7486629923,0.0113662122,0.7817430547,0.5493821112,0.5764350295,0.5563330263,0.4789968628,0.6597452916,0.5914389702,0.0841071535,0.5466767645,0.5768602959,0.8456593176
1.3253324546,0.7185827537,0.2483826964,0.3807379909,0.3600404106,0.4585048394,0.5514215704,0.0342290355,0.6998128443,0.0360581058,0.3278526632,0.2531003146,0.2643811494,0.6212345867,0.0198312314,0.1075256489,0.3674458611,0.0470321885,0.6839470838
1.2450954630,0.7600096670,0.8673015701,0.4243947852,0.5918610230,0.9486027725,0.7709732064,0.3585048961,0.6893290380,0.9441953889,0.2793730376,0.3988512886,0.1910489046,0.5931863582,0.0156359669,0.7897080718,0.7656581994,0.2351881822,0.5367316974
1.0467208092,0.2687161210,0.5059391754,0.3747559824,0.9716594080,0.5461615619,0.5109709392,0.1907256589,0.2418361226,0.9666662846,0.8855619982,0.1523478873,0.4659770128,0.9575910953,0.4312802533,0.3496905805,0.7280224923,0.6170210250,0.3417891983
2.2658913642,0.6321117934,0.8454234704,0.9921835037,0.8181159316,0.2418023660,0.7828375510,0.6852875232,0.0250314195,0.3195800723,0.6889549754,0.5590159336,0.0450508781,0.1560716197,0.8704767873,0.5557460416,0.0815852584,0.0047100866,0.5049920151
1.9095747945,0.5518809988,0.6776409818,0.6675039462,0.9091229192,0.7016876129,0.2081251649,0.6707458577,0.0861470625,0.5043740676,0.4964014611,0.8105100499,0.9546910826,0.4869815399,0.2984234236,0.7473938614,0.2133145544,0.3884630310,0.5228180513
0.9246961501,0.2049984576,0.1024238527,0.6804799400,0.1925292448,0.3949959658,0.5416342115,0.5410172640,0.1103237683,0.1793385595,0.7878310943,0.1753150710,0.7090141577,0.3578011319,0.2176700019,0.9221614399,0.2695274558,0.3213398009,0.4908363738
0.2622839312,0.0485887402,0.0713215398,0.3156639997,0.0373043865,0.7658241798,0.9302286796,0.9786426722,0.3189280357,0.5455448199,0.7772028182,0.6054763585,0.6619049183,0.1526109266,0.6384884964,0.3938874740,0.2301681270,0.3720930031,0.9308728058
0.7025007768,0.9279523520,0.9700328686,0.7411966277,0.5551733924,0.8160016655,0.3862155660,0.2822623228,0.6187812057,0.8226675430,0.1030248195,0.7130722884,0.7927815392,0.8365623255,0.0232597489,0.1531892240,0.1076770942,0.0039945933,0.9092631423
1.1565863469,0.2820350218,0.6520518510,0.2166286840,0.0979430499,0.9180615902,0.0687319496,0.2362537500,0.5819047081,0.7841197092,0.9271927247,0.2131874733,0.2945244654,0.2490965025,0.6934801377,0.9122963562,0.1934364549,0.3285620614,0.1901669034
1.1905506412,0.3063134952,0.9034663315,0.1502896401,0.5257404809,0.9214340760,0.9583750009,0.7205119067,0.6881230455,0.0974295489,0.9695212065,0.3051022385,0.6878761034,0.7630190947,0.9938927922,0.0344881489,0.4250163783,0.3829288660,0.9005848764
0.6682267512,0.0923825544,0.8554857820,0.8108112955,0.4626770041,0.4572538876,0.1431312315,0.9526447125,0.9333554952,0.3105673959,0.5085629320,0.6037124968,0.4780560852,0.5122541957,0.4496165991,0.2808507806,0.7477465527,0.3052729630,0.2446419865
0.2410771371,0.8894558123,0.0613332026,0.4897922074,0.4088051943,0.7925474102,0.8502212093,0.2961714844,0.0378728557,0.1731110107,0.7128165825,0.3842678984,0.7915381113,0.9973845300,0.6640585594,0.6392620211,0.9945317707,0.2483585054,0.2460790932
0.8213756962,0.8176692934,0.9744019200,0.5178018021,0.5669174959,0.7567808060,0.5210905746,0.9320891690,0.7668682277,0.2979986547,0.6391592127,0.8497227257,0.0436126247,0.5756698281,0.0778392992,0.0348576206,0.1893199867,0.9043626753,0.7462786877
0.6428219808,0.0944438614,0.3074649778,0.9379569433,0.9478364653,0.9043425943,0.6437141407,0.7848926539,0.3896165447,0.5608532432,0.2189992596,0.3576465209,0.3499088559,0.7127560205,0.8068135534,0.6072781145,0.1562961370,0.0826643512,0.1627865799
-0.1037832633,0.9276678511,0.1635928601,0.0040534799,0.9247989669,0.0092227348,0.2561279417,0.8203367304,0.7830158976,0.0236300109,0.0124019154,0.3249444116,0.9415866682,0.2008184650,0.0265008405,0.8060412011,0.2541995860,0.3954749555,0.3617422828
0.4477217166,0.9686868483,0.5281121538,0.1779964104,0.4445252355,0.4179826948,0.7163099806,0.7586214690,0.7846340159,0.9373388582,0.7366542600,0.6313394161,0.9381840763,0.2965104289,0.2610696598,0.1524786026,0.8678339964,0.3796375953,0.1966897038
1.9923725339,0.5938552306,0.7160944078,0.3137556046,0.7796862304,0.2125012374,0.4888631531,0.3994285397,0.9628093732,0.9804188494,0.9104269191,0.7150639794,0.9781944383,0.8765611279,0.7726470925,0.2785653195,0.5128341048,0.1593273718,0.0830340064
1.0434046059,0.7383192029,0.1687361179,0.0394611799,0.0280505023,0.9236569646,0.2174560887,0.0587699983,0.9950074871,0.8420804132,0.8151114448,0.3639449795,0.1016467452,0.2982447682,0.1404718797,0.3403797930,0.8586128766,0.5827874230,0.1270489478
1.2024388517,0.4561714178,0.6031466122,0.2395851836,0.2870989675,0.4050320158,0.0916821891,0.9272526705,0.8177354793,0.3267466803,0.6433827056,0.3048963512,0.3326242437,0.6658985239,0.7739145624,0.5124163388,0.4944975457,0.7546825716,0.8046137940
1.1321749358,0.2799482975,0.5722099333,0.2344160486,0.3864259106,0.7954000895,0.5726984080,0.5000216071,0.2922335369,0.7675474621,0.1595016889,0.1111219509,0.0182410507,0.0040658247,0.7972169295,0.1698308927,0.3892161767,0.2957611726,0.9462236873
1.0535902162,0.7863822496,0.6696277089,0.4543653017,0.1767162048,0.5257802009,0.5493743963,0.1270725150,0.2369373554,0.8493540867,0.8834222170,0.2361523201,0.5794853156,0.1278271648,0.9396143458,0.6712526898,0.1631849433,0.5666332610,0.5723679928
1.2680758535,0.4368516628,0.8797685493,0.3049050135,0.2615264913,0.4100070125,0.7410011328,0.1633564372,0.0840093474,0.9950283346,0.3115406352,0.3531406091,0.5331822512,0.7079138883,0.1628890209,0.9168259591,0.8193517534,0.0702076414,0.9939965670
0.3993390117,0.9456127773,0.8624517276,0.3468100084,0.2664966365,0.3672503571,0.4569018165,0.0925270780,0.5372180977,0.9734260665,0.1680665761,0.6341607989,0.5366488794,0.3963428244,0.5834601422,0.2785948750,0.7497089864,0.6898688384,0.2930152213
1.0397452307,0.2160663109,0.0401639582,0.7328256048,0.5106025017,0.7586025531,0.7900131853,0.7979742146,0.2417916816,0.9190247868,0.6309041886,0.2364140890,0.3582058166,0.7148928848,0.5720143741,0.1856617208,0.7495996838,0.5735901844,0.1048568786
1.1209191696,0.7366525607,0.2990339844,0.0960173057,0.1046392552,0.5853724623,0.5975128184,0.1381246656,0.6332213184,0.2821904955,0.1138700715,0.5880437231,0.4643757476,0.9172770275,0.3835474308,0.8212166992,0.8263158867,0.2612671075,0.6959307532
1.7935569303,0.5140704446,0.6944218043,0.6540539418,0.9579875953,0.6112494437,0.9402338408,0.6567125290,0.3765491412,0.2557634177,0.7188165387,0.3688981818,0.5806102893,0.9444005211,0.4623425467,0.5900784672,0.9041487765,0.4228211475,0.0752399044
1.5926874285,0.7093457263,0.7355258705,0.3140117961,0.9311213732,0.7663641028,0.9151692862,0.0522473489,0.6311434446,0.2493510682,0.9234404070,0.0843795782,0.4830255183,0.3194581453,0.4764327935,0.9851522517,0.2608680636,0.4357051789,0.8006708032
0.1615936581,0.9279575689,0.1694612346,0.2657453525,0.3318221303,0.2449587344,0.2474278340,0.0519573300,0.2923732868,0.1709474889,0.2920122583,0.7931387166,0.5927956888,0.2168346396,0.9489698729,0.5543079713,0.3032920377,0.4445266438,0.6310632449
1.0553337529,0.9127357479,0.7105137314,0.8741367920,0.6913191549,0.4422079904,0.1672918527,0.7880011900,0.1606241039,0.5394160712,0.6938015785,0.7359198758,0.4901729289,0.6439648806,0.9246613871,0.8483223266,0.8385190003,0.6065664267,0.9523051998
0.6606904280,0.0980697010,0.1649255419,0.9120739126,0.3925338526,0.4497265630,0.7344117837,0.4967730603,0.0099790872,0.9868426427,0.5209670820,0.6058051444,0.1834163422,0.7318514818,0.5027420508,0.5733192884,0.7288374233,0.2556232369,0.3972069825
0.6500137079,0.1039153426,0.1339446594,0.5082305918,0.2288059402,0.8702193504,0.1944115624,0.7769170454,0.7792499273,0.2351618548,0.4276325945,0.7829571841,0.8185965454,0.4337056174,0.2381984915,0.4204207720,0.8431038473,0.6394307701,0.0269954730
1.1007184965,0.3128293672,0.3810711945,0.5470488644,0.7234877463,0.9117152963,0.1386819922,0.8589334008,0.7607167488,0.1633498705,0.3149523292,0.6142193044,0.0791597660,0.8306473243,0.7282896729,0.6736753199,0.6484698190,0.4674263340,0.6281170316
0.9020578368,0.7814331307,0.3926921575,0.2754546461,0.6299336563,0.9517027432,0.0186580348,0.5340216154,0.1279412732,0.4778839115,0.3505736129,0.3861154769,0.9416080145,0.4452715144,0.9053105683,0.4886616796,0.5246169555,0.9463749838,0.8959855164
1.1810526464,0.2380371073,0.7104873275,0.5607706331,0.5595578549,0.6505164498,0.7050533902,0.5425481053,0.3733376048,0.7359234182,0.6424358062,0.2157047241,0.7996251715,0.3996326540,0.7994425170,0.1627324487,0.3967582576,0.6297314441,0.8810562178
1.2084113892,0.1797280840,0.6979926008,0.0403485494,0.6708016900,0.9188549480,0.7441228514,0.0487587303,0.2995478627,0.5599605208,0.2669320784,0.2991691245,0.6675202694,0.2552071349,0.2380885820,0.3441569567,0.5719449558,0.9742360035,0.3329439432
0.6363735957,0.8351332383,0.4160083207,0.2760686928,0.8912811381,0.6970205583,0.4513209438,0.0110938751,0.9522313136,0.7932925689,0.4859970708,0.3843667826,0.6848420828,0.0984422445,0.2333466785,0.5760196142,0.4993286239,0.9502614636,0.9968650279
1.4127591965,0.7235151801,0.0370771849,0.5654532249,0.9013438062,0.3444971170,0.2050665172,0.2517067890,0.8239190514,0.8430076023,0.5168521204,0.3409027078,0.0559708683,0.3420795888,0.5041341075,0.8842092994,0.5303456683,0.0562847944,0.7336576298
1.4505202401,0.4481602332,0.7335869165,0.5717733101,0.4688913387,0.4146253603,0.8893588662,0.2742666622,0.0186879529,0.0306560813,0.7172050870,0.3465825003,0.8464024728,0.1824650113,0.2460418416,0.7283484914,0.1895782393,0.7753488674,0.5352455558
1.2314284104,0.3416526527,0.4294110110,0.7876056245,0.5213448491,0.7960342960,0.0980460794,0.5295365206,0.0496849543,0.5493303329,0.5202750503,0.5496849832,0.0529213968,0.1240392376,0.1956131133,0.0629672028,0.0666346601,0.6019736446,0.4896944672
1.1365855341,0.2239847012,0.0281577428,0.9097539395,0.3792237318,0.9575197414,0.5902679691,0.9783951610,0.9097524859,0.6276715895,0.3347495656,0.1084980692,0.4772974756,0.8072923895,0.5545204634,0.3729541725,0.4690728943,0.7717051479,0.7396068485
0.9131629037,0.4577969702,0.0215932257,0.2993219489,0.2889050729,0.8961448465,0.6821657772,0.8132635363,0.0914142720,0.0649241277,0.3684628595,0.6066388960,0.5392459408,0.8475986546,0.4918321806,0.4845053753,0.6591408279,0.6118399030,0.8128930139
1.9094742973,0.6019188862,0.3199672626,0.6188836399,0.2601807618,0.4821402199,0.6891504874,0.4293880845,0.4766707286,0.3668448238,0.6463513350,0.7491707932,0.5183847619,0.9221579684,0.8899923207,0.9500858396,0.0550258615,0.5305206624,0.4516508081
1.2254985751,0.4165215962,0.4811929088,0.6270382298,0.4685699005,0.8727339587,0.7467080315,0.7698781379,0.4862373802,0.2918863772,0.9133954654,0.3292208880,0.7091271501,0.8937883410,0.1423311241,0.5445426845,0.5651949444,0.4777337601,0.4771943206
1.1067433539,0.3461625221,0.2365862490,0.7619205656,0.9804067127,0.5558366236,0.0401736487,0.9487434675,0.9245392146,0.1904700922,0.1600893865,0.9349479293,0.3220951644,0.7541575419,0.7705269508,0.7323430841,0.8713042928,0.2220018500,0.4385228412
1.2693777916,0.3871178606,0.8500924366,0.8760137426,0.0875433815,0.9483860095,0.0940608045,0.5932050688,0.0095389318,0.0828348978,0.4797062568,0.8146595115,0.4365174837,0.8982456009,0.1946494164,0.4468264419,0.7390066772,0.5449226114,0.9652172500
1.2280276917,0.4434735469,0.8963444089,0.2591167597,0.9022314474,0.9662196661,0.9113660782,0.4986511800,0.4203621184,0.6264463093,0.8835675105,0.9278571901,0.6931586871,0.9824764507,0.2670878281,0.8113282915,0.2599563489,0.6060781022,0.1065707237
0.8495081102,0.1089189438,0.8089448240,0.6199449793,0.2632776796,0.8845721524,0.8350449768,0.3062476039,0.1161140264,0.6132461952,0.4743370036,0.8630051839,0.4227581911,0.1299024336,0.0162766400,0.9872783051,0.4934688544,0.3901208963,0.1906373858
0.3232855824,0.9041930122,0.4133154117,0.4164679918,0.6094161804,0.9247653195,0.7994357592,0.2982722071,0.2452451218,0.0191524289,0.4449325140,0.7596821112,0.2160755084,0.8991719510,0.0711429672,0.5509183454,0.9893602311,0.5108830879,0.3930176752
1.6903653448,0.4920830854,0.8350855041,0.9397573733,0.2113138286,0.0136602944,0.1526429775,0.1731497881,0.0793659866,0.3457537262,0.4135048662,0.1739963347,0.6558853133,0.7905256457,0.8380297829,0.0199129631,0.2539025019,0.5383553943,0.4809200460
1.7926629258,0.5515645499,0.6875909463,0.6077355305,0.3976457754,0.1428391326,0.7852242983,0.9127059857,0.3516637363,0.8512404714,0.7405149126,0.0625767574,0.8874857071,0.4987791823,0.4536726502,0.2707222609,0.0061430822,0.3633834000,0.6323961826
1.1743047136,0.5101454957,0.0917737829,0.2294598350,0.1167302267,0.6636180773,0.5337075027,0.6917308304,0.0595238738,0.0547521864,0.0040354770,0.3506844034,0.8314908187,0.5708202666,0.1304407812,0.4763452771,0.6729095116,0.2448691504,0.4254339144
1.0299494813,0.3551059072,0.1591495791,0.6956579089,0.6278690422,0.7489092497,0.3769095364,0.8152764596,0.6112339519,0.9631683835,0.1682445249,0.6513656587,0.0106129960,0.1739994416,0.7729538924,0.6541161198,0.6768835565,0.8472009313,0.5471023775
1.3542077840,0.8242931997,0.8336372333,0.9710934634,0.9693468383,0.3133375331,0.8795323409,0.0558776666,0.7216989810,0.5949760894,0.3036006665,0.7166940471,0.7200107020,0.2083346742,0.8157266149,0.8840883015,0.0715295711,0.4545010646,0.6382975077
0.9727853410,0.3112025981,0.3579675027,0.2825650498,0.6978207309,0.5944790695,0.5376223583,0.9423538837,0.0609671792,0.7741880435,0.2603435881,0.9534663517,0.1053695365,0.9227413653,0.9722121735,0.0862075693,0.9735149683,0.0717042913,0.6773827037
1.1073551817,0.8721385183,0.4937809649,0.8925773278,0.3619319952,0.8783786550,0.4205303156,0.6620836505,0.3835837722,0.6600359751,0.8015312470,0.4151828161,0.4274534553,0.5344643820,0.0266787284,0.7034907321,0.3253743603,0.4248272904,0.4862540123
1.2046013220,0.4182145807,0.9006588932,0.5114207596,0.8663251416,0.4920888283,0.1662752524,0.7941457192,0.1465313926,0.5715507213,0.4128219885,0.8561964018,0.5704461595,0.6828135847,0.8198157352,0.7544359160,0.1747982840,0.8071012297,0.7213859109
0.5291229462,0.8171103290,0.3766535050,0.1781577092,0.2275508803,0.0745698487,0.1612241584,0.7431619861,0.8856783934,0.5030729226,0.8263035830,0.5185138571,0.7730899073,0.6229881157,0.3454420328,0.0119791190,0.8674760315,0.8614557913,0.7588307968
0.8032612505,0.9692564013,0.4080830048,0.6173370706,0.3237516050,0.9366010976,0.9628857673,0.0650221820,0.1292289664,0.9382822755,0.9633200385,0.3556603093,0.6572258253,0.8690960210,0.3168561222,0.5716422676,0.8399494364,0.0495166982,0.7377490037
1.5072081522,0.7635403841,0.2664069496,0.7601760958,0.6145876916,0.6279072942,0.9381980171,0.6924030818,0.1453753585,0.6615433522,0.1030251424,0.5817259218,0.6043676018,0.5068655924,0.8863245789,0.8058536271,0.1064912657,0.2469427177,0.9556399282
0.1933875951,0.9329482457,0.3958762366,0.0606447141,0.0561938069,0.7404261627,0.1737215865,0.8034301554,0.6100076084,0.3403707901,0.7319665679,0.5141272646,0.9250651321,0.6750988096,0.0635702827,0.8442854784,0.7434787463,0.5756716825,0.0475743531
0.7954341745,0.1110357303,0.8293573238,0.6661335124,0.9774851779,0.2376652998,0.9065679109,0.5153260853,0.3681381647,0.4881407041,0.4362261866,0.9053265642,0.0941281038,0.5552446254,0.8726928132,0.3092894824,0.2308406704,0.2051750966,0.9487504858
1.3113576415,0.3407784045,0.0859607691,0.9845901298,0.6094281567,0.7966216775,0.8815217418,0.0721087089,0.4330322410,0.4617347628,0.0730987365,0.5860371036,0.8910736747,0.2965862336,0.0969051334,0.5764114928,0.1652952534,0.9352531874,0.1778997813
1.4526827542,0.7307918137,0.7078860911,0.5247606058,0.8204506119,0.6365984499,0.3815296195,0.7781082282,0.0614758550,0.3194113527,0.5504297435,0.0064576730,0.1332169162,0.6381002728,0.6122684128,0.8795810954,0.4860575017,0.4106646678,0.4443132610
1.7591433649,0.5347373897,0.1621124240,0.7769973590,0.3326657291,0.8175987176,0.9440332486,0.8160662868,0.1650687907,0.8623677478,0.9397441859,0.6561678850,0.8330072841,0.6824104295,0.2185295082,0.1983791934,0.7574260655,0.4830861601,0.1946689924
2.0752211894,0.6175826877,0.8898295419,0.7754569232,0.1363166174,0.4567889837,0.8550608209,0.7081353538,0.0818768582,0.7992976687,0.7770619640,0.7439218195,0.5558847094,0.0700504800,0.4225792958,0.7895969679,0.8228746665,0.0937732139,0.4893370045
1.0198907365,0.3770066978,0.7230856157,0.1184716460,0.5070880489,0.2997304340,0.3951475622,0.0996909189,0.7135527403,0.9194793359,0.6945995816,0.2460155483,0.0891712924,0.5308062296,0.2323401760,0.4464791650,0.8284661203,0.4634719243,0.8245761117
1.1865201558,0.4620172914,0.3241888230,0.2835548224,0.4983000381,0.2785840614,0.1286964258,0.4844727543,0.1615375742,0.9487578598,0.2297960420,0.8117493320,0.9454052171,0.1358172443,0.1603580609,0.6576939718,0.3695746262,0.3748024375,0.3615263710
1.5076939702,0.5406254863,0.2024136187,0.5094621040,0.2079400396,0.0231078057,0.5038168334,0.6262331621,0.4819982818,0.3612926744,0.7493207365,0.3751317683,0.0658613117,0.0715213864,0.7053645653,0.9414306393,0.9921957716,0.6403040300,0.9149104536
1.6531046347,0.6932471983,0.4603495140,0.4798833853,0.7979004956,0.0149224361,0.7243520073,0.2523945868,0.3299639275,0.3028701843,0.3804305658,0.6537884474,0.1442595040,0.6984361834,0.0400667314,0.8086570291,0.8369452369,0.1080859824,0.0524052807
0.4771859050,0.0736134134,0.0808519494,0.2619114762,0.7234462731,0.3394867455,0.7698449817,0.9881917609,0.1272858756,0.7988030640,0.5892764185,0.7645780383,0.9322063039,0.0145778096,0.6930834793,0.5135100049,0.8187760314,0.8528276555,0.3078426374
0.7142468697,0.8311887753,0.8573752790,0.4946390209,0.1577822429,0.5936637640,0.0937512075,0.6014572677,0.8257098520,0.2461632460,0.6531173283,0.0909593772,0.6927391086,0.3420000260,0.5264099131,0.6244486350,0.2572698228,0.6267476951,0.0706922580
1.6782663011,0.7087362779,0.3894952213,0.6812893630,0.9364357232,0.4250146986,0.2589844508,0.8779971832,0.3577861740,0.6697935256,0.0880510941,0.0314479600,0.7786742682,0.0707608629,0.3407508140,0.4929408408,0.1057678189,0.2570985187,0.1737597484
1.5140844589,0.5230790636,0.2354289177,0.4637762396,0.2284316811,0.9536334858,0.7218322032,0.7179931651,0.0561657644,0.6994046333,0.3241391436,0.5193910354,0.8295803447,0.3622053015,0.6236379668,0.5571315238,0.6294397464,0.6560290509,0.3868378100
1.1220260877,0.2197798640,0.6616128704,0.4004783480,0.3848115857,0.6333226397,0.7841455463,0.4305550176,0.8119416679,0.7654282599,0.5914257377,0.9701366966,0.9082741362,0.2756960431,0.4386456308,0.6325704626,0.8123910431,0.2682194123,0.4006955953
1.0531964624,0.9291582973,0.8631001238,0.9565383001,0.1389419863,0.7038532950,0.9460089028,0.1591144318,0.1206767492,0.3930507639,0.5214706140,0.6822006805,0.7176197310,0.7973712795,0.9815063343,0.7292857171,0.4463891098,0.3029492938,0.1266672540
2.0759562952,0.5513636725,0.7151962695,0.9234517387,0.9944527439,0.6863686609,0.2998839324,0.2674359203,0.6974268169,0.4885826925,0.1646764546,0.2687037072,0.2058105413,0.3591861564,0.8213513457,0.4468712831,0.5041602783,0.4109697978,0.9425783326
1.8234261962,0.6043352877,0.5360195640,0.5669997509,0.0813463576,0.9420240703,0.8508482994,0.6292982867,0.7901101921,0.0360599836,0.7095986938,0.6141833502,0.5476519079,0.3144147838,0.9702663087,0.2398702240,0.7932687741,0.3938005064,0.1063121613
0.7886214374,0.4071163203,0.1172159979,0.3465167935,0.9470803834,0.3185220317,0.3270480933,0.5584424503,0.6306192993,0.9478768830,0.1490664406,0.6759536441,0.3477250113,0.6371154903,0.6662298766,0.6619392118,0.3812262763,0.0016903392,0.6947177335
0.5461690689,0.8265656098,0.8105570129,0.0450267016,0.6528989230,0.2211527663,0.7481150687,0.9272162107,0.9743729851,0.0537204605,0.7938653854,0.2251757060,0.0361039222,0.2055818584,0.6923380066,0.8613675520,0.5601224090,0.9306777161,0.3503073923
2.0724046022,0.5607791261,0.6618959804,0.9978239395,0.4538186427,0.9880408062,0.5760792421,0.2389017967,0.6299816861,0.7796529648,0.0024327313,0.5142446947,0.0303967248,0.8580313084,0.0283748741,0.8683102429,0.0558285048,0.4620515432,0.5415585158
1.1737925011,0.3063307482,0.9582416898,0.1708155998,0.9701761390,0.8719127204,0.1832274550,0.1800758307,0.6309232690,0.5507988265,0.1533373413,0.6315618459,0.1210994970,0.0966522839,0.6782861348,0.5016661383,0.1585840983,0.8108186309,0.1620192234
0.8757685802,0.2547445816,0.0072695713,0.5965063054,0.2513672388,0.1709353175,0.5924094123,0.9577758107,0.8748688571,0.6799660547,0.9393773040,0.0859617263,0.9979840647,0.9025440436,0.1298406082,0.6670951075,0.1405296414,0.9169600703,0.7849334172
0.4424467383,0.8332785550,0.3737908108,0.2157239008,0.8019230895,0.8874947297,0.0037325764,0.0776099797,0.3084978754,0.1815857389,0.9980978322,0.0535279253,0.5448443183,0.5108394484,0.2756808772,0.2053566280,0.7507845600,0.4328411666,0.9478733153
1.3400066564,0.8374590407,0.7397170641,0.9863964069,0.5835014828,0.3562073014,0.7370079373,0.2510097253,0.4790001404,0.9653098660,0.6749574599,0.0607095106,0.5389717660,0.3779294303,0.4097045822,0.6954702321,0.4693895892,0.1917896550,0.3578941651
0.9659807405,0.4909347849,0.0171380149,0.2018245417,0.6308639843,0.9469252055,0.9076342866,0.8228360745,0.5104030680,0.7377469214,0.5024008797,0.1489517048,0.9191483544,0.8681834059,0.4460433461,0.3610313701,0.4729977135,0.5286642981,0.8727023170
1.2953921201,0.7542051355,0.2854205542,0.5236070352,0.1725370853,0.8887657440,0.5704067861,0.4620602582,0.5358683761,0.3509926468,0.9711181554,0.8504552994,0.4973236606,0.0964360865,0.3240417481,0.6470204901,0.7008054093,0.8377627872,0.7865912013
1.1046809900,0.3271543696,0.9243877642,0.6473255437,0.8041131351,0.2592512209,0.3264751219,0.9212033486,0.3930172426,0.4476720254,0.2625881027,0.5038539257,0.0739175754,0.8049798721,0.4657934724,0.8014551157,0.8287004746,0.2981517290,0.5353253683
0.9132871216,0.3177831836,0.1949431612,0.5607187212,0.7392913169,0.0658798386,0.7327247126,0.5500746013,0.0579182778,0.5469493070,0.5740115319,0.8188418198,0.7872355807,0.9167256136,0.1129559105,0.4180034237,0.4806530236,0.9575772973,0.3836183056
0.5996902010,0.9760501552,0.9959108777,0.4068554690,0.6861340629,0.0023433344,0.8858834949,0.7926764774,0.9256872259,0.5957459187,0.7143084689,0.8915939409,0.5015716597,0.8922992788,0.9274127788,0.3307142228,0.4544185825,0.3627008730,0.9043270877
1.1897069862,0.5177916261,0.0999898566,0.0017008887,0.4337173059,0.9763297227,0.2919117316,0.6652300176,0.7558447330,0.4298303576,0.1150865084,0.7672013614,0.3391778174,0.9014923379,0.0074071323,0.5223068864,0.4151669784,0.6100082672,0.1408281538
0.7772947713,0.1062493820,0.5609666827,0.5996471923,0.7488034900,0.0143175483,0.2891129343,0.4645514078,0.5749655529,0.3163981340,0.3681454039,0.2349566146,0.0219640227,0.4532122518,0.7976183341,0.7876305807,0.6094318464,0.5344211526,0.2539822782
1.1962868278,0.3259270041,0.7758354170,0.6214148646,0.2635463771,0.8856987758,0.8112193947,0.2393211759,0.1815241474,0.2636490927,0.3003453961,0.8726704053,0.3737385158,0.4830732205,0.5046215411,0.5664378023,0.5552791309,0.8185115947,0.2858729470
0.6834848726,0.1048065516,0.2405009404,0.7899504004,0.7602742209,0.1450522124,0.2628639490,0.3207742670,0.9732109856,0.2406835669,0.0619018252,0.4725223492,0.3686091204,0.3561244383,0.2740277953,0.3427882309,0.8531670784,0.6049072166,0.4469111649
0.6416971422,0.9142197122,0.6513880454,0.6385165905,0.3423453092,0.5426962233,0.3119593989,0.1538512818,0.0122910647,0.1985090879,0.8679529789,0.4461304874,0.9402717278,0.1316224837,0.7954464143,0.8693228108,0.1308455915,0.6414974520,0.2399203915
1.0163137375,0.0840076248,0.8103304007,0.1903501438,0.1786501565,0.7803127928,0.0057416777,0.9892555372,0.4206779715,0.7938171989,0.1207782616,0.6067929677,0.9778128725,0.8090654794,0.4820240176,0.0075198162,0.4137953455,0.8243738412,0.7970657409
2.0267646966,0.5844629824,0.8006097490,0.4198642338,0.4837388239,0.6159853662,0.1779174484,0.3166146714,0.0973790141,0.3572911950,0.3690623987,0.4463295490,0.4686641588,0.0578325089,0.0026814040,0.2119462710,0.1730575659,0.3779484069,0.4514902905
2.1172877880,0.6603717091,0.7270066213,0.7539944642,0.8441758869,0.6620769596,0.0605221274,0.3620036167,0.6541943250,0.6978710671,0.4300844692,0.7334129484,0.9704105352,0.9761643597,0.1071402188,0.4827984096,0.7463379740,0.3413752006,0.7606786317
1.7946172929,0.5722006153,0.8470697537,0.0511597162,0.2897588153,0.9698413934,0.4487585905,0.9832323723,0.5378299515,0.7558497324,0.3445331537,0.7035503176,0.6242960998,0.4826648086,0.2403866614,0.7851205544,0.3851593867,0.0668389236,0.1108483290
1.7888766049,0.4996387759,0.8407184041,0.7428798092,0.5440042087,0.2787344665,0.2844804138,0.4527572035,0.7253883723,0.3410582241,0.5348141993,0.0545997606,0.4544126875,0.0685276633,0.1963860734,0.6621107492,0.8494616328,0.9704569702,0.2694256288
1.5472946682,0.4752441806,0.3978376962,0.7207154075,0.5507067180,0.6193401753,0.1117502316,0.8310204935,0.9403376252,0.4701445863,0.8407492569,0.8170604535,0.1525800605,0.0864920946,0.5718325145,0.7651456570,0.4499045142,0.7439160896,0.4980585222
0.6324408224,0.0299210707,0.7594108291,0.1937008288,0.8369252464,0.4556486719,0.5697254751,0.4313853119,0.6123194479,0.0099181662,0.1196358326,0.6189476463,0.7588184936,0.3133527331,0.6635218849,0.0199247429,0.1620914448,0.8782456532,0.9932102932
1.6763221401,0.5811969382,0.2102406390,0.3804013062,0.9167743768,0.0977557857,0.6075076482,0.6680744125,0.3190927880,0.9108060464,0.3081222838,0.0485948932,0.1780478504,0.9804631633,0.9101451153,0.7532304832,0.3372829193,0.0404751838,0.9324924976
1.1610812756,0.4711956187,0.1475541604,0.5000274334,0.0865570976,0.3415712377,0.6922458270,0.7796825549,0.1277825388,0.9979939570,0.2807015432,0.2575721577,0.2381952082,0.3992539155,0.5108394753,0.4278211775,0.7350106491,0.7513209799,0.9043731661
1.8488642579,0.6547479506,0.8199632305,0.3258301922,0.1930415069,0.5235862621,0.2957939431,0.2412041581,0.8669478308,0.8443436422,0.5174016523,0.7595147077,0.0999285969,0.9796688210,0.6890264896,0.0409437900,0.5876175579,0.5076121368,0.5011377991
0.5373161750,0.0752995578,0.6152176496,0.8275056193,0.0898716398,0.2721221870,0.5103305353,0.9318769718,0.9196269635,0.7124088864,0.7173609936,0.8524310744,0.8366784653,0.5971030918,0.2626638712,0.1577825908,0.5659450632,0.6072599970,0.5922691835
1.4060893373,0.4514556965,0.9198301908,0.6065898654,0.6809704903,0.0997989705,0.8936878447,0.1828964572,0.7625839119,0.2113756778,0.3948669890,0.7664869330,0.5517089234,0.9555663840,0.6996137951,0.6738723569,0.2408103424,0.1627432333,0.9537362978
0.5707508308,0.0879376620,0.1102214590,0.1348842716,0.2535247528,0.4086430133,0.5406689400,0.6167506218,0.9290789714,0.2056165456,0.4804734415,0.6684464539,0.3825349727,0.5080179510,0.5333353023,0.0791029033,0.3238249413,0.0734778014,0.6466955012
0.6595692982,0.0953303795,0.5214354885,0.7539292254,0.9860724617,0.7290219721,0.2974299604,0.5011172322,0.6781476204,0.3624653325,0.3746255839,0.0503229984,0.9452762971,0.3075583111,0.0129412899,0.1206171820,0.8620441015,0.3180739711,0.7343687127
0.2847283917,0.8697853816,0.2361605455,0.3307035143,0.0209708469,0.3179572834,0.4591463890,0.4633115307,0.5131494995,0.6530026424,0.3076200303,0.7601006318,0.5158139080,0.7610099610,0.0292671889,0.7235893832,0.5405237220,0.8621684825,0.3576528140
1.1849251848,0.4168953641,0.9846893264,0.5455454729,0.1841567332,0.1958222763,0.1422595586,0.1558312230,0.6894875263,0.6503086972,0.1951618068,0.4011289861,0.9696531744,0.7202962389,0.5019926283,0.9598746235,0.6567059561,0.2505943167,0.8925055268
0.7409897768,0.1074837905,0.3102059724,0.1245133713,0.8472524051,0.3999108490,0.5257417060,0.6973995498,0.7653603121,0.0924809902,0.5765143978,0.6486402753,0.5466266693,0.6674724917,0.2116317432,0.8881345990,0.9896045314,0.8704672391,0.3435855964
1.0652460938,0.2971593854,0.9817311139,0.3732061644,0.5614170079,0.5474374900,0.5575209920,0.2128073912,0.6342548935,0.4180752143,0.1307081784,0.8484116145,0.1718484584,0.5455679372,0.4755076110,0.7345008250,0.5702404611,0.7282806839,0.4085396107
0.6003028439,0.1053140573,0.4320316986,0.8950623533,0.3553482917,0.6793705123,0.1357892545,0.3250826317,0.2706766453,0.1637389532,0.0512946738,0.6963099386,0.4947986643,0.0815078485,0.6515004943,0.7504037942,0.7522422037,0.5093209356,0.7591867535
0.1721415667,0.0350825536,0.1601660439,0.0286172466,0.3364549565,0.9866992289,0.9578036855,0.7178813146,0.8070143850,0.2025315839,0.7463149994,0.7370185248,0.1969926534,0.6025625759,0.2478607864,0.9291387624,0.5251855609,0.5237520530,0.6646045447
1.2817070141,0.5031479290,0.1065874177,0.2843434496,0.9569860334,0.4237584681,0.6291935624,0.0787834780,0.2475138321,0.3837480601,0.6825182601,0.7182328665,0.1271716004,0.9955451755,0.3689852922,0.2337048979,0.6692088561,0.6911016217,0.0093605742
0.3248700594,0.9015566457,0.4134729302,0.4400659640,0.2772231098,0.5716165637,0.0177907212,0.1098592774,0.3863274699,0.3737514028,0.1149156121,0.7079729184,0.7139811491,0.7147492783,0.0652200307,0.7196379282,0.8751406544,0.0269699083,0.4659102416
0.1317125674,0.0029880983,0.3913959721,0.1594562190,0.5329004794,0.3960192452,0.3227224004,0.2069699749,0.0066798025,0.7614765441,0.4096008700,0.9304906589,0.4965787046,0.9500669852,0.1826895620,0.7229564200,0.0235502880,0.0998848959,0.5526682571
0.8390280052,0.9427709386,0.8249406197,0.7614607696,0.3005444880,0.3585938883,0.2840309009,0.7467619833,0.0013330300,0.5696545156,0.9455354008,0.2515459008,0.4518142233,0.5235729693,0.4102594835,0.1581527864,0.2511878985,0.3001091783,0.7310598285
0.9664150763,0.0946875931,0.8995615141,0.3020522323,0.1695422623,0.0185952996,0.8950466585,0.6498062769,0.2132505614,0.1234818993,0.3730026793,0.8400881892,0.2519514157,0.0655634708,0.0611475211,0.0447000666,0.5199361069,0.8881606871,0.8399879524
1.9816144415,0.5901272917,0.6900334713,0.4377252060,0.4302838975,0.6356543282,0.7600641127,0.0665540611,0.9279478705,0.7911551713,0.8566976151,0.2847810922,0.4453852442,0.3344910187,0.3125575659,0.2211623724,0.6790088213,0.2861583236,0.2309764926
1.6491528618,0.7372314714,0.3259647527,0.6898756342,0.3704588495,0.9974665270,0.9986608596,0.1624146477,0.0673027210,0.5152143217,0.3502147973,0.6134915174,0.3073663104,0.8820864409,0.5505218801,0.7574530527,0.0947185462,0.3397365210,0.9471461075
1.9849906236,0.6349121825,0.9103126604,0.4541861603,0.6164495410,0.4480796856,0.2674485585,0.7310411973,0.0211094535,0.9183662732,0.3266803859,0.5366704812,0.8881244999,0.5144179150,0.3520563995,0.1606581528,0.5049839486,0.5237331318,0.1437453123
1.7725041181,0.6773665468,0.8890151968,0.3849122422,0.7415615074,0.8092459062,0.3515078034,0.4975113367,0.5348889565,0.3677283550,0.6553221655,0.6688948325,0.4457766598,0.4145488968,0.0458376771,0.4986223445,0.1808250385,0.0534630811,0.3749761265
0.4139218039,0.8743907536,0.9925380811,0.3270879029,0.7077281619,0.4822299082,0.2757182031,0.4488524719,0.3609341240,0.3421299712,0.4144582745,0.5823111150,0.4648740321,0.4707814236,0.6043724349,0.1489468760,0.5597437334,0.4641681376,0.6324826778
0.7517287239,0.4199507725,0.1038140430,0.0591352702,0.3389840336,0.2543643913,0.1454339885,0.7091511846,0.1283251522,0.9585273297,0.4657968034,0.4640765676,0.3226471505,0.7931214465,0.8205729481,0.7611576699,0.0643876330,0.8579210395,0.0218233517
1.3301243021,0.3174619421,0.4820055316,0.9227256545,0.0953216739,0.6248250351,0.4376465560,0.8503960188,0.7723675543,0.6532316155,0.7858031696,0.5004657490,0.2723085997,0.8235920108,0.8586959236,0.7393216166,0.1302912450,0.0831988186,0.8629324912
1.8297554282,0.5389196790,0.6522743208,0.6419349889,0.7697998203,0.5345673392,0.1081103611,0.8870492718,0.6197657220,0.7340829169,0.0495310086,0.4422184742,0.0784004133,0.8559289667,0.7952128895,0.8107912826,0.2040265252,0.4169158901,0.5291740517
1.1697209926,0.3057356274,0.6791008670,0.7872294138,0.5218231572,0.6816034742,0.3790847474,0.3040760334,0.3046349089,0.2371440497,0.0813824465,0.3035077704,0.2804094857,0.5789121606,0.2340812755,0.0942351979,0.7371593740,0.5733576990,0.2230531945
1.1871416257,0.3082300981,0.0231131000,0.8241415649,0.2484659197,0.4677912350,0.9906933155,0.2382497323,0.7631311871,0.5885718717,0.2144121577,0.7724606874,0.0628969316,0.6901435223,0.7982979112,0.0760349297,0.3270530267,0.0236585400,0.3565699271
0.3023438832,0.9975061392,0.0568822573,0.3532527155,0.7565697302,0.1031561798,0.7705203934,0.0150945934,0.0617131526,0.4811966722,0.8112402965,0.7260672876,0.4228125684,0.1610249821,0.3676607791,0.9352228102,0.1416993027,0.6108222486,0.7432280741
0.6732559741,0.9767072655,0.1808096743,0.6201835556,0.1436738769,0.9260954253,0.9480089908,0.0774310671,0.7737688834,0.3675097825,0.1885883965,0.4782862248,0.0638864119,0.0032471202,0.2690468002,0.1276535329,0.6226742212,0.2177505403,0.0812448978
0.6113958568,0.3113586435,0.0450022276,0.0197078219,0.2782054930,0.2973702483,0.3370730015,0.4654093483,0.5918593904,0.7069061899,0.5892641870,0.2613669754,0.2279324113,0.7563827620,0.0033277249,0.8531450784,0.5177911134,0.5123076750,0.7885643613
1.9480785313,0.6505728304,0.7339682666,0.6010890726,0.4184384324,0.1073673379,0.9882905326,0.6377414095,0.4147873466,0.4866451662,0.9115567559,0.5748781129,0.1077447440,0.8992139980,0.3599538680,0.5359771554,0.9287604338,0.8602048298,0.3117648114
0.3420766340,0.8688785874,0.8519407021,0.2233684431,0.5867617507,0.6196347438,0.8338661001,0.8078066206,0.9901512064,0.3413094661,0.4686944046,0.1398505445,0.1721899830,0.6679630467,0.5874603418,0.0641573694,0.0255240339,0.8846632939,0.0759693393
0.4147522648,0.9361858499,0.8159069540,0.3035796307,0.5527049726,0.0006215600,0.8094991660,0.5189585924,0.4089179154,0.3512960161,0.0782122661,0.4769390188,0.7195119341,0.5911775901,0.0487560421,0.4478970107,0.0257656132,0.8395723870,0.1306652971
1.1677319542,0.3062477079,0.4411886607,0.9082957335,0.1493278018,0.3408882967,0.4496190495,0.6781035827,0.2947372253,0.4729564058,0.5611453859,0.0075725411,0.4708235125,0.8451855083,0.1380491560,0.3825387132,0.8899636901,0.9855510473,0.9001978560
1.0260231137,0.1877714638,0.4768146086,0.5364187434,0.4505500412,0.7928633586,0.1573361143,0.5478740739,0.6787317573,0.8411021893,0.3110074872,0.1325058200,0.2666969755,0.1383021038,0.5636219330,0.4233908318,0.9327355390,0.2420776435,0.7232001327
1.6749186603,0.5016337523,0.8598499639,0.5934702688,0.0990061890,0.7788685416,0.3176121284,0.9985022276,0.2764952472,0.7989650415,0.5082620105,0.6520583672,0.6502672957,0.2373713096,0.2062032477,0.5203492630,0.8196571525,0.9934368830,0.9104924307
0.9516536200,0.4532301108,0.1967888464,0.1800256046,0.7367076499,0.8470122973,0.7732387481,0.7410072290,0.6938660534,0.4889933007,0.6146927969,0.2955775684,0.8014422725,0.8473843792,0.2153823449,0.1716644593,0.6026101025,0.6180336380,0.7600697749
1.0175354332,0.9546249221,0.6917788676,0.8740876540,0.6980946399,0.5358647810,0.2522725524,0.7205516234,0.7608810447,0.5894128720,0.9372705079,0.5365665943,0.6541451949,0.5157360522,0.2859796051,0.6915984719,0.6014502452,0.2392933058,0.3896008630
1.1818775197,0.9532881245,0.1952361108,0.9625082382,0.5449614525,0.6735149115,0.3177190030,0.7279652576,0.2932007785,0.8481733209,0.1310665819,0.4073268997,0.1577220481,0.1754859533,0.7693356467,0.0311779285,0.6413557408,0.0066135353,0.1506329411
0.6146332129,0.9013075132,0.4305621960,0.5330531678,0.7305366890,0.9944142763,0.8421058152,0.2347989971,0.2159902726,0.0874671849,0.1847869611,0.2713483318,0.2384851690,0.4501753051,0.7266197743,0.4926333341,0.7767691004,0.1963126973,0.7881435047
1.3050885953,0.9418107023,0.6126492231,0.9860386617,0.3025930867,0.6576736228,0.4854181632,0.5984777790,0.7978512183,0.2854428313,0.2616393863,0.5573653868,0.6009288515,0.3415181515,0.4883633234,0.5646052564,0.6276295789,0.4422238827,0.2934689105
0.0167243899,0.9210257582,0.1990322174,0.1758955008,0.2155428074,0.0635646144,0.2992128705,0.6040525454,0.0020670283,0.6826784690,0.1408188696,0.8454240609,0.0268938589,0.3477809213,0.0532314253,0.8571260830,0.1002223453,0.1963704728,0.4632855810
0.9544475749,0.1755997769,0.0933845315,0.9421797313,0.8181534610,0.7011563616,0.0549966540,0.0682538184,0.0620339747,0.7514203216,0.1890017215,0.1415618995,0.5928033323,0.2153442915,0.3112051701,0.9132502491,0.2139207475,0.1651104908,0.5385155711
0.6845125837,0.9015985772,0.5238411608,0.5908697043,0.6732776321,0.4719856396,0.2338338622,0.1180142503,0.7291442918,0.7774981455,0.1547813209,0.7620594158,0.7232680983,0.8453105851,0.5762422018,0.9346040251,0.0498591024,0.6992099125,0.3676469481
1.4736539161,0.4961838688,0.7572656556,0.1148584796,0.8028414930,0.8985588314,0.8027898563,0.0973771006,0.4973246234,0.8344017975,0.9865933806,0.9660975141,0.3423936613,0.1140654831,0.2904395117,0.1751982539,0.2881649613,0.4675040047,0.6746566271
0.9925404704,0.3821451557,0.4012454098,0.3880163981,0.4569200988,0.5096199857,0.3100176514,0.2476632670,0.1590810361,0.3356572426,0.9474121551,0.5052120855,0.8049407729,0.3197578257,0.4617074327,0.5373675931,0.2775457749,0.7741388796,0.4318961799
1.2612180035,0.7582596607,0.5745516138,0.3549071626,0.3032101004,0.9595183077,0.0512986666,0.0652499357,0.5344395090,0.1686911422,0.3587533370,0.0605245168,0.8325702856,0.3006101558,0.3633117693,0.5763068698,0.0704171149,0.7768475652,0.2038147336
1.2638325696,0.2408453046,0.8287733961,0.1798514694,0.1003504114,0.2343948120,0.9831302729,0.6589768887,0.3310735089,0.0261658588,0.5849057021,0.1268949974,0.6319663853,0.2957745576,0.1688384878,0.9094092451,0.2196627921,0.9009987005,0.3811267556
1.8843434221,0.5480243684,0.9810170492,0.7915309681,0.9859254660,0.9448562428,0.7953617623,0.7577938122,0.0513079015,0.2728979104,0.8257771098,0.6969858959,0.0598224136,0.9173716209,0.2534711026,0.0414191380,0.2336709778,0.1832558551,0.3079443752
1.7607744035,0.5176275630,0.0652386118,0.9014564933,0.6520271361,0.9370055118,0.6647862572,0.7765652412,0.6648634562,0.9685239876,0.9224465057,0.7561299390,0.7120510722,0.6337232734,0.4523711046,0.1868886650,0.8573530441,0.1758023040,0.2159639183
1.4592955383,0.4607862785,0.9710694753,0.9184083143,0.1602931571,0.1519767528,0.6325228565,0.0136129421,0.6422710386,0.1589649697,0.2761411333,0.7260000560,0.2628925817,0.2713131865,0.5282270940,0.6262608278,0.2473818647,0.1242444292,0.2877031002
1.8710856720,0.6671090073,0.7473875026,0.5499309178,0.9959743533,0.0213732909,0.7456276702,0.1626318006,0.5707993814,0.6357213095,0.5080481520,0.8125223512,0.4921321899,0.2122342662,0.1297863576,0.0585365322,0.9074984481,0.1438524013,0.0012269633
0.8187609893,0.2512747491,0.1828029327,0.0080330888,0.5032283237,0.2418590552,0.8037940628,0.3194406473,0.8485325959,0.5205782594,0.1544261614,0.8434443163,0.0245304012,0.1371289025,0.1557554812,0.9814028296,0.4568290426,0.9190228257,0.2664708818
1.0129501028,0.2658454032,0.2429728078,0.5610594064,0.7245739769,0.1031934562,0.4997332607,0.9094770504,0.7831987806,0.4591315791,0.4205403790,0.2907112054,0.8808032076,0.0276734265,0.0417526526,0.5829374930,0.8322544921,0.3705399104,0.9154534036
1.7236554349,0.7642668740,0.2082463697,0.9309680360,0.5379729484,0.7746541738,0.7658789940,0.9684077128,0.3889573063,0.2820092053,0.0302811190,0.9007552388,0.9450482112,0.6822042576,0.7711996303,0.3856066689,0.9992814626,0.0840351176,0.9151408496
1.7641336393,0.5252094946,0.5059044177,0.6924795748,0.6761293396,0.0930758731,0.9040929994,0.6802653251,0.6985536642,0.4359725957,0.4579138168,0.8842875067,0.5282849009,0.1519265913,0.4463579949,0.4905102948,0.1383183029,0.2431719469,0.1145157788
1.5403615932,0.5532362201,0.0316625053,0.4481688524,0.9554073361,0.2851885890,0.0173200745,0.1088459775,0.1321251849,0.6640762338,0.2493872878,0.7121647237,0.1058948999,0.9700166486,0.1603294140,0.6174430792,0.0397572372,0.3511716860,0.7971697621
0.2946554437,0.0533837092,0.1770981808,0.2407993952,0.7776058698,0.1122847869,0.9646390639,0.1006344977,0.4398885050,0.8576728820,0.8347467153,0.1747845325,0.7481965248,0.4058122741,0.5803902408,0.2868672203,0.5094784589,0.6164649091,0.6031347686
0.4974953155,0.0606041680,0.2659463578,0.0339234719,0.3431588760,0.6856092905,0.7777172408,0.0099785137,0.8929750346,0.6215788677,0.4007622672,0.6091323622,0.1153492005,0.5063663657,0.3338003763,0.1389464809,0.2091641367,0.0325023301,0.9138625444
0.9175596998,0.9951711086,0.8019314967,0.6889218406,0.4978869450,0.9034079755,0.4661190624,0.5761037542,0.7697931663,0.9704983065,0.9351772805,0.3828122211,0.5898162253,0.4460899651,0.5397214261,0.5849750936,0.2848917870,0.8479496217,0.2713767881
0.8289109118,0.7911655560,0.8940360691,0.1659339134,0.4872954957,0.8274778459,0.0102811275,0.0608309762,0.7665400317,0.2572267688,0.8673611326,0.9851484461,0.9465053483,0.8852705028,0.3900481986,0.1863458125,0.3343997678,0.0470708197,0.3744298234
2.0456250814,0.5622036608,0.8653228787,0.9077702823,0.6927323369,0.1389430253,0.0669324903,0.2117057494,0.5678988614,0.2712041096,0.5076519680,0.9517278430,0.2127530022,0.5614015710,0.7602103120,0.3048738327,0.9360773958,0.9717914866,0.1150081317
1.8282299803,0.5862057939,0.7757891532,0.3405395013,0.6341980864,0.5483189366,0.0817149914,0.1280222006,0.8891300105,0.9177736825,0.0202299988,0.8670373622,0.1118378284,0.6120950736,0.1623115182,0.9476004973,0.7042782599,0.8910044228,0.8311820175
1.9300131589,0.6302938942,0.7999379188,0.4443070684,0.4589225110,0.8380238821,0.1852404403,0.9104288346,0.8314236340,0.0256100868,0.8167606637,0.6292878023,0.7152288883,0.1296438879,0.0364804379,0.6208950852,0.6033405177,0.3221472453,0.4041032663
1.2452135625,0.4162486009,0.4342245517,0.7093235099,0.6131171174,0.0930960159,0.9973166604,0.4254690282,0.4735578815,0.1327274822,0.8071006956,0.2293679597,0.3714181613,0.4867944043,0.5420087350,0.2810864274,0.6205400393,0.3567680144,0.1591544654
0.1796333098,0.0187121781,0.3660242655,0.3040139035,0.6727688566,0.4091404043,0.5129711751,0.4693808930,0.3153633601,0.5805321103,0.5025970508,0.0453338050,0.2126197148,0.7702134761,0.2046054091,0.7108440757,0.2991563841,0.5755619390,0.8656616664
0.4390000354,0.0328495743,0.4522386289,0.0120026993,0.8369449898,0.7262286541,0.7861537013,0.5586754373,0.8963233895,0.7402650903,0.8918314620,0.3273093351,0.9519689822,0.9204596986,0.7413218388,0.2361895681,0.5111490412,0.4134924041,0.1330499740
0.8334161177,0.0716892773,0.9850698732,0.1298869467,0.3158614644,0.4388776921,0.0685441995,0.2443632727,0.3487698126,0.5710885133,0.1205693498,0.8150586766,0.4962510352,0.0413653829,0.6771156816,0.1524310015,0.1418484331,0.6848447551,0.1788609247
1.0606027670,0.3097576261,0.7310363979,0.2228420406,0.9521008247,0.5669867394,0.2028590196,0.4963520987,0.3718480561,0.1931658072,0.8721078076,0.3572169103,0.4324403894,0.4460160252,0.4828796294,0.8966828404,0.8125467507,0.9077916324,0.4276554152
0.0409847558,0.0075057138,0.1667448453,0.7495456523,0.9309189424,0.9078977112,0.8862463550,0.6108550959,0.9968896020,0.7182184421,0.8120485095,0.6155133742,0.6434487439,0.8952675636,0.2582464893,0.3942777210,0.5814505411,0.2804429389,0.1142894460
0.8601452470,0.1915595633,0.0724154222,0.3888650728,0.0485948451,0.6259601541,0.0566543273,0.5570552058,0.2932342865,0.8961790173,0.6356805443,0.6349097117,0.4375553805,0.7906766772,0.8260621409,0.8562042773,0.7612746032,0.5113834513,0.5003843882
1.1887469403,0.1169472786,0.8701167929,0.1231710314,0.6472465764,0.9471206409,0.6906325752,0.4885249875,0.6721589699,0.7599439504,0.3490579555,0.8952150907,0.4765153235,0.1169885421,0.5508315585,0.3402691974,0.2256706700,0.4885533059,0.7975183997
0.7307103903,0.1148690102,0.6017443794,0.8420869010,0.0867070254,0.2359431379,0.2902508725,0.1946656703,0.1825277647,0.4371307297,0.5019002504,0.1794934992,0.1711142429,0.7365825018,0.1760188854,0.4581905590,0.7963917032,0.6180468903,0.3458500284
1.2210100056,0.8358793053,0.2398133920,0.9316893337,0.3538200653,0.7482113436,0.7901319927,0.9372418517,0.8734753654,0.1737184829,0.8459994053,0.2749551126,0.1543673720,0.2592877383,0.2573159064,0.0300978446,0.2345945731,0.7140872980,0.5197433552
2.0110489662,0.6120967800,0.5553412041,0.6436312004,0.5936897101,0.8082804152,0.4517506585,0.4730065557,0.1454456369,0.8581184332,0.8736517986,0.9574384534,0.7793961827,0.6551828686,0.3779981375,0.8794927368,0.2251635233,0.9499883903,0.7441714164
0.9024101239,0.1547534137,0.0647061742,0.0500557930,0.1996437080,0.1741478588,0.6157555662,0.0995048869,0.7034478009,0.9547171721,0.7707403041,0.9333618110,0.0378870777,0.7009929479,0.1227759101,0.6716169193,0.2747814662,0.1663053252,0.1809407684
0.0344103118,0.0030650495,0.7111664490,0.8985035607,0.5512306377,0.5107053699,0.8265139213,0.3429176955,0.5722771987,0.5048226236,0.7159399932,0.7815636774,0.7239170317,0.3880264749,0.2715620158,0.2332088315,0.1560314833,0.4773708580,0.9795530609
0.9980028058,0.3654678139,0.1433485514,0.5413356254,0.8134093332,0.5861780485,0.1682141579,0.1096924482,0.9647234566,0.3678718899,0.2529456227,0.2889454521,0.5435086473,0.3934504639,0.1714582859,0.1948840210,0.6516675001,0.9693768676,0.4202254001
0.2112065779,0.8817659269,0.1495100109,0.3682869947,0.1419940430,0.2535705109,0.4699728804,0.8997127734,0.5762431198,0.6912801345,0.9812774886,0.1740139114,0.4493127975,0.1899320354,0.1506775689,0.0886369541,0.4338980841,0.1378019348,0.2217117132
1.2861521835,0.4354293599,0.4195890883,0.6926879108,0.9894388708,0.6441630098,0.5673076525,0.4649625740,0.1981644504,0.6666314167,0.9140294257,0.7930944627,0.5979899013,0.6968532921,0.7783641650,0.8017175297,0.1016559664,0.8445420015,0.4140180504
0.9447852632,0.3547859037,0.2308075983,0.5146277738,0.7759271418,0.5118001242,0.2281445959,0.9783918390,0.1298538186,0.9066420662,0.8717748311,0.5983908690,0.4465970605,0.3762834660,0.7904443800,0.3024024286,0.0805712125,0.2043474169,0.4675383922
2.1429834032,0.6384284416,0.2958955196,0.9456519774,0.3325441462,0.9154617887,0.4668027933,0.9877553704,0.5766927095,0.6865784158,0.7225517361,0.5700462842,0.2332330763,0.7355823939,0.5175664273,0.8166689005,0.4010355490,0.3382219119,0.3694672180
0.5974322312,0.9938906654,0.5649401632,0.3007405563,0.5342293407,0.3054243148,0.7469719602,0.2868601340,0.5939144125,0.0989537042,0.0702410220,0.6999316799,0.6817744752,0.5452440814,0.9691868551,0.0335769150,0.0390411533,0.1913502531,0.8943356962
0.2613155106,0.0563625547,0.5658360220,0.8772639779,0.0663417360,0.7914609936,0.3702757167,0.8873906516,0.2225329221,0.4949927323,0.5448989211,0.6489953193,0.9401200723,0.4519382897,0.4624855780,0.3718001429,0.7117212117,0.6627759470,0.5872592329
1.6993415444,0.7218261849,0.0301804023,0.7447238700,0.9003388830,0.0250028967,0.3219249330,0.1521386398,0.6090381452,0.6409492028,0.7091519305,0.9666329195,0.8367266366,0.1454057602,0.1025182811,0.0749298947,0.3551402334,0.8911531644,0.8001493175
1.8358578119,0.5604786180,0.8556886385,0.0946669594,0.1457255096,0.3822671027,0.3162534887,0.6686742444,0.7746341417,0.2919269705,0.1221631938,0.5927258646,0.4100013701,0.0973989133,0.8443932775,0.4822878536,0.1980918776,0.1779708853,0.5142839760
1.4900422245,0.5276698668,0.2723596755,0.0608913472,0.9623110289,0.6685655091,0.7579244185,0.5351136917,0.5285817831,0.2673180357,0.0303229254,0.6909882038,0.2596590986,0.3367074485,0.4152911724,0.5206903666,0.6979706817,0.1567232025,0.7414168787
0.2811803037,0.0386367286,0.8056200079,0.7936306113,0.6904823371,0.4418757815,0.0123177217,0.1323034763,0.6607009525,0.7250052492,0.0409989668,0.0443215339,0.9634789637,0.8812311183,0.0850394223,0.6248206241,0.1736554746,0.5956035821,0.4278107672
-0.0168511064,0.0286534760,0.2225939866,0.8580671067,0.5830925812,0.8999908840,0.2443962815,0.9767350408,0.1309515467,0.1898051013,0.2508897063,0.4592378402,0.6794481624,0.6133874455,0.5785314096,0.0560618722,0.7161798338,0.5050430491,0.6754266827
1.5285942041,0.5289794924,0.1223591719,0.4622952723,0.6091015733,0.5223590464,0.8458325767,0.2414396132,0.6287657854,0.7117367114,0.3324295236,0.3597635526,0.9533720995,0.3068439951,0.1761728154,0.9677769382,0.7091409081,0.2966551868,0.4459757693
0.3728191011,0.0687553589,0.0511936219,0.2080640080,0.8768212293,0.1024212267,0.9235704124,0.0370952632,0.7322838384,0.3902661364,0.2411156157,0.6601742234,0.8062448488,0.9062107568,0.4594224147,0.0961023354,0.0473395618,0.3626726594,0.2115210992
0.4747906116,0.9602751133,0.3791370005,0.3663067299,0.5126733715,0.2352083660,0.0399862929,0.2187949508,0.3514046730,0.5012718039,0.8161938969,0.1270816152,0.0650868213,0.9554640076,0.8994689783,0.4141171843,0.9263100029,0.7204096086,0.2757160990
1.1442532064,0.2633985106,0.8694154001,0.5746262988,0.7799017304,0.0240663611,0.5519838135,0.5845722364,0.3047325941,0.6369577410,0.7894751412,0.4472200823,0.6683956966,0.9117132153,0.8107104703,0.8789775095,0.1175719339,0.1174885450,0.2134010716
0.7232394835,0.7878380751,0.9026994654,0.0788704338,0.9121827251,0.5923702748,0.6562038366,0.9901702810,0.6019365499,0.6903749695,0.4568901148,0.0487949482,0.9705072346,0.1216030184,0.0915930036,0.4494383319,0.2260291473,0.4192472837,0.4815170334
1.7831990632,0.5571720917,0.8082505066,0.4861789858,0.4498979308,0.4502342568,0.4882577514,0.1310109002,0.3025491034,0.6773402204,0.3360231685,0.2144458226,0.2148291734,0.1903196470,0.7692435075,0.8817294854,0.3884995923,0.0878448155,0.8572890625
1.0773870509,0.4041764988,0.8451378836,0.1149782629,0.3543290048,0.6834030178,0.7078327054,0.1002788612,0.9794713601,0.0261939036,0.5111473963,0.8361289548,0.6409535359,0.4016459463,0.5859404772,0.3193460891,0.3838332144,0.6447889666,0.0047134148
1.2866531151,0.7952864866,0.7624417096,0.7752886608,0.3824463652,0.1186212526,0.8556025195,0.9343635538,0.4597751989,0.8636735652,0.0471720557,0.3151806014,0.9534577360,0.1747065935,0.6983915598,0.7492020531,0.8178986814,0.6599637822,0.7145710413
0.7292498749,0.7908589345,0.5192626610,0.0760331427,0.8334697108,0.4740450308,0.5083556282,0.6743787521,0.1436715583,0.7825287927,0.7897622390,0.1420968232,0.4862963211,0.5091258026,0.6484264080,0.1384168786,0.3762049480,0.4931608553,0.5441648435
0.7677781799,0.0811432528,0.6909136026,0.4597819492,0.7965539687,0.8264489612,0.3738565359,0.3377274220,0.6575942655,0.7885008851,0.8709506182,0.0046026118,0.8790635190,0.6475803630,0.6001770852,0.7785862656,0.0814843270,0.6550841620,0.8967437224
1.3507077183,0.4529881471,0.8837060954,0.1389724722,0.5652451379,0.4677328871,0.9063326448,0.4421930288,0.4831146482,0.2099075735,0.3301478424,0.6592491154,0.1147018954,0.3703586175,0.1309302954,0.6897711485,0.7649240577,0.4073863448,0.0663731075
1.4806383595,0.4429167679,0.9953512040,0.9544752044,0.2831644864,0.8712198836,0.2107983998,0.8706387867,0.4123954233,0.3848539427,0.8803882924,0.5023212226,0.5897379677,0.6496855047,0.3063513364,0.4677812179,0.5445865582,0.1440710200,0.5445403596
0.3057542338,0.9133020763,0.5572342551,0.2715310734,0.9612683236,0.6368329778,0.6580171694,0.4988013311,0.9304610094,0.1854901087,0.5718728602,0.9989772666,0.7029459959,0.7149067629,0.6919738964,0.7962266498,0.1118245945,0.6077990853,0.5239295272
1.0407725892,0.2704151229,0.2923910446,0.3963589425,0.1990077007,0.3131850553,0.9969573324,0.7487166574,0.5286777200,0.1658414625,0.5590830194,0.7609435613,0.8589694026,0.3727623179,0.6399571261,0.8602624561,0.0208701464,0.4192848767,0.6318255802
1.9414744738,0.6213260376,0.3997569395,0.6420804696,0.9725258496,0.9857949114,0.7281018869,0.2282757186,0.3997832745,0.1062681499,0.4493231423,0.3753579254,0.8068059709,0.9522116903,0.1954483619,0.6898751982,0.1935613533,0.3149686469,0.8126068826
0.7475711714,0.9375083327,0.6396783634,0.5898567274,0.3810585555,0.3944394505,0.0309135873,0.8774198433,0.3456296766,0.4851973291,0.1456624181,0.6076749569,0.7503843878,0.4913520554,0.4548321423,0.7284454291,0.4680172245,0.0144779920,0.1912275292
0.9482485384,0.7759019577,0.6406186750,0.0863775481,0.1983721153,0.3461665512,0.0156136785,0.3735520507,0.0153848696,0.5020954080,0.5607111908,0.9732848704,0.7499045859,0.3757325803,0.7482691686,0.4560212474,0.6779354736,0.2461604605,0.5176149109
1.6669255515,0.7290098780,0.8781477916,0.6719182475,0.6793546665,0.8101391936,0.0643511622,0.3093283627,0.1844320380,0.9222809680,0.2153940859,0.0429695805,0.9312731859,0.8762004881,0.3163129217,0.7654006524,0.5760177895,0.0681154074,0.1224128271
0.8424789388,0.9172490141,0.1151912494,0.7882684196,0.1330837670,0.0748456160,0.6538596003,0.9259453940,0.1226992195,0.2155736599,0.5059152355,0.7114910317,0.4684362157,0.5424210190,0.3307997716,0.2445069008,0.5968275583,0.9716615237,0.1492726816
1.8967546402,0.6127000471,0.7825823334,0.1098599932,0.0535247917,0.9625684584,0.0577611106,0.7492426854,0.8723526527,0.1111286543,0.3583479924,0.1728981390,0.0221253923,0.4348879940,0.9892486641,0.3444428595,0.7527169794,0.7356639843,0.1772195546
0.8854407341,0.2165420580,0.1113847353,0.3226755054,0.6027552588,0.7362854386,0.2591700239,0.7810139333,0.0753168774,0.1153908454,0.7035903034,0.8221401094,0.7501573810,0.6302290935,0.7398976158,0.3137022157,0.8309666276,0.7481463621,0.2330267467
0.9696240726,0.4573011557,0.0832685458,0.3184556452,0.9288537827,0.0872743427,0.7513100330,0.9370208267,0.2566950640,0.4918787228,0.8188723269,0.2706688782,0.8416622713,0.1568965324,0.6083488297,0.3631494645,0.3413161659,0.1292463936,0.7873878817
1.4251484212,0.7216280209,0.2798585398,0.4369055858,0.3684157267,0.5958134020,0.3392643567,0.0273868471,0.5860167053,0.0889413155,0.8371592275,0.3774106402,0.3669596313,0.0486980881,0.5899098723,0.7543754744,0.0222057568,0.9878541650,0.4198690378
1.8945977198,0.5753130160,0.8059822665,0.2151090410,0.2847986613,0.5719994030,0.0818969264,0.4985559065,0.7461437321,0.6300261464,0.3824253418,0.6911831781,0.2643627849,0.3583336966,0.6209729021,0.8058263795,0.5557888218,0.3314183157,0.9411698075
1.1551921951,0.2573518185,0.8940657233,0.7952887673,0.0419508495,0.1760234370,0.1646316787,0.4019126662,0.7643493414,0.3142654303,0.7108465387,0.5900863341,0.0087569233,0.5327632534,0.4094144003,0.2478194111,0.0450267486,0.5107062483,0.8235042683
1.3767596367,0.4134764281,0.9610058747,0.9722715590,0.3508126007,0.8572381600,0.3979569793,0.5588412905,0.6920310526,0.5865494314,0.5936168589,0.5087670500,0.7957207458,0.3830969678,0.8583552594,0.9418046213,0.8956609038,0.3329644988,0.7392015341
1.3508657363,0.1773781168,0.9700410700,0.0523295625,0.6010123598,0.1812293735,0.8990628190,0.6546907972,0.1640982680,0.8757591259,0.2581810405,0.4788321992,0.7277671117,0.1541900596,0.2312512060,0.7237271285,0.5662521419,0.0508425909,0.6613420942
0.5220814680,0.8525229477,0.2797849545,0.4978973808,0.5299796549,0.1712158944,0.8485278884,0.8175743204,0.4378306245,0.2578222807,0.3825750476,0.6643991679,0.2165924121,0.5214271737,0.6270278686,0.4290904057,0.9696855096,0.0637291888,0.2740670773
0.9852995771,0.2002322003,0.2308231633,0.1509218602,0.7002063847,0.4718821388,0.0858189349,0.6638987166,0.6254509966,0.4744765051,0.3917449574,0.3284581574,0.9483750880,0.6920020428,0.4648554234,0.9520968603,0.1692739044,0.4576828622,0.3492611126
2.0895309797,0.6081557828,0.4995239375,0.8008790611,0.5303965905,0.3077947172,0.3123497597,0.9213644757,0.8262997141,0.4063097106,0.4965684449,0.6086898684,0.0150807405,0.7005001221,0.6000831415,0.4303973175,0.0580892167,0.0148085848,0.9280626515
1.3435075776,0.4905963241,0.2000742988,0.4985445369,0.8095158187,0.0433357744,0.2303603629,0.6686208296,0.1360683923,0.9594140155,0.2602424444,0.5732594832,0.2389854758,0.0491343985,0.6005913562,0.2753245586,0.3630427485,0.0078462265,0.6759013473
1.0561833863,0.1244900959,0.6457645594,0.2975219190,0.3923712493,0.2033305196,0.3594354190,0.6545978264,0.0898387500,0.8633951981,0.4131863010,0.7549150927,0.3378702816,0.5645335070,0.7341293538,0.6732967318,0.1258231525,0.6763901357,0.4511020735
1.5907186687,0.6226717728,0.0188013337,0.0028428960,0.4228707976,0.1490765988,0.0541436042,0.8542276348,0.9296105727,0.8426615055,0.8723461342,0.3262207802,0.2994512415,0.7037398837,0.5758000219,0.4398589763,0.3621600550,0.2457176539,0.2813421881
0.8397567467,0.9390953918,0.3489503652,0.7205598040,0.6959260333,0.0057798163,0.4614063604,0.7592017161,0.6446375877,0.5767428167,0.0716843866,0.2702429556,0.2223941583,0.8725995661,0.2069568483,0.7070057151,0.6529956197,0.4246564394,0.3087289370
1.4944485340,0.5077087769,0.6207442891,0.2655901024,0.9189027017,0.3150909381,0.3472487940,0.1144415649,0.5038318862,0.8940398078,0.5452523056,0.8649340008,0.2864915147,0.2697756884,0.5267986421,0.7547487398,0.7507764790,0.4809249848,0.6281015914
1.0585500383,0.7664134769,0.9780220106,0.3348826627,0.6533348492,0.7500677877,0.9677690700,0.9332957861,0.4013974635,0.5566965825,0.7002035302,0.8225871174,0.8877728905,0.7384327794,0.6296589913,0.6468065546,0.8827457235,0.0058579649,0.3635371409
2.0601260474,0.6160593309,0.4374896351,0.6762692284,0.1931832787,0.0144050319,0.2141133844,0.4017875350,0.4248050139,0.6639840298,0.1214246138,0.6490883608,0.1462648214,0.0614200868,0.4232130008,0.1525123593,0.7959968742,0.8405065639,0.3793306580
1.8585717477,0.7098092086,0.9260826143,0.6683798949,0.6043846063,0.6361016543,0.9381854876,0.8076397052,0.6807743595,0.7084062732,0.5437283432,0.1143217274,0.9290658173,0.3634819770,0.8248762213,0.3771193317,0.6203676037,0.5328800036,0.0315952146
0.4466581988,0.8785479658,0.6697962988,0.3351736531,0.3242183474,0.7792839028,0.0246232851,0.2485092399,0.0265196224,0.5750948770,0.9205081912,0.5767286345,0.9721944847,0.4703216416,0.8303997540,0.8491547731,0.7228482588,0.4420493399,0.1154780719
0.6967003537,0.8740337742,0.8455739117,0.5792822982,0.0403157364,0.9462890748,0.8410384042,0.4941910245,0.2254739275,0.3242193237,0.9838642618,0.1232956970,0.7652863510,0.5028783968,0.0482174551,0.1405207726,0.5397252621,0.4936016428,0.9617109067
1.3118687235,0.4631911115,0.4608708465,0.1880467198,0.5583448028,0.0217733544,0.2441197562,0.2270926724,0.8181345493,0.2884364816,0.3497442713,0.9257662914,0.4772722518,0.7462238500,0.5023353386,0.6775813926,0.1907755677,0.9662697757,0.8120166639
0.6282878094,0.9427306004,0.8832184245,0.5432460732,0.7151308904,0.6613083728,0.0710511706,0.7904333151,0.1003748282,0.5669394415,0.3079064841,0.3497046765,0.7800858217,0.5705008998,0.2447772547,0.4809009541,0.5625654086,0.2941451486,0.0128888166
0.9201461871,0.2118934613,0.9534834112,0.9755621799,0.4047475157,0.8082753445,0.6163455617,0.2656747794,0.1772511550,0.0087216549,0.0793690016,0.0189623151,0.7827823287,0.3715914166,0.1559524340,0.4397214205,0.0759895424,0.6680263874,0.5657495254
1.2071727649,0.8019925543,0.7695996817,0.6894130232,0.3414170624,0.8832793237,0.0643606495,0.5499135033,0.2625546697,0.0944101051,0.2643947051,0.9531446593,0.7170627218,0.3399893271,0.7869362475,0.5217242002,0.5934158664,0.9504299406,0.5195199617
1.0455415496,0.3186595751,0.2215632312,0.6883817808,0.7683120295,0.8123236440,0.4601065722,0.0539718627,0.9828152115,0.5727425145,0.2110823899,0.6885090885,0.9301825241,0.5386917468,0.8181863276,0.2544399051,0.4225598966,0.8370939900,0.0270283254
1.3263793029,0.7823182725,0.8950262201,0.7228877483,0.3046722057,0.2300309222,0.5173857936,0.8590732515,0.2705514510,0.6240621480,0.0807187146,0.4746369350,0.6832209268,0.3780931541,0.3834141138,0.2776570215,0.1126935535,0.9489320009,0.0522977547
1.4276597350,0.7885375762,0.2127660749,0.9108861220,0.3421808624,0.3499760975,0.6699348699,0.7294646983,0.9929855355,0.2578702984,0.7568510227,0.2699516273,0.9226157955,0.1931272676,0.5367690224,0.3946982031,0.6652831091,0.6488144275,0.2798124346
0.8685665857,0.8334132849,0.7006902917,0.6177655736,0.4569669620,0.7487310351,0.2865112883,0.1506164430,0.4388078672,0.8768438094,0.3683705211,0.3202198154,0.8517085430,0.1216357616,0.9594482024,0.1463684788,0.4921401160,0.6888302484,0.6985758193
0.6934033662,0.8319252117,0.2919221627,0.5288009228,0.7373003487,0.7612018359,0.4359175819,0.3823202108,0.4809825100,0.7634260294,0.7563282236,0.7802279148,0.2170980246,0.3159547735,0.1337294936,0.6505585867,0.6524734666,0.3125281001,0.9944949458
0.8090695007,0.2409484345,0.0999893893,0.2655437943,0.7607251261,0.5464026386,0.8424498788,0.6415989749,0.8027058756,0.9326000071,0.2601023595,0.9096195878,0.0006539013,0.6504943749,0.2602793421,0.4875920811,0.3360381104,0.5301025708,0.9739921608
1.3832062041,0.7518775179,0.7424099271,0.6606475077,0.3044594065,0.5341336520,0.4096825722,0.1155304144,0.2462084553,0.7252718354,0.8686175146,0.9511435521,0.1005377442,0.3425979855,0.1939218699,0.7398579305,0.2497397518,0.8425184704,0.5965897672
1.3953647927,0.4264360321,0.3407156405,0.9271350565,0.0909349874,0.7677552860,0.6130700851,0.0343232064,0.0918616282,0.4862768677,0.4241482917,0.3880906343,0.3007692861,0.4157310867,0.0730348533,0.9059026645,0.3300103810,0.3373645483,0.8002992212
1.0392917508,0.2301036460,0.0219880201,0.8657725837,0.0453289168,0.9473760124,0.5867252536,0.9991860059,0.9178288883,0.7092285073,0.8046270953,0.5145836449,0.7323229261,0.9790219406,0.2358811962,0.7164258354,0.1595611092,0.0480245301,0.7131495097
0.4786920139,0.8998565967,0.9169549838,0.4597832486,0.7977110212,0.5332205624,0.2841931996,0.3096648465,0.9682467786,0.7248409775,0.7924783072,0.5216216740,0.9497893119,0.9570685597,0.9690857919,0.3425166406,0.7248039685,0.7371238642,0.8152954734
1.4736278295,0.7422541065,0.7978488989,0.4420766364,0.9010913990,0.3478238463,0.6762608188,0.6403986493,0.4015540687,0.8640979194,0.6957468777,0.9797672794,0.3287819086,0.4857446642,0.2661953953,0.7765003367,0.7014503919,0.9378158998,0.1222482383
1.5222510156,0.4979601125,0.3952551962,0.4551312100,0.3082080250,0.5990013661,0.5025868208,0.3089682593,0.6956354381,0.5933489493,0.6796074552,0.0027356009,0.8629233088,0.7767117232,0.5727320451,0.8133951143,0.7165386498,0.1729692470,0.0019847294
0.9808527754,0.8385396525,0.6875143519,0.6814132656,0.9530565381,0.6636210489,0.1332854717,0.5015381156,0.9466997952,0.3943145845,0.0973487021,0.3195524555,0.4684741066,0.3389457668,0.1778503938,0.4024395718,0.8498885870,0.2638347155,0.4481167775
0.3643136335,0.0035322355,0.8001521946,0.2886156049,0.0169014675,0.1828490736,0.5157822640,0.1001944506,0.5344965329,0.2830301292,0.8620959577,0.8598967279,0.0508092150,0.5827584009,0.4906202324,0.5476173222,0.5098601914,0.7933756673,0.1492860575
2.0152172467,0.5473587142,0.8589213248,0.9895073958,0.9829822169,0.5948655956,0.7171588434,0.5030166079,0.5414679200,0.0218103581,0.0282815762,0.4847335971,0.4442777850,0.6072727263,0.4366504702,0.6270262626,0.1453726329,0.8205657643,0.1502600681
0.9676974959,0.1545274717,0.7353811075,0.8892496513,0.9773803456,0.4442185753,0.4268230515,0.0279863643,0.0993592050,0.3946039485,0.0079273474,0.2333958069,0.4670692041,0.1425040347,0.5340880781,0.2856189900,0.4853426747,0.7469787374,0.7443766656
1.3533412957,0.4317861708,0.6910222433,0.4403346711,0.8165568522,0.9354318084,0.5955472516,0.7551729698,0.8656606911,0.3566553381,0.2134300795,0.7525264075,0.2609179178,0.3657951501,0.6892154258,0.9599509280,0.0169050385,0.4495379744,0.1232146197
1.9678139769,0.5638395779,0.0760680742,0.8234972549,0.2207677452,0.4597140551,0.0761097957,0.0350047704,0.2688234099,0.8325122152,0.0457348127,0.2583417241,0.1110051098,0.8798020628,0.3282924570,0.0906111859,0.0700966712,0.1538474785,0.4499273602
1.1250990926,0.2126855134,0.4891564301,0.1978755122,0.3246891702,0.4349014490,0.3519664139,0.9324985332,0.3780078076,0.3755657702,0.0083843335,0.8824223022,0.0297111658,0.9531535451,0.7295677268,0.4399739391,0.1072039461,0.4423189494,0.1198633886
1.3152181823,0.4230058649,0.6235323476,0.7124577348,0.0870982957,0.0108734006,0.2181815140,0.4075394055,0.7756912187,0.7312351070,0.3355742315,0.9564810313,0.3768531749,0.6632017965,0.9962776194,0.4194131478,0.9024432698,0.1928100034,0.7171377324
0.8757854078,0.2534283511,0.0235133340,0.3669671511,0.6434362610,0.7477054095,0.2111790709,0.1352894487,0.8104807824,0.2744890130,0.6478226937,0.5535215939,0.9182982274,0.1678350375,0.1886404880,0.1338555360,0.6148131919,0.3670649659,0.5034202257
1.0875419692,0.7777865559,0.2346854410,0.4879350950,0.9989000116,0.9265640621,0.4982431239,0.3658083322,0.3204229394,0.9975624954,0.7130240380,0.8487044877,0.0483877041,0.6968523090,0.3546008097,0.3189796582,0.4786266924,0.3896933467,0.3849380774
2.0207806301,0.5688777487,0.2160958371,0.8416569470,0.5831100690,0.1951904225,0.3270655470,0.4553692932,0.8309314089,0.5608422300,0.6202565733,0.7168047504,0.4034372384,0.0306763443,0.0233896648,0.8797418001,0.1228016919,0.9263798057,0.6723796004
0.9618078551,0.1926514007,0.2169524616,0.3770148496,0.7002407718,0.4994894861,0.7987758143,0.5302655726,0.8218625518,0.8064784336,0.0419011100,0.5831769521,0.9893597257,0.7949417519,0.1208563575,0.9212952472,0.3158042317,0.2421395265,0.9605368140
1.1248862998,0.8232940690,0.7941287959,0.7473235967,0.4198945555,0.1534349729,0.1137724153,0.7692688153,0.0228762937,0.1772499196,0.9094214824,0.0023906344,0.3105089006,0.1316898303,0.9270300058,0.9212692658,0.4285931107,0.7687380280,0.2545438059
0.3048953782,0.9283774921,0.8499737780,0.3021144605,0.4193075388,0.0842357369,0.4379838851,0.8934202333,0.5029786854,0.6477988036,0.8127022632,0.6862953545,0.3236524227,0.4451729726,0.1801028130,0.5833079356,0.7612754471,0.8615707746,0.7247803874
0.8150033288,0.4051281727,0.1336951525,0.2752665988,0.0390125109,0.3457521993,0.1139122359,0.2410435057,0.7832004971,0.9733376360,0.6273404507,0.9943185041,0.2644026226,0.7458690129,0.1348171553,0.3949226460,0.4969830884,0.5191412512,0.0360179216
1.5450065794,0.7067532079,0.0987540457,0.5336275799,0.4929030984,0.2639682903,0.0163431728,0.8397694682,0.0412862006,0.5594472339,0.6415405888,0.3438941113,0.5891726973,0.3602657186,0.7457484951,0.5735992407,0.6474495685,0.5487382190,0.8043709170
0.7976630887,0.1399931559,0.2558639545,0.8949597215,0.0094467737,0.8047894804,0.2407069472,0.7960164809,0.2888763346,0.6248328929,0.3653214815,0.7445610663,0.0243714530,0.4117918843,0.0204598729,0.5162665501,0.6598421213,0.8327008463,0.9178452979
0.5466801108,0.0446067351,0.7196477272,0.4333716794,0.4385121025,0.7784958833,0.2189423123,0.9242296399,0.9354681966,0.4030377447,0.1638318720,0.7523100772,0.6101521689,0.2939682750,0.0491080575,0.7779802449,0.4954154562,0.7988839975,0.8138770107
0.9695862740,0.3381897265,0.4198653485,0.2498902280,0.4549205204,0.2297994967,0.8084043104,0.3729024958,0.9956089393,0.7087031404,0.1974029581,0.5109516808,0.9280956169,0.4790513250,0.8449113481,0.3727610317,0.5199758017,0.1876709783,0.6243520470
0.9217796821,0.1765227626,0.1382497150,0.2505112633,0.7814788786,0.4228658112,0.7504591604,0.1892628894,0.9604847194,0.4780543764,0.2971237231,0.5370201214,0.7821160125,0.6745318629,0.0621907660,0.4959551011,0.2490018234,0.7518625977,0.4089545384
1.2606139896,0.3719293178,0.8310021305,0.5868552708,0.1388394072,0.7354958744,0.3227975326,0.9461589112,0.6703423910,0.6198143473,0.1562725088,0.3121238086,0.0657213865,0.2170736443,0.7144521278,0.8435282932,0.2217855732,0.0040822105,0.3467642194
1.1871803931,0.3885158461,0.5253672669,0.6675819879,0.9892468910,0.7463027036,0.2008840138,0.0281004003,0.8771078777,0.8228538752,0.2382109434,0.4705340407,0.1655716237,0.7677039133,0.7970422995,0.6710739872,0.5340034499,0.2594149269,0.2632835962
1.2408900013,0.8181967290,0.7250641239,0.8155440421,0.5006276655,0.7976314360,0.1814390171,0.4799630161,0.6114670167,0.1545120723,0.5665644335,0.6778661110,0.3532764169,0.5271613011,0.9840623232,0.6045748583,0.3131145553,0.6534426580,0.5076727103
1.2934714865,0.2283276422,0.6904540472,0.0592653442,0.4989071313,0.6413193404,0.0355354932,0.9173393808,0.8032219691,0.0239149783,0.7911896029,0.6058643677,0.5203358123,0.9030659449,0.7842790416,0.7415608132,0.3449581198,0.2665016138,0.1844532351
1.2510816547,0.2257208049,0.9214377494,0.3449727436,0.3751151191,0.5927465048,0.1744609501,0.0349807865,0.5000562298,0.6755085427,0.3175666772,0.1658158082,0.6226820249,0.2800386896,0.1307138074,0.5067186231,0.1562906045,0.4690588476,0.9931730000
0.6052473102,0.0239495119,0.6701295051,0.0173409554,0.6173501462,0.3710021522,0.7174148222,0.9308174920,0.5816848132,0.1587441204,0.0717776670,0.6328866880,0.7895790719,0.7251471969,0.7282830829,0.0594614417,0.2959985235,0.4193455991,0.3658278490
1.0348332393,0.3995048323,0.2803938752,0.4466386249,0.3839017908,0.1343686086,0.7665357375,0.8591924619,0.3172169605,0.2051837008,0.8532397148,0.5275264144,0.7187847000,0.8815298889,0.5138806909,0.3928834907,0.6696563139,0.5466311419,0.5362368131
1.9063160389,0.6360737367,0.9458847748,0.2023367696,0.7027693693,0.3290535610,0.9358274658,0.5622565854,0.2899782458,0.9268753688,0.4801749283,0.8687635218,0.8924928025,0.8687647458,0.0356295225,0.0642456786,0.4851766113,0.6495268245,0.8129282132
1.2826197871,0.3849175980,0.2314600161,0.8063772490,0.5947419487,0.1477885991,0.0195670100,0.8124355174,0.7551380736,0.7883913878,0.2941267626,0.8501219956,0.7483396783,0.6912349470,0.3687852637,0.0923987088,0.1707567794,0.0393998617,0.3373514188
0.6200897443,0.8180681164,0.7267874845,0.1143366899,0.8367306601,0.7101821605,0.5151966815,0.7909452300,0.0527685139,0.2258740749,0.1982886058,0.1779530828,0.9422533194,0.3534852034,0.6787110432,0.0634776067,0.5174800863,0.1619045701,0.8995013461
1.2492280182,0.1303359548,0.8790800272,0.2147925525,0.6071543915,0.2958923929,0.4912859795,0.9802726561,0.6545459053,0.0093554535,0.2287591778,0.5672507699,0.8592984853,0.9522284130,0.6145008206,0.7091244082,0.6479184210,0.9710675880,0.3431613172
1.4553759092,0.5389616448,0.3271337539,0.0572095949,0.6085928198,0.2153681999,0.4062240419,0.9022654327,0.1406949337,0.0032044436,0.6093963201,0.3129492240,0.0917580012,0.9991233315,0.6209439686,0.4530014157,0.3350976380,0.5039716712,0.5233733002
0.8849852537,0.1490530985,0.2006197192,0.5562332655,0.3774936576,0.7515059581,0.0680188876,0.5428179161,0.4634223002,0.9683234509,0.5399939357,0.6544026857,0.3686624788,0.9526636217,0.5617196749,0.5852545443,0.0507567743,0.1795952792,0.8661701766
1.0143557754,0.3717152052,0.6457971652,0.1760283405,0.7614503941,0.4158085845,0.9288733881,0.7057131124,0.3655034944,0.8913243011,0.1433316936,0.4417670870,0.6668314972,0.4723125009,0.9884471252,0.4406743198,0.2689912292,0.4420490687,0.4070323965
0.4086344272,0.0554801767,0.1335391956,0.0643624638,0.2362804036,0.0187860255,0.3455983456,0.1658716973,0.8631476427,0.4948330493,0.9183366408,0.0439036633,0.5960150729,0.0652175792,0.1492087288,0.0649400891,0.6458806917,0.1291501520,0.3082372805
1.7937095344,0.6253155769,0.3976855366,0.4857478775,0.1744664569,0.1961705160,0.3957142006,0.0492946456,0.2624278490,0.4582491021,0.1178616549,0.8130179503,0.9933389957,0.4414808058,0.0189115026,0.7760698301,0.3208631643,0.7871154718,0.9610049566
1.2382665859,0.4193587384,0.0436402457,0.6909844328,0.5260089770,0.5897894240,0.0948836977,0.6207274268,0.5423808157,0.9575105954,0.3004976496,0.1146814750,0.3048476684,0.1296644383,0.0469482577,0.7631595150,0.2680482241,0.3739247321,0.5814199640
1.2091860773,0.3882595518,0.9097574590,0.6595390001,0.2499104791,0.6184205135,0.4711922581,0.0933567287,0.7820677143,0.6707877048,0.8259775925,0.0843154766,0.0569020384,0.3647012926,0.9198573948,0.2541221279,0.9893447538,0.7323239132,0.6773543535
1.7577286545,0.6724035841,0.8294242544,0.2990515809,0.4293799957,0.7895414075,0.5365436598,0.4719036515,0.9222192079,0.3033175831,0.5094938755,0.9406482336,0.4957201623,0.1193365497,0.8114173353,0.4426414778,0.3602277795,0.0418287696,0.8879240581
1.8115666324,0.5045115910,0.6885053019,0.8029358023,0.8507526529,0.8872456360,0.4949591126,0.3967227271,0.9067117821,0.4829687740,0.7277955063,0.4040832676,0.2539674939,0.0600506257,0.4867801263,0.7911940853,0.3777326447,0.3641718235,0.9970307868
1.4622385972,0.7610479336,0.0100192479,0.8177825391,0.1340940165,0.5562882435,0.9813485398,0.9060951369,0.0911459877,0.9767193347,0.9242820210,0.2217676083,0.4508165870,0.9891886096,0.4145128369,0.7866293151,0.7663532765,0.8880321715,0.3394393209
0.3408683535,0.0650873589,0.0945119980,0.1899203443,0.0924371354,0.7613942564,0.1239243077,0.9725818145,0.8958381352,0.9465730026,0.1575139846,0.9258850753,0.1971288220,0.1607871412,0.7173752016,0.6483234319,0.2404522833,0.3014731455,0.7939481404
0.7303598770,0.0896764442,0.3833956583,0.0792746426,0.1865882230,0.2547446404,0.5240283477,0.5117760767,0.8926736572,0.2924002567,0.2804459857,0.4579049856,0.8635330014,0.3326382577,0.4539334222,0.5719020548,0.6157879482,0.5040110589,0.6664083180
1.4052666183,0.4271581034,0.7846240517,0.8832256221,0.8168779207,0.3548087972,0.1800965770,0.8031384438,0.4161670871,0.5737906923,0.1955608631,0.2854150017,0.0903487488,0.3862357562,0.3007090179,0.3609867412,0.9502311506,0.0220452476,0.3523925526
2.1166527519,0.6247026518,0.6015215839,0.8482438794,0.9202903318,0.0259168971,0.3659747185,0.9214140622,0.4053415380,0.9930493044,0.4602647359,0.8940928574,0.0822305117,0.5889919971,0.6232120129,0.2050656151,0.9626807734,0.8175227650,0.9736972650
0.2712986004,0.9233003740,0.2265937923,0.4269595393,0.6241452144,0.2854942833,0.5830600017,0.6828956748,0.9630340948,0.2092806459,0.7440949280,0.3905989347,0.5803754129,0.8482548705,0.8656324398,0.5761057305,0.3314526968,0.2341454092,0.5428770818
1.7831049316,0.6154521683,0.2022439847,0.1030753116,0.8664447346,0.7342992629,0.0662657117,0.5662661900,0.1091489921,0.2349666314,0.1744422683,0.5649918941,0.2955132720,0.7371308825,0.1641218435,0.2035302378,0.9515595338,0.2200957900,0.2084786781
0.8449310933,0.1197301244,0.4783239284,0.4208702990,0.3023822041,0.8517816088,0.1873368158,0.7121767212,0.6570846497,0.9737526387,0.5681062434,0.6807252883,0.3946662611,0.1070447668,0.1200394789,0.1276928560,0.3797847310,0.7884669156,0.3283225243
0.1055954024,0.8363958288,0.0450675552,0.1874570208,0.3395763668,0.4454524496,0.4509747472,0.1676591483,0.0822945103,0.4912168203,0.4597692422,0.4359515174,0.3928304612,0.8868920650,0.2170560274,0.7888241848,0.8930994212,0.6371386671,0.3154836898
1.2891582819,0.7627543824,0.0764353845,0.6112500346,0.8535837970,0.2630812039,0.4888742686,0.9499169905,0.3049093939,0.2748603052,0.6159423079,0.3355253976,0.5925975579,0.0358003007,0.4886013174,0.7228562665,0.3099106351,0.1020844952,0.4203863621
1.0989738848,0.7265104547,0.0253517056,0.3267966308,0.2551468482,0.6900142682,0.8377727964,0.2608104006,0.6398137891,0.3585750117,0.9958613885,0.2300057659,0.5752731224,0.1185039299,0.8474266581,0.5407027605,0.2309113105,0.9586174815,0.0478672963
0.7499399953,0.8318155571,0.9872702338,0.5593401736,0.4301556950,0.5105661552,0.1505978511,0.6905822107,0.1875794266,0.2550513278,0.9943620802,0.4934119566,0.0827922136,0.9747271212,0.4683556822,0.0625618829,0.6508955574,0.9909501093,0.0935798202
2.0468874869,0.6276033128,0.7229920240,0.5872171881,0.3534141052,0.4453690946,0.5974714701,0.4933949495,0.6728851870,0.9147465460,0.1091427988,0.6181570103,0.1907810693,0.4185947552,0.7273347747,0.9305584573,0.8304346832,0.7097975369,0.1858788730
1.2082391471,0.2247894621,0.6515009360,0.6775067639,0.4525349903,0.9577265447,0.6282495827,0.8365879947,0.3400283603,0.6100377826,0.0087542480,0.1727472214,0.6356445398,0.6007874474,0.3230150557,0.2935385962,0.7972562727,0.6673936470,0.0267038862
0.3832564487,0.9058320880,0.5300127719,0.2985473487,0.2070332726,0.9276074999,0.7850291041,0.9544587833,0.0131516661,0.6990460856,0.5072865756,0.1913862122,0.2250932035,0.2084978264,0.1649542835,0.9836387128,0.7662290012,0.9174908020,0.2052488143
1.9185566532,0.7291099708,0.2055442183,0.9697694162,0.7129974141,0.8855346881,0.8512958396,0.4380598859,0.8421982635,0.5695034648,0.4517586763,0.3259955131,0.9274128319,0.3782704778,0.8158511424,0.9674850487,0.3657990366,0.7389574514,0.2184991090
1.6276920107,0.5274850184,0.8260166094,0.4910003623,0.5749327127,0.7851438871,0.0431251588,0.8815771497,0.3321243238,0.2748343644,0.0630122321,0.3270628357,0.5705406008,0.0101999079,0.6460396147,0.6343941646,0.6623769111,0.0128946132,0.5102844881
1.2691341394,0.8613288710,0.4795486789,0.9798792550,0.2892885711,0.3165324870,0.4404958643,0.8553244773,0.0557686075,0.6889687051,0.4176597871,0.9097755560,0.8152341128,0.4760622875,0.4923182819,0.9178960249,0.9770337720,0.5046447265,0.4626515816
0.9095843787,0.7828382519,0.4501696341,0.1772135524,0.0862511217,0.7444558896,0.0623910926,0.2800159185,0.5894045721,0.7231898285,0.2918176219,0.3265878234,0.8193085939,0.7612541479,0.4834194907,0.6339573535,0.4405440440,0.6379660833,0.7987694165
1.0291474471,0.0842030244,0.8756706232,0.1207889519,0.8849963365,0.2034910408,0.5410777292,0.8975027011,0.2867931869,0.6241148739,0.6696481010,0.4621974837,0.8652559865,0.9404284155,0.9828388444,0.8944774995,0.7567828017,0.1749261593,0.4417647214
1.2119735602,0.1532582547,0.9484819301,0.4044035958,0.6789190635,0.7665605155,0.7988867913,0.6587507546,0.3256664371,0.9403585967,0.0320124521,0.2156943006,0.3765345263,0.1115625996,0.7935621849,0.5489036480,0.1341580685,0.6222082211,0.5091260897
0.1671973917,0.0273785618,0.9311463352,0.8339376891,0.1524554226,0.6559884259,0.4563770076,0.1249900082,0.3073992428,0.4046758401,0.5471096715,0.1926158846,0.3375362885,0.3088910459,0.4096096372,0.4849319630,0.0610255327,0.2970982067,0.5299682702
1.2554419294,0.9644183892,0.4076461857,0.9739426385,0.8554227373,0.3451081479,0.4116677142,0.4167736301,0.1153538063,0.7291272348,0.5011614793,0.1232260110,0.4284246275,0.1914135681,0.2549815886,0.3369075258,0.8662475832,0.2411791833,0.5233181600
0.2722435935,0.9761792363,0.9124382472,0.0073832539,0.5991455701,0.3322805040,0.5519028032,0.4150510539,0.7214041517,0.3309194917,0.8806637801,0.3403640537,0.9014875341,0.0833912850,0.6605492213,0.8176906171,0.8613934615,0.3117979340,0.8007561744
1.9473978541,0.6900579912,0.1995473999,0.8241433025,0.6847611714,0.1905330323,0.9985963333,0.3426606585,0.2811898029,0.8001998843,0.8445764045,0.6647783693,0.3096924997,0.4916736596,0.3788330927,0.8974091623,0.4519112366,0.6621390700,0.5666834728
0.7659085333,0.1104896883,0.4249245806,0.9036595694,0.9568489716,0.5583893431,0.5269961612,0.2902909691,0.2312251538,0.2943121052,0.1345090275,0.3437635208,0.6640821714,0.3670635367,0.5674683210,0.6330378498,0.9865098816,0.5224213735,0.2758792555
0.8186373056,0.1731785321,0.8782752085,0.9793157853,0.7572257873,0.3411972917,0.1509107809,0.7874553259,0.3406056665,0.4219375115,0.4020761093,0.0129834638,0.4685312908,0.1719604904,0.9000392002,0.9927074009,0.1851565719,0.9940705047,0.2197349730
1.2772835221,0.4519668439,0.5274641829,0.4306748112,0.2793520480,0.9759809922,0.9229094179,0.3322643326,0.2243283161,0.9243172575,0.1863350779,0.6159396794,0.2488236715,0.0235228658,0.0054070454,0.4099544098,0.0351738670,0.6964254779,0.5694704656
0.7068337601,0.9699971947,0.3020874373,0.6168706166,0.7523915493,0.3169226190,0.8094591419,0.9124458272,0.0872334005,0.7962611705,0.8414568022,0.3880867062,0.4693772418,0.5511702805,0.3055198501,0.1449537855,0.5439683450,0.6705277372,0.0963332607
0.1002435312,0.8778142821,0.0911577861,0.2297356846,0.2412093259,0.7313793834,0.2965873047,0.0315590979,0.0824718238,0.9515246177,0.8944440414,0.4617881303,0.9764296327,0.0886360227,0.3955093549,0.0115136087,0.7135943459,0.0886641736,0.0196633641
1.4428781648,0.4247089954,0.0954221731,0.9067430934,0.7965029461,0.2003522447,0.8087020911,0.6393858713,0.5394453715,0.8317861165,0.5493352377,0.5952180743,0.2039705276,0.4595099021,0.1786732839,0.3282783156,0.5579146943,0.4114604011,0.5865305723
1.0676239026,0.2180278613,0.9219363703,0.8204950890,0.6789010267,0.2269220865,0.8467695326,0.2958477210,0.4295960128,0.1440958851,0.7354652347,0.9163337999,0.2960471728,0.9557583209,0.1966212500,0.2818909565,0.4069122269,0.7572665751,0.0680255591
1.0229624520,0.7619953545,0.4234191188,0.0929319588,0.2065153503,0.0704355554,0.2099302919,0.8269882501,0.6701825902,0.0230475546,0.5154308468,0.0474753503,0.8279122937,0.8681348254,0.7405429071,0.0701171599,0.5488079054,0.0036699050,0.5796896444
0.2414953801,0.9406257025,0.8949794427,0.2020133024,0.5490868339,0.1741015566,0.0190659608,0.9272569688,0.0668951145,0.6953764582,0.6648638786,0.8005435628,0.0393709442,0.3614759510,0.3666455848,0.8484459772,0.3513464074,0.2321929021,0.3038848102
1.8063103965,0.4971846181,0.4623528469,0.9655434617,0.6048581967,0.6910876558,0.1263198105,0.9620708856,0.2773897926,0.6613263360,0.2288329596,0.0690212304,0.5948361369,0.1335234221,0.5937211533,0.3458800152,0.3228741322,0.2409409684,0.3997878002
0.5489557757,0.9185142876,0.5096977289,0.4508273950,0.6696472850,0.3366222659,0.4771452764,0.0549890263,0.1508560240,0.8745650085,0.9596394816,0.6612322955,0.4280324792,0.5343488649,0.4509891455,0.2970921940,0.8317687906,0.9874131009,0.5985843791
1.3059232869,0.4574764704,0.6005595171,0.1074134617,0.8080006107,0.3783656692,0.0231397922,0.1908534580,0.1250770554,0.3508929454,0.6025009856,0.8155657679,0.0256221147,0.7975215528,0.9445400484,0.9962486524,0.6496960609,0.8353633906,0.8144814244
0.6798592643,0.8852572086,0.7051866794,0.6384449437,0.3707586719,0.3618413620,0.8591226018,0.3911945774,0.1386992721,0.1445782470,0.9292344870,0.9523081541,0.0637630823,0.6563184306,0.8771112763,0.6297009646,0.7438170224,0.1691661052,0.5408214791
1.7346571820,0.5581353173,0.2860064720,0.3495701247,0.2030833513,0.0386227497,0.0952702436,0.1253927708,0.2566660287,0.9379373086,0.1024684797,0.2074522132,0.3198629265,0.6769558020,0.5505088980,0.3318471718,0.5717533320,0.2958565017,0.7165138662
0.1327871953,0.8496538415,0.1369221481,0.1703732397,0.9852563374,0.9021662126,0.5353586213,0.4600618886,0.6432474382,0.4273963955,0.3494294376,0.3140007437,0.8096500525,0.7831597075,0.5152442649,0.8894312359,0.6036719612,0.1579524787,0.5009363495
1.2782512520,0.9949744622,0.4936078779,0.9070841604,0.7671864120,0.9391015871,0.1198595707,0.2375225357,0.2062704604,0.0636730561,0.6040635613,0.5978173662,0.3249840444,0.4553000182,0.4922153392,0.6614373109,0.1662496495,0.9030359724,0.3362150265
1.8106564200,0.6437255306,0.9539048446,0.1567996562,0.5826794008,0.8636611617,0.6097689819,0.6263401885,0.9006041599,0.7336330274,0.6327499557,0.7424314259,0.2154927686,0.0879220044,0.2082211065,0.1768702833,0.2008124196,0.6670013524,0.9947936381
0.4469744195,0.9835949558,0.7882092241,0.2305420432,0.6827639555,0.9212746247,0.1823221166,0.2689852419,0.3827570958,0.0681610900,0.9269217543,0.1010812349,0.8468770171,0.9844408785,0.0188855472,0.2138084978,0.1295919893,0.9160984173,0.7471042016
1.1332450500,0.2843652109,0.7045320985,0.9280649001,0.7397696091,0.0069834540,0.9082446778,0.1830361958,0.7115097758,0.1199850629,0.4340480302,0.9717916039,0.2363356604,0.3816255091,0.9877482992,0.2530728560,0.0008354771,0.6382747822,0.6153856784
0.7017626669,0.1057332291,0.4665736857,0.7754586752,0.3511393315,0.6194442933,0.8856759286,0.0077759033,0.1094469629,0.0331670000,0.4028768940,0.6805057032,0.3347531097,0.5313800306,0.8967345684,0.1922964729,0.3434475444,0.2634623408,0.3570678340
0.9621104422,0.8471083781,0.5273018858,0.7498127763,0.0083294667,0.4626407936,0.9836103112,0.1057485783,0.7634711353,0.9656227154,0.7052773481,0.9365362402,0.7319234261,0.7445462470,0.3109189357,0.9473994126,0.3902644222,0.4663002137,0.0886085171
0.9974492016,0.1990637156,0.2982939145,0.9764140641,0.6457744660,0.7495440385,0.7407526905,0.4674649657,0.9084545087,0.1395985895,0.9581080919,0.3093850931,0.6749331998,0.7988022817,0.1381274470,0.3835221203,0.9459305011,0.9533877646,0.9724187621
1.5843710947,0.7134131909,0.2493406504,0.5894885774,0.6739452298,0.9406289519,0.1844992751,0.5447484093,0.0978785524,0.2848419341,0.8217644292,0.9972691757,0.0243386982,0.6504779872,0.4031795044,0.5059623773,0.7746348235,0.4610271862,0.5020656080
0.5003874943,0.8624244986,0.8792080296,0.3541337566,0.7952868184,0.3062989717,0.4576505264,0.4377579647,0.4099522074,0.2468031516,0.7760273784,0.3293786838,0.6851942434,0.8380758957,0.7452458104,0.0720715274,0.4232348185,0.2425248676,0.1554033638
0.0843259899,0.8893137324,0.3297215576,0.0560273242,0.5138909306,0.7594778881,0.0043555022,0.4978138428,0.1483204621,0.0126408240,0.1423744588,0.4457603819,0.2168421338,0.4965018768,0.1441798898,0.5635469349,0.8118015975,0.5585155439,0.1728553899
0.8274714698,0.1565113843,0.0820752381,0.4066577968,0.9532514823,0.4308641845,0.5452335415,0.4936035593,0.4035309765,0.7186347624,0.8171552816,0.9844134563,0.3988342128,0.5340953523,0.7671405374,0.5164918153,0.1924627794,0.6768002036,0.7319480748
0.4824471804,0.0672938968,0.7085254084,0.7488219338,0.2550450187,0.0475795604,0.8158784820,0.2590659337,0.6096813185,0.1914992255,0.3917397452,0.5738071307,0.5409480221,0.1025637037,0.1366621952,0.4116180322,0.7537755494,0.6020755872,0.5354212565
0.9918209710,0.2250296650,0.2838999410,0.0261898300,0.8279288225,0.8596890627,0.2694856700,0.7227887380,0.2308519245,0.6990086202,0.8687309423,0.4998534433,0.5099751223,0.6740998886,0.4215079463,0.9435141865,0.7809369963,0.9461333359,0.7695953224
1.0248623502,0.3006484851,0.9967726491,0.8179887547,0.1063629682,0.8440087503,0.2040745590,0.2064749086,0.1899927877,0.2889315559,0.7807489823,0.0823031590,0.9923434374,0.6912370975,0.9653983040,0.0567968226,0.9914145095,0.9377319375,0.2431839091
0.6638899133,0.1052969975,0.4829270995,0.8908886571,0.2618033611,0.2244629463,0.4655495284,0.7356744616,0.4400654574,0.6590063783,0.0542945841,0.1058526922,0.1953425799,0.1336049570,0.3791400847,0.7088207060,0.5044212493,0.7164203122,0.2931023460
1.4096100668,0.4500400964,0.8945490001,0.5297575075,0.9648444278,0.3469896936,0.7816208912,0.2408406234,0.6579770627,0.6661561832,0.4838951560,0.5895185075,0.7593069784,0.2159653897,0.2631869215,0.2187778752,0.6273310066,0.2788865624,0.5096928143
2.0461222225,0.5987504060,0.1946051178,0.8493074927,0.9946015415,0.4527920293,0.4242116329,0.1518326360,0.1530420987,0.8019896592,0.4054154880,0.8818784172,0.0189156678,0.8168896988,0.7628388841,0.8273457602,0.7259102066,0.1626063676,0.6644769279
1.9200280518,0.5378161459,0.2100528357,0.8787862017,0.6844695541,0.6613672043,0.3443489334,0.1724503827,0.4631081167,0.3452162355,0.7994659837,0.9886646328,0.3948719503,0.3913939571,0.9375734291,0.7234849351,0.1802011358,0.6112517372,0.3652373904
0.2683395082,0.8975749183,0.2188618460,0.3332950234,0.5834244430,0.0753453016,0.5402914991,0.9827791375,0.7606862797,0.6723696398,0.5997283513,0.4700329166,0.6818494373,0.2158239187,0.6295125141,0.3629015181,0.9399037900,0.6670759080,0.3164988999
0.3965039458,0.9963829913,0.1471897314,0.2744554843,0.9415107140,0.4738223990,0.4337941852,0.4196059974,0.6792839305,0.1827592996,0.0770742531,0.7446549006,0.3197023808,0.8864111774,0.5541557990,0.7602554906,0.9418390763,0.5735371243,0.9843669989
0.3217724510,0.9035233390,0.3011014257,0.3674035840,0.3618497816,0.8242733911,0.4547927286,0.9705171494,0.8866844151,0.4039678358,0.7163332351,0.6019880989,0.0453990194,0.3276767606,0.9822629626,0.8220511495,0.7012745501,0.6230148509,0.0393172968
1.0480480051,0.4380143621,0.4544769289,0.1001295809,0.4262421417,0.8405789429,0.1550115515,0.9240509382,0.5096057158,0.2589482369,0.9599090762,0.7067640413,0.7459125053,0.0211920509,0.7968626186,0.0084874267,0.3548657247,0.0594100643,0.3602537185
1.6560149103,0.6674916168,0.0173633303,0.4583134359,0.4194529496,0.4399599374,0.9628553907,0.1123073226,0.8118512824,0.0015764377,0.2674468068,0.6674829230,0.2318317708,0.5542746669,0.9457765738,0.8564468051,0.0990616523,0.5855811090,0.6097432078
-0.0339647970,0.0149743922,0.7868657828,0.9972256303,0.7375122109,0.8499910123,0.4875383347,0.7635419021,0.6665822800,0.8138546337,0.9864975775,0.2894480809,0.6393248714,0.6379607005,0.4400314322,0.9315841110,0.5472115616,0.1132213162,0.9453350532
1.9829895133,0.6922494548,0.4674790971,0.8837028852,0.6057134127,0.5275413072,0.5325537547,0.1184864758,0.0772635042,0.1223133305,0.3939403868,0.0788253805,0.0377664677,0.2800683496,0.9642710115,0.1415883960,0.5450864957,0.9565032714,0.9527840341
1.1472844621,0.2506127181,0.3671840799,0.5950485451,0.5582583597,0.8793866746,0.4248366824,0.3320965018,0.9354756729,0.2814212362,0.6383083979,0.7189256366,0.0927299518,0.7596387056,0.0683407245,0.0209768030,0.9655399721,0.4720558217,0.7162741331
1.0433477764,0.1539462212,0.7226775481,0.5755134183,0.5822532344,0.8667260104,0.4909640830,0.4843588506,0.5282170305,0.1010682047,0.7836840879,0.4653803683,0.3939910831,0.4644292640,0.3713023692,0.1049282862,0.5493956641,0.1633287673,0.6308759645
1.1901850950,0.4420513624,0.2316603229,0.5941173022,0.3149484650,0.8767016833,0.1056428378,0.7533504362,0.2199386949,0.9178842159,0.2069209832,0.2706623938,0.5040382967,0.8111442447,0.6558161597,0.7267499589,0.8533203737,0.4200067986,0.7583472328
2.0213486178,0.6313299646,0.7994080877,0.6181010788,0.6624179996,0.5501137342,0.7849799650,0.7763848643,0.5357148294,0.6609875919,0.4401583725,0.0830033879,0.7014535298,0.4342244501,0.5105971028,0.9030739219,0.5789906480,0.2835711554,0.1250121890
0.8668242070,0.1403208883,0.7058538532,0.6675888124,0.7158265962,0.6196428518,0.5753251050,0.3393140128,0.9105080779,0.6071948023,0.4754948339,0.7544111766,0.1907059345,0.7534215302,0.7613543415,0.7693225831,0.8253145039,0.9951587149,0.5255133851
1.3276202324,0.4141608144,0.8684096196,0.8545163596,0.4546681535,0.0711861360,0.1177103824,0.5178798354,0.4046006514,0.2757923866,0.7901763103,0.4488085180,0.9956451116,0.0275980521,0.4238790858,0.6996971213,0.6334497243,0.9187832325,0.1479864348
1.4781023060,0.5191478508,0.4622858614,0.3014830942,0.5460038818,0.1154460870,0.4196327869,0.5108292655,0.5742165598,0.9187533722,0.6512695858,0.6955870113,0.6028333322,0.9256977149,0.8361358719,0.3822402628,0.2892442982,0.5640476422,0.6586890951
1.1127602429,0.2167634843,0.8498262510,0.8113297098,0.3181089960,0.0283527756,0.8994863730,0.7801776016,0.0326281694,0.5562127151,0.8376614625,0.3980491933,0.6608008264,0.5956469869,0.6095761501,0.7557275212,0.1042386359,0.1605842319,0.9220561336
0.1919865460,0.0012871990,0.7322902613,0.7285849311,0.2796372488,0.1730483776,0.8127816804,0.4717850969,0.0285073741,0.2237069468,0.8676984860,0.2105804320,0.8332102346,0.1755967674,0.3548027384,0.7659539627,0.8010934302,0.3535652756,0.0364090683
0.5970781518,0.9448694146,0.7385049065,0.5499997409,0.0149751121,0.5204270195,0.1208201928,0.2818081863,0.0443537701,0.3396923184,0.6456860734,0.1763197042,0.5069326398,0.8547868240,0.3018435289,0.1337327878,0.3152127670,0.0202985327,0.5708706427
1.1596114762,0.3554026102,0.2071248891,0.8320091843,0.9362931179,0.6882801607,0.1646227893,0.1257067791,0.9400595141,0.1464556930,0.5729615228,0.0450586907,0.7202373760,0.7610653045,0.5285547679,0.4108198401,0.7584263942,0.2651522581,0.4002035154
0.9551063028,0.9748615945,0.6811287072,0.8042789154,0.3576355808,0.5588274854,0.7539030020,0.8109546473,0.7963161345,0.1591739734,0.8889032533,0.6029119754,0.7195176885,0.9030953589,0.3693098090,0.9190253797,0.1066340461,0.8898614763,0.1138353422
1.5086645441,0.7446775262,0.6670553268,0.6975836482,0.0404941688,0.0119938600,0.9230047647,0.6958644926,0.1223565521,0.5936539315,0.5767597915,0.5164688033,0.8910299888,0.2521941919,0.8067230442,0.7985442465,0.0634237058,0.7670268039,0.0571240702
0.8662436571,0.1307450509,0.7328493543,0.7892869259,0.9332798081,0.0286234994,0.8028275267,0.4392549639,0.5361664740,0.4038760872,0.7020088530,0.3786209070,0.9860806390,0.3880475856,0.9845957030,0.6385589078,0.3627481729,0.8373886634,0.1277526679
0.8041261372,0.8942726925,0.3582564799,0.7347999602,0.0208264054,0.8600833378,0.3914665666,0.4848264152,0.7465070823,0.2538430823,0.1085557395,0.3685496942,0.1731340060,0.6825636916,0.9970168254,0.0665036297,0.0514632486,0.5311329741,0.8032503033
1.4594859379,0.4688967945,0.0515025377,0.8315989774,0.4184837051,0.6686540035,0.4194822802,0.2177249236,0.9441353096,0.5347628868,0.4315835069,0.9376022242,0.0176221949,0.2633425411,0.4179560950,0.2288014513,0.9861338150,0.2027698232,0.0791202149
0.6176719444,0.1021532820,0.1231275321,0.2234921280,0.7365383413,0.9016280053,0.4156367455,0.1071012042,0.2556522515,0.0693217873,0.1154336510,0.0718177398,0.9398144836,0.1230167748,0.9393160376,0.5600489959,0.2158461385,0.4398544387,0.3370152193
1.0183488897,0.4392193554,0.3810148173,0.1706320778,0.5983191575,0.5732601975,0.7483565147,0.8901354681,0.4281015098,0.2082686985,0.1236814887,0.1557644963,0.5896094551,0.9289959730,0.2688555067,0.7451246390,0.5118746048,0.2457417203,0.0266930510
0.8864223598,0.1313006942,0.1879102840,0.0711568167,0.3758328757,0.2347361311,0.4951761046,0.7713819822,0.7010841093,0.9012207143,0.3364163472,0.1831216343,0.0081473696,0.5701274391,0.7377189430,0.4962295962,0.2275139852,0.7017153001,0.5331844354
1.2235169018,0.4403972567,0.8508637728,0.1716770724,0.6968028181,0.4059554077,0.2304217219,0.2652436838,0.4053355250,0.7029249350,0.2196351231,0.6698272521,0.2579197934,0.9698234798,0.1686497930,0.3647934948,0.9825109011,0.5981041379,0.0892055427
2.0033947285,0.5747287960,0.5806333548,0.7823076253,0.9929103134,0.7268834376,0.3086307760,0.5951331562,0.3953306618,0.8905382123,0.9354471614,0.9842506480,0.0959656603,0.7676179529,0.5141261410,0.3693756811,0.1396588784,0.0492035185,0.1901877204
1.9129489723,0.5402312542,0.7467286459,0.8778268889,0.0977157563,0.4125187971,0.2519401911,0.8419811540,0.8869357452,0.7075237550,0.1205704304,0.4727053786,0.4007673304,0.7580309272,0.3733044833,0.5252742879,0.6045941982,0.0267105587,0.8756582116
0.5398965200,0.8105919829,0.3169126271,0.2212917023,0.6511026157,0.1569708049,0.3009739378,0.8275970317,0.7942627319,0.4952828998,0.3976682068,0.2105876697,0.6731774606,0.9192607575,0.9448720301,0.1074876524,0.8381073831,0.3736790722,0.2108293579
0.3137987298,0.8748668184,0.4216973258,0.2201118578,0.6529804612,0.8535386005,0.0465528309,0.6696453303,0.5263026131,0.7604293269,0.2639774178,0.8129693171,0.2882379228,0.3295663861,0.6671456576,0.0742733220,0.8105423266,0.2986840887,0.4660319364
1.2432833686,0.7725688018,0.7051458045,0.6386817922,0.6212986526,0.5334778688,0.4014741475,0.2159470470,0.2288428046,0.7728436283,0.5996916357,0.6417362969,0.3212430101,0.3530262223,0.3289288324,0.5375633421,0.5380874962,0.7545564499,0.6371597791
0.6316666339,0.0759599271,0.6416778118,0.6987396949,0.8633514592,0.0300138325,0.9476467679,0.7906811634,0.3763938099,0.0142204454,0.9220358280,0.8697755220,0.6570596302,0.9518390801,0.7319041227,0.5188796522,0.8722634732,0.8533901553,0.5069027719
1.3093130977,0.8584132330,0.5886940499,0.9433755906,0.1307878298,0.1845868459,0.3929576829,0.2252693694,0.6597168685,0.7291178126,0.2808021204,0.2444468450,0.9596663045,0.7427733011,0.1640547007,0.6581155936,0.0379572592,0.5130036367,0.8509161625
1.1992623410,0.3243673929,0.4669207923,0.5207826961,0.9170900116,0.6513914301,0.4125104895,0.8954868624,0.2647790776,0.8306830180,0.9818696508,0.7046312546,0.0153044415,0.9781430299,0.9734157109,0.5615098124,0.2715742273,0.3098508892,0.9012798614
1.5123902832,0.4514079804,0.3602861764,0.8594088565,0.8690990460,0.5666958496,0.2389221141,0.0899512869,0.1583562893,0.0360994856,0.5250586398,0.9076812266,0.2410485573,0.6192770741,0.2824846391,0.1725573219,0.4553461078,0.6279317565,0.5414214819
0.8800945518,0.1906013041,0.0009593303,0.3878890394,0.6415846293,0.8875992148,0.8060385946,0.2306470687,0.3733426561,0.1705012745,0.6921721874,0.2975284961,0.4989716419,0.6082249347,0.8341694050,0.8424338444,0.0077926284,0.6256770081,0.1230684486
1.3439153073,0.7380818810,0.2209615871,0.5228509776,0.6352876350,0.9212925675,0.5326531505,0.8255520098,0.9225642936,0.7310471518,0.5124028932,0.8503119091,0.3448604491,0.4084395758,0.1005421254,0.9257591716,0.8489501873,0.3390901378,0.6128409909
0.5705144394,0.9908279571,0.9613364144,0.4266879629,0.2072938966,0.5615838541,0.2948746031,0.4120977556,0.8712822473,0.3512385818,0.0735280340,0.0213457755,0.0927972090,0.0250688120,0.8553536595,0.4160436229,0.8299881016,0.7769080225,0.0924808207
1.1267893603,0.3066171174,0.7043553583,0.3496403049,0.6541007379,0.2722359452,0.3894057155,0.2756207160,0.0390748101,0.7360261209,0.0798649680,0.3744558106,0.9109852101,0.0856603498,0.3120163906,0.4741125254,0.6133105914,0.6194109030,0.5135551307
1.1204335965,0.3438193951,0.6818818878,0.6674437871,0.2717933641,0.6576499591,0.0694833731,0.4919419930,0.3880467999,0.3326430676,0.6152655775,0.8007009744,0.3632212622,0.4382895110,0.1849525147,0.5447634418,0.7559891997,0.9126205760,0.1842798833
2.1732101057,0.5772415217,0.3064800594,0.9674847084,0.4833797910,0.1990712942,0.6609629700,0.2885477125,0.3567788022,0.8167983042,0.1328183112,0.5008536745,0.9076489597,0.8840148288,0.0393918272,0.0320520923,0.0658360522,0.2388788185,0.8374484297
0.8085976783,0.1429218127,0.1948882443,0.2509117017,0.7836038824,0.9129840609,0.3775204967,0.0536215459,0.8236626040,0.2200923481,0.1133695516,0.0986335545,0.9816726669,0.9152983194,0.6643136446,0.5727786593,0.9949646653,0.6614922737,0.8726274135
0.7807477607,0.1115876273,0.2809913310,0.5487917243,0.7294432610,0.6500124801,0.4041056562,0.9131598957,0.7476211604,0.1931608482,0.2390633617,0.3458927796,0.3875193764,0.2130123887,0.3869232323,0.6377047816,0.6821910585,0.5306726373,0.8423200951
0.6361235227,0.1218531311,0.0437833470,0.8965898867,0.1340711254,0.2663516747,0.8352153885,0.3654039996,0.6358946510,0.7261849105,0.0652682419,0.2979233540,0.4522432436,0.6869523529,0.0296900549,0.5886662439,0.0060955152,0.0240961980,0.1030953431
2.0775115331,0.6596690463,0.2822773353,0.7201050781,0.3501461411,0.0335965949,0.5486774724,0.3272134180,0.9264845897,0.4333329145,0.1091389683,0.1332415835,0.1766614542,0.6956736251,0.8453483056,0.7897742658,0.2103429265,0.7953507049,0.3648217534
0.6375926753,0.1074743180,0.0576066247,0.1725894604,0.3441115226,0.0332715481,0.0740409419,0.7399661102,0.3718385505,0.6282266131,0.3242109751,0.9936796486,0.9179301627,0.0529099098,0.8834720736,0.0284660963,0.3044655523,0.1106784066,0.9368224108
0.8795418465,0.1503842844,0.4887162657,0.8616887147,0.3886592751,0.4647627228,0.7837584423,0.7762231809,0.1676666359,0.0549936100,0.2494355798,0.0230536177,0.1231959112,0.7068138308,0.1870395953,0.6960426837,0.5125985188,0.0535486050,0.9296623913
1.0142840079,0.9103980500,0.4601223143,0.8728968545,0.8823933978,0.4537057892,0.5999462068,0.2542363677,0.7693431253,0.3430218355,0.1361174806,0.1343116773,0.5584951500,0.2355431726,0.7176579210,0.1469839706,0.6268301609,0.4478592136,0.2440932499
1.8642524654,0.6214659131,0.2839769854,0.4236663665,0.0548302777,0.2119341282,0.9058607425,0.3538665873,0.0259463431,0.6429776945,0.7319301990,0.4827716261,0.1137980731,0.5017677007,0.7715319185,0.9287774027,0.9405507228,0.4439690924,0.7658392769
0.9636741231,0.2978913006,0.0249016419,0.7161582745,0.2477040946,0.3809828803,0.0528153953,0.6493122035,0.9453274230,0.9570711750,0.1664547779,0.2884138771,0.9945882992,0.9211061904,0.0772614394,0.7457919015,0.9365950425,0.5545128398,0.5587429001
0.5008491974,0.0828601725,0.1601665324,0.9145921871,0.8306811550,0.9442791344,0.7614908186,0.7788383471,0.4279414817,0.5687578880,0.9231611191,0.2363652390,0.2137029285,0.7391586327,0.6756819698,0.7593392894,0.0086801350,0.7877744616,0.5613883931
0.6223803258,0.1027823912,0.4612189229,0.9628999146,0.3358766467,0.5874086112,0.7051545495,0.0103913907,0.2906202037,0.2549466175,0.8029322279,0.0925695809,0.4565098258,0.7234724132,0.8220803485,0.7395003801,0.3474273765,0.3130951925,0.3469237019
1.7428524973,0.5284956522,0.7527085111,0.2049966924,0.4028365954,0.1807661659,0.9701128609,0.9884415488,0.0387316121,0.8229442849,0.4228280183,0.0673674728,0.3144811683,0.3148105522,0.5503687535,0.2634729372,0.1516176758,0.9215077455,0.1330758272
1.3759958264,0.4063449607,0.4453581890,0.8590576878,0.4846838443,0.8277295062,0.6492207929,0.6154343376,0.5019855430,0.8865939870,0.2252395805,0.5665079083,0.9979472222,0.1589196736,0.9392505379,0.7479209855,0.0745215403,0.5796147212,0.9008919089
0.9576524483,0.3596946405,0.0674347867,0.5800855523,0.7825911163,0.3945052823,0.6864009274,0.0017813430,0.8391634848,0.5015949611,0.7061964645,0.3860080814,0.3280647678,0.6124474780,0.0946519538,0.5778796584,0.4739668192,0.7765373508,0.9772423691
0.8618403319,0.3498840949,0.3507373125,0.0919399842,0.8242441233,0.6390848161,0.8878172669,0.1645378210,0.2325436674,0.1696647460,0.2752674308,0.3014033936,0.9554322850,0.0384516254,0.9739265083,0.4259832273,0.9260387724,0.4532939619,0.6003827008
0.1063340491,0.0229774454,0.6345379481,0.8396161642,0.7718704912,0.8705242546,0.1804663963,0.1965372872,0.9513135233,0.5018179868,0.9231513718,0.7172504676,0.1036663876,0.7901997809,0.5214963409,0.1180624413,0.6256661382,0.6143729710,0.6465462944
0.3178089955,0.0151089681,0.6377075832,0.3808709273,0.9086215114,0.7268678877,0.8663537428,0.6230927957,0.5087744349,0.3881084075,0.4935010417,0.8724840602,0.7036617148,0.6309826353,0.9735120756,0.9993972453,0.0916223910,0.1863280415,0.0174086458
1.8814244885,0.6478330106,0.3298509112,0.6768275660,0.0836392389,0.6785313020,0.8143697368,0.7171369572,0.9928145900,0.2785993253,0.9208697375,0.7762416285,0.1471918290,0.1928969288,0.8685996379,0.4435265441,0.0401538831,0.5839764539,0.9663363404
0.9948900974,0.4220402388,0.4628932303,0.1515981357,0.1156410704,0.1028376677,0.8658801254,0.0449152437,0.1104527490,0.4287920628,0.0445026877,0.8930410639,0.7290881827,0.8262999187,0.1286659631,0.2633990043,0.7261952422,0.0225976114,0.6096972150
1.7029926878,0.5646453336,0.5147923833,0.1163269799,0.8691761514,0.1872847705,0.1515835301,0.5075153370,0.8245053388,0.8344754151,0.6676362629,0.6340968290,0.5041710632,0.8345217338,0.8585467471,0.1513786685,0.5293926982,0.6116574793,0.5598471188
1.2078768861,0.3791576392,0.6171416639,0.4633165267,0.0873636146,0.2332647003,0.8757818238,0.8595073279,0.5597619703,0.8430290790,0.7953117173,0.1345649609,0.6714315213,0.7386152566,0.6677169049,0.8676164990,0.2412493109,0.6779223076,0.3012383713
0.8323909491,0.2317160427,0.0763048724,0.0643183583,0.8235560463,0.3985201236,0.3272772898,0.0745458520,0.5747676414,0.4285482659,0.8785042483,0.8948020432,0.0868377004,0.9708512058,0.5487713644,0.2104550354,0.0986764225,0.8070648844,0.9614830704
0.2759630501,0.9025759280,0.7042999959,0.0646086986,0.4172515860,0.8014696975,0.6967251725,0.4790687777,0.8127832609,0.8443211603,0.9411521402,0.5192643891,0.0869770838,0.2748067673,0.3640457426,0.0737566395,0.6736575216,0.5807362531,0.9182996729
1.3203292824,0.7656691461,0.5104868334,0.5719053932,0.8098590479,0.3818960419,0.4937060784,0.3441917340,0.6359406094,0.0226468699,0.6205420204,0.4883748068,0.6358392018,0.1773109070,0.1652198431,0.6426926016,0.2529332627,0.1014260616,0.7726646727
1.7714891310,0.6048915241,0.2504254308,0.2825248796,0.2001683901,0.5351888990,0.7921923362,0.0549801705,0.7115833592,0.3618022243,0.7059733056,0.1651318493,0.3350550778,0.4829694484,0.0800441344,0.3850236374,0.3203147641,0.5136843800,0.8810978673
0.8874890349,0.2029585493,0.0016121666,0.1734414539,0.9528983644,0.7772740860,0.1949220784,0.6522918129,0.2851415311,0.5371879322,0.0800065697,0.1827465465,0.3311416767,0.1286169032,0.5286672237,0.2846882303,0.5021154130,0.2624342236,0.6957252132
1.0979119936,0.1325210171,0.8666674884,0.4136697215,0.0304463007,0.6982589088,0.8807688850,0.8788855685,0.0492768178,0.9119010530,0.4413475498,0.9542496078,0.6247342491,0.3011672616,0.5744360748,0.6186494934,0.6818284517,0.2828234455,0.5751069951
1.2328766567,0.2035996085,0.6975382795,0.2190776557,0.2670974241,0.1910426033,0.9102813344,0.2401333199,0.9131364081,0.5819745798,0.5517462143,0.9000759102,0.3499882328,0.3606989112,0.2964095413,0.7850830503,0.2792512847,0.1137208091,0.0061627405
1.1131819439,0.7119770683,0.0365310614,0.0003453455,0.7687751466,0.1497912641,0.0985932194,0.5728088550,0.0266721184,0.8592358705,0.7412809066,0.8484548307,0.9047621101,0.4050539181,0.5279091514,0.2354536465,0.0228522178,0.0112626651,0.9010395429
0.7129643924,0.7899619422,0.1905934725,0.2084282851,0.5310453795,0.6578349983,0.0772107475,0.3959448936,0.9012972589,0.9846026750,0.1445260942,0.4943809825,0.2836594306,0.5785334952,0.5130635445,0.0501028193,0.0362610825,0.6389348955,0.8652669468
1.8084869489,0.5840146659,0.5209660446,0.4951160153,0.0505652921,0.1465176385,0.4879351062,0.8235320499,0.9945322780,0.7457460641,0.3152153342,0.0276275347,0.8870852241,0.1583674810,0.6507450055,0.7622354665,0.1406831433,0.2079023537,0.7773655520
0.9224392605,0.7913221215,0.7249053248,0.2549123151,0.8040846558,0.8458114939,0.6406317932,0.0710246039,0.9787379821,0.1999780771,0.0365713325,0.3551472438,0.3543812827,0.1383534616,0.7929550245,0.1879074753,0.6695863923,0.5897309797,0.0778665473
1.7336754560,0.7134292147,0.3523979420,0.7451526000,0.3248576712,0.4977028308,0.9943931209,0.5469465538,0.9879204942,0.3642628900,0.1251999525,0.5317903210,0.4225713269,0.4865846141,0.7115541882,0.2895460839,0.4346016120,0.1419694445,0.7506684588
1.6545969172,0.6666518281,0.3626190350,0.2870881545,0.8930385073,0.6001243049,0.9547585245,0.2433614077,0.8788607280,0.3789025686,0.5494200892,0.8575090551,0.2179410489,0.6952678718,0.5760768936,0.2318960904,0.3203103207,0.9874830228,0.2405955108
1.6458037174,0.5168430210,0.9886071861,0.3093754008,0.1549979176,0.6264827205,0.4808164245,0.4622709298,0.2928402355,0.7886082157,0.7282760523,0.9761135639,0.6801777400,0.9442943223,0.5484779850,0.6687413382,0.9067365874,0.0508989042,0.4467708830
0.5943823533,0.0995604935,0.6560275436,0.7842197067,0.2862197747,0.7345361639,0.2641059005,0.5958372621,0.3705381534,0.7575865622,0.9793713886,0.4914482582,0.9186666468,0.4753089381,0.3309878926,0.6244385231,0.2565960006,0.8679235728,0.6129553262
0.6705744507,0.3111900024,0.1386293094,0.1975664654,0.0156543996,0.2704057794,0.3674684325,0.2348386977,0.4252357574,0.5717593313,0.4206010494,0.0218131672,0.7690016703,0.9674446744,0.8389186250,0.2939627307,0.9653054594,0.0406860131,0.1409215764
1.1399831178,0.1904428551,0.6383898874,0.5555719521,0.6687385027,0.3947235629,0.0843071307,0.4120940178,0.2571086557,0.3985594548,0.5436882122,0.6059927135,0.0695222626,0.2631150404,0.0021119275,0.8894894159,0.1757405104,0.8890560582,0.7136609199
0.0007784438,0.8864308307,0.2135843938,0.0033123068,0.2556745920,0.2771229351,0.0487015764,0.7611467405,0.7460891981,0.2130022527,0.4557637129,0.4279038874,0.7134591284,0.8214817250,0.7039407853,0.1437816167,0.8316622005,0.0924243121,0.9819731242
0.6075612910,0.9785136130,0.6442753840,0.3215484551,0.4197685193,0.6613315038,0.4398884313,0.6420176453,0.4448416464,0.1876375273,0.7000227291,0.7405495217,0.2975235184,0.8660704478,0.2518349847,0.9480142191,0.0604800910,0.6831047729,0.9988561164
0.9023824655,0.4166752857,0.1386806453,0.3028687782,0.5293496376,0.6332522070,0.4732796017,0.3449781572,0.7060209584,0.7252625112,0.0798796142,0.3486002435,0.3452548742,0.4584173256,0.4530894743,0.9953638308,0.8779048000,0.9560075258,0.0084670246
1.3788026237,0.5071704222,0.4977272981,0.1448673832,0.2890233879,0.3814129600,0.3654363375,0.7614022381,0.7317356665,0.8991808431,0.4832253619,0.1364564281,0.2273203884,0.1093366779,0.8380509827,0.2386309056,0.2408323560,0.8274988391,0.1525696650
0.6494777358,0.8199481978,0.3670062689,0.3938385857,0.6841698307,0.2861836876,0.5758944545,0.9370788646,0.2079399397,0.4903942057,0.7563598590,0.9646774340,0.7037636646,0.7986464416,0.4874054771,0.0692199142,0.2956578182,0.0879003139,0.4564659482
0.9138303064,0.2035101469,0.9824803656,0.9939017098,0.3655971551,0.1032600705,0.9014204737,0.2408834444,0.1416940518,0.7643427632,0.9505992579,0.8747648801,0.7124849099,0.8152149915,0.0103187406,0.7810713899,0.1163034292,0.5625663522,0.0665866979
1.9830478773,0.6807561423,0.7148038680,0.8314117059,0.0977313344,0.8441914596,0.6134093589,0.8459457603,0.2322062427,0.9815953561,0.2038279469,0.2587477962,0.6279865369,0.3724779332,0.7305139452,0.7988591257,0.9062330403,0.4537393150,0.3142846377
1.3544164849,0.7065513156,0.3238273894,0.0436766559,0.6226486886,0.6810409745,0.7136141982,0.1685222023,0.4672497467,0.5992535068,0.6055554210,0.5450947605,0.8365493336,0.5061793209,0.5479109946,0.0790035570,0.1999060409,0.0778639359,0.1403592834
2.0009792293,0.5601468076,0.3059035482,0.9189592703,0.0961480489,0.1434673539,0.1945350731,0.5873910709,0.3437843510,0.0394416959,0.6638595435,0.2175657493,0.3873615064,0.6343730265,0.6999725804,0.8948992496,0.3261734280,0.5332806487,0.1231292317
0.6821921403,0.8770269794,0.9353855260,0.7165184514,0.2837921398,0.5777897272,0.7014266740,0.4068295729,0.8692735678,0.9123993630,0.5611307447,0.1697305520,0.8217879725,0.7193804628,0.0106553708,0.6216534277,0.9418013327,0.9709644551,0.0126310550
0.8716022722,0.7733289649,0.1141623960,0.3821356113,0.6727966315,0.9009036951,0.4027278560,0.4280056324,0.1751291838,0.1631001942,0.7847313835,0.4662231671,0.8967900328,0.2498048299,0.6279583905,0.0196527148,0.8726562633,0.1205152426,0.1666027221
2.1788114249,0.5988838087,0.8583391961,0.8853356702,0.4664881256,0.6755388376,0.0540616894,0.3422200068,0.8912756702,0.0095867278,0.7845310235,0.3001349597,0.7214285643,0.8523468669,0.7824649579,0.6327240344,0.7585214504,0.5690590284,0.9251917491
1.2721359137,0.3500135989,0.5106780002,0.9873156173,0.9990415378,0.0317879688,0.1045040664,0.4017602281,0.4982054559,0.4636703145,0.9132892344,0.9939282876,0.0824616995,0.2099606526,0.2260421151,0.2077736345,0.2834816430,0.5658783146,0.5801323317
0.4386249692,0.9412085856,0.6463735838,0.3704479157,0.2261372415,0.6486248793,0.9250371847,0.7404878301,0.6066276979,0.1250396448,0.1198456147,0.4661505130,0.3038784248,0.8643924951,0.6262311588,0.7506942729,0.2280671414,0.1489324236,0.1138442292
2.1131659333,0.6668336037,0.0055949821,0.9135624300,0.3009555141,0.2579510265,0.4111728893,0.3140899415,0.1497442303,0.5426567615,0.9986249386,0.8251778571,0.7155360271,0.5895513086,0.4593851038,0.0735748238,0.4147688249,0.6389010638,0.0191805589
1.1979331299,0.9906468141,0.7496052131,0.8448952062,0.1647490600,0.2371571311,0.7206405621,0.9388152683,0.7001105610,0.2583761397,0.2447911368,0.3346281441,0.6410015748,0.9181499241,0.5528799258,0.2949088533,0.3682867939,0.0442178401,0.8512179081
1.2266200551,0.3249266766,0.1864657825,0.9511892601,0.1748462658,0.3069281473,0.8719269057,0.7989938366,0.7200300852,0.6821016476,0.2715886865,0.5134525868,0.6333537103,0.7753114229,0.0258711744,0.8125806705,0.2084970132,0.7854490661,0.3811187015
1.1944820286,0.2124912337,0.8304415844,0.2476993729,0.4220894181,0.1425702578,0.5971798276,0.0506918085,0.3983334621,0.7553680411,0.7479627912,0.6014411413,0.4484631916,0.5982046402,0.6248381345,0.1841228003,0.6087904728,0.0914260590,0.9540304951
1.7409713384,0.5550731720,0.6013200721,0.3871612969,0.4504380945,0.0794815285,0.5302415684,0.6629667483,0.0167645127,0.4193702539,0.0271962381,0.5245669406,0.0833971237,0.0274342465,0.4510170024,0.1647210077,0.1544563927,0.9075713565,0.6439390480
1.5576098894,0.4969415910,0.3907105055,0.4525897508,0.6811755356,0.3159478242,0.6024601624,0.4983495660,0.7804362287,0.9163098949,0.9904615317,0.7158777590,0.5903333527,0.1779045195,0.7379959333,0.7321591490,0.9846059701,0.7181905045,0.9997117456
0.9020584917,0.2465591747,0.1644530061,0.2729217730,0.1040526614,0.3024566852,0.5981572524,0.0082658843,0.8299713874,0.3875317305,0.1737704455,0.8877083921,0.8533517602,0.0121546382,0.9674277754,0.4501423838,0.0262125552,0.2080094782,0.3503761633
0.7526382478,0.9347107745,0.3220133385,0.7157088473,0.8145425172,0.0337809806,0.3019772814,0.9048441455,0.1666343288,0.0920588173,0.6483718958,0.0209217813,0.6373511832,0.9133474786,0.5869518613,0.7176236270,0.0447716227,0.5779040718,0.4156516554
0.3684595328,0.8675627536,0.4545633693,0.2188010737,0.3017010644,0.1021626545,0.8375209659,0.5038644165,0.5670916276,0.8145905092,0.2683347502,0.8746056358,0.9409301975,0.2929207951,0.5550845435,0.4227179316,0.2182594589,0.7636079259,0.4144737006
1.1088989498,0.3962173483,0.6658023408,0.2712485694,0.5411725932,0.6698476336,0.3861282039,0.1209584502,0.6456672290,0.7419144304,0.6836746582,0.4662080169,0.2136439182,0.2455814632,0.2108249728,0.9198426834,0.8152709015,0.9424035301,0.4313203338
1.0875076200,0.8496130151,0.8036559469,0.8628937985,0.2191412276,0.3517736105,0.3716576568,0.7418036652,0.2984721641,0.2856816722,0.8802536255,0.7541695695,0.4413118917,0.2921960288,0.7798118448,0.1679196411,0.8634082486,0.8743347674,0.6737422609
1.2687293038,0.4607937617,0.1698801020,0.4942891725,0.8278462523,0.2341868757,0.0529817431,0.4723026328,0.1464821302,0.0871724587,0.6725006847,0.5226422560,0.5396223471,0.4329426557,0.3412088057,0.9811507704,0.6454306577,0.7673058518,0.0099430049
1.5933149380,0.4505235895,0.4433565256,0.8776156770,0.4834577581,0.3565206832,0.9477336386,0.9933530778,0.3386740321,0.3259770959,0.5886340226,0.9128570766,0.2310218894,0.8592969257,0.7039949363,0.4027330303,0.6039673741,0.3673716979,0.2837832465
1.1079488580,0.4461395574,0.0211946818,0.6162451036,0.8037884979,0.2646269540,0.4186911976,0.0950436915,0.6993866068,0.7769092306,0.4249143513,0.5402164739,0.0867811899,0.7953331736,0.7509967976,0.2830594092,0.3325125017,0.2253902794,0.3555487504
1.1800462835,0.2717814378,0.0764257514,0.9703536890,0.9467236282,0.2243174911,0.3810718297,0.5929353818,0.3840658946,0.5418441487,0.1914688561,0.5348616133,0.3310746279,0.7276976185,0.1122061105,0.9160263238,0.9337024779,0.3581175935,0.2334435786
1.4576493843,0.4794047061,0.8958060637,0.4948144101,0.0748890419,0.4706620652,0.3146591494,0.8439629608,0.1837442159,0.3312146363,0.2528021880,0.9680344851,0.1724930794,0.7848362706,0.0561673813,0.7369378612,0.1831358682,0.9644551839,0.0962318604
0.9220113000,0.0808749712,0.7838215645,0.3410426762,0.6152718101,0.7237273236,0.2921772002,0.8833096539,0.9698650959,0.4667749727,0.3669788207,0.8235942181,0.9405057627,0.7074863098,0.9613407284,0.9758797610,0.8116795763,0.5161873290,0.5142473512
2.1294153374,0.6157819669,0.8876488312,0.7689131918,0.2114911152,0.2556495643,0.0079338220,0.6276355323,0.1237530788,0.7347771112,0.2962979107,0.8394843025,0.1134843615,0.6096604045,0.0461483138,0.6486472904,0.8819823981,0.3216414069,0.5895679344
1.2211200524,0.3862620653,0.3671149611,0.6890928497,0.5813669939,0.1105782012,0.4154833301,0.0875264158,0.3575825575,0.8540172387,0.0530132218,0.2474861202,0.9418162567,0.5864339478,0.2469833182,0.4327408169,0.8023777435,0.7751117211,0.1570021774
1.8067706052,0.5526049244,0.7720155837,0.4567166334,0.9949651310,0.5750892472,0.9585409316,0.8953535087,0.0625514098,0.2874084755,0.8215360035,0.0600836390,0.5800339453,0.6288196190,0.9327604039,0.9860296795,0.6066954958,0.4607548843,0.8820935727
1.1987661127,0.7650073350,0.6282805596,0.3543345669,0.3689989715,0.1422314641,0.2969863618,0.9378863824,0.7202341407,0.1876145751,0.0462743733,0.4702575349,0.5249106658,0.3785832374,0.0630368321,0.1231512422,0.9571014195,0.5618142717,0.9375827750
0.5861128249,0.0553800327,0.9359614304,0.4900220753,0.3048183309,0.1129149955,0.8725326951,0.2584196686,0.9348508829,0.0711091952,0.7376894224,0.4855066347,0.5217488085,0.1257271460,0.6876262505,0.3934162789,0.8282447938,0.2487074143,0.9718440012
1.8183559659,0.6779695515,0.5319210295,0.5389442264,0.5933697185,0.4174267569,0.5422547799,0.5682514902,0.7156000137,0.1353627593,0.8778886364,0.5388672705,0.4696576411,0.0665046275,0.4128113001,0.1822790555,0.0944957356,0.5601426572,0.4130942465
0.2975689434,0.8265371073,0.1809103483,0.1541035863,0.5130574193,0.1811279767,0.0687912623,0.2590322662,0.4505736228,0.2319022530,0.7975392611,0.3088767803,0.8968504537,0.3386369716,0.5381330694,0.2158187747,0.7867175163,0.9512841610,0.7222426259
1.4303384089,0.5431839285,0.1653004232,0.2152978973,0.9748676230,0.8821852433,0.9275723723,0.3424518072,0.4432443542,0.7734722807,0.0094945534,0.2035024317,0.6802764475,0.8757869646,0.9017388212,0.8907697869,0.6853596509,0.4049477995,0.4992312039
0.0365219272,0.8330911266,0.0134347068,0.1027627029,0.0250544254,0.1621100045,0.7401957339,0.6673519882,0.9375837818,0.4680744474,0.2287207989,0.8194416500,0.5592704578,0.2009191203,0.2204030531,0.6588761000,0.4196184295,0.6279058143,0.4778263019
1.4241253514,0.7177041473,0.9521683699,0.1525657143,0.6685710366,0.1848138843,0.7727449068,0.3970518096,0.4945230062,0.6092522542,0.0430367589,0.5102768337,0.9376851083,0.1254022114,0.9882260163,0.2777252594,0.7404901595,0.9696976010,0.3412590935
1.0982878137,0.7617185255,0.4807116293,0.3081836660,0.1332172550,0.3538909220,0.6826213952,0.3859741416,0.1098909155,0.4829378716,0.2171612645,0.2680465487,0.6114309834,0.0585346082,0.4813413328,0.6976347183,0.1292998966,0.8960573277,0.3461599787
0.7711728956,0.8069814072,0.8267734835,0.1446005918,0.9367990106,0.4182643564,0.1466852498,0.5253192301,0.6880616842,0.6836046740,0.6053737208,0.3314699273,0.7393271313,0.2920215225,0.2531257100,0.4182296187,0.6619480088,0.2258555149,0.4241636182
0.7095519304,0.7870803111,0.9444931185,0.0254106482,0.1699620325,0.7615241648,0.1509174177,0.7177076613,0.6192784557,0.3307152134,0.1191290466,0.8153333381,0.1728767878,0.4530584878,0.2904325324,0.1309208738,0.1595499106,0.9626068864,0.4843427872
0.2070766488,0.0308801661,0.2781296220,0.7179958398,0.8516417674,0.9278367282,0.7631914602,0.0789243444,0.1003839474,0.9639457711,0.9002675201,0.6761298970,0.3206349419,0.5671505813,0.4982353803,0.4256746799,0.6557078076,0.1025995545,0.5558828395
1.4561869882,0.1710480346,0.9420242692,0.0073421308,0.6154325976,0.5726877586,0.8359961291,0.3489072020,0.6459187407,0.6449221182,0.3228959771,0.3177418146,0.3847798810,0.7723015628,0.0054781401,0.7140127115,0.5419502975,0.0475507712,0.4157414982
1.0938085442,0.3092459141,0.8310424757,0.4855478328,0.4210199826,0.7196360600,0.6001954306,0.9333988431,0.9800551760,0.9126374961,0.2400528565,0.2400058915,0.4311065513,0.1458338693,0.2896016498,0.7404558646,0.3558069284,0.6497826099,0.0206464034
0.2419322689,0.9188206129,0.9356173219,0.0952718962,0.3610824805,0.7979468784,0.0810876466,0.5337880547,0.8101903981,0.8758516125,0.9894720507,0.9044269613,0.5766934724,0.7483077313,0.4740938908,0.0146096499,0.8838512143,0.2194496148,0.4133672693
1.8738211988,0.5811357105,0.3326580071,0.6588538277,0.5602998987,0.5734545065,0.6828082032,0.6802755389,0.8720079864,0.4627894649,0.5045906822,0.8880357590,0.2570333026,0.3565412506,0.3658857541,0.5048158275,0.4366226001,0.7461207047,0.2798290560
0.4851951308,0.0807574955,0.1133647317,0.2561081542,0.4779928287,0.2540906697,0.2676249146,0.1947666145,0.6179024645,0.3872009948,0.3016902279,0.5263099699,0.9028925345,0.0926837886,0.7953130183,0.5643452739,0.5749494493,0.8781353969,0.8193829111
1.8047714434,0.5465023358,0.8314573687,0.4472021159,0.7889933237,0.0289150723,0.0653003532,0.2308775155,0.7513342214,0.3445766203,0.9597355387,0.6189718113,0.1708830710,0.0088892259,0.9722039409,0.7390038714,0.0703086659,0.5937947290,0.5709716678
1.1849152282,0.3829271318,0.5432171127,0.3983525654,0.0347988103,0.7097890419,0.3633202233,0.4457505881,0.1104063138,0.0016081386,0.8579303953,0.9842133038,0.1434148984,0.3486456512,0.6444638894,0.9472813070,0.6197496588,0.8239676823,0.1279192872
-0.2424012840,0.8778680582,0.0387202524,0.0085896839,0.4225637336,0.2640478576,0.8303999868,0.4642342132,0.7700194261,0.6354634440,0.6239893769,0.2972043052,0.6823762380,0.0887032277,0.7048994401,0.5308391435,0.3657938572,0.1475527612,0.0623740758
1.9923431633,0.6783354161,0.7385729926,0.7272472205,0.7165080710,0.1121290290,0.0512862362,0.0927804945,0.6073654440,0.7265388306,0.2723982551,0.9138111733,0.9565332773,0.3979431340,0.9420804525,0.9143536196,0.5432611240,0.6047168879,0.6857643836
1.7095817505,0.6810985459,0.7657664786,0.1033712412,0.6492630883,0.9116195173,0.2330503210,0.8232072929,0.6051512963,0.9711130984,0.3637796059,0.0108870985,0.1310388162,0.1011234630,0.1024484628,0.4838866301,0.0912182491,0.2110494542,0.6314452836
-0.1671638636,0.8816637580,0.0940286926,0.0360653969,0.2653681512,0.6070774964,0.3488330422,0.6880483775,0.6739270546,0.8367507202,0.7522862264,0.6010940271,0.7341715284,0.3972451872,0.1493728192,0.9413879588,0.6027260395,0.3627814483,0.9938186737
0.6592047701,0.9642294294,0.4711076295,0.5600044040,0.2084581694,0.3174065098,0.0309123744,0.5445977865,0.2157381546,0.0129079823,0.3355591155,0.6365640745,0.2877944336,0.6223279698,0.9423218380,0.5905694380,0.0019773541,0.7661012763,0.1619995840
1.4139331790,0.8249024772,0.5338952370,0.9876182796,0.8680154866,0.6041629357,0.2866127659,0.6799887390,0.5194026352,0.9629038303,0.0053925281,0.6246187659,0.8638468305,0.7190991595,0.3502331158,0.4142904803,0.9116078996,0.7026603420,0.8310494691
1.1653666895,0.9051083021,0.2183697505,0.9423596296,0.8159349418,0.4909088065,0.0458743666,0.4570322342,0.1423981302,0.5898076098,0.0372884247,0.6537349823,0.5416350310,0.0914887375,0.1043041399,0.0361029931,0.2917903457,0.9039092783,0.2805899644
0.7679272611,0.9047183911,0.4679820026,0.7379331488,0.9732399655,0.3448423046,0.0909828615,0.5077207756,0.0418293124,0.6819976142,0.0163915037,0.4777033394,0.9882207060,0.7485074576,0.0574826126,0.1365510004,0.7739588389,0.4787954149,0.3253381304
1.5166103350,0.4790210317,0.8994139213,0.2834889602,0.5976814103,0.4838047057,0.1271692461,0.1099760627,0.5242741395,0.3963372740,0.8037477583,0.4136827559,0.5037162631,0.9727231319,0.0709738694,0.7966851602,0.1391302700,0.4960233438,0.5545769687
0.9012971439,0.8221093346,0.1010424232,0.7577172604,0.1572231947,0.9867973681,0.6590801789,0.9640831679,0.7149122748,0.8647972162,0.0124293509,0.3619115266,0.8819549237,0.6888097813,0.7457590833,0.9069083276,0.1049672804,0.0751913490,0.1941010062
1.2335267224,0.4094648016,0.6721452145,0.4175362774,0.2458840560,0.9354932846,0.5086721628,0.8574527368,0.5650957752,0.3019025634,0.8948161937,0.4317045209,0.8415352267,0.1847736060,0.5066539035,0.9915355475,0.9257209042,0.4844884813,0.6764839545
1.4286389591,0.4632037868,0.9422597577,0.7414961959,0.7732020833,0.7817621324,0.3667016713,0.5929138064,0.1882700364,0.1367565277,0.9691519584,0.6672168003,0.8246660609,0.4294743179,0.9016276082,0.7074351821,0.6288835933,0.5135465313,0.1610187148
1.5013345014,0.4400193612,0.7379638513,0.6862068632,0.3438596729,0.3900338503,0.7753214282,0.6404066972,0.7564233411,0.6708291321,0.6684759339,0.1963233049,0.4626322479,0.7316899034,0.0573788606,0.4705120902,0.8809161561,0.0074670729,0.6132863710
0.8553005664,0.8770575559,0.8965166586,0.7570269165,0.6583684023,0.9086372554,0.2030459473,0.8049032146,0.8269830037,0.8849778000,0.8865222884,0.5695197770,0.1850303346,0.0679816481,0.2060692596,0.0763344126,0.0957765713,0.2054711474,0.3248918558
0.4779705000,0.0229117311,0.7476397998,0.2739164375,0.2667033920,0.1474675091,0.7943567588,0.1602452148,0.2563389344,0.4539302773,0.9439416011,0.4064145519,0.1035836757,0.5585818458,0.5461800752,0.0572634283,0.1659286663,0.3325539951,0.7488724475
1.9880258495,0.6572855694,0.8853591187,0.4036198317,0.6187696821,0.6487670408,0.1617842090,0.6654145994,0.8701552175,0.9600213666,0.8188515813,0.3885817266,0.1443575726,0.1066592034,0.9491000987,0.1810327256,0.6546594958,0.1012085961,0.0680499539
0.6722172043,0.7986346867,0.2028343716,0.2125427815,0.4675822881,0.9865252479,0.0142369540,0.5358336975,0.9614891211,0.2457081033,0.5244830222,0.5600111199,0.5535008591,0.7024677751,0.0349023994,0.6103641262,0.1167471193,0.6083451782,0.1772077235
1.0321022862,0.3134851775,0.7410068688,0.2517797213,0.5612774789,0.3673831294,0.4477992258,0.1766330863,0.7656183470,0.3154628799,0.2799498179,0.4140910905,0.7295011342,0.3074185744,0.8976598605,0.7018271266,0.1312900738,0.4246282883,0.2275580898
1.6742193085,0.5898996841,0.2157295880,0.3391038901,0.1626155796,0.6041287713,0.0154078056,0.4439391414,0.8793207185,0.4544200477,0.8165989464,0.3181858684,0.4183649953,0.3373940025,0.9952026628,0.5980594522,0.3040381490,0.7778538226,0.4430196663
1.3116361072,0.3774562800,0.6838264840,0.9940669092,0.3569419179,0.8531574045,0.5606951279,0.9830102315,0.0576854588,0.2661386399,0.3774684067,0.3648213172,0.3580192357,0.1603315223,0.1814281527,0.1983188595,0.5835047005,0.8126259014,0.4309561873
0.8084490186,0.9958910116,0.0598621988,0.6817392431,0.5790765149,0.5816973984,0.9915203677,0.6110887014,0.4177904442,0.5721981651,0.4428657968,0.9730920926,0.0613946320,0.3466472304,0.3676619446,0.8534932091,0.3394969521,0.4936799780,0.0456550153
1.4744387989,0.7162935897,0.8480927177,0.2325549210,0.4087768070,0.6958118995,0.0928167665,0.7613286176,0.7234290404,0.5291179161,0.6237663969,0.8068422660,0.4330869908,0.9929566750,0.9000002139,0.4138388530,0.9037952651,0.4026155089,0.6713161337
1.0569297475,0.2481347584,0.3859493098,0.1469059841,0.8265967827,0.9611495338,0.5899715874,0.4221112919,0.7034409022,0.0632207491,0.7238947134,0.5345280746,0.6073569747,0.9099250224,0.1255715059,0.3083742970,0.5368535814,0.4866254050,0.8296379220
1.6944330098,0.7311645787,0.3468068045,0.8750583317,0.9163753559,0.1898768733,0.7046400002,0.4430569738,0.0776721926,0.8780854019,0.7737408190,0.8166914084,0.3022599928,0.4772367387,0.2738883507,0.4593698916,0.1488573829,0.3921055875,0.4634060473
0.4321688927,0.8329845613,0.6199917089,0.0076175494,0.2116624271,0.5702338444,0.2293960528,0.8160203135,0.2845225216,0.8273104436,0.9540295212,0.7735098546,0.3794598368,0.2382966024,0.2528163690,0.6689590724,0.4831422500,0.6701954136,0.0990362763
1.1202711078,0.1152933480,0.8470755909,0.1145007405,0.6943857060,0.7902152060,0.8311956405,0.2091173498,0.3455255757,0.9715920545,0.6450560850,0.5617619732,0.3814269167,0.3622710259,0.4199563289,0.5858245579,0.6295679659,0.8199121057,0.9889029393
2.0445204946,0.6321625303,0.5411147865,0.7712943466,0.2978006395,0.1257407033,0.5415887376,0.1983168554,0.0529382638,0.4347419076,0.4847980781,0.4630198082,0.0131813233,0.4889549353,0.2277406246,0.4431980014,0.8776010207,0.6509628633,0.2476706146
0.5302137623,0.8402623161,0.7953319662,0.2905410781,0.2881045139,0.4304057697,0.0465090083,0.4786700691,0.2940234657,0.3163953913,0.8783491204,0.3106171679,0.8739630961,0.2109223402,0.6069111672,0.3146467095,0.0529069686,0.7630750188,0.9139866564
0.4085360756,0.0841830786,0.8924200561,0.9762150770,0.6517064928,0.4947018322,0.7293142830,0.6991683570,0.3522376710,0.7398163066,0.6584220827,0.6106265991,0.6076329407,0.9545808799,0.7609825313,0.5559649357,0.5514384496,0.3706091414,0.8746158161
0.9439029014,0.3595932487,0.3879447754,0.3787201499,0.7727598545,0.7006627928,0.6940804484,0.0313082978,0.0532114945,0.0157482906,0.7819813542,0.3908007639,0.3469340107,0.9437445330,0.5618298324,0.5877168672,0.3778056479,0.1568707443,0.6789047355
1.5075876466,0.5051873506,0.9652263864,0.0945058287,0.5127282654,0.2750760064,0.8989074257,0.1282174445,0.7977184769,0.4550430683,0.5448453050,0.2655313344,0.5629274986,0.7533955815,0.2863733038,0.7093367667,0.0416908871,0.8715410547,0.4649418476
1.2704700638,0.7976728443,0.1875013698,0.8109039608,0.5655853326,0.5727453102,0.5977697587,0.4010548142,0.9279931636,0.1135722375,0.1729080552,0.4842284325,0.9887210900,0.8204447114,0.2469405401,0.5680536147,0.7488651604,0.7677670871,0.9722125798
0.1271022616,0.0071246108,0.5985855165,0.6993326539,0.7462020115,0.9048327786,0.5792828003,0.7014345875,0.0178722219,0.2752821191,0.6671044452,0.7483033938,0.2568682561,0.4671529642,0.9092829528,0.8199688295,0.7991533819,0.2270138192,0.4788362067
1.6607877851,0.6908345833,0.5011616177,0.4397789520,0.5608927028,0.3500574291,0.7404730181,0.3580659783,0.1037879395,0.4850778854,0.6507078521,0.8717918693,0.5727202746,0.1212383681,0.8785562365,0.5739195954,0.1165603819,0.2303074337,0.9420164640
1.6020684087,0.6453203636,0.2864292980,0.1638368632,0.6031234620,0.9143993402,0.1544619917,0.5579634511,0.4839118432,0.3394967617,0.4662337257,0.3281209023,0.9905990053,0.4823536400,0.8995512675,0.4376804862,0.5441083694,0.2544397638,0.1915850215
1.9323434687,0.6185186988,0.9322497251,0.1228651301,0.6134972131,0.1140126531,0.6718891121,0.1602614089,0.8334009356,0.8715752320,0.4683384961,0.4334136910,0.4508476538,0.3088770803,0.5045781629,0.0242265058,0.3245222421,0.5991965274,0.1060017536
1.1639957361,0.3226925855,0.7862508280,0.6858390098,0.6301707411,0.2962414697,0.8002943326,0.4994599751,0.6187114561,0.9440215006,0.3621465943,0.8776094340,0.0064380526,0.8053865135,0.3904150066,0.1371970121,0.5860665492,0.6009706070,0.4099137511
1.6664806741,0.5110506723,0.7459932473,0.3779284979,0.9684766058,0.2597526258,0.7186827588,0.1274470900,0.2117662909,0.8319960277,0.6816339770,0.0285685443,0.3417798569,0.0039513450,0.4807187462,0.4503294842,0.3397837969,0.2478145660,0.5595985181
1.1285740371,0.2591299099,0.2341119773,0.7956811522,0.2732207316,0.9100610268,0.9983235004,0.8424451986,0.5823781324,0.8382282049,0.9281522560,0.1577677907,0.8006930336,0.3109332229,0.1548142365,0.5924680065,0.6131426277,0.6557211363,0.5142248525
0.6424631919,0.8390197726,0.1690271592,0.4826015753,0.0506109915,0.3509009127,0.5385241982,0.2614448592,0.7126439265,0.6286737656,0.9102569759,0.6856601757,0.5702667034,0.7971618002,0.1229627270,0.4798984028,0.0496104293,0.0042103696,0.2177949161
0.1705540029,0.0401199113,0.0469583790,0.4386804092,0.2250113332,0.9791010356,0.9823226886,0.2432369951,0.5246324753,0.1019158512,0.9545634403,0.6996232880,0.8041034282,0.5733486854,0.6667410271,0.0872072537,0.8465298759,0.1423405239,0.1174061658
0.1800699521,0.0353582274,0.1573842885,0.8394112430,0.2361509946,0.7742736124,0.0837151816,0.0533323241,0.5106154006,0.0179213485,0.5517235252,0.8381134624,0.5727899063,0.3574040927,0.2555324392,0.2560017952,0.0869572037,0.6341786937,0.3143553640
1.1820348990,0.3595798881,0.7073186022,0.4426804201,0.6112386865,0.0371462140,0.4584212545,0.4116886184,0.3188623489,0.2509896366,0.0172971029,0.8039286476,0.3799286848,0.7069560973,0.9256591838,0.9022044494,0.3241653789,0.2189578899,0.4253047349
1.0360750347,0.8013062901,0.6688128599,0.5709953330,0.4553660126,0.2784912324,0.9172214149,0.9874358105,0.9039169554,0.3788464405,0.4823402430,0.3609242736,0.6317059884,0.7304295656,0.3802588852,0.5423188053,0.8824835305,0.7852572018,0.7290520288
1.1639421126,0.1396144708,0.7290524032,0.1813041197,0.1434488511,0.9375468979,0.6525197896,0.2223107056,0.4874091082,0.8873439722,0.3272252136,0.4457788699,0.6043236497,0.4300704981,0.1375427990,0.4829865435,0.8740727519,0.0490739405,0.4532233612
1.8319909795,0.5313497576,0.8572825381,0.8962826544,0.0979206470,0.2583646146,0.3500492343,0.0383530063,0.5753218673,0.6230495538,0.4959712637,0.0544730513,0.5134971011,0.4078001357,0.2377296318,0.4217648177,0.5013927824,0.0415080077,0.8688813304
1.0643490580,0.2480269214,0.9600284753,0.8413675987,0.0233993945,0.5609873752,0.1677363855,0.9197182597,0.5186295542,0.7948120070,0.6658956473,0.8670616332,0.1298750328,0.9225451920,0.7791389397,0.2808669811,0.4627546056,0.2819256225,0.7921434981
0.9234822176,0.1473435251,0.3429748946,0.2218942010,0.9913482127,0.1177132370,0.8186458320,0.7762735814,0.8438082468,0.7281842545,0.1519371847,0.6626683819,0.0427684604,0.1968367806,0.4841598394,0.3127204585,0.8135061246,0.1691712288,0.9869922835
1.1834128039,0.1659886856,0.6330992830,0.2873916873,0.4005907399,0.0104674646,0.9201273071,0.9042273757,0.6792427200,0.6208200184,0.0362189598,0.9497024445,0.6591728326,0.3523421741,0.1084642967,0.8447570927,0.6686594889,0.3637378554,0.1079686220
2.0260897576,0.5980655367,0.4196178198,0.8259013461,0.4189164139,0.7290970582,0.7470046347,0.8078780585,0.9870309798,0.8629457838,0.5257287937,0.1889080213,0.5833954849,0.5637832083,0.5719201878,0.2599129893,0.4151496201,0.1913900758,0.7973840957
0.8732111015,0.1369167040,0.4144934402,0.5942249178,0.0258968745,0.2711256773,0.6057415563,0.5350563950,0.0376273908,0.0643215591,0.7216907718,0.3687283978,0.0354474522,0.9610221072,0.6610342747,0.2910389036,0.5160279038,0.2485227274,0.4555237537
1.7670100744,0.6676045842,0.7587365987,0.2648394223,0.8576433827,0.3828865254,0.4707352787,0.1064357026,0.2210428222,0.8887299168,0.1789032217,0.9680261198,0.4976619780,0.5701795593,0.9950206907,0.2615915779,0.2486717914,0.8708562760,0.1494953502
1.0621361597,0.3466817623,0.2908863027,0.6014202619,0.4867888867,0.1379018544,0.9744060212,0.1157775302,0.0149318233,0.4586121567,0.5040995860,0.1145790859,0.3772504997,0.7991227467,0.0743922268,0.5832418915,0.8384252130,0.1224068955,0.7498875939
0.4126643687,0.0105479960,0.8575179787,0.2988460088,0.1143309466,0.5522946874,0.7917948586,0.1533321400,0.8561958806,0.1571476313,0.2540243289,0.0501038298,0.0932209791,0.7107243365,0.3858939673,0.7809133086,0.9334621683,0.5665145526,0.8334266055
1.5697902221,0.5118376047,0.2489788522,0.6281475906,0.6418426847,0.7232264863,0.7300296252,0.5921618932,0.0106968474,0.4155804387,0.1804383245,0.5123718751,0.9733054144,0.2811099869,0.8086217682,0.4477868227,0.8583569641,0.7641760891,0.9613507904
0.5572919581,0.9928383928,0.7634578668,0.3464253195,0.5660720211,0.4508254906,0.2376978553,0.8831709760,0.9792405895,0.0523013480,0.2699015848,0.9709134710,0.0238802423,0.0323386807,0.9787558484,0.8682195284,0.3204321975,0.8728891556,0.1869767530
0.8748842453,0.7783788092,0.0729740450,0.4407120996,0.1052886548,0.9226558858,0.6676912178,0.8962310300,0.1008620506,0.5603969770,0.7993134582,0.6894878222,0.2184617234,0.2810313074,0.3743254351,0.4346016263,0.7806677352,0.2527776556,0.7738977194
0.1970703211,0.0189460016,0.9326956278,0.6489837381,0.8740783180,0.7016223912,0.0172146956,0.1715641748,0.0490066795,0.1035274322,0.1338126277,0.5073597384,0.7072362363,0.8329980772,0.0645586776,0.6327939563,0.7699712037,0.2095198831,0.8257959185
1.2078426728,0.3379013301,0.5156087317,0.7286012174,0.5897802985,0.5233636255,0.5658197438,0.3528247570,0.5948226196,0.0928041932,0.6770564222,0.7915700341,0.0318797857,0.5923034466,0.5504882595,0.5759075027,0.4062095346,0.7684235957,0.2295772157
0.2035460073,0.8495050199,0.2323087345,0.0874991472,0.5683359135,0.1879875171,0.8388350992,0.2840615113,0.6621827559,0.8225781237,0.0215196745,0.6876223004,0.6935926029,0.9783971064,0.0996120651,0.8548190644,0.8096442813,0.1685040967,0.3106903267
1.8686725933,0.5572381706,0.9983305591,0.0087566441,0.9616708943,0.3263135865,0.2287213468,0.6181532479,0.4478823214,0.1082561366,0.4882787135,0.6161994151,0.5849963775,0.2637043272,0.3870879529,0.1342639306,0.0052812910,0.0822304535,0.6462187758
1.5699014223,0.6646464004,0.3455835053,0.2716028873,0.4120025763,0.1238445657,0.5609051931,0.1381532344,0.1823770794,0.3399279270,0.1195333161,0.7207005170,0.8617367757,0.4934740782,0.6791376960,0.0056007553,0.5592287540,0.6540046039,0.5304010344
1.8915188534,0.5702800996,0.9939125692,0.5120851039,0.2339015543,0.6032871770,0.0826826898,0.3366239655,0.0568022027,0.9176708107,0.5363900764,0.7666875311,0.0774415887,0.0625449230,0.0759796214,0.8857380618,0.3638578369,0.3001493970,0.2011465705
1.0214855493,0.2061049582,0.3758661407,0.6240839827,0.0026614553,0.1860347149,0.6901016665,0.5942166104,0.7121190649,0.2456337528,0.2901919060,0.4346105704,0.9047070729,0.1528919164,0.5158650957,0.4252565201,0.8248627474,0.6123381220,0.6547377942
0.9935004459,0.4213941759,0.2770083750,0.2537358034,0.6169684325,0.7839948640,0.0075001742,0.9762224498,0.9734693761,0.0990374556,0.2416709492,0.7481913750,0.3939551703,0.3037464036,0.3255889506,0.9115767635,0.1966698966,0.5610677947,0.8258346746
1.5999278335,0.7717833836,0.1075279996,0.9226366069,0.9442081880,0.0398807800,0.1904984122,0.8481662118,0.4944904188,0.5842876071,0.0133065974,0.5320072780,0.3225872702,0.4997601634,0.4287552068,0.7411196935,0.8127731507,0.2699471646,0.2091634358
1.1355454734,0.3279113974,0.7464136737,0.0267707522,0.8247037551,0.3561455616,0.1527068931,0.3195782119,0.3984299724,0.5606863380,0.7782995074,0.6965218935,0.0314051379,0.0187261344,0.8309826723,0.6451416474,0.3460490849,0.6073528131,0.7785948188
2.0213985582,0.5890370379,0.2695888789,0.8031222362,0.8835469729,0.4827527240,0.1839810948,0.6781152803,0.7036214120,0.5785515297,0.2119141292,0.9736947957,0.2835167855,0.4137469402,0.9191849430,0.2865145864,0.7463630679,0.7267525846,0.5657667437
0.8885949732,0.1504467548,0.7403953277,0.6819362549,0.0729683999,0.4813512118,0.7758627302,0.2541060737,0.2114551138,0.6062224880,0.9141944610,0.5878607142,0.6724942497,0.5178468058,0.1699324797,0.6434999092,0.3992660443,0.1748312675,0.3631842500
0.9745113106,0.1696634955,0.1497891609,0.0246323539,0.1501693190,0.7996134165,0.9263759724,0.4761362482,0.4596301684,0.9207561857,0.1653176370,0.9840217877,0.2027486369,0.8652156677,0.6762912899,0.4764850125,0.5388259057,0.7912960859,0.9549979134
0.8283414302,0.9380099849,0.9737946826,0.8051848094,0.4727393157,0.5743449458,0.7355540713,0.1735755452,0.6381150321,0.7782354081,0.3474663412,0.6865736522,0.8338329816,0.0220656805,0.3907004228,0.1518187241,0.4694544778,0.7163937956,0.0114505629
1.0730403272,0.3818335532,0.8906731696,0.4005404991,0.2185741654,0.0426049477,0.7082237831,0.6250825499,0.3346696758,0.2926791421,0.6267584333,0.5390158546,0.1574372746,0.2282098333,0.9626130686,0.4791035433,0.9831609846,0.2649522054,0.2833529866
0.2564994696,0.0524943824,0.9661178327,0.8966601345,0.4413683724,0.1894879582,0.5984359416,0.1272165020,0.4321882301,0.0471456618,0.7670280999,0.2737656296,0.9611713716,0.9270341429,0.6984444530,0.2424364229,0.7803909833,0.0690594922,0.4349745487
1.9734205210,0.6038863475,0.9455229595,0.4168772427,0.4673012906,0.4159257378,0.0601321222,0.4862132448,0.5242421111,0.4095531279,0.5327688044,0.4161176997,0.5103889269,0.5233664422,0.4834749811,0.3570177477,0.6505250711,0.7373765432,0.8549078719
1.1874389059,0.3924723110,0.6695631302,0.6002656871,0.3435095917,0.6976490870,0.9142487326,0.0331328173,0.6536342148,0.5095257428,0.7612127885,0.1483730204,0.4617411924,0.8591480274,0.5583107598,0.4170667988,0.7304434773,0.8058197393,0.9114607423
1.4935617169,0.4387865587,0.7027800263,0.8996536380,0.1460256364,0.2806603730,0.5059732354,0.6042715526,0.5825413007,0.5479663914,0.3376246885,0.7062195937,0.9713011990,0.7574870486,0.0663396721,0.5524338881,0.4171088574,0.7754641531,0.3650907327
0.8440857321,0.1501849702,0.2277342062,0.4054960365,0.0587627410,0.3126281025,0.9900375421,0.4636333190,0.0746787356,0.2283289169,0.9919096076,0.4977135130,0.2736112591,0.9105600844,0.0662435849,0.9985990647,0.4317408710,0.0027996301,0.5387380055
0.7190288020,0.4426457335,0.0314755662,0.2210204750,0.2356905934,0.0034971534,0.7371302901,0.0060584620,0.2047337818,0.6657824167,0.3050694652,0.3147650505,0.8196702386,0.6605873677,0.9132287318,0.9179394309,0.1781247582,0.8956072834,0.7196936100
1.6151212218,0.5429673889,0.3569588775,0.2877332520,0.3812229028,0.1755261045,0.9641279275,0.8260024621,0.8546419368,0.9940388778,0.7454389109,0.6121541443,0.1931077873,0.6610358302,0.2416435905,0.1574197649,0.4335885225,0.8022190290,0.5675388115
1.7119230242,0.6174962815,0.5103279606,0.4183381905,0.8888359869,0.4665065931,0.3400468332,0.5577304129,0.6959519384,0.5894980846,0.4288131998,0.0516160355,0.2882945312,0.5120723793,0.0478242217,0.1977855038,0.6626941173,0.0129576077,0.0304603122
-0.0676599605,0.8865953405,0.0621058229,0.1535163123,0.6784529891,0.7787153903,0.2946463157,0.1668441905,0.3308158473,0.6359857312,0.3775661265,0.1521790277,0.5048335464,0.1908022956,0.2501792855,0.4773702751,0.5518953668,0.3775449722,0.8806108340
0.8127336817,0.9041342707,0.4336667940,0.7142465657,0.2462058584,0.6635720035,0.6533427988,0.8493187432,0.5196544680,0.5119574256,0.7758392001,0.6241038633,0.0167747366,0.4878927979,0.3807372942,0.2101639892,0.4400218473,0.4910447386,0.7865328038
2.1194450990,0.5757063203,0.6653165400,0.9281318588,0.1264984151,0.4455163784,0.5782589323,0.2081108874,0.1304710546,0.7115564537,0.6292777662,0.9455479978,0.9035032020,0.9127553665,0.2630746661,0.2418437341,0.9404537375,0.2400264268,0.6455529609
1.1864028382,0.8786373195,0.8501985693,0.9903504632,0.5829807790,0.0693840001,0.8550724233,0.9086254822,0.5588270473,0.7313204106,0.9084908677,0.2325959831,0.8956672535,0.0392488635,0.1553487689,0.8181637247,0.0287098464,0.5543261170,0.2195181199
0.8005810117,0.8312247092,0.1870713062,0.6747920282,0.7496331064,0.2171149489,0.2840122343,0.3937286544,0.5556725505,0.2223401974,0.8546393719,0.5117594271,0.0559321428,0.3083578192,0.9970797083,0.8168914316,0.4707182873,0.4009871350,0.2981370549
1.0691256001,0.1803511355,0.9968224777,0.7984324790,0.0811334598,0.6304487918,0.9562200159,0.6391289173,0.9105439460,0.8364583323,0.0225898380,0.8458459381,0.8725286081,0.8301525956,0.0649505559,0.2791329853,0.4561221122,0.0524564397,0.7005130664
1.6474459620,0.7236965077,0.9885861961,0.7175592867,0.3294404851,0.8507177205,0.4671033245,0.3250179249,0.3686837107,0.6186234563,0.3785530077,0.8384774419,0.4931535930,0.1825313993,0.9167541736,0.3938755133,0.9145929700,0.2701801827,0.1028155314
1.7657348998,0.5430477731,0.8817874527,0.0273232214,0.4880924034,0.5628436307,0.0545786541,0.6109055036,0.0598607262,0.1194693000,0.6525650939,0.4411543590,0.5307964792,0.8818214406,0.1680526852,0.9405965328,0.2535091107,0.2062077760,0.6551481160
1.5793264493,0.5129538277,0.7386510049,0.0799401907,0.2604018320,0.2186152964,0.8012910895,0.4846790436,0.1592835866,0.8012375647,0.0707516303,0.1469483677,0.5304942405,0.5799871439,0.1292468963,0.5682535437,0.6744579274,0.6089704284,0.3468895553
1.9778096263,0.5792316117,0.4432757901,0.8156680068,0.7237203692,0.6477905387,0.0071637943,0.1540199520,0.0202811979,0.8693970214,0.8817915962,0.0108830035,0.9477423607,0.6144361193,0.4525882157,0.3911592835,0.8615745323,0.0525682711,0.6134408558
2.0331027858,0.6291706010,0.2993865685,0.7440913202,0.5367092475,0.9239017120,0.4487686755,0.8453919474,0.1465431217,0.4141306744,0.7584992856,0.1094729878,0.6884579406,0.4205753975,0.6597126562,0.3174571356,0.2862624528,0.6664382225,0.1571906990
2.0561761957,0.6646861606,0.3092806929,0.8499186119,0.7395661183,0.5263852067,0.5839463568,0.8976771479,0.3043930491,0.3098158918,0.3012870992,0.4268652802,0.6125796163,0.7522854659,0.9601870681,0.4994693495,0.9209002132,0.3053811937,0.0261789916
1.2811409074,0.4413835330,0.8842353984,0.3267552212,0.3716411968,0.8732328219,0.7665140965,0.4553672668,0.5290577554,0.0502426531,0.7615186799,0.5847904228,0.0563643783,0.0011899820,0.1697737989,0.9589821780,0.1497657622,0.3285635743,0.1623844423
0.9308163491,0.4550417602,0.1123976032,0.0579682170,0.9403530125,0.2533673190,0.7584893565,0.7779358205,0.4264442116,0.1638370460,0.6917602142,0.1204574818,0.6668400177,0.8515687290,0.9667599900,0.7868587670,0.1454571058,0.4420574154,0.4129578050
1.0635678759,0.1273136170,0.9112588030,0.4152433913,0.9106718070,0.4104544225,0.1773168580,0.3113340247,0.0027802354,0.7864205715,0.9509087562,0.3775426782,0.3792397897,0.5477209341,0.0410493531,0.4751674104,0.4292011250,0.4090607418,0.5242327759
1.2099629479,0.9040169764,0.7695313135,0.9742348444,0.4478168477,0.7024975006,0.1491860599,0.6050954260,0.5502904916,0.4892480864,0.0496904879,0.6302789242,0.7574239755,0.2130405374,0.4768059467,0.8473992428,0.5982276159,0.5536939531,0.2177357986
1.1511859073,0.2545313231,0.4318444915,0.8695629066,0.3368806603,0.4428119442,0.0668313364,0.2135164204,0.3899410444,0.5460362403,0.7774309598,0.9130757283,0.0281021540,0.9437676858,0.6939665032,0.4588246040,0.1724074598,0.7978818338,0.3817131730
1.1767798053,0.2644109700,0.9269643144,0.5598066055,0.6389674586,0.4747235910,0.0475005914,0.4931979935,0.1418622592,0.5079050032,0.1810680554,0.6485911262,0.3020449277,0.4934052489,0.2336185737,0.5879543044,0.5515146283,0.1546804799,0.0971930483
0.9938015922,0.2086421241,0.3175426830,0.0842799017,0.0332853940,0.8726416128,0.1740136543,0.8881260776,0.2214318304,0.9074675171,0.5845022571,0.9015440833,0.1517616721,0.2801897387,0.3211470913,0.3076096709,0.2121250827,0.9987726900,0.7605784091
1.5949101612,0.7009500601,0.4621960416,0.3428547767,0.5809304061,0.3285290608,0.5665991997,0.7579144269,0.9712303132,0.8368022465,0.0589408979,0.5917865882,0.5993954276,0.8079422938,0.9686079556,0.0256879119,0.4691971365,0.6491229335,0.9438485314
1.2926134088,0.2084763854,0.7234762280,0.2028204489,0.1409160112,0.4948250149,0.1978550466,0.7990880267,0.0395931900,0.2297123085,0.6626910831,0.0569733095,0.1051744335,0.5763857411,0.8938916285,0.1792201619,0.3452018453,0.8285281493,0.2031091982
0.1623269562,0.0202927797,0.6293555455,0.8509765600,0.1411332241,0.1331896064,0.0863331719,0.0258211869,0.1404577705,0.4925317284,0.6274360136,0.8421530509,0.4546017135,0.7372913361,0.1644627756,0.7077660039,0.3269086499,0.5291373620,0.4224135499
1.0983754695,0.3449904934,0.1190843412,0.8250499497,0.5970380626,0.7822810614,0.0868566055,0.6014601566,0.8027243225,0.9168863943,0.6043898424,0.9782611290,0.3265089125,0.6406318609,0.5792533639,0.0918204915,0.1512910765,0.4247755616,0.6422638184
0.5777687545,0.0601429697,0.9003278724,0.6209177036,0.5912057423,0.6641954981,0.5510616134,0.2753155896,0.9032303289,0.9580628703,0.2046580327,0.9839317405,0.6092140626,0.5588800635,0.9046350528,0.6858492631,0.0676672096,0.3836480292,0.9786372832
1.3987799142,0.5032391928,0.0112069924,0.5420693894,0.7653460947,0.3997758979,0.1314635868,0.6486075864,0.8801888176,0.7191787224,0.0204154974,0.6736412477,0.9987498144,0.2181438197,0.1410680350,0.8777070146,0.4881337015,0.2800481380,0.6649483996
1.6645981409,0.7193197990,0.7843824967,0.5347693829,0.2388309011,0.7765750995,0.3549643989,0.8510974871,0.7704511616,0.1600694972,0.3792844595,0.4649429808,0.1808608209,0.2373176382,0.3629108622,0.7841398111,0.7614618235,0.4991734277,0.3240259974
1.5638480506,0.6724683118,0.1000975765,0.4013880930,0.8603184417,0.8523846553,0.8592361688,0.5797583416,0.1264890849,0.9553418837,0.5571795052,0.3094083044,0.9238370158,0.0880813106,0.1798017051,0.2408560244,0.9641017320,0.7316150674,0.0911588089
1.2645883163,0.4513112038,0.6036479018,0.1181204970,0.7252850558,0.2320960122,0.5951819786,0.4039561485,0.3343636809,0.4504061978,0.0259180505,0.2184731328,0.4099975527,0.8358117047,0.3875635495,0.7015161712,0.0332510111,0.6646047447,0.9148207231
0.5078891247,0.8244180180,0.4713709718,0.0649070482,0.2794820870,0.0560201605,0.9681524621,0.3960424925,0.7027305345,0.6778338481,0.8575383259,0.0987577844,0.8283312806,0.2389755811,0.6787593988,0.3867611918,0.4812252471,0.3799090964,0.9599470322
0.3361782817,0.0333677424,0.4405556922,0.5074943272,0.4429716612,0.6334848168,0.5113430920,0.9811763345,0.9155335374,0.6407669096,0.7566179222,0.7023325674,0.2210440791,0.3802973782,0.8039159678,0.3522734845,0.3805789468,0.0044139494,0.0490485603
1.2335750474,0.4095865552,0.9600745249,0.7926835497,0.6859175097,0.9892496488,0.8820836080,0.5837113615,0.7367763135,0.2699588120,0.4917064422,0.5768239562,0.4294602856,0.3679787416,0.8037916410,0.7056943360,0.5294236398,0.1542912281,0.7732935153
0.7502391060,0.1135045655,0.3505517232,0.6246683990,0.3690291841,0.9311062595,0.3839329290,0.3441802183,0.6249341721,0.5635655305,0.9170188878,0.1866287792,0.5151783624,0.4926497963,0.6093583779,0.8008263736,0.8533708045,0.2610030982,0.3996574111
1.3748271441,0.5207292633,0.3811656697,0.0561865664,0.5433188742,0.5901887287,0.3789213574,0.5933357856,0.4355864435,0.0936965303,0.9287968012,0.2092444644,0.3948627727,0.5403197101,0.4053709926,0.5656207719,0.3280123136,0.2696275045,0.3061802022
0.3510361730,0.8660972790,0.6845746214,0.1496234933,0.6878992954,0.7175870370,0.2583887335,0.0283555427,0.0926814452,0.4680253996,0.8243723707,0.2891027542,0.6906812515,0.5353269211,0.4657819791,0.4852849867,0.3611337866,0.6963836899,0.7193276947
0.7636632868,0.0966904351,0.6421507173,0.6687473977,0.0408985677,0.9205355644,0.6127095402,0.1567926371,0.9989960820,0.7162218201,0.5660814892,0.9968845078,0.7751131722,0.8026641778,0.4467925279,0.7527146401,0.4438048990,0.3738584784,0.8623228549
1.5607696748,0.4812645555,0.3604644698,0.8050015623,0.9985045913,0.8808070583,0.7842286498,0.3471621522,0.8641668193,0.3545749307,0.7475604897,0.8677229544,0.7198336589,0.3952897664,0.9843219153,0.2945676765,0.9043887395,0.3854346419,0.1774657903
1.1461012658,0.4420989830,0.4407643223,0.0506446533,0.5870151298,0.8216742430,0.5247967013,0.8370333516,0.1153327876,0.9369759351,0.2968351503,0.9537684721,0.6051214985,0.9381590634,0.1167750668,0.9832489983,0.7216119373,0.1367168006,0.7596338537
2.2093800008,0.6085521122,0.7101731424,0.8819353285,0.9288979276,0.9371425614,0.1549699095,0.5180358092,0.1201868955,0.2277415299,0.0068344795,0.2890074738,0.4074636408,0.2801811106,0.8979707049,0.0004298795,0.2905924689,0.0346589342,0.9065361469
0.1473437449,0.0301728962,0.3327221137,0.5832405375,0.2144528457,0.1614921762,0.8132497280,0.7714344397,0.9029424335,0.0498518969,0.4745872272,0.7382441580,0.4913623534,0.1985981671,0.9912096871,0.8188546038,0.9511426413,0.6830982145,0.2353004658
1.9878518509,0.6100913689,0.7082620506,0.6329771529,0.6100061135,0.7596195799,0.9580605123,0.9027545338,0.1606602540,0.6505225898,0.5900288575,0.8710062837,0.5165011995,0.1756656427,0.7129841618,0.4602577583,0.4107660203,0.0042243969,0.5372284006
1.0893911843,0.7530668464,0.1674548790,0.3230322970,0.1803061375,0.0597759365,0.1551333364,0.3635034908,0.8758474394,0.3240241979,0.4820537469,0.4162291934,0.5599066386,0.1164383044,0.3417148149,0.8510488593,0.6355820046,0.7724435052,0.9490845610
1.8143867280,0.5968011015,0.4333186167,0.3642334196,0.8495246992,0.2470411691,0.2367998903,0.6628420754,0.4029858322,0.2907065479,0.3059327638,0.9549595725,0.7273808993,0.2684941858,0.4082308112,0.3559382376,0.1079804548,0.7703463775,0.7479545061
0.5728505635,0.1022370393,0.0042018608,0.3443878054,0.2587266774,0.3166874798,0.3290427124,0.1957343165,0.9764532386,0.5036044757,0.2518864901,0.5199372619,0.0800397914,0.6830014318,0.5941773983,0.3089885847,0.8875989662,0.0494694944,0.6354466131
2.1180740089,0.6300367824,0.5115512542,0.9018619536,0.4035119648,0.8175179948,0.0113762309,0.6445081921,0.8503698704,0.6302277538,0.1493940884,0.4247410467,0.2998118117,0.3821782612,0.6854880409,0.9258853834,0.4134245774,0.4577025994,0.5390537272
0.9405874481,0.8415663988,0.5669993814,0.7159684720,0.8507053366,0.2401123272,0.5838049885,0.2597861649,0.5096958314,0.8906172975,0.5263833295,0.6243430885,0.2632244514,0.1383380517,0.3605230434,0.5002017848,0.3351148187,0.6505788475,0.0748466607
0.8942974445,0.8275023735,0.1407845139,0.7132328777,0.5923940933,0.5636883717,0.9569331467,0.8806328899,0.7403276472,0.1986976187,0.0324150013,0.8704232963,0.0403239741,0.6151101806,0.9855628491,0.4608057790,0.4536939771,0.4497136779,0.1007471660
0.3597979610,0.0288832328,0.5645189232,0.3800222532,0.8106584394,0.9821823271,0.8052792524,0.9705757696,0.4978120513,0.3751512473,0.5924800265,0.6390212345,0.5374810381,0.3566018223,0.8185196014,0.9464530164,0.2613297748,0.8527629748,0.0648450632
0.5216901265,0.8818579710,0.3986430093,0.4061915572,0.8419061552,0.4012568894,0.8793685495,0.2497976387,0.6980276968,0.5530748653,0.8763474851,0.9923148124,0.8995073433,0.7574575407,0.9345844950,0.7566185982,0.4525231886,0.4647911005,0.6097480458
1.2343062043,0.3423644754,0.7330243152,0.8373698553,0.5096156909,0.6992867216,0.4063732965,0.3964449723,0.4824964605,0.2030708334,0.3273398734,0.1185934860,0.7941268866,0.7529130972,0.1558354316,0.9616060982,0.2574319631,0.0413566208,0.4453886233
1.7006143113,0.5046588392,0.1748554713,0.7257761239,0.7713357411,0.0373460874,0.4200219148,0.7510116196,0.0663359313,0.5478539469,0.5783077800,0.5868261461,0.1985098655,0.6125225313,0.5694864236,0.1078152664,0.7924411875,0.7945363089,0.3511045957
1.7638010859,0.5520484750,0.9568290456,0.1809636318,0.8695229084,0.5479160592,0.8718774385,0.9787210591,0.2262522412,0.2544431862,0.6494927825,0.4449905545,0.6588382308,0.7469743178,0.2853255904,0.8742339579,0.3620434140,0.7650191319,0.7732072726
0.9957953621,0.2385974245,0.2547691203,0.5896477770,0.4788568878,0.6299716693,0.0256641663,0.2536672613,0.1977276953,0.2632067603,0.4244140793,0.9975285638,0.1580919681,0.3911942484,0.1522654483,0.6420860389,0.6969153716,0.5843517454,0.1102625300
0.7994001892,0.8418969426,0.4492190499,0.6706669909,0.3988602359,0.0265093754,0.0146536142,0.5439162081,0.6117430020,0.8174637790,0.5638477831,0.4499863760,0.1891919918,0.3385455992,0.5449065920,0.5465108557,0.3643510253,0.4926729163,0.8930844696
1.0787595658,0.3742696573,0.0902404587,0.6782376972,0.2039800165,0.4981534958,0.7774943575,0.5000723939,0.9040291072,0.2861642521,0.1499824930,0.5097652213,0.7423038194,0.8333634261,0.4701778398,0.0742877553,0.4748577028,0.7461602136,0.9726652644
1.9618526960,0.5788092449,0.4187435486,0.7821011748,0.6518615605,0.0525598385,0.4022584188,0.7142436344,0.6335145518,0.5535099370,0.5139271046,0.6733293970,0.1355964595,0.4670622971,0.8224214196,0.4966119925,0.7874662964,0.3188110264,0.1375068335
0.7883726924,0.1295697007,0.1220442421,0.0650380776,0.8292848744,0.2985708164,0.8424857254,0.0752244416,0.9527836109,0.9510320251,0.8324103463,0.1670116644,0.5823495968,0.5760492386,0.0430723030,0.3160731959,0.4226191927,0.8072711087,0.6405401297
1.4245613978,0.7057235887,0.1002588494,0.4588553219,0.3516587949,0.2964871373,0.6148089564,0.6623316365,0.8360029042,0.0402924825,0.5006782056,0.0966715402,0.6180850311,0.5706443757,0.5855494618,0.2894309458,0.0623768486,0.6259661646,0.9239706675
0.7826386993,0.8955394792,0.7987892173,0.7366273766,0.0878039570,0.6286579522,0.6248962525,0.5132294840,0.3633226575,0.1377003038,0.2560306337,0.7708397859,0.9084080194,0.4277586182,0.0709366369,0.2020635120,0.3872964310,0.8022742281,0.4179081819
0.0934765763,0.0130078204,0.9331732375,0.8270969147,0.7676456389,0.6037916529,0.0319949957,0.5592964302,0.2862494066,0.2940599058,0.9629862980,0.7755085091,0.5156599291,0.0419363023,0.9147396829,0.7090913585,0.5962272340,0.4693172796,0.2867209646
0.8132457351,0.8212276040,0.8608024415,0.4617442477,0.0930492873,0.2651117042,0.3618260504,0.5018267168,0.7396194891,0.4415193826,0.9993481329,0.3932053389,0.6408143524,0.8157725407,0.5022536219,0.9019220214,0.4041677012,0.7686888452,0.5606708350
1.8307751149,0.6879728588,0.0294498218,0.8073062351,0.7398849700,0.7317888221,0.8452978820,0.9292682017,0.9753184172,0.2669415402,0.3631642373,0.3500105153,0.4004659035,0.5523421788,0.7423476504,0.9279409417,0.6061120265,0.4226690390,0.5808168577
1.2977866113,0.4681271933,0.3154904305,0.3459298300,0.9022444164,0.8145977432,0.8848835484,0.3902067703,0.1844813181,0.5944047072,0.3624088230,0.5369921592,0.2202893968,0.5147868508,0.4577882093,0.9158499005,0.0571785397,0.9195313002,0.8993830442
1.9267172695,0.7221477370,0.3256426629,0.9845735784,0.6505283588,0.7188838361,0.2463150449,0.6254176013,0.8650682855,0.0113049358,0.4815183865,0.5923720398,0.8372181952,0.7984232293,0.9996824768,0.1738954521,0.7531018297,0.2796937403,0.5410289491
1.2958349299,0.3898581945,0.9205848857,0.8652048886,0.1441671086,0.1620574513,0.4400799342,0.6595778693,0.6306258996,0.3803548842,0.3943266862,0.5826832656,0.6006286753,0.5438218806,0.3649175519,0.1167464473,0.1688592197,0.8681243547,0.3687401489
0.5112678772,0.9570187843,0.8892129348,0.5003756920,0.6809362203,0.1450855262,0.4420386696,0.4313541727,0.4615589737,0.6844170546,0.3500937607,0.8568313733,0.8115047170,0.1455411020,0.9986018103,0.1656344350,0.6700953071,0.3353182647,0.9923420493
1.1481146759,0.3696826286,0.8998573783,0.6478508662,0.8920314294,0.9566240791,0.1940793411,0.2041421564,0.6090249721,0.4380527435,0.5124908838,0.3866191030,0.0578114329,0.4805413166,0.2429117173,0.4640665283,0.0885487996,0.7127339038,0.7387998213
1.2779030625,0.4907050052,0.1355395066,0.3907866619,0.0341659557,0.7777684573,0.6951923552,0.4260828920,0.8987749625,0.5184405827,0.6266720162,0.0239541701,0.2591764154,0.4808433765,0.3422577278,0.7780135202,0.2373680603,0.1043959671,0.1539198401
1.1033492443,0.1434562272,0.6113561126,0.1391979792,0.8834686204,0.5389927350,0.5856558816,0.5137955921,0.4779435226,0.7970244007,0.1624346877,0.9062956668,0.0930890541,0.1121866419,0.1023711469,0.1758293420,0.9069803837,0.3327364157,0.0339133709
0.6391573427,0.9485179248,0.7474456401,0.5013660067,0.1874736302,0.0678008430,0.5975545950,0.0489762293,0.6230877284,0.1275865447,0.3952474215,0.3183640406,0.0688614645,0.2955787771,0.2132686878,0.7451261092,0.3631242642,0.6271206920,0.2813258719
1.4742467781,0.7713691030,0.3925413856,0.8121643332,0.4006649912,0.5210308629,0.6468499676,0.6779694974,0.9955199417,0.4291200223,0.9113632878,0.1784304962,0.7386402437,0.4148425590,0.4585404221,0.4831170477,0.3562722123,0.2884956469,0.6613770392
0.4390321631,0.8839154431,0.8491207714,0.3845315844,0.9800444562,0.3003506847,0.4241384189,0.5399758679,0.5400808985,0.0136531079,0.3052767022,0.7259005222,0.4535286948,0.3957151798,0.3414096647,0.2150347295,0.8495373405,0.8331641168,0.6706876131
0.8570149201,0.0737148424,0.9742444997,0.3432824905,0.5722659810,0.2714035790,0.4971688774,0.3555755612,0.0660801187,0.1616114516,0.4512330757,0.3921066452,0.5000288983,0.8827737120,0.6810631572,0.8394452696,0.3306495102,0.7562046077,0.7924924835
1.1424030516,0.1808633389,0.4944855574,0.0461110828,0.5838185329,0.3093930066,0.4279259802,0.6844811077,0.5232739322,0.8389520622,0.0848644069,0.2391213860,0.3332924868,0.3906366231,0.7069387462,0.5753608501,0.1034697245,0.8731058797,0.2626108152
1.1605424710,0.2750275249,0.8304714767,0.6293156910,0.6481038298,0.2966367964,0.2271247960,0.0860097463,0.6714309161,0.8592390808,0.1828760109,0.0458885176,0.0925330352,0.3354687492,0.8034575480,0.5858455881,0.9176816738,0.3990143913,0.8681359506
0.5256609763,0.0944960254,0.0628060533,0.5230923111,0.6509039323,0.3365851886,0.5221792547,0.6090270161,0.2388631298,0.3320272974,0.4852188653,0.0033389950,0.3210677698,0.0386698837,0.8640138728,0.5302852878,0.2507385095,0.5418223891,0.9839962370
1.2551825207,0.4095024954,0.8857352359,0.7461757385,0.5873544903,0.0251260744,0.8460489333,0.5358999632,0.0300904614,0.0827429497,0.1585974799,0.2406769703,0.6468270822,0.0739705348,0.6434653395,0.0242090033,0.6455518449,0.0462557709,0.0181202736
0.8672591254,0.9675354629,0.3274714556,0.7047039285,0.2510587244,0.5003481868,0.2829426425,0.8174623290,0.7759499256,0.2607233958,0.4647570796,0.4516339295,0.7160010096,0.7315481487,0.7578653031,0.0475466546,0.7163732808,0.1792135036,0.4842360480
1.2470983237,0.3845409281,0.6331152141,0.5660373079,0.1063342014,0.3582493179,0.5133951087,0.1242987236,0.0078395382,0.6606438224,0.6685412094,0.9754702796,0.9991936411,0.1888771786,0.8307946769,0.1470728188,0.4031093951,0.4029080276,0.1595715722
0.5575638046,0.9337939088,0.8325811867,0.4572884277,0.1962038676,0.6158185462,0.1822728518,0.3778359057,0.2234680985,0.2457759622,0.7878434846,0.2974490151,0.0289748291,0.9446540851,0.7785819166,0.7625325389,0.5808326307,0.9356593300,0.3960532210
0.9713548869,0.3558481163,0.4194618935,0.3185927568,0.4635266632,0.8837838410,0.5483947124,0.9914237349,0.6993005045,0.1558162946,0.8851099179,0.9289952979,0.1206387715,0.9321149285,0.4300264993,0.8670674773,0.3965899444,0.1062094527,0.5114991110
1.3034001546,0.4173525326,0.1425201201,0.8042844742,0.2532632692,0.1252424211,0.2574409390,0.9228119498,0.4881420304,0.8153426876,0.3028711988,0.3244474002,0.1884271567,0.4476761081,0.2011822700,0.7318548373,0.9045762225,0.8189419531,0.8001870287
1.2208513806,0.9832452044,0.0478678307,0.8989017201,0.6341080754,0.0852170166,0.2159179357,0.5522404955,0.6258419432,0.3756030461,0.1996769984,0.7109032230,0.1370687966,0.8461624642,0.9068579295,0.8224066536,0.9948833899,0.6186445952,0.9806281512
0.8178894012,0.3850515233,0.2797432602,0.2155004460,0.8792486737,0.9056076259,0.9557412905,0.7660674430,0.9656590458,0.3497241300,0.8321063315,0.4590401109,0.4048196053,0.5371938435,0.5725912685,0.2324778840,0.9807046435,0.4750551821,0.8786148491
0.6977493966,0.8150605406,0.3971255077,0.4785820541,0.1720001454,0.9311458272,0.9614917627,0.7342367758,0.6243390326,0.0701249050,0.0025589465,0.1306878547,0.5950838224,0.1026501121,0.5667280187,0.8153850212,0.9861565381,0.9667750100,0.0220489248
0.9966781970,0.1512963918,0.4701661403,0.2696718069,0.6129836428,0.4773439255,0.4141436800,0.7403637387,0.8740459519,0.9970730626,0.6031478680,0.4989293731,0.9642847528,0.2363721279,0.3722122459,0.5935890865,0.6739531940,0.0948955656,0.4516176891
1.0726233468,0.9118331065,0.6781213406,0.8867162653,0.0946632455,0.4093221710,0.2805830055,0.7310898125,0.8331674806,0.6881719550,0.9498339571,0.8116170437,0.4759076519,0.7699104540,0.1723405318,0.2773326961,0.1698248682,0.0935278672,0.3985275781
0.8011468022,0.1226612509,0.4558950130,0.8321052379,0.6139619241,0.4403391984,0.3109597995,0.0725745759,0.8716159569,0.7055462896,0.5340671698,0.1201043465,0.0401197466,0.3736510320,0.6333173225,0.4921142015,0.0294533708,0.6978348628,0.9460240992
1.1652795940,0.1126580893,0.8727761891,0.1718617556,0.7273133683,0.3954875614,0.9295527455,0.6725221980,0.2149317044,0.6268277724,0.4807548204,0.0259512927,0.4823783403,0.9249586462,0.4497841141,0.3770809712,0.6433810675,0.7357901175,0.2887269358
2.0221584779,0.6562417648,0.5523982771,0.8019401240,0.6804522532,0.1164191655,0.6918436821,0.0344602770,0.0142780944,0.2532467634,0.9248377059,0.5797143384,0.0528636423,0.9180802663,0.0949916257,0.5167942506,0.0346650160,0.1921398543,0.1732940380
0.9072813729,0.2189192381,0.0145287043,0.0974917353,0.2644368982,0.9325526923,0.6307192454,0.8842588672,0.6492427304,0.0641971825,0.3765589512,0.2549916320,0.0410519187,0.1198847394,0.4771005632,0.1313926828,0.9702426951,0.2041636387,0.2500555903
1.0045172314,0.3459286397,0.3873943515,0.4677363061,0.4769318690,0.3792349425,0.3726520498,0.5898197099,0.2120231122,0.2255543451,0.8688840261,0.7867776216,0.9273726269,0.1696957090,0.9180023500,0.3421424768,0.0711837951,0.2170039649,0.0702713143
1.8373162745,0.6686495236,0.8448922221,0.4451137206,0.2209069945,0.4176233317,0.8237575735,0.8160772815,0.3402500556,0.2604255757,0.7259609474,0.9374939160,0.8805080702,0.5790358075,0.9903722201,0.5188580212,0.6817975407,0.9134874979,0.0214146291
1.7499953485,0.6330958059,0.1281253783,0.4469966201,0.5203916122,0.5526659717,0.7773084154,0.0539559154,0.1749163359,0.3390411831,0.1804296539,0.3544102250,0.8178255950,0.2563152437,0.2172380332,0.0988949029,0.7957799022,0.8599745684,0.7403604520
1.2021006081,0.2545750434,0.6164977746,0.2612171783,0.1146746209,0.6356863562,0.4678885731,0.8869392519,0.7775345436,0.3315148423,0.1045134126,0.7838837452,0.2707861785,0.2065928207,0.3815948988,0.9524565590,0.8493912015,0.3515563633,0.6893693222
1.2775532771,0.4161451157,0.5555085599,0.5786637547,0.6918224405,0.7617830635,0.6981831303,0.8900185602,0.5683611725,0.6259777040,0.1391294842,0.1440280519,0.2901468088,0.2466792577,0.2468980153,0.9805806292,0.3208187074,0.1320032819,0.7763256477
1.2742331928,0.2002996797,0.8080478765,0.3995133181,0.3247688157,0.1827938985,0.2354803132,0.3775718424,0.5446079397,0.7537452364,0.1173589911,0.6370183513,0.6849480458,0.5982572804,0.6530690050,0.3944440138,0.9977657004,0.9482719587,0.2109939884
0.6332124693,0.9699011415,0.5833268571,0.4589415317,0.8280740038,0.6672734139,0.8450738724,0.3818200802,0.8011629527,0.5119352536,0.1714890096,0.3777823397,0.3833691416,0.8418855720,0.0752987673,0.5352612570,0.9511987273,0.3942301098,0.4002587825
0.7491800394,0.1256430873,0.2097726260,0.8481941427,0.8426556117,0.4592228529,0.3633097444,0.7989356115,0.9439165644,0.9721279923,0.3462169519,0.5328559022,0.8925002951,0.8823176318,0.3010425498,0.6234587936,0.2029259216,0.0050771687,0.7530453528
0.9963719144,0.1778121710,0.3681318908,0.9345879837,0.8989518861,0.3072962427,0.1862541038,0.8166577666,0.9096882660,0.5766610243,0.1135038479,0.0396696145,0.1659005146,0.5402296951,0.6098591313,0.4577026852,0.9047555206,0.8425164937,0.6345813465
0.2276119570,0.9931423777,0.0644175442,0.1650620415,0.6105693480,0.5855866661,0.5059070548,0.1084858633,0.2025724187,0.1283869681,0.4129608568,0.9383714575,0.5682295828,0.1413898894,0.1465747017,0.1852715000,0.8969110781,0.6729773075,0.9571335227
1.0288223041,0.1863047989,0.6052660789,0.9879904333,0.1021292502,0.3078573830,0.4954823689,0.0920670853,0.3767917578,0.2985884866,0.0456206569,0.1343378012,0.5274443111,0.6753998145,0.6527975788,0.6262241174,0.9298704791,0.0747666488,0.3039143525
0.6763407080,0.2887849171,0.1220652135,0.1538471197,0.3382911094,0.6011461483,0.0628730245,0.1569780944,0.4594185713,0.8620703213,0.6193611441,0.8081189645,0.8709736331,0.5458248252,0.1588267854,0.1143463202,0.6603873814,0.0723015902,0.4286554483
1.3406992065,0.4323911591,0.0188176257,0.7561220120,0.3648063091,0.6938668158,0.9840665299,0.6974348192,0.7770847558,0.8169662564,0.0305330827,0.5421610831,0.8638833913,0.5225951554,0.4697216665,0.6568239909,0.7240365256,0.9949109626,0.0972366979
1.0834177989,0.3355172103,0.9213322785,0.5543808769,0.2667355486,0.8038964756,0.0528664633,0.9695447111,0.6705984125,0.3786572427,0.6847423701,0.7763615377,0.2347292798,0.6355281871,0.2698080678,0.4275177326,0.6227005204,0.9559648909,0.4519373103
1.0985043455,0.3926989738,0.2996867973,0.6561124943,0.3806817988,0.0779816780,0.4769682836,0.1790860000,0.3679149442,0.5629220478,0.8998351495,0.2611637188,0.0375559743,0.0069414613,0.5528451809,0.6851728582,0.8295145283,0.3590052544,0.9714468625
0.8093908883,0.8252559136,0.7851334325,0.4559126569,0.0083991133,0.9781059129,0.2597077584,0.4877062225,0.2291672947,0.2619838282,0.0240839539,0.0809268260,0.9481923643,0.4966835598,0.9338134957,0.5980446038,0.5119166291,0.5879118343,0.6469671608
-0.0838617785,0.0008421693,0.1128626945,0.2119686448,0.3539474072,0.2805224252,0.8540578444,0.8730011518,0.7579083903,0.9159181338,0.5475726303,0.0284230570,0.0343067327,0.3723238061,0.6249281671,0.5884646541,0.7722041226,0.0236668824,0.2224510190
0.8150790741,0.9203104128,0.2647789500,0.8129803154,0.4233148703,0.3425438237,0.6985296711,0.4095948144,0.1999712220,0.2422638896,0.4625155573,0.6076770942,0.3164880727,0.8306887247,0.1088393788,0.1699266649,0.6177136004,0.9396286024,0.5339691817
0.5582857620,0.8468690439,0.6457239081,0.3369768240,0.0860114913,0.5243237461,0.0301424208,0.0686749060,0.0296376065,0.4616691903,0.1264028098,0.7875340905,0.0154772200,0.0013880136,0.3832304228,0.2846163341,0.6953326185,0.9015339245,0.6174928808
0.9924615201,0.8983972220,0.8507161029,0.8345438086,0.5099945407,0.1406368218,0.2321761670,0.8431834109,0.4684074753,0.8823201699,0.3417134520,0.7751148645,0.6909324570,0.5117958238,0.1331264799,0.7830623925,0.6093147168,0.1063698287,0.5569863949
0.8058258434,0.1041116070,0.2655936214,0.4766806058,0.0250834350,0.5700089287,0.4130207601,0.2175184773,0.4035914572,0.5070033961,0.2639435611,0.1617074225,0.1244896803,0.5015076732,0.4964799267,0.8609137411,0.9811893665,0.2318566127,0.1665843854
1.0740647500,0.3225608814,0.5176905333,0.2438264656,0.5692529999,0.9217950750,0.5690382744,0.4710435226,0.9333717935,0.6223903997,0.6351240426,0.4562177194,0.9691156958,0.0250523277,0.9701188029,0.3213586130,0.9545067101,0.1031043437,0.7143080804
0.1676392157,0.8489926689,0.1411883812,0.1389881936,0.3696939129,0.4397818714,0.4708820902,0.0046124529,0.8959767435,0.2161494605,0.6029876283,0.9912494725,0.7809435890,0.0693543288,0.7058082754,0.2195728158,0.7260312548,0.9052736193,0.7200017372
0.3650477222,0.0530233335,0.1183632392,0.7344664792,0.3642696484,0.7233979611,0.8743139002,0.2164242602,0.4497025772,0.6893728284,0.5362299624,0.9077444482,0.0679469050,0.4028305279,0.8227663586,0.9059192012,0.6463153821,0.6577667655,0.9245471696
1.4349541560,0.7170531025,0.1656571044,0.5521293481,0.3317981190,0.0295135601,0.3048634445,0.8941248497,0.1718156963,0.7147872973,0.5228762883,0.9535503468,0.5118156806,0.0799950186,0.6400511204,0.3976695246,0.4975130744,0.8800476675,0.2154274548
0.7555701149,0.0974691075,0.4079440431,0.5879512460,0.8243040786,0.3133755562,0.8353569190,0.6162969871,0.7282518265,0.2362107496,0.5225016823,0.6927625182,0.5167509523,0.0551977137,0.2261343379,0.0130971913,0.6522899302,0.7832490414,0.5254442726
1.3081806188,0.9879678851,0.3129284338,0.9626416491,0.4205268103,0.2354438223,0.9890925880,0.9942102633,0.9557546665,0.5866853377,0.4519393333,0.4143168142,0.2392627897,0.2489139980,0.5199194471,0.3192295754,0.6587300924,0.7275628646,0.9076488746
2.0274138351,0.5925958599,0.9108567816,0.5291471071,0.3033306781,0.1711904558,0.4910339182,0.1565177927,0.6705184447,0.5027350808,0.2274208608,0.5419436544,0.3852317162,0.1174274790,0.1629803658,0.7991040568,0.3708199774,0.1271501820,0.4159417309
1.1260672964,0.0900236799,0.8528145118,0.0564195613,0.0738147736,0.3027752127,0.6312115639,0.0258126405,0.5871932041,0.4369051939,0.1101040334,0.7444271817,0.0180217787,0.9377929637,0.3458484452,0.2633197566,0.7561535377,0.0361410673,0.4473455778
1.9366608280,0.6981175355,0.6256617141,0.8782589531,0.0608642247,0.5376465110,0.3785887264,0.0625587564,0.4935030469,0.2206282596,0.1002139890,0.6943793144,0.6099275689,0.9089286227,0.2281583908,0.4204708478,0.0589859539,0.4420795133,0.1130739890
1.3340187066,0.7769697776,0.5414392217,0.7237099002,0.2281933824,0.8364019527,0.1088081732,0.8658482018,0.9060711348,0.7440326063,0.5003002258,0.5118122661,0.6373723926,0.7630484211,0.0643903617,0.3629294079,0.0554601461,0.4202179336,0.7925939409
0.4585355877,0.7917419752,0.0795106702,0.0246231434,0.7424703525,0.6341360194,0.1177013018,0.1328519302,0.2042001230,0.0952468718,0.8312424236,0.0200983258,0.2684145542,0.5486253954,0.2608389587,0.0104765391,0.0309430991,0.7785280851,0.8496560444
1.1486265153,0.2915780971,0.4313436168,0.7493869845,0.3615438289,0.6650657378,0.7424313117,0.2661807212,0.0840781324,0.3880529912,0.9482060296,0.9481233619,0.8513967989,0.1170791102,0.3272627688,0.5972866585,0.4696882736,0.6358698056,0.0664083608
0.2494635608,0.9329834188,0.5712055485,0.0345762750,0.0961536880,0.6847340982,0.0169809842,0.9073416282,0.1484339849,0.4848774295,0.6716730347,0.8374120625,0.8332610164,0.4964938145,0.9830074083,0.3728898082,0.5744335393,0.3379516894,0.0638193909
1.6940749974,0.6689517084,0.8092284549,0.0025319690,0.1033459878,0.1044127728,0.0882305590,0.4956985588,0.1008080452,0.4235708880,0.6158347810,0.1585325848,0.2873763166,0.3689289623,0.8625425809,0.3231955084,0.5612108560,0.5680485221,0.5324641045
1.2324354673,0.3408550823,0.0119027170,0.9081563090,0.8830731421,0.8941817650,0.4790422577,0.3807868873,0.8016193521,0.6741824042,0.3060092444,0.4173835279,0.2888472923,0.7108660936,0.2318604830,0.5141334025,0.8755181324,0.7327749931,0.1731538943
1.2274352739,0.3089812962,0.8047580718,0.9928313951,0.4843635936,0.9018598569,0.2043840377,0.8266383249,0.4868581496,0.9879350650,0.3948512608,0.4537123629,0.7591100487,0.3546467962,0.6642801513,0.1115479623,0.8569666159,0.8624476473,0.5208939826
0.7251859881,0.0750389130,0.6233760674,0.4381726906,0.8245556621,0.7413916596,0.2009555295,0.6101784399,0.6197320839,0.3272562946,0.3287842758,0.9373613865,0.9586623444,0.2425640965,0.4857017915,0.0783351506,0.3689068661,0.5739322265,0.0261773429
1.2577322172,0.3275027801,0.4148626536,0.9238916969,0.6716845671,0.9232078644,0.7409223436,0.8498757351,0.0142588741,0.1147032938,0.5211117667,0.4309534458,0.2264093050,0.8935712600,0.9853900605,0.2077020166,0.9163684229,0.8787336973,0.1428671516
1.1491528340,0.4563257519,0.1481246623,0.3706639466,0.6801987873,0.4082618958,0.4773885173,0.1053207864,0.7994738401,0.4465314239,0.8963308255,0.0234480419,0.8125896110,0.3998415264,0.1629301945,0.9177115480,0.2237776116,0.6457564952,0.8931679944
0.9948330180,0.1831218536,0.2872372968,0.8557962034,0.5887504873,0.2257123867,0.0855442379,0.7074051213,0.4364041934,0.7122763140,0.1481948482,0.6433144757,0.5447413937,0.9514958463,0.8242116304,0.1136773937,0.5967465338,0.5788244390,0.3047760468
0.2844513826,0.0625340083,0.0258630890,0.4337140610,0.4895382484,0.8502712295,0.0068083283,0.7114069249,0.3209252440,0.9310286365,0.9116403339,0.2123149063,0.4278145685,0.8345426372,0.9824313877,0.5173224618,0.9877855820,0.9635391932,0.4041259051
1.3201488346,0.5026083715,0.2730516501,0.2980191840,0.3844989327,0.3310862816,0.8105074220,0.1728476777,0.9299278802,0.2911391029,0.8675516155,0.6758165599,0.6123159795,0.6202245344,0.9969028630,0.8525400328,0.4527142321,0.2627063594,0.2884471707
1.3977662667,0.7215078191,0.7880485351,0.0836098077,0.6095244516,0.2440283478,0.2877395422,0.7923572331,0.6619774768,0.5996702006,0.5437560222,0.0237355148,0.5483791095,0.9178754120,0.5860362368,0.6899092037,0.7439908900,0.3658832164,0.7374674113
1.1104226691,0.3059183776,0.4578787143,0.4962045560,0.1864097749,0.8968081141,0.2409105255,0.9276349994,0.8508041316,0.6341036576,0.3096919901,0.1533060769,0.8245705040,0.6047970723,0.2284400952,0.6871718771,0.8173892208,0.7295603679,0.0450945413
0.8597697321,0.2208186837,0.0100790062,0.5153969283,0.1633463352,0.0311821140,0.3525632148,0.4329315507,0.1044410424,0.1777674497,0.6573334722,0.7107754934,0.2679067296,0.3440297575,0.1442928341,0.5031257827,0.0557104446,0.9271882740,0.8343919105
1.2144019768,0.3261575817,0.2906624035,0.9430347093,0.8708321911,0.0657100334,0.4479013658,0.2817217499,0.7644371161,0.0226439410,0.8459725230,0.5366234065,0.1580815185,0.7715297671,0.3832484973,0.2052231386,0.3223991649,0.4186962901,0.7147616673
1.2041161556,0.9863188686,0.1857768005,0.9115285382,0.7753731185,0.9604618077,0.7105513925,0.0988895368,0.1015032047,0.6133924074,0.2258200430,0.1964819943,0.7169422467,0.5038807244,0.9498611577,0.8756121382,0.8372980482,0.6426538738,0.6756856184
1.1250719283,0.3730906057,0.0207004838,0.8007972531,0.2427473711,0.9893034434,0.2735709384,0.1712725623,0.6616896458,0.5349257720,0.1533089377,0.1843219711,0.3332272851,0.2760029875,0.9518646743,0.8420726134,0.5291688930,0.0995685562,0.0064437094
0.6831938733,0.0934961603,0.4621909802,0.4489368173,0.1994271601,0.2408023932,0.2456130113,0.5513420182,0.9073471306,0.5802093794,0.8592338871,0.2623720664,0.6999376698,0.6616608967,0.3166530954,0.5278280818,0.1291675635,0.3602521658,0.5476691740
0.6474959348,0.4029900910,0.1048180513,0.0949717336,0.5419041972,0.5970440842,0.0236410997,0.5361582166,0.2094102533,0.6535578102,0.7959205199,0.9453960067,0.3982871521,0.8356527129,0.3720357489,0.7340901364,0.3882124176,0.7195480851,0.8962325598
1.4846458039,0.8299635327,0.2319262882,0.9987105523,0.6649558916,0.9368035195,0.3460634840,0.0554815123,0.4061614997,0.9002665970,0.5010216062,0.2836469198,0.9440225840,0.8461033707,0.4927631809,0.6306830625,0.9141413489,0.5088397076,0.5870465414
0.0800847746,0.8987773416,0.2987510996,0.0528759255,0.1453218930,0.9918303985,0.1388935201,0.3958052396,0.8274351473,0.3790558269,0.4348633460,0.2081994984,0.2149941647,0.1264051605,0.9180837204,0.9349967522,0.6650141755,0.1691203929,0.6262530702
0.2875789756,0.0347475648,0.8783502830,0.7363930915,0.1848959575,0.7612076539,0.0580153557,0.1708965336,0.4374896944,0.5333482551,0.1540150099,0.5235062604,0.2736398590,0.4478840374,0.1193999756,0.3366838200,0.9274605779,0.5356897504,0.1724524116
1.0585408965,0.1430241053,0.8271488657,0.5111022583,0.1483411368,0.2977691564,0.0086280587,0.2578708229,0.6124013484,0.8286245702,0.5318252097,0.7581274167,0.6151758115,0.3924641799,0.9107873783,0.5911764540,0.4762478782,0.1736171764,0.9729354683
0.8552131903,0.4100276957,0.2325663934,0.2254312316,0.6634417025,0.1837562664,0.5403442210,0.0385334593,0.5669892978,0.0061890822,0.4862908713,0.9443509456,0.9693320429,0.5199840632,0.8134488755,0.7807132669,0.6833443346,0.0931251935,0.3258962971
1.2813043374,0.4013528646,0.9169857694,0.8060791222,0.6331508804,0.3582690228,0.4417395913,0.9124444837,0.7670464521,0.6972129512,0.9147142146,0.0697015893,0.3339641327,0.1007348633,0.0957921601,0.0281568536,0.1501504514,0.8524299400,0.5900130168
1.2465271508,0.8159612871,0.3525035862,0.7875662770,0.0638115600,0.6118924266,0.0552887781,0.6446529480,0.9658085625,0.5223771838,0.3479949463,0.1001823024,0.4427641334,0.7637486144,0.1377846055,0.7433879773,0.2499671307,0.3399455744,0.0078140603
1.2169847599,0.4655120795,0.6080087564,0.1488466066,0.8425177072,0.0934203476,0.1624375929,0.0658438750,0.2608108897,0.4440963400,0.1623394580,0.0894371601,0.3027259241,0.8911574350,0.0724558264,0.0227715888,0.0738739411,0.0448658863,0.7758481122
1.1481855479,0.4447890463,0.4502825437,0.1381403710,0.1180975079,0.2932082566,0.6325398864,0.3557421890,0.1418965928,0.2835824550,0.1798607835,0.2681176587,0.0020573677,0.6160912713,0.7070515847,0.6304032083,0.4813929978,0.4340209807,0.5388087690
1.0775818692,0.1830094939,0.1545014636,0.8884746192,0.2015321031,0.7327799706,0.5467867939,0.1830453571,0.1038174693,0.5221663666,0.2918742987,0.5233400348,0.2499581369,0.9728955387,0.9854683801,0.9234927957,0.0480497838,0.3663635642,0.9265275581
2.1039151025,0.5553712707,0.4445253424,0.9885404924,0.0766049608,0.6715587766,0.0141075820,0.5369852134,0.7604126135,0.5119526695,0.8194170604,0.7340478988,0.5484404239,0.1159533975,0.9159472217,0.6502397010,0.0189400721,0.3936922205,0.6573483406
1.1524258941,0.7995498963,0.1643717056,0.7165974430,0.2158696190,0.2275432432,0.8878112933,0.7727180399,0.1070446179,0.6812848160,0.6496354587,0.5918016291,0.3114061513,0.0005235017,0.8561817963,0.1823682870,0.9471342078,0.0828587514,0.8370829347
1.5001277671,0.4624704611,0.6573902234,0.8716612914,0.6613687348,0.7124615698,0.7104177504,0.6925426355,0.6543700691,0.0932400662,0.8608955211,0.4959256919,0.4222807411,0.2021342362,0.6256618397,0.6305461821,0.8946079788,0.1236465838,0.6211260309
1.5907047649,0.7625727078,0.9364241544,0.9364702627,0.2635297785,0.8999369074,0.2285424388,0.1749044998,0.2333846793,0.0564721257,0.2207708363,0.9532649269,0.0047089501,0.5669226581,0.9001274666,0.2390953105,0.7964446066,0.8905949850,0.2509531289
1.1571957956,0.1765177235,0.8889833334,0.5670188939,0.3496774093,0.9930344005,0.7528300486,0.5625333948,0.7138235937,0.2816058009,0.8845260854,0.8478618793,0.9621412253,0.7452495496,0.8305757246,0.4711856058,0.9881439833,0.3006338800,0.7796522007
1.0851817601,0.2300787165,0.1001481005,0.8282370758,0.9207549079,0.7475499222,0.6719833899,0.1712774707,0.7363378000,0.2980348542,0.3990424065,0.8685408137,0.2378747211,0.0156317304,0.6693611009,0.9401494142,0.0457100576,0.7275008635,0.3350094291
0.6152043480,0.9052987785,0.8309628742,0.6040669045,0.6481564053,0.4032884609,0.3193610175,0.4878818290,0.6078059892,0.9912492289,0.1772079293,0.5487493925,0.7046265324,0.3028492577,0.6283605456,0.5009649057,0.6242448250,0.9503991957,0.1031861169
1.7257226620,0.6312875705,0.4768543660,0.0786003019,0.0355920667,0.6560027199,0.6592387995,0.2572395266,0.2377669657,0.3271792367,0.2270088583,0.5456667919,0.0530266065,0.4610532022,0.1997233503,0.6420180863,0.4012049008,0.2146978037,0.3237435389
1.0573421202,0.3981912731,0.8244221297,0.2374798417,0.3476246191,0.6252011845,0.5605294938,0.3633213600,0.7028290734,0.6713250519,0.6058459461,0.6506121204,0.9857929114,0.8077475606,0.0023543220,0.4111592284,0.3812068392,0.8821507515,0.7138668067
0.0976367207,0.9106865774,0.1975574903,0.2061839847,0.7534416931,0.9930531554,0.2347789624,0.0676672910,0.8412735932,0.2128580690,0.8405906785,0.7179531759,0.6503566110,0.6000889801,0.9836465825,0.8211903920,0.2277699995,0.9348177634,0.4802213574
0.7097247396,0.8472971888,0.8313872958,0.5389856718,0.4239506797,0.4940678990,0.2111809361,0.7212311570,0.3484259059,0.8375374910,0.1462938443,0.3365421519,0.2795595406,0.6846285761,0.4246079281,0.3711525351,0.4729307571,0.5212659466,0.4578211884
0.4524588959,0.0739345023,0.2119605067,0.9718671143,0.1029874286,0.8811378007,0.1732512606,0.2415125890,0.5112251053,0.5628035041,0.7602430679,0.1243073359,0.4445664510,0.9373626652,0.1571910716,0.7752748331,0.4966105528,0.4470761791,0.1136936092
1.1021585075,0.9180345015,0.2231273065,0.9227446360,0.1926762401,0.2261168895,0.8082029442,0.2631214498,0.1265468368,0.2359293971,0.1087785907,0.3249136900,0.6868113176,0.9377961304,0.7726844047,0.6930489481,0.7622476672,0.5516387223,0.2043612675
1.8604669940,0.5206643026,0.8076245127,0.9423094161,0.7661481236,0.5649185512,0.4497856617,0.1457315099,0.9950608784,0.0382546810,0.8106261058,0.8496307606,0.4557787791,0.9186928851,0.9437837273,0.1171567271,0.2983661797,0.0492210693,0.5895516955
0.5486887234,0.0983223338,0.1203293969,0.8345776177,0.0533795374,0.5996010040,0.4408088766,0.7005062113,0.9993838651,0.3416125924,0.6590005693,0.1423717152,0.8991022810,0.7680636405,0.2282680232,0.5881678344,0.9745628344,0.3858248237,0.7227060884
1.0254984281,0.2668080627,0.4433786554,0.5054516760,0.5243103366,0.7768160183,0.4630183340,0.4673213957,0.4880794460,0.9202631969,0.6647228406,0.3558572041,0.5899342137,0.8388572652,0.3710527184,0.3454659418,0.6510880045,0.1321799165,0.8489445491
0.2626540638,0.9028038901,0.9553256176,0.2906453259,0.5193491258,0.7167842607,0.7393347607,0.4887320932,0.3155777988,0.6693879897,0.9443622625,0.0009444168,0.8948858925,0.2583542177,0.1393148081,0.7072673841,0.4634365030,0.5090690629,0.6568123058
1.7845393202,0.5623675813,0.5578433437,0.2970618419,0.9917478558,0.2716174679,0.7770234700,0.1097970653,0.9974036190,0.0703961839,0.8634202169,0.9251228455,0.2662309614,0.5765841922,0.8821386262,0.6696667255,0.8973645470,0.1523427599,0.5254919533
0.3789389595,0.0724550190,0.2809847686,0.9320613145,0.7709119433,0.5957085397,0.6913926522,0.2568359539,0.0927634754,0.4954323382,0.9146323140,0.3451311892,0.5005413783,0.8703927513,0.4312236699,0.1440727959,0.7864132211,0.6063779753,0.9172539433
1.4478262095,0.5163788296,0.0268847163,0.5924927286,0.3433030330,0.1714768557,0.3079475620,0.8429462673,0.1700122375,0.6313344936,0.0599176199,0.8187147177,0.7670589495,0.3206314143,0.7823643024,0.1788466169,0.3734978306,0.5111459082,0.8590768070
0.2408033479,0.8591200264,0.0089645934,0.4096647269,0.0843663875,0.8454074411,0.0220611026,0.6100606275,0.2971449644,0.0619974839,0.4538743061,0.2338452406,0.5522947692,0.3458878407,0.8012733057,0.3713206692,0.8855358648,0.2660273489,0.8321389020
1.7865569485,0.4848316258,0.4307345544,0.9985520410,0.9339053142,0.2256320711,0.8833599650,0.7439586058,0.3700230247,0.0999884567,0.0739858392,0.9723245641,0.6013696541,0.4424706135,0.8220353405,0.6343789713,0.5334171146,0.2352128569,0.2293684509
0.8306834968,0.0991301849,0.8592846725,0.6092068959,0.8256395187,0.8974363096,0.1869102690,0.6082297435,0.5625408643,0.6025316649,0.3774176715,0.0502125446,0.7804689156,0.1893643018,0.3317712523,0.6014380792,0.0688141558,0.8119597674,0.9784864785
1.6885054348,0.7336050751,0.5105503642,0.7199535914,0.6377794277,0.9757448634,0.0818516668,0.4017503512,0.8999909322,0.2343056899,0.8118309936,0.6844965133,0.1278370391,0.1846801490,0.5759152104,0.9409291681,0.7153335522,0.0176344390,0.4693973462
0.8200329467,0.8758927635,0.7045184372,0.6769838041,0.2034448182,0.5243473343,0.8871379112,0.5357127592,0.1578557870,0.4029561882,0.9674490202,0.4399901820,0.4803021576,0.0717517716,0.4496218054,0.3362999978,0.8128494560,0.2954324664,0.2687507577
0.8830183134,0.1314144240,0.1717679456,0.2587381609,0.6004023428,0.7585391072,0.0647692482,0.1668779823,0.1965351550,0.7352671629,0.9478819981,0.7864873618,0.7452626513,0.3946310570,0.8797032812,0.4670602056,0.7865015151,0.6271569603,0.1509738134
1.8422528256,0.6172670411,0.2184346955,0.4484594722,0.9387041545,0.6715108416,0.9614260096,0.9866964168,0.6391215708,0.7856718974,0.7238057347,0.3377118355,0.9168270349,0.5167795425,0.2729034705,0.2595886491,0.7960088105,0.7021614914,0.7209516260
1.1077532707,0.3857701109,0.3386884122,0.5161418484,0.8926963077,0.6183348333,0.2757016185,0.2746087711,0.4318759206,0.3650675240,0.8911862823,0.9232843145,0.3581985730,0.7102810739,0.5860242501,0.8886934569,0.1485445064,0.3698678906,0.4980602656
0.7502501208,0.8704496815,0.5442739039,0.5215595335,0.7514486596,0.7903659306,0.3700554627,0.1814521060,0.0255097635,0.7707739250,0.4973704061,0.5062770292,0.0225557125,0.3821423673,0.0516963282,0.9903745917,0.6982862959,0.8293985038,0.8578187245
1.1975990955,0.3009284422,0.9547294816,0.6362722407,0.7423459852,0.1529567519,0.0482954050,0.8476655648,0.1452217247,0.2973513182,0.1313309219,0.0757061763,0.8938360461,0.9875228378,0.6297613674,0.5088471893,0.2652221261,0.1015093153,0.2606190797
1.6105619537,0.7294836975,0.2472733969,0.7251812798,0.0638340527,0.2507615348,0.3301346211,0.0654827604,0.0694985630,0.8439095244,0.0438240912,0.4146970639,0.2257555995,0.3009389711,0.0447430791,0.5870327629,0.0971780233,0.1205200244,0.6797373083
1.5942545289,0.4782813971,0.7675080127,0.6267289259,0.3072295054,0.4524653334,0.2475758238,0.8300844841,0.9249983856,0.5898268116,0.3290340981,0.0784648399,0.1698026224,0.3343605050,0.9038056374,0.9265214997,0.3654393963,0.9242379273,0.1729443285
0.7232741669,0.1488457235,0.8200348597,0.9925840459,0.1695461458,0.5438169808,0.6647740169,0.6704104448,0.3768187743,0.0533497832,0.6746764388,0.5595561710,0.6955865027,0.8910659174,0.5374593618,0.2059546689,0.7511235132,0.3218696491,0.7852115784
0.9320554440,0.8106993254,0.9234640469,0.5180050519,0.0154464962,0.0648580575,0.6761568050,0.5215531494,0.6685229270,0.5494718463,0.8785649823,0.5632247465,0.0207997196,0.4757022908,0.5383768905,0.8620536349,0.7866294007,0.2756456820,0.6898283659
0.3030848934,0.8621511471,0.9272498982,0.1366970122,0.3272051721,0.4701694291,0.2021049343,0.3582835429,0.3800806860,0.8939463024,0.0259611454,0.0576739091,0.2242985622,0.5904795699,0.0386929148,0.1554960441,0.0250482602,0.0504845829,0.0529486465
0.8244148690,0.1953351409,0.1187104235,0.0497392042,0.4232934475,0.8104194464,0.1842937115,0.2418737253,0.5470975552,0.2351264622,0.2337042386,0.7283180113,0.0511174821,0.2447378574,0.1147010052,0.1778362632,0.2150887826,0.0323586887,0.6370812090
1.3304538975,0.4570737350,0.6614518220,0.6250590683,0.3631858205,0.0191782311,0.1220857770,0.2879229671,0.5325824655,0.0194951491,0.3118902677,0.2324170832,0.4023782841,0.8396784985,0.1530144849,0.8817018266,0.8063213770,0.9862068582,0.2929256011
0.9127618977,0.2986706541,0.3185097095,0.1519178414,0.6310855625,0.4056185611,0.9395533335,0.8047644169,0.3827985289,0.2991238131,0.3690774451,0.2753388629,0.0743030870,0.0021522719,0.8864105012,0.1089889358,0.4773071564,0.4960978039,0.2633609833
1.1316069522,0.2766738645,0.5166027018,0.5898391625,0.0799664994,0.3676371087,0.4861613292,0.5193435178,0.0978355189,0.7824377810,0.3980874290,0.6706188936,0.2079203911,0.0801821606,0.3899494188,0.6496662422,0.6700353482,0.0620739022,0.6412093035
0.7666613980,0.1316592646,0.3652944435,0.7048911407,0.2345308178,0.2076235401,0.5675197659,0.0848082215,0.9873292477,0.3855060566,0.1241288591,0.9943653698,0.9428389955,0.9809334325,0.7468822897,0.0300408134,0.2812150136,0.9180249419,0.5125290252
1.0482004297,0.1482603669,0.4983069184,0.0064612658,0.9113886556,0.4810416508,0.2020335983,0.6995949973,0.7243389302,0.6797258107,0.6543500527,0.2552282153,0.6012932640,0.8935813442,0.0142283642,0.5892117248,0.8536608816,0.3002258264,0.1357446029
0.1508326378,0.0342767624,0.1683643324,0.8136614185,0.4517686177,0.7265749968,0.7987434728,0.2375693657,0.8952577261,0.8522607059,0.5729932948,0.6866631672,0.2333687887,0.8336699751,0.5210267477,0.7135684224,0.4030629864,0.8096086451,0.0458136610
0.7507547665,0.1712868645,0.0392587001,0.0950850667,0.0221840478,0.2119739792,0.1789527769,0.5933575755,0.6500642692,0.9358742105,0.3604992687,0.9669182139,0.6715973589,0.9892852662,0.5536657636,0.0879258961,0.3286107448,0.9505087561,0.5244625686
0.1897350711,0.9766999360,0.0549090279,0.1623787228,0.7902693074,0.4538397039,0.3745231781,0.8213820614,0.6139143411,0.7931367148,0.8304608675,0.6290748241,0.8980548169,0.2764548322,0.9093322966,0.5353158885,0.7579940020,0.3298910760,0.6598309309
1.0770044409,0.4402767839,0.1357255199,0.4962449738,0.2001193439,0.7446622641,0.3847873883,0.6695135473,0.1739121300,0.3442710226,0.7039995433,0.5393880312,0.6997308683,0.0205180422,0.9142729147,0.5225172828,0.1838351430,0.9380367532,0.9062877827
0.3432640114,0.0464484132,0.1476261515,0.9873442202,0.2932342910,0.6179791277,0.9869411597,0.5878029127,0.1691714315,0.3051376269,0.0019591227,0.6572594618,0.9059047023,0.1671425880,0.3228406585,0.3860756966,0.3702872843,0.3315171671,0.8174342999
0.5538896427,0.0822286440,0.7525563714,0.8766651414,0.5506273541,0.7245372524,0.7406006045,0.1195034597,0.4591904265,0.9637078375,0.9190722087,0.8398956532,0.6814204083,0.2171126853,0.9187060377,0.5833359823,0.8948514153,0.0219737755,0.1187322909
0.8873892021,0.7981847068,0.7411507125,0.2787647561,0.7638954550,0.6296384952,0.3477623822,0.6913232890,0.3559337251,0.6965528649,0.0541207623,0.1424979301,0.0462360009,0.0044423704,0.8864021131,0.6717831184,0.1158455707,0.6448429758,0.1290316482
0.8210058858,0.8015136981,0.4884378157,0.2991787883,0.6167177614,0.9473004033,0.1017162767,0.4538285459,0.0088368005,0.4736865881,0.4001551400,0.5854644918,0.4651924066,0.1290500133,0.2679622564,0.2167664004,0.2123759819,0.6264160354,0.1226170592
1.0328875584,0.3276720980,0.6825625705,0.0098460084,0.4305210982,0.8013455268,0.0877585245,0.9297730701,0.5894164715,0.4361343081,0.9706539155,0.1873711128,0.1228222015,0.0777195765,0.5870650812,0.8701583220,0.2426434669,0.1603859100,0.5938687329
1.3988517916,0.7634762644,0.7202539143,0.6729782560,0.6256101035,0.5002448055,0.8476052483,0.4736417069,0.0487342813,0.3186778934,0.0588379756,0.2339099508,0.3305746277,0.4385325673,0.9816854402,0.3370159128,0.1183343674,0.5060157207,0.7773900538
1.3109908035,0.7584954666,0.0399561485,0.7301554371,0.5420680767,0.9716733941,0.0024526815,0.6713945919,0.8286524963,0.0069547213,0.8102448260,0.2496247126,0.1349601969,0.1760206538,0.5560602511,0.1635205048,0.6489292836,0.0798406061,0.4691681265
2.1608026957,0.5825497153,0.6598064913,0.9583303572,0.7296680555,0.5516712502,0.4964864803,0.7090554655,0.7023856791,0.7757303036,0.7382316360,0.8192135243,0.8386895247,0.5689345774,0.7777957734,0.6816108992,0.1627739270,0.3298688784,0.6596319682
1.7867311961,0.5354777941,0.4740180001,0.8589006855,0.8081035385,0.1294796875,0.1407775518,0.6072830199,0.6929550436,0.9949476120,0.7198719737,0.7834697294,0.1785727568,0.0789924916,0.1834880016,0.9024079175,0.5775745212,0.5911677161,0.5072636841
0.8858615772,0.2879025520,0.2150101576,0.4096870183,0.5645828497,0.1118526560,0.5908107154,0.7503461202,0.7012161561,0.3223189560,0.0168402728,0.7517975367,0.4262341274,0.1194328743,0.7951225093,0.7696492296,0.6910501373,0.2633446194,0.3839131887
0.9124490200,0.4011990719,0.0766909689,0.4881972200,0.9030294408,0.6164035988,0.0593134767,0.7247828907,0.5660397038,0.6218375410,0.7885619955,0.8395135722,0.0342794923,0.6493739819,0.1334718953,0.4804126819,0.7786824646,0.7817835455,0.7880343673
1.1860505210,0.2912813442,0.8563222991,0.8785953288,0.5636639302,0.6744599215,0.3389189353,0.6737826497,0.7147158870,0.9024868107,0.8422499193,0.9681712960,0.3033771476,0.3160691574,0.5157264821,0.2140975640,0.1162352459,0.9641602546,0.7302413037
0.0479513368,0.8509916378,0.0751134339,0.0641428015,0.5572442873,0.0635396803,0.2315562388,0.3027014805,0.6783537837,0.5183585601,0.5236537748,0.3505397363,0.8611825144,0.8300082473,0.3490123714,0.5623263653,0.8265200923,0.3742723090,0.3385380460
1.0864040426,0.4308662880,0.7400322237,0.1479557971,0.6479450176,0.9612620951,0.1295321822,0.1364346144,0.1843226193,0.5702874919,0.5048480769,0.9280258264,0.5156154294,0.2016065452,0.5932704859,0.1662702015,0.5572331369,0.5370196419,0.4570138856
1.9935063045,0.6486270880,0.5644686242,0.6901502433,0.3747027062,0.3733485185,0.0589854403,0.0482711547,0.3073585941,0.0868096993,0.7092570661,0.9788954027,0.6868629918,0.5279856979,0.9020089374,0.7475986549,0.5141647792,0.4799659443,0.0607547678
1.0603708045,0.2014515141,0.2027258173,0.3435418316,0.0852745293,0.0464485990,0.1851685375,0.1488118041,0.3282994433,0.7353158190,0.7560299157,0.7007973514,0.5273405735,0.0672309188,0.7434501538,0.5358304768,0.9701436089,0.8088602645,0.7449755722
1.0158340487,0.3378386183,0.6528168305,0.3604103744,0.6227600360,0.8189249140,0.3284037711,0.8860597981,0.9475266129,0.0680354816,0.0030842284,0.2867436235,0.5786710193,0.4370491117,0.2895522644,0.6786656812,0.8455806146,0.3708132208,0.5668443073
1.9203315100,0.5515465312,0.6625127984,0.8244603341,0.7770699947,0.6991341678,0.7789372562,0.7326025057,0.9322151670,0.8784449816,0.5023739533,0.7058037062,0.4511155264,0.3620110727,0.2240854455,0.9371994095,0.1145149353,0.6632021967,0.1536725074
2.0054075287,0.5864990757,0.0803068780,0.8018502233,0.7967213898,0.0529621517,0.2910082962,0.1740131974,0.4415594878,0.7997149399,0.2650436217,0.5107980098,0.2004029710,0.0121204335,0.5204363063,0.3281342116,0.6599169688,0.8981711105,0.3306259176
1.5131375397,0.4598710519,0.8865329434,0.8178712860,0.9647366917,0.0627800219,0.0607949481,0.3590165843,0.4197464805,0.6459435894,0.0413429681,0.9219052707,0.7402852378,0.3115837361,0.5765981359,0.7857253320,0.2232024769,0.2488242913,0.2100974109
0.9878508396,0.7785737405,0.5988781461,0.2749722720,0.5901152885,0.1130494538,0.6275073300,0.3845451831,0.6539137289,0.1165666106,0.4749765765,0.7100968000,0.3666583426,0.8739814196,0.2837465932,0.6560576181,0.4299414796,0.0217385165,0.2954067354
0.0907384258,0.0153166220,0.5003023944,0.7796756255,0.1849428774,0.3501064215,0.3823770741,0.6934918811,0.8011822248,0.5399050381,0.9783858817,0.5214289963,0.9132091231,0.9927027331,0.8053959657,0.9708555938,0.5270102143,0.5896422344,0.3878406202
0.8373518899,0.3999280131,0.2328109578,0.2149720168,0.4579704502,0.9752996201,0.5207079561,0.0873975760,0.7387822218,0.2630530545,0.3727509945,0.7463690510,0.5807932154,0.0311960132,0.6674162640,0.1297912916,0.4472149638,0.1507273519,0.3974970404
0.9843661296,0.7840423468,0.7078907506,0.3337243615,0.7808615806,0.3219388087,0.1089215712,0.0941298240,0.8204358274,0.0459804774,0.1357092994,0.9223601871,0.7550781892,0.3635001749,0.0166586626,0.8131095038,0.3822832802,0.9169643892,0.0724243892
0.7054033509,0.0702386314,0.7364117568,0.4192142264,0.1399234269,0.4540217815,0.5266869235,0.3549487121,0.2430329164,0.3467431870,0.4490174097,0.6305278177,0.9949119304,0.5577599425,0.2766695303,0.3010786181,0.0824226668,0.8775358265,0.0208948138
0.9692246651,0.8860462268,0.8750396290,0.8556357869,0.8244938740,0.9578903418,0.7967431845,0.9714647807,0.2016651284,0.5414946755,0.8916200743,0.5137169166,0.8514642349,0.8769344294,0.5490930615,0.9417827019,0.8993577800,0.4073049759,0.9241408709
1.1757329226,0.1146570160,0.9854833214,0.3423263248,0.6261008731,0.6722039805,0.4352955294,0.9224012996,0.8791810912,0.4841886378,0.4177599225,0.8612718682,0.4906083350,0.2420961489,0.2898496983,0.8337310789,0.3120245098,0.8181917811,0.8050157904
0.2468757885,0.8572127219,0.9307839631,0.0993115059,0.6389279267,0.1469066512,0.1560074972,0.6989592632,0.8100756752,0.2687833715,0.5057252466,0.3031666819,0.3236735408,0.0086120580,0.0530193744,0.1373731079,0.8624523901,0.0027326913,0.8797408907
0.4532996075,0.8274415011,0.2605050057,0.2796216026,0.0070105430,0.2955088614,0.3030689115,0.5642251187,0.8655105779,0.3421488088,0.6683851403,0.8419114792,0.4959087743,0.1587216481,0.5032425348,0.9656520336,0.5315506884,0.1212679309,0.4474517002
1.4751906181,0.7603121052,0.4486135127,0.8001247181,0.3869443463,0.4751462453,0.1851673206,0.5766040446,0.9758302974,0.8308370712,0.4021548987,0.3754652908,0.9247778197,0.2360496195,0.4367596651,0.5865275337,0.5639750146,0.2545297664,0.7879821943
1.2877373376,0.7514272059,0.8055696715,0.2886768831,0.7440227495,0.3470537173,0.5958300893,0.5686461219,0.5872287120,0.8554277046,0.7026629825,0.5760448729,0.6507310099,0.1234953021,0.4545631992,0.2915053459,0.5080748086,0.5882721548,0.3968363053
1.2504550929,0.9347257113,0.4698046319,0.9845109832,0.4005408795,0.0049123003,0.7716280609,0.9726728245,0.7510043152,0.5332339469,0.1431615329,0.3991476114,0.1024560146,0.3732013106,0.1886798190,0.7408396786,0.7945890691,0.2150981703,0.1810745457
1.1027718310,0.8556754009,0.4790191468,0.7682597366,0.4836372282,0.4820850480,0.4579594705,0.6667184886,0.0966707958,0.1290861158,0.1826648529,0.1118470363,0.7695316809,0.5931700069,0.9131752010,0.3461256732,0.7381986122,0.3614743520,0.0429310422
0.3013736077,0.0531615780,0.0103067174,0.1161559698,0.9517438675,0.7239162212,0.5259502903,0.8468576952,0.0239689363,0.8446461045,0.0615101157,0.1022395037,0.8587542074,0.3721509259,0.9805857250,0.6818172403,0.3281298845,0.3485736193,0.3172007895
1.0210493613,0.3825397190,0.8230402515,0.1109482715,0.6278281171,0.3559841494,0.4404181971,0.2170010190,0.9667963729,0.2837820263,0.5571791886,0.9982162007,0.1789493217,0.8342460230,0.8554689176,0.3540943668,0.2517667728,0.7651952728,0.9750606923
1.7582407308,0.4847203319,0.8119242317,0.8891902723,0.6982842718,0.0526701316,0.2191951720,0.6816715767,0.0304188281,0.2835470002,0.4264031684,0.2646540270,0.3467528560,0.6259253769,0.1994848348,0.9382086513,0.3332291371,0.3652755547,0.1503097303
2.2294320321,0.6156384245,0.7672061996,0.8741532145,0.6859577864,0.6978621209,0.4088626804,0.2470650461,0.7586229749,0.4329727124,0.0381608465,0.6336816862,0.8570951861,0.2968206762,0.9966142672,0.3230676821,0.6341704996,0.6909209307,0.5466692890
0.1151297756,0.0247664602,0.0172114410,0.8101395269,0.4810669782,0.5410061980,0.8663218489,0.4339794583,0.5065451671,0.7535888267,0.2325378702,0.9098251243,0.0992436042,0.2986704635,0.2163846389,0.4868091627,0.7829917502,0.6472834451,0.9823239324
1.1374461365,0.2646445745,0.5536573032,0.2946938824,0.9493212274,0.6938930716,0.8686401130,0.9198226691,0.3443789818,0.6178462410,0.9570458627,0.3801096838,0.2863737480,0.2146979488,0.7557903753,0.5453910081,0.2258777776,0.3366531960,0.3176418530
1.8668856955,0.5451023934,0.2362869342,0.7899757775,0.8227240935,0.2108898207,0.1920915656,0.0378485257,0.5562949484,0.4241379419,0.0692865428,0.2046506060,0.1370887551,0.7836151836,0.1490271908,0.4861382956,0.4027685132,0.4161320838,0.8652654748
0.4248489720,0.0696079885,0.0430271480,0.6812128261,0.7358614299,0.6765409754,0.8703417331,0.0603468516,0.1740110907,0.8695519018,0.5431110566,0.7670339393,0.3188821112,0.2756344723,0.7864106174,0.1858484617,0.3701174984,0.4462549533,0.9732496791
0.8015809723,0.3104009066,0.3255570206,0.2293394712,0.3223904581,0.9802056149,0.1229579642,0.4645827891,0.1203143938,0.6113977442,0.8529134226,0.0423330118,0.6150262354,0.5421715094,0.0222812589,0.6484400855,0.6388938552,0.3620783664,0.7316362531
1.5800640990,0.5287139882,0.2305335926,0.5081009275,0.6778155647,0.6034121501,0.5408967453,0.3884057294,0.7441198230,0.6424744627,0.9520597789,0.0326735357,0.4512470484,0.6462251800,0.8263394322,0.7061082994,0.0260582100,0.7599901593,0.9104322144
1.6291330606,0.7051001798,0.3520287293,0.4903106272,0.0341804207,0.4024372473,0.7836104075,0.7386247595,0.5782706083,0.5912170965,0.1400849402,0.3038390733,0.3776717567,0.3554853858,0.4738468841,0.9103735557,0.5182860363,0.1090249578,0.5417247174
2.1589877255,0.6963870894,0.4570180517,0.9310933460,0.2250912714,0.2403200956,0.3851760196,0.7742346928,0.9585690750,0.0179071526,0.2947151934,0.6619339907,0.6700566802,0.2510969840,0.6505285008,0.5909562212,0.6454192847,0.0134907391,0.9264187536
0.8818098828,0.8530617479,0.6026282951,0.6384770816,0.4684570603,0.6831076450,0.8865312214,0.5277198906,0.1521247596,0.6586474357,0.9563527181,0.2042725971,0.3170556558,0.6516977269,0.3841665394,0.7911593648,0.3746556585,0.3893359669,0.5166675684
1.0295457151,0.7963114292,0.9203005288,0.5647370590,0.8816709673,0.6659971412,0.6643617027,0.6594263243,0.2057580722,0.0711213064,0.3207833606,0.8860477278,0.5562077700,0.7186754203,0.1603897211,0.4340352252,0.8593512127,0.3296031277,0.0543274891
0.6461909687,0.0590069748,0.7965900555,0.4033086499,0.6291692166,0.2004456840,0.1165832814,0.9059896752,0.8092783935,0.2492107705,0.5871063177,0.4237352968,0.5423825044,0.3110704891,0.3112040588,0.9486971931,0.5402662995,0.2532095443,0.3950218964
1.6083627407,0.4982260776,0.4677932584,0.6663861658,0.2685154207,0.3254124326,0.0309556933,0.9300103036,0.3410491357,0.3138896456,0.6926192998,0.8538872530,0.2935608908,0.7573850386,0.6988736467,0.3533949422,0.3334518192,0.3848227233,0.1347283343
1.1252217132,0.8703348318,0.4919331931,0.9066201829,0.7118117503,0.3558499618,0.6306286290,0.3959183012,0.4289001083,0.0323094175,0.5334088927,0.3778232503,0.7015328875,0.3574607206,0.5180221504,0.9515983873,0.3001674886,0.2275242401,0.6608504199
1.0061227500,0.7801790611,0.2333522367,0.5449810178,0.0337271769,0.8841201533,0.4732209236,0.1762070400,0.6827126091,0.4728860013,0.3937817637,0.0693378960,0.9296475173,0.3102019341,0.1444717782,0.7361995227,0.2174864484,0.5519578039,0.9906288232
0.3294322345,0.0568123368,0.3555727748,0.7615796944,0.3719131120,0.4176205218,0.9047792811,0.1689547093,0.7232386386,0.2801624953,0.1971337981,0.9725095171,0.4728155166,0.0462812490,0.6260887208,0.7045859566,0.5821348764,0.3047912447,0.7958279398
1.0518308320,0.2027583283,0.1210621130,0.8545562099,0.9177159360,0.5495662287,0.5388234458,0.1284230890,0.6509563087,0.2025534522,0.0475002112,0.8202907601,0.0409816744,0.1298580888,0.3844023888,0.3463343727,0.2714639067,0.4018992908,0.2712871485
1.1149057516,0.3359051568,0.9682921516,0.1752729100,0.3070976058,0.8693846478,0.4017518052,0.7148796325,0.9743625724,0.0722363284,0.2086591118,0.2024635200,0.0092145277,0.3423631805,0.2381498442,0.2452708552,0.5063743915,0.8503122010,0.8887306067
1.9034007870,0.6499539117,0.6333424145,0.4642470488,0.9156957229,0.2569895062,0.9509464740,0.8410201325,0.1275391455,0.1132723332,0.7389866358,0.4775908098,0.6107034860,0.8108079501,0.0769389703,0.2798848746,0.4879627604,0.1659870010,0.6848642185
1.8381863337,0.7324744292,0.4202644917,0.9138837006,0.3402658869,0.9561135150,0.9165670047,0.2253344537,0.3114149469,0.9588635144,0.6201830201,0.1390132392,0.6824387500,0.2000301967,0.1417876401,0.4409083662,0.1433806588,0.0503921682,0.5331607796
2.0277037959,0.6562737939,0.8580488188,0.8174890075,0.5041284843,0.4629048479,0.7288684759,0.0455479001,0.8401224305,0.8877178587,0.9500819030,0.9224015179,0.1699068342,0.2097260910,0.9294241479,0.2813864343,0.7397584836,0.3327152905,0.5603308483
1.3809257664,0.4702561134,0.6636716105,0.2518318890,0.6419719448,0.6396095897,0.6051822357,0.1515870878,0.6693866355,0.4765748584,0.9245216624,0.0511928160,0.8896926942,0.5948379926,0.8258542285,0.5392615088,0.8372375683,0.8551451267,0.9725122575
1.0861400030,0.7471457208,0.3134740562,0.0223439780,0.7488759737,0.4147491927,0.2507633986,0.1346618568,0.5609040312,0.4388639033,0.1265524983,0.6232366176,0.8779830077,0.6874861156,0.2184486300,0.3500521491,0.1639363185,0.6499988296,0.0684913773
0.7796779364,0.1534703776,0.2376247172,0.6354209758,0.7300082512,0.2618974697,0.1658116428,0.4913332444,0.4171486045,0.8091831764,0.6473043688,0.3282317980,0.8180462647,0.2329428896,0.5323029979,0.8627767866,0.5311575717,0.6350044540,0.7945907771
2.2435961828,0.6077207184,0.1359673335,0.9646016595,0.9776389156,0.8948804723,0.1555736206,0.8201413148,0.7702897827,0.3228061094,0.2450711679,0.8464535790,0.2356051015,0.2432175056,0.6013492289,0.3094891677,0.1099616699,0.6387423748,0.4565596142
2.0127086872,0.5837657631,0.2847133089,0.9057946983,0.3667112763,0.1875592105,0.6261554727,0.0859373057,0.6457286992,0.5861293142,0.3269204556,0.2784192977,0.0780197935,0.9436423540,0.6620767519,0.0281009965,0.0234590209,0.1884135664,0.5856702695
0.4419289524,0.0373939366,0.5875157903,0.3803888976,0.8608935307,0.7886184576,0.0063576034,0.6709341612,0.8684881524,0.7487626291,0.0820908795,0.8581387667,0.7742557347,0.3199729367,0.8010170451,0.7188795311,0.8237764184,0.7259352699,0.3093589962
1.6062529242,0.7039936278,0.3735551982,0.5517070408,0.3816536047,0.3659206711,0.7090344789,0.0400158968,0.6098270521,0.4689269478,0.1812512277,0.6779529848,0.7048619361,0.3567338574,0.3667146297,0.6045017410,0.7792711443,0.3314635185,0.6385454871
1.2045989631,0.4361287647,0.6940662646,0.1333748227,0.4333868651,0.8814798790,0.1706771032,0.0614657040,0.4077649467,0.0456734314,0.0647483531,0.1895614224,0.8291960078,0.7544295639,0.9581184912,0.3649553501,0.8786503302,0.3535974199,0.0381673088
0.4646439031,0.0446715339,0.5367045830,0.1642504727,0.5952719467,0.0327268627,0.5898271369,0.3103705550,0.5363136197,0.8470657804,0.4963377442,0.6364156773,0.6649498592,0.6493365906,0.2488379398,0.2938933900,0.6802618977,0.2343570587,0.8522285392
2.0224068032,0.5634320867,0.8513125887,0.9653961993,0.0398528063,0.1050480839,0.5896205248,0.4468405765,0.0508748131,0.9351059856,0.2166752987,0.9319117351,0.8451494616,0.6387201227,0.4313942784,0.8684566950,0.0580897030,0.4534949633,0.0404843123
2.2176419675,0.5925971852,0.8221191819,0.9778690405,0.0589957716,0.5187404605,0.5943893728,0.9638667719,0.1963966741,0.2816834461,0.7718708626,0.9067302544,0.9916323251,0.9433452354,0.1827156175,0.4391041685,0.8496337038,0.1864221595,0.2974171751
1.9490205355,0.6601518635,0.6162299073,0.7058808819,0.0742126516,0.0173349068,0.2526872705,0.4144860378,0.9853381166,0.9395986546,0.4313092381,0.8671662642,0.7541515571,0.3915145642,0.9627234324,0.3976361867,0.9864723984,0.3775091144,0.3468597576
1.0878089456,0.2721040356,0.5468502606,0.5839155910,0.0086460343,0.5598767665,0.8369647504,0.0670379109,0.7654064736,0.1345625629,0.8900992278,0.7747768375,0.8645185277,0.4409796699,0.1845697366,0.4390059342,0.5827994438,0.6228071218,0.8190720136
1.5584217968,0.5326786060,0.1480045655,0.4231627953,0.8649224428,0.8870467591,0.5391523826,0.9152227220,0.4720025943,0.2163436977,0.2124112943,0.1060016120,0.0783442892,0.9819473555,0.8599305153,0.5559532266,0.2124314295,0.7035250768,0.4341806702
1.4163260485,0.6943698902,0.3045314562,0.1517276741,0.3357872380,0.8023595192,0.0664833104,0.3228406236,0.8603647479,0.0676531698,0.8475020102,0.4079908125,0.2587187373,0.6473310965,0.5979894731,0.4498590489,0.6336084654,0.6327826279,0.3292784245
1.9468799802,0.5688060153,0.7065704259,0.7002110646,0.4287542110,0.2379664819,0.3577788183,0.6127365998,0.0821875214,0.6549579840,0.2441753275,0.4557768592,0.4186230684,0.2846886776,0.6616406834,0.8593271388,0.9209869372,0.3714587438,0.6848986393
1.0837490371,0.9687502228,0.7097007906,0.8980912985,0.6644432820,0.5993963260,0.1507879305,0.1237586205,0.3141330805,0.5539870549,0.1953798384,0.4721251068,0.5443176194,0.9227658512,0.7158939066,0.6338500809,0.9279134608,0.7950067705,0.3086327687
1.2862642265,0.4109126690,0.7658119221,0.6412866152,0.2596295937,0.1654350381,0.7859686538,0.6227395181,0.2201060305,0.6057447328,0.6945976638,0.7327183617,0.5519747171,0.9539797002,0.8890945355,0.4039183212,0.3510840635,0.2550859102,0.0947006559
1.6624616288,0.5985528499,0.1894318346,0.3677504015,0.0609608982,0.0090019585,0.6854410686,0.1322247426,0.9802390493,0.6302668726,0.3347928423,0.0663112373,0.9372411189,0.3176561595,0.8494695723,0.1368491222,0.5712151011,0.6349276997,0.7274372173
1.0908834269,0.0839010384,0.9377517868,0.0443401338,0.9074969073,0.8088316228,0.2277260471,0.8828569349,0.5849847695,0.4407158640,0.0412319892,0.6513881051,0.9394647289,0.0490095023,0.3026422694,0.5802739227,0.0262820361,0.0551078325,0.3192313876
1.0786248183,0.3818439307,0.0403969710,0.7818476233,0.4036013691,0.5947225201,0.5275335915,0.3496490953,0.7600003104,0.1214872197,0.4351207263,0.1965566610,0.6464613709,0.8978841109,0.8200512849,0.0407711004,0.0027783198,0.3489328111,0.9045729599
1.2193703247,0.2950912196,0.8980686365,0.7233547866,0.0451241593,0.0599836406,0.3642421704,0.4585475451,0.4110157193,0.5841183341,0.2140648382,0.0617979644,0.5949078160,0.6892463987,0.4711596510,0.6829826395,0.1042145689,0.2819267525,0.3908580753
1.9253912956,0.6654712385,0.8589515070,0.6674153087,0.1677636381,0.6871812907,0.6148748297,0.0543239658,0.1412879031,0.6496253841,0.9285911597,0.8597801298,0.9651681460,0.5950400908,0.6813785259,0.3292297108,0.0935844184,0.7917302358,0.6372003759
1.1479768272,0.1096150704,0.8533639559,0.3093534716,0.9596088843,0.9860841202,0.7119912899,0.2486167053,0.4232438457,0.7353023826,0.3960520485,0.6228989518,0.8277225648,0.9943874874,0.9159112110,0.4968171764,0.7835427214,0.3563076226,0.7623828984
1.2249815708,0.3950570177,0.9211585622,0.5541963496,0.8703776195,0.2709825668,0.8843528450,0.1435789469,0.6056174822,0.1367790616,0.3172391181,0.0537845918,0.3825777634,0.7301122242,0.5380039929,0.0860965350,0.2639316011,0.7856118806,0.8350082667
0.8384902610,0.1240341643,0.6036190621,0.8617821750,0.3202664181,0.2393506426,0.5632646948,0.8312724405,0.4489455751,0.8670380394,0.4114351784,0.4808315415,0.0637764854,0.9712150846,0.9833848746,0.5853985567,0.4213271469,0.1990872365,0.3342101330
1.4294812615,0.8220760930,0.5087732840,0.9842959623,0.5614366738,0.7496904371,0.7814259313,0.9876694801,0.2108699632,0.7581492854,0.8198504273,0.8230276215,0.8396747181,0.5548712573,0.6300102921,0.9538666208,0.4095179159,0.9625562527,0.4243875441
1.8428750183,0.5198057021,0.7653321981,0.7315901435,0.8492495892,0.2995987003,0.9954005290,0.7392826688,0.6176246709,0.3087798018,0.9454718038,0.9333430834,0.2174565643,0.6574605635,0.9360180029,0.6605194582,0.3974599284,0.0910024547,0.9869994482
1.4846698310,0.7037580926,0.3999864525,0.2915062939,0.2234016286,0.7430774417,0.0858869405,0.2359252065,0.6242525803,0.4534760165,0.3660850039,0.1712476959,0.0831259466,0.4065081914,0.4778071918,0.9214358839,0.2875890141,0.1973042910,0.2105058984
0.9865829643,0.1202277938,0.3415872724,0.1820156914,0.1613543082,0.9601540918,0.7616308791,0.8828767749,0.4698018759,0.3475959613,0.6758351717,0.1236460072,0.0523188752,0.7990451899,0.0093818126,0.0547190129,0.0107240495,0.7972981140,0.4491865686
0.8194281444,0.2980265619,0.3331585529,0.1899093978,0.2486970616,0.3594053901,0.2405035807,0.5252423937,0.9894268395,0.5444020265,0.5109637485,0.9534463670,0.4090697316,0.7206654420,0.0689979500,0.4233405379,0.5669854108,0.6350301801,0.7016799417
1.8722295101,0.5794585094,0.9868808333,0.3284121785,0.6264873633,0.4026707084,0.5612352141,0.4571483816,0.8624362385,0.9422463798,0.2788376545,0.1543024830,0.6819354235,0.1000078142,0.5109312457,0.2989098843,0.6741190475,0.4143187776,0.2155332487
1.2519669637,0.2239242005,0.8304651810,0.6325432279,0.2197067585,0.1057504730,0.8836107234,0.6583313290,0.3285274794,0.5955906957,0.4110058699,0.2591752727,0.4028731979,0.3775232575,0.9031578576,0.9910425847,0.4234937762,0.8332061500,0.7555597866
0.3852445319,0.0195638904,0.6714795906,0.3348077659,0.4615229833,0.3019860564,0.0452738861,0.8771755963,0.6461950906,0.1525404152,0.5939154576,0.3568733121,0.0844084358,0.6453114072,0.2608200678,0.3938612972,0.6233648558,0.7717023996,0.8622078852
0.8933083073,0.8488936737,0.7858810733,0.7052876604,0.6793462725,0.0947132814,0.6859519841,0.6199226928,0.7943551234,0.6701689688,0.0959326051,0.1295198811,0.2466358168,0.2054454924,0.7649156888,0.3418766058,0.6796814100,0.3851079717,0.7708292321
0.5878981460,0.9844160792,0.5944635768,0.0952987885,0.8122570621,0.9811009837,0.4535882353,0.0336514943,0.3153029293,0.5845273163,0.2664251013,0.4343316709,0.0164908786,0.1663049987,0.7219193020,0.9204494509,0.5096865272,0.3659432680,0.2183355632
1.7494295463,0.5546472283,0.5716368597,0.2547445913,0.8148268213,0.4809512545,0.2686900275,0.4530566933,0.8263399603,0.2329872543,0.8209875520,0.7190985092,0.3540259516,0.8525332598,0.8057850227,0.8223078813,0.3156681293,0.6845180741,0.7593013604
0.7673453654,0.7761024980,0.3744409708,0.0164701345,0.1401036681,0.7964423188,0.6345074819,0.7372569785,0.0246403903,0.3657276531,0.6229653332,0.0346001326,0.5754965643,0.0202007052,0.9920303142,0.8718777329,0.1199287285,0.8344431868,0.2672029937
1.1294308158,0.7451622512,0.4209271456,0.0265205177,0.9879919593,0.7845716309,0.0554702760,0.6244715297,0.6351576339,0.5047324107,0.2127154588,0.8740428199,0.8116587276,0.0472833941,0.6221107653,0.3385387866,0.2589578747,0.4650558108,0.7303309728
0.7822481017,0.2934562096,0.1661259309,0.3923657847,0.6079566880,0.6983669875,0.5709833643,0.8320511625,0.7174672680,0.1136843300,0.5638186056,0.2325376526,0.8506687609,0.3490682551,0.6511075661,0.2998785552,0.9772419193,0.7864028354,0.2694072209
1.2265818342,0.3968650588,0.4827405870,0.5119724760,0.7528619168,0.4613031599,0.2397611585,0.7172297854,0.1969639590,0.5867233445,0.2511376860,0.3845518275,0.7108027484,0.1577785655,0.3275472886,0.8181879488,0.2950162711,0.1835892619,0.0155315851
1.2224127164,0.7357965905,0.5491025091,0.0136561190,0.6305832930,0.6286611398,0.9378344853,0.6294596354,0.3809045239,0.5061127696,0.6720248389,0.7869032922,0.9973519291,0.8110817682,0.2073778959,0.9127593295,0.9658330270,0.7553630746,0.8484720662
0.4217566411,0.9760559791,0.3690253002,0.1417361157,0.3812046707,0.7091505947,0.7681193167,0.3202888781,0.6730866634,0.5233974532,0.5372730909,0.4266578597,0.9598332230,0.0935022676,0.5136050694,0.1013451771,0.5860552899,0.1471837383,0.0896639449
1.0959751220,0.3092923560,0.7568417857,0.1411244560,0.8816554461,0.2082270171,0.7656383920,0.1485110548,0.6660843313,0.2398468296,0.3460761313,0.0371045997,0.4675960924,0.8715718714,0.9437596211,0.9550137459,0.1749662615,0.9478707418,0.9121460151
0.5357232442,0.9647679103,0.8021334113,0.4160746843,0.9380316082,0.5168143357,0.8225247308,0.0614238435,0.4443064005,0.8093675873,0.3490225035,0.5136607775,0.9699150828,0.2693940705,0.2619078305,0.4545818045,0.6949422444,0.9126396080,0.6213011328
1.0031333017,0.4479741876,0.1815970066,0.1695208136,0.7284671080,0.3301451164,0.0515105310,0.5825792910,0.0335241639,0.3873336192,0.7872560790,0.3035621172,0.4605425283,0.9237362371,0.4848582649,0.8633696864,0.8474642073,0.6717058961,0.0235899386
0.3937121501,0.0764864301,0.0247158289,0.5806965353,0.9568671485,0.5369805740,0.6117489445,0.3768647665,0.1999180171,0.5351933691,0.5561025996,0.5447164120,0.8989328473,0.9291891875,0.4877487942,0.9219504551,0.6160244977,0.8252294592,0.2385128483
0.8529996536,0.4617650915,0.0283772911,0.0817102905,0.4648955732,0.8745085182,0.2666512073,0.6704728200,0.0671121417,0.3898531427,0.5032495610,0.3762410749,0.8275950906,0.9521732531,0.2116717931,0.5966978559,0.6458893927,0.1558360629,0.0158810628
0.5110391653,0.9498457981,0.6157935323,0.3397690189,0.4008102502,0.0233470579,0.6247656244,0.4088105430,0.0780082776,0.5287981855,0.9955739188,0.7300491942,0.3469440470,0.0750903403,0.0026491703,0.6796920157,0.1650112313,0.0850094360,0.0543750127
1.8302358606,0.6886683467,0.8511838176,0.5692386690,0.1748650228,0.6355397098,0.3803907889,0.9506103152,0.7135479404,0.8284118633,0.2170888856,0.1599719331,0.1490302413,0.0642982637,0.8096078664,0.3811090665,0.8602257149,0.1014592392,0.2481681815
1.4329100075,0.7864490826,0.2897952988,0.8738905953,0.0237839795,0.4348989206,0.1674314779,0.6668447327,0.3792153399,0.8204783574,0.4673972838,0.7436578046,0.6229056963,0.8853033063,0.4234527276,0.4654868106,0.7675287637,0.4279620956,0.7020792564
0.9818914273,0.3498027372,0.4438045045,0.3885255242,0.6933806491,0.2638413909,0.9515067599,0.2535555651,0.6937111990,0.1634593281,0.8020397259,0.5349332137,0.1308491575,0.1452089160,0.8278295550,0.7861491564,0.1428528491,0.8176393824,0.9804578127
1.6692016772,0.6536780010,0.0779196941,0.5380928342,0.7335749227,0.1426852545,0.0335134629,0.4520821095,0.2632511483,0.0767941932,0.7352352585,0.3821263392,0.5806717177,0.6908910240,0.6770747008,0.0139618650,0.2807446964,0.5098543245,0.9293184610
1.0914791608,0.2879932467,0.6088148300,0.9111798690,0.3919405590,0.4021339773,0.0223203705,0.9206370310,0.7006596129,0.0782663679,0.3247929510,0.5870538820,0.3453588845,0.1805091776,0.4552737790,0.9715986264,0.4950381705,0.4699435096,0.2291296713
1.6163346940,0.7511821732,0.5296516187,0.7526345415,0.2170250924,0.8198797670,0.9157020508,0.4753836326,0.1007392819,0.7427915940,0.3142545441,0.5616489530,0.4384890463,0.7069178107,0.5311676779,0.9026353467,0.6933671737,0.3762476742,0.9418774983
0.3790288912,0.8497320332,0.5921777968,0.0767410277,0.9578445601,0.3999405326,0.2692414873,0.6325718956,0.0786734051,0.9351742572,0.0624523549,0.1468365647,0.9232963572,0.0992268826,0.8038039835,0.2809210020,0.7284758295,0.5764572431,0.4921874342
1.4727901493,0.4357676095,0.7369885488,0.7799667694,0.4471249148,0.1103087320,0.7888521287,0.7778192241,0.2222974553,0.9811385552,0.7248288935,0.8676918551,0.7638470350,0.0380070882,0.9622552870,0.1182522769,0.1426434921,0.1297120375,0.6729428004
0.7669053396,0.1292663979,0.3031693255,0.9892403253,0.4962036452,0.9321603979,0.9616234268,0.8529352905,0.8603828471,0.1601950660,0.1320829474,0.6991320332,0.2132069249,0.0119870617,0.4727126424,0.8940777600,0.6490898861,0.0810290642,0.3532023003
1.7374991508,0.5474705161,0.7887300142,0.3416656580,0.0011884477,0.3388727591,0.1810324841,0.6998986373,0.2125925186,0.7657673353,0.3212509049,0.1743352917,0.3751200766,0.9317744799,0.4404327415,0.3646855932,0.4326046814,0.4913156342,0.5455524392
1.5553835795,0.4731571661,0.9191939605,0.8707892611,0.6678382732,0.9931527089,0.1732061584,0.2747602759,0.4015184767,0.6384054639,0.4949926468,0.4848515996,0.9217941266,0.7603123291,0.2145084437,0.1392224207,0.1779499635,0.4079242178,0.4614778105
1.9527406385,0.6627257935,0.9313841548,0.3728468466,0.5086713114,0.6092012713,0.7154063387,0.4148599257,0.7820016667,0.4717416486,0.2072934098,0.2672647055,0.1191115142,0.0021378849,0.2924103569,0.0421738478,0.9012140844,0.5811559725,0.5908545830
1.7736026573,0.6006287337,0.2475834369,0.3965829950,0.5458760797,0.1304896888,0.1777382282,0.6403898367,0.0840977573,0.2460535335,0.9446512214,0.1196042552,0.8262399997,0.0802001103,0.9437717269,0.6036203414,0.6310517603,0.7723140724,0.3980075731
0.4187628331,0.0705428940,0.3534373472,0.9035374825,0.3501535730,0.5648803231,0.1474645521,0.3043805691,0.5833671002,0.3849739980,0.6431767783,0.1800154439,0.9155790624,0.6090186903,0.6627486568,0.0748109422,0.8807803431,0.2389738834,0.5038169824
0.8390360238,0.8179001027,0.2467531591,0.6050284973,0.9910006039,0.7494032061,0.7656450103,0.6202887093,0.6916493267,0.2199497926,0.9521496032,0.2900382808,0.3724520202,0.9191178943,0.9069741605,0.9836989212,0.7630621280,0.7302049482,0.8591121290
1.1364680099,0.2734357222,0.7451132028,0.2799466733,0.5821124649,0.8824992851,0.9928390683,0.4618630500,0.8572393300,0.3714954276,0.2997188620,0.2472097369,0.6430937991,0.3741611565,0.6120629580,0.6216686866,0.4894090965,0.1260848134,0.6914514124
0.5864423015,0.3326335915,0.1127476214,0.2360735389,0.8121019415,0.7691680563,0.6275758144,0.2647333362,0.3722113137,0.7557355926,0.8636532193,0.9892231595,0.2155888391,0.5511456467,0.5312091943,0.1349607602,0.6638404366,0.2153340592,0.3730767436
1.4207502337,0.7053475238,0.3729819952,0.0334122799,0.4723020005,0.4048108860,0.5060393205,0.3448754183,0.8044873868,0.1171020506,0.7986462073,0.8962205502,0.5629731917,0.4880147573,0.4300677251,0.7785410556,0.3242368530,0.8181253725,0.2252999053
1.3455931300,0.8184640160,0.7657214816,0.9528472818,0.2512994948,0.7278080949,0.2319850634,0.0701889061,0.6236550657,0.3364396093,0.0461517841,0.0514575069,0.1732464630,0.4736684482,0.2429060200,0.7047500610,0.1046877324,0.8312636208,0.5642941730
1.0116539852,0.3362162243,0.1067944738,0.6226408409,0.6421567737,0.4476062850,0.8558307113,0.6091393059,0.4458458522,0.9635321022,0.6643301205,0.0263164739,0.1422882920,0.0901867938,0.0462341131,0.2967267018,0.7025457778,0.6867722726,0.5259502849
-0.0293529698,0.8854565600,0.1357621721,0.1971343024,0.5006443718,0.5994694816,0.4188631229,0.1621608486,0.6446540680,0.3816581698,0.3817080652,0.3677610879,0.7952018511,0.3097658895,0.6656341833,0.5467656838,0.8561321390,0.0458635708,0.4972710705
0.4496758486,0.9553798207,0.4283852821,0.3532295981,0.2650687352,0.5894920963,0.8280300398,0.2711530276,0.3383555442,0.6256778912,0.5363212409,0.8362622657,0.7284486846,0.5691988484,0.2810615617,0.9922712785,0.3645350076,0.1274394433,0.4263651014
0.5539863030,0.9724398208,0.6009160789,0.2859215290,0.7175440410,0.9445772997,0.7621358647,0.7806854718,0.3662247315,0.5316230780,0.9275649913,0.6308938420,0.8283588290,0.0004962349,0.6214459749,0.2606401788,0.4180025393,0.2919957204,0.1339461674
1.1201650550,0.3973870620,0.7191566010,0.5441355616,0.3837170566,0.1844853753,0.9583900002,0.8321826311,0.1135839266,0.9727618925,0.1166395265,0.2841388206,0.6154066831,0.6274884774,0.8257323689,0.8216731298,0.0484064234,0.0418524396,0.7502090845
1.6700569602,0.6230366928,0.2909718918,0.1412928194,0.7885090054,0.3768970921,0.0971007391,0.4693842886,0.5694065866,0.5173812523,0.0875537753,0.8804091069,0.2262719244,0.8949161894,0.4963266429,0.9264583770,0.7211869640,0.8281463265,0.0557063985
1.8909271969,0.6285539281,0.6107627684,0.1816099785,0.1145057616,0.2386645313,0.1733100455,0.7355967139,0.7875040004,0.3135199519,0.5115278815,0.3876494415,0.2802275950,0.5743496915,0.5978603494,0.8750642689,0.7344246753,0.0253522658,0.6382701266
1.9755292387,0.7205535052,0.7097816757,0.9016300940,0.1447537253,0.6549317718,0.8481216714,0.8131650736,0.6786648622,0.0906230995,0.0241731939,0.0904214281,0.5319893764,0.2629141640,0.6547936032,0.8938396258,0.2926353218,0.0907449876,0.8221510561
0.5094431895,0.9954500991,0.4349930600,0.2505975463,0.3285147516,0.4077554691,0.7889830464,0.5170767983,0.4998993363,0.4093444812,0.4182804690,0.9564656494,0.0409675318,0.8003746377,0.4071866473,0.3242373875,0.6359762525,0.5156855838,0.5882584058
1.2314879634,0.1172022658,0.7461130049,0.1339649831,0.8849168791,0.7809399443,0.3127360722,0.7248776224,0.3560251139,0.9769893807,0.1430664648,0.3696856607,0.9142057589,0.7787303395,0.4874026287,0.2138635646,0.6835373452,0.6969912984,0.2180204091
1.9578486232,0.6459442059,0.0325117545,0.7207194100,0.5654526409,0.5717167866,0.9449046366,0.8422936086,0.3535915093,0.3895056775,0.0598475081,0.0284145332,0.9786193808,0.8300434016,0.3860683982,0.9506979990,0.7048631037,0.8346897351,0.5195032445
1.4632539354,0.4894859927,0.9062898385,0.5003487932,0.5969781020,0.8652247078,0.9423210452,0.0051788637,0.3177654434,0.0223461871,0.2412646052,0.6055096119,0.4783324144,0.8562671361,0.7340348782,0.4938798003,0.4591826221,0.8857286075,0.9855893047
1.4212746564,0.7343833785,0.9734114227,0.2857570079,0.7169000355,0.6254511266,0.5924044817,0.8439804913,0.0605522125,0.0014805442,0.8794027247,0.6038496860,0.8294649196,0.4982982989,0.9006779843,0.5820681797,0.0429589979,0.2317215045,0.1295145133
1.0494408047,0.3170234828,0.7877130160,0.0060919426,0.2396902116,0.0079639944,0.1837550725,0.2339764737,0.2864874333,0.4559986341,0.8390608321,0.8497778061,0.0664364512,0.8076022151,0.4342604260,0.8797579287,0.3148732665,0.4979240175,0.2228067713
1.7984045644,0.5675205694,0.4739647485,0.4883405761,0.6279504279,0.2549620607,0.9980377627,0.4871550529,0.8429120446,0.2198958863,0.2363788789,0.6641661468,0.0754682764,0.0937328294,0.6967373240,0.5002559253,0.5871963550,0.0714939497,0.7810845842
0.9722265835,0.1680975187,0.1404277385,0.7894180580,0.2176114091,0.0595442548,0.3377159017,0.6901734673,0.4143451052,0.2526014974,0.3693774092,0.2917905064,0.8055093250,0.2780621213,0.5484894266,0.9797867711,0.4120461124,0.2593882775,0.6592374292
0.8602840667,0.1955426699,0.1606095093,0.2388274921,0.4779605652,0.2371394039,0.0313464775,0.6772823537,0.8703922645,0.5815900449,0.0011957794,0.3829091975,0.2801917486,0.0570283880,0.1360256456,0.8538757942,0.7345296522,0.4091821800,0.7335076152
1.1432178669,0.2981935962,0.6158161497,0.8511843349,0.9301670584,0.2066340170,0.5809894241,0.3116895921,0.8796082412,0.2557290520,0.8163070969,0.9799101283,0.2273541690,0.9568011865,0.7470575994,0.4576760912,0.5319754073,0.1729314958,0.0993257828
0.4749236135,0.8374355782,0.5981155627,0.0618029065,0.2399312541,0.8278785063,0.3267762559,0.0755049281,0.3266387600,0.1652897255,0.8164655462,0.0005043631,0.6989685136,0.0167559806,0.4031267251,0.9748005386,0.4472430375,0.9389244864,0.5600970966
1.1823757423,0.2330675588,0.6242169422,0.7311636402,0.4179572436,0.4316778769,0.5666638580,0.5207974314,0.2458095569,0.1135656433,0.2755995562,0.8915233842,0.2125745815,0.6881835362,0.1829023859,0.6827272937,0.3614003440,0.1561081077,0.0421613465
1.2992696652,0.8610422947,0.8872273511,0.9712022276,0.3923611089,0.7502012569,0.5641840878,0.4768844985,0.4193047798,0.5909580243,0.8244896676,0.3270860282,0.5689864549,0.0009575792,0.0509018206,0.3129326453,0.5181612298,0.5445194988,0.6098335766
1.0811239700,0.3981370165,0.9609012086,0.3172831923,0.3432860171,0.8681308957,0.1089350168,0.8142363669,0.1921277705,0.1218975607,0.3513503455,0.6504812857,0.7109533232,0.4962338770,0.0223318433,0.5561298162,0.0442833823,0.8713135911,0.5241805697
1.0118808485,0.7703215233,0.6791035836,0.0464116185,0.2153514931,0.0116466375,0.6074122270,0.0774111016,0.9547441171,0.9050484935,0.9505181141,0.4627145741,0.0209405408,0.3788553303,0.2926321847,0.1411320743,0.6641850759,0.4069510048,0.9254177474
1.8132304138,0.5555283950,0.8992493005,0.0376216750,0.3710640374,0.8924672792,0.4067954170,0.1533185663,0.0722163616,0.1179734489,0.0246095608,0.3120278048,0.0205556821,0.6088810583,0.6981847234,0.8832728893,0.0820545905,0.3734228717,0.5646152174
-0.0234623693,0.0079312906,0.0772607454,0.4034476334,0.9440392127,0.3865604667,0.7978195774,0.3487229137,0.6742309066,0.3216770105,0.8807332666,0.3543476491,0.6156682212,0.2091206956,0.9822123790,0.8873319650,0.4113193134,0.5416304265,0.0569202796
1.0822121486,0.4071532288,0.9436894809,0.0826866762,0.1014246430,0.4045733303,0.4829470395,0.6914355028,0.3238066294,0.4981594395,0.0595987255,0.7307736934,0.1993878510,0.0247415612,0.9039702791,0.3468786928,0.3499729268,0.7656600112,0.3954920484
0.6365041130,0.2942281617,0.0453079951,0.1558723312,0.9906457531,0.9966683092,0.7401326863,0.9633899877,0.2653649584,0.2195158058,0.6236305094,0.8375760603,0.9421607734,0.7002986329,0.7630841135,0.8816280565,0.4874003780,0.4594813491,0.5608490376
2.0732533595,0.6057546099,0.9176488272,0.8239690163,0.2952728329,0.3896274645,0.3171934338,0.3683163669,0.9501736572,0.8255666353,0.2220266407,0.5621776846,0.5922705557,0.1388736774,0.1959640425,0.2414981656,0.4920413946,0.0768181194,0.9438314078
1.1397192859,0.3305645961,0.4957996077,0.5072999018,0.3187848621,0.6657702561,0.5654667482,0.2105166197,0.1693916091,0.3263725403,0.1461063123,0.8479134397,0.6462687620,0.8019489670,0.6609826487,0.0001881694,0.9443577932,0.0921593575,0.8988748157
1.2139053083,0.6944114494,0.1065692284,0.0489617103,0.1472941784,0.0333122626,0.6173818552,0.5704477383,0.3153835488,0.7921782848,0.4617300311,0.4538713373,0.6913182392,0.5592048760,0.9979721212,0.8003142248,0.1908749880,0.4891958316,0.7136807974
0.9801424927,0.4530269089,0.0269298032,0.3794004159,0.2157830193,0.4216697179,0.4567575012,0.0699329738,0.5841937165,0.6523168244,0.0512831016,0.0701627677,0.8052461303,0.9800609200,0.8655617137,0.9795388499,0.8428739432,0.4653509532,0.6840325568
1.7489134582,0.5714895971,0.1822913248,0.5755590510,0.5802114134,0.6924148046,0.8578694217,0.3129765735,0.1346689255,0.5467235958,0.4933195621,0.4043978882,0.3706865011,0.0216170818,0.8054284407,0.0239293657,0.7736965235,0.8116984455,0.4384413893
1.7535998521,0.5239830690,0.5405134012,0.6988492452,0.4078102452,0.5249823704,0.9049949746,0.3248724079,0.8682758363,0.5219434856,0.7641313233,0.1704368569,0.6080413497,0.2785958022,0.3472591022,0.0066068598,0.0832979931,0.6138995212,0.0183928975
1.3331131453,0.4186965347,0.7927908819,0.7353762419,0.2645554770,0.8608660065,0.1712285033,0.7072695565,0.0129157492,0.5330595388,0.5691719488,0.2964398874,0.0114217881,0.1365717565,0.6945943544,0.0782981725,0.1193906855,0.6169519519,0.3904766266
1.0228225456,0.1562561668,0.4557229473,0.5516972346,0.6526685345,0.7684177311,0.9031393014,0.9130091991,0.4665011196,0.9830830811,0.9048332268,0.0123309512,0.7900816826,0.8614417464,0.6863700526,0.4886250642,0.2812122714,0.6025684015,0.2903291952
0.4633099318,0.0264332130,0.7220917262,0.5470781830,0.7563331749,0.7738318861,0.2999922007,0.7544364534,0.5544485596,0.0931263154,0.6962386160,0.8488648461,0.0645049365,0.1454008383,0.3235143410,0.8718280045,0.6863542745,0.9660852428,0.6959424892
1.6664142483,0.4482105397,0.4584054850,0.9503255156,0.6445260991,0.0355431002,0.8036524359,0.6748729050,0.2969771167,0.9565770845,0.4728114367,0.8190900668,0.4208495322,0.5663295113,0.1822181852,0.8059440243,0.5417958964,0.0647334543,0.8096559936
1.3517333763,0.4366478808,0.9007031634,0.5406056151,0.0474899218,0.0808325494,0.2705732198,0.2393761394,0.7468202328,0.9047162334,0.9392472782,0.0060402267,0.0600675289,0.6768587432,0.7248497127,0.5111996307,0.9857298330,0.4995683310,0.0587639235
0.5494475394,0.8070666392,0.3583353144,0.1285294262,0.2692836787,0.9215656188,0.5386999217,0.8035269148,0.3046002545,0.1459190995,0.6690666030,0.2878758647,0.0022884306,0.8564710948,0.2811947827,0.6480030198,0.2455282404,0.9883590053,0.3764775601
1.1421516491,0.3016094884,0.8583317895,0.5326511858,0.8515138397,0.6530701802,0.9363873556,0.6807316892,0.3859278501,0.7835934720,0.9310764459,0.3852578968,0.8663333744,0.4324949455,0.7090009186,0.3911869987,0.9731836634,0.6104238163,0.4103273255
0.8287797086,0.7804619243,0.3750809760,0.0802889471,0.2503935345,0.4962951516,0.4182426672,0.3880733751,0.9228888851,0.5644116883,0.2872921814,0.2494347848,0.9926571256,0.5615368920,0.9922392928,0.4450419351,0.9688546793,0.7915541710,0.1944505845
0.9155234094,0.1725897668,0.3406995094,0.4567176533,0.0679035729,0.7021280031,0.0114614064,0.9608722712,0.0824555865,0.5522192423,0.0910546771,0.5938461212,0.0497537331,0.1519335791,0.4237831147,0.7506291095,0.0913244092,0.7542282066,0.2196638499
0.7774600902,0.7893453648,0.9230015542,0.1371126720,0.3318077895,0.9305236084,0.9619362745,0.2505659875,0.4977480235,0.5086911605,0.3839313089,0.0356177972,0.6532366738,0.8792696907,0.1961649739,0.5240371818,0.3734500031,0.2665062461,0.9894841389
0.4041868678,0.8669720192,0.3918432582,0.3061924888,0.0325293942,0.8239748879,0.4567491713,0.5076933769,0.3321287283,0.1590146933,0.2466550143,0.5648763318,0.9117106280,0.0868823240,0.2000825387,0.4356676235,0.4566585810,0.1726745010,0.2672470547
0.9671138484,0.3473907952,0.5858580157,0.0606370021,0.8629418006,0.2185315061,0.2903251123,0.5829778790,0.6311027713,0.2408119895,0.3583231122,0.5690661604,0.5763596822,0.7704740235,0.4477716556,0.7405600034,0.5512953408,0.5563204928,0.0835323963
2.0942332261,0.5657768990,0.0087122186,0.9276807531,0.4932960534,0.6101706740,0.7365143934,0.6385462585,0.2583458417,0.4677570632,0.4617118901,0.3063335355,0.4940871175,0.2351645225,0.9986040887,0.8009276971,0.4334455110,0.5027266646,0.8359169125
1.3449747512,0.8062518651,0.8047216987,0.8793097595,0.4234685948,0.6295286602,0.9362388612,0.2248710539,0.8967518071,0.9284908966,0.9745886656,0.9036940720,0.5996866248,0.0543511483,0.6628220206,0.4172763194,0.4357027289,0.0520752035,0.5049160536
1.6596460898,0.5375289189,0.7022253850,0.0738207719,0.3679113579,0.6180792560,0.3089323931,0.2939590318,0.0586868585,0.3269030566,0.6624309373,0.5160831312,0.5977667250,0.8464035705,0.2544157883,0.8744931725,0.1714017095,0.2605985255,0.0853649404
1.1018719646,0.3143650515,0.3587799321,0.7529228688,0.8109608699,0.9077502419,0.8335193211,0.1634877393,0.9436560945,0.1436538528,0.5836083390,0.5980267430,0.2341316282,0.5283786225,0.3838775014,0.6950807372,0.6662074683,0.9820103463,0.0417872405
1.1580139968,0.1825507574,0.6232825313,0.5401584598,0.0832328402,0.5835382863,0.7666815938,0.8045204356,0.5321508112,0.2389084129,0.7958083359,0.3084833758,0.9836974032,0.3299912435,0.2061247094,0.7127653982,0.7180736914,0.8783252370,0.4391484301
1.2736985414,0.3718431385,0.6770757772,0.8786565113,0.6504728595,0.3639045843,0.5380121432,0.4513267369,0.9605467633,0.7254191158,0.7694521445,0.5109958328,0.8576425636,0.9904801652,0.6751868874,0.9652464721,0.6779006940,0.9913901422,0.1510370651
1.0610936704,0.3198002561,0.9096026104,0.0963018154,0.4392964520,0.7401598113,0.0066260183,0.5077321304,0.7690198627,0.7825788769,0.8269581401,0.9938556474,0.7524717466,0.5797338527,0.6238188302,0.5440227485,0.2316428867,0.1851584647,0.5574083102
1.8141718377,0.6757573862,0.9689236566,0.2752766546,0.4838648597,0.0158999079,0.3788313006,0.0055794059,0.0642406697,0.5405343401,0.6227920578,0.1013588236,0.0505092206,0.6124605288,0.2076276654,0.3164798154,0.6254468184,0.5872249299,0.3181702557
1.5863945380,0.7431456107,0.1971166153,0.7652462250,0.7696443077,0.5938261464,0.0346833991,0.0569140002,0.3791214431,0.3613009399,0.9217146671,0.7446694785,0.3432497041,0.6865105289,0.6657164493,0.5432024962,0.5885748674,0.7628596625,0.9175549072
0.5793740973,0.0584526846,0.3847549709,0.0560135989,0.1466208701,0.8487034283,0.8397738974,0.2348240842,0.1022431157,0.7452852055,0.5315802637,0.5968634001,0.3561275825,0.8126720538,0.8748036664,0.6197305270,0.1944639880,0.4588957064,0.0511600741
1.4216750700,0.4637203218,0.7033658988,0.4517633325,0.7745265651,0.0368965306,0.7436767672,0.5519278312,0.5453843917,0.0426480816,0.4451780374,0.6495328007,0.4088994956,0.9922047181,0.3309282558,0.0321722801,0.9111449269,0.1442365770,0.3619579507
0.9854880724,0.1791982905,0.7126889889,0.9108149843,0.3796323910,0.8718877592,0.0431031609,0.2160912942,0.5994949507,0.2262432842,0.4528912128,0.0477795590,0.4912482504,0.6159957511,0.4425638762,0.1286783738,0.5769395063,0.3708465899,0.6302204325
1.9338003674,0.6430791907,0.7484515851,0.1576710853,0.3771615078,0.5789232085,0.4505467387,0.7892472557,0.1284254419,0.5850918411,0.2804031210,0.0743919534,0.5346331102,0.2068060008,0.9734768126,0.5163528190,0.8774458428,0.6315079637,0.4620558318
1.0143846788,0.1644634531,0.4147962637,0.2659453639,0.1654294704,0.0517364944,0.0878238658,0.0617510039,0.8422565739,0.7795554193,0.0292739509,0.5990853372,0.7129298470,0.4884594030,0.7266118397,0.9683342614,0.8424454399,0.3341649629,0.1376835520
0.9460936641,0.2138413086,0.2178720913,0.6226825145,0.8792548392,0.6350149105,0.8308073831,0.1042760983,0.1328260528,0.5950275275,0.6236807690,0.2768011510,0.8316346143,0.1029593739,0.2336000160,0.7905504894,0.1418152493,0.9894130983,0.1189094200
1.1742305471,0.2358223355,0.9840247207,0.6870222210,0.6964363106,0.9823893611,0.0505075511,0.5016409036,0.0852801583,0.3571761717,0.7794239580,0.2910979502,0.8258698465,0.6629069221,0.1557376514,0.5166652376,0.0891391854,0.3263738666,0.4169791032
1.2458882921,0.4471709938,0.1856524297,0.6172033751,0.4987939921,0.5961450130,0.7761407651,0.4688158930,0.0065353071,0.0099958076,0.6026090669,0.0241787923,0.3292941571,0.5246925856,0.0181520290,0.8962093269,0.4002443744,0.6881600043,0.2441987697
1.4838103565,0.5097371270,0.3259316054,0.1319157268,0.6888948115,0.5785883359,0.5273218508,0.1855148458,0.8263783344,0.0149814407,0.7661887268,0.0405298155,0.1435388554,0.5827046583,0.9219781522,0.8927315930,0.8982291189,0.4052064275,0.0609431105
0.9099278429,0.7711394426,0.3881071688,0.1147049931,0.8733334062,0.9927270612,0.8116516135,0.8853451308,0.2579019701,0.6740916245,0.3653345361,0.3152496306,0.9306124750,0.1845102313,0.7608475946,0.0508171404,0.8348961789,0.4042388692,0.8286323771
0.8634003437,0.8314834488,0.5254174652,0.5806928274,0.9357867029,0.4412098905,0.3805888914,0.3283482768,0.7490929748,0.2026720870,0.6455545919,0.6338741341,0.8523619468,0.8100220679,0.3358602595,0.0703297971,0.8893389605,0.5720277245,0.4886531543
1.2698370164,0.7080952193,0.2395353887,0.0126800668,0.8936776341,0.8952337981,0.3357457042,0.6206344100,0.7040745177,0.5770658868,0.2309298750,0.3524268326,0.0296510855,0.7771311310,0.7452911059,0.1894653847,0.4663312652,0.8846812445,0.3837751991
0.8356385243,0.1591594229,0.6154127152,0.9621682414,0.3221404707,0.8695742492,0.4420225011,0.4989591291,0.3737636056,0.8130863983,0.5045717102,0.7898851164,0.3374332026,0.7891056833,0.9782659575,0.3590922553,0.4688895826,0.4621122683,0.3520420562
0.3946480465,0.0587873790,0.0337467942,0.1680463016,0.0961976046,0.9476055426,0.2586166228,0.3975556307,0.8331766275,0.2979378396,0.4802627781,0.4811785354,0.2725955075,0.3352726031,0.6017857133,0.9918354737,0.1972677176,0.8066998920,0.6450789727
1.9495343745,0.5638391841,0.5243712520,0.9046464144,0.0387397049,0.6655545040,0.0502534810,0.1120810775,0.2387346843,0.5473267661,0.7236004879,0.2270808670,0.4256476509,0.5316047679,0.7628098287,0.4472202862,0.9036418592,0.7669511694,0.2508220586
2.1697999552,0.6125396577,0.4127697502,0.9801167535,0.9193426054,0.1746126798,0.6309049096,0.6462744924,0.7357619296,0.5225648845,0.1352835993,0.9079299688,0.5186477268,0.4378815702,0.7018487306,0.7230261680,0.2888819595,0.5075680810,0.9139321899
1.1044400221,0.4520422214,0.4853225764,0.2918960683,0.5927325560,0.5969055031,0.3221566098,0.3382113175,0.7061041987,0.7928795707,0.7079655485,0.2346144229,0.3294791224,0.0008469429,0.6454418063,0.5872476592,0.8262675152,0.5876782604,0.5964529990
0.9808530641,0.1861387322,0.3549065614,0.3506742560,0.8374618998,0.6703089182,0.9917223043,0.4923407909,0.1036115531,0.7530386194,0.3922824165,0.6340631545,0.2365149238,0.7479703920,0.6208084502,0.2201560063,0.7927169741,0.1533985126,0.5542161479
0.7662224359,0.1183617176,0.3516072524,0.7028689327,0.3069085224,0.4844152868,0.4640182990,0.4841865586,0.4813120522,0.2896886699,0.0759730822,0.1764427248,0.2962233825,0.7279006129,0.8176921686,0.8284485248,0.0791013485,0.7115313804,0.6588642794
1.0721117765,0.3410743777,0.2086482115,0.7861300257,0.0429652922,0.8889027214,0.9135411611,0.4633441161,0.2752395329,0.4078811550,0.1517348551,0.8526424943,0.0872863376,0.7106168738,0.0066747025,0.3701836247,0.2408946054,0.5780007284,0.5773013965
1.5040193704,0.5829712728,0.0014996940,0.1660311565,0.0072569404,0.7092954025,0.1531237170,0.3326654413,0.2908031817,0.5884879501,0.0413464680,0.7515628820,0.4224545268,0.1300339755,0.9833633241,0.9352813145,0.3566283057,0.3219532689,0.3134238907
1.1178819918,0.2966060247,0.2803900869,0.7822654465,0.8638690177,0.0420910465,0.5760133506,0.4242243273,0.2132886862,0.2261894080,0.1534973555,0.1420548244,0.6963691473,0.0990948065,0.2300057737,0.1806709657,0.5853644514,0.1499754394,0.8360088453
1.0257364503,0.9330494965,0.4880905857,0.8833965405,0.0129971227,0.2591427180,0.1747447922,0.8103319920,0.5595879288,0.3135527734,0.4823946529,0.6492489107,0.9070700873,0.6193022522,0.5530542474,0.2908453985,0.6095836091,0.6061952789,0.9584157958
1.3727950758,0.2070566268,0.9654637621,0.0301878813,0.6056400201,0.6622052884,0.6253552538,0.0599787808,0.1793591782,0.0534991701,0.5124523594,0.5193082425,0.4057308047,0.5943874924,0.6870773636,0.7089731668,0.3764553492,0.6800067344,0.2088044932
1.0465007774,0.2183030976,0.2281248207,0.8261013761,0.9418278642,0.6355401104,0.5417767158,0.6773204646,0.3548658015,0.5068902272,0.0156302639,0.7120159518,0.9431380675,0.4282250206,0.5707993285,0.4789154910,0.7976426553,0.4410361819,0.1796574200
1.1940950627,0.4089927077,0.3305524687,0.6515058655,0.6178897313,0.3596001755,0.0691403341,0.7761027315,0.9580277045,0.8519677288,0.6075189493,0.9654134394,0.3443177719,0.8679153718,0.0797101549,0.2516966847,0.8667918406,0.3860328462,0.7410385803
1.1340350831,0.9827880460,0.0684124581,0.9040771718,0.0303968875,0.0208511503,0.2420755936,0.6084963519,0.6043773129,0.6981555934,0.0893479811,0.6294329861,0.1143791760,0.5535501786,0.1210525387,0.8945984698,0.8262508439,0.3381274503,0.2356148892
1.7487025438,0.5389460768,0.8860027092,0.3944408673,0.9776461296,0.3768610343,0.6346569835,0.9294060981,0.7981697726,0.1958149624,0.0284444095,0.1329720843,0.7399497742,0.6822000341,0.3365518012,0.2652085761,0.0520776964,0.6603753729,0.6658947338
0.3378264302,0.0538945061,0.1000840987,0.4877197394,0.7901590847,0.7605681578,0.9075414308,0.3266675806,0.4992115859,0.4653028152,0.9338030562,0.2388839169,0.0687068773,0.7720617412,0.0234794255,0.3729909173,0.6506780052,0.8881425613,0.7478836686
1.4949395770,0.5150461673,0.5391346995,0.0373577489,0.0821179539,0.9439966941,0.5611843386,0.9885152092,0.1842997908,0.0661743149,0.4516973766,0.4170361113,0.0339425461,0.9722219066,0.3979846200,0.7325621412,0.8757470467,0.4083360263,0.2266111341
1.0075354215,0.3929435606,0.8583820362,0.0528707440,0.8608465687,0.5709210283,0.6415011860,0.6419581106,0.3042888191,0.6631827911,0.5505485860,0.5478959270,0.2837661169,0.8583746800,0.5056708255,0.9104579922,0.8134403939,0.2775290474,0.8005545180
0.7567185209,0.9069914307,0.3430782643,0.7187220819,0.5549673012,0.0560167343,0.9713442542,0.7771031145,0.1774704621,0.9531737605,0.7169443468,0.0950930262,0.8273863751,0.3673443429,0.5401130153,0.2342797363,0.0948389532,0.1223288860,0.1191045103
0.8094314461,0.4264446261,0.1110609196,0.2632309483,0.4568961252,0.6127239665,0.7868883025,0.7666489322,0.8559425599,0.5253685174,0.4744730447,0.6621942555,0.0398319617,0.2098024768,0.4134312644,0.8256024305,0.4413585539,0.3410073489,0.3749283915
1.2495945257,0.3687897750,0.5086936565,0.5062260696,0.8869846306,0.3714911580,0.1091350299,0.0999116691,0.4819802069,0.9132927040,0.3653206602,0.4567413467,0.0517920326,0.7141901377,0.2658391067,0.8926269537,0.8616931543,0.1213599565,0.9332238269
0.4613840679,0.9542756571,0.5196583104,0.3104907078,0.9065959284,0.2116325902,0.4641914575,0.9149630981,0.8896778385,0.2897703291,0.8337610326,0.6653489896,0.6267141623,0.6765882398,0.4117112015,0.2403793140,0.2221656558,0.0719035228,0.3410085700
1.9873905761,0.6045238854,0.9726618377,0.6030080781,0.6867964956,0.2302682375,0.9435579556,0.6849996828,0.3903171512,0.4719725418,0.8511952393,0.3081899188,0.3236431480,0.1761455057,0.8914065416,0.2997065734,0.9290939373,0.8061318403,0.3200514281
1.1496011183,0.2196569708,0.2309434280,0.7577068678,0.4278645477,0.9141692170,0.1380834666,0.8700479876,0.6888564955,0.4701173313,0.3311303728,0.3197705550,0.8698435062,0.9074900899,0.8413711644,0.9520015873,0.3575054396,0.1443610628,0.8062488203
1.7000220316,0.6846296432,0.2694773191,0.5478795208,0.8880556564,0.8721399651,0.7712004579,0.0416623021,0.9552855996,0.3515278316,0.6483024986,0.5877043923,0.9198941648,0.1557528845,0.5679158679,0.7320611969,0.9316457336,0.2391369869,0.3133607853
0.2981708412,0.0672589697,0.0533234942,0.2841483847,0.4317427870,0.2508179950,0.4046722104,0.1823245489,0.1513156452,0.9300331370,0.6170387119,0.5781440423,0.8472983486,0.9443474756,0.1924061614,0.1863281748,0.1366464043,0.9007818943,0.2116524763
0.5031238387,0.8270884340,0.6749268606,0.2023433733,0.2944718808,0.0169715387,0.3281921495,0.9592812963,0.0886699475,0.8477097374,0.0898527166,0.3104649458,0.3039019573,0.0454812142,0.1748149675,0.7407261810,0.1337472241,0.4782547959,0.6260817026
2.0571288857,0.5538622855,0.4666565173,0.9812864222,0.3840716843,0.6114519257,0.7627348289,0.4180312389,0.9200754122,0.1176977038,0.8981135382,0.7820604236,0.3991530783,0.6858345078,0.9019969126,0.8865764999,0.8133391087,0.7722936309,0.0417240065
0.2594524523,0.9219429137,0.4927804894,0.0707570842,0.5915258342,0.0815786551,0.9945577696,0.4941233777,0.4947844342,0.1145755999,0.1558335722,0.2491284109,0.9844387291,0.8086923138,0.0851497114,0.1958534808,0.5713674243,0.1552457115,0.8466808647
1.1721822211,0.2233505375,0.5525332540,0.6079819651,0.0617674898,0.0519251587,0.5590812997,0.1352203438,0.9263116715,0.7404314292,0.1271720540,0.7230882058,0.0906825540,0.0393518796,0.0155355235,0.0696191061,0.2393666959,0.7620120026,0.7356460689
0.5174957062,0.0271626178,0.6891870212,0.0108048662,0.9051965097,0.0061999917,0.5856990461,0.8996327790,0.4702144256,0.8098790123,0.6059569149,0.8986738170,0.7022653265,0.2370843436,0.1713782460,0.1260451637,0.8236218457,0.1258045675,0.6593090431
1.7678649966,0.5661066404,0.1244323346,0.5512924504,0.2517058234,0.6137836732,0.5651823038,0.0977057983,0.3151936330,0.6251224372,0.6192349732,0.6927160286,0.3087223955,0.2383479574,0.7655963253,0.4503554693,0.3800956630,0.6225192498,0.3236046353
1.9739657770,0.5630046738,0.5164356124,0.8149181407,0.8786077671,0.9858856364,0.6816323043,0.8427868373,0.1045312503,0.2336820471,0.5183278806,0.0987652278,0.6434591033,0.3310618985,0.4132823465,0.0953304013,0.8327691018,0.7244495737,0.6827641121
2.0039293381,0.6443431039,0.9341412405,0.5878823434,0.4058314353,0.1497840961,0.3255240874,0.7045796703,0.2916439799,0.8359597827,0.8894188228,0.2944093682,0.6947813672,0.7991818193,0.5375674752,0.0357315735,0.3244421785,0.4499443864,0.5643570824
0.7060526155,0.4236754049,0.0022236142,0.2166889424,0.7707781981,0.6764825837,0.9848145698,0.9615007888,0.9558198262,0.3972986327,0.0664619947,0.0521831337,0.6525686809,0.6056378251,0.5002070596,0.8711184255,0.2684420136,0.3349815120,0.1514727501
1.2049298582,0.4299839475,0.5238765137,0.2747253378,0.0868038247,0.8008064490,0.9945253773,0.3602673317,0.2143086232,0.2988001467,0.6349586028,0.6204803503,0.7985668527,0.8456920357,0.3858393796,0.9339175210,0.1370752181,0.9364332139,0.8692937318
1.6123804483,0.4738627918,0.5743785974,0.9527886161,0.0573057132,0.9410144242,0.4967491640,0.9550556993,0.7060123543,0.6752792497,0.7184693963,0.0960314911,0.3807577900,0.0356599555,0.7731779998,0.7178887997,0.6686313778,0.1061371884,0.1276773426
1.0662999965,0.7524476925,0.4076944237,0.0610947071,0.5814272033,0.3486198509,0.1611062679,0.6617144090,0.1472847484,0.3418967751,0.3334405755,0.1414115091,0.3485800427,0.2082141250,0.6866710795,0.2024568474,0.5904574536,0.7390383003,0.4758513010
1.0614708376,0.3835555606,0.4461630953,0.3277525809,0.0567636270,0.7420983074,0.3530058343,0.5037129715,0.3939904359,0.3116401317,0.1682089365,0.2456841456,0.4528954977,0.0138076318,0.5684734199,0.0109654457,0.6218780369,0.3955952813,0.9030573214
1.1498055862,0.9574453837,0.6622110250,0.9180539921,0.2610090705,0.7400906826,0.7441333837,0.0271857082,0.3361084237,0.2044802892,0.5068703884,0.1587067820,0.3535295820,0.6038343341,0.0879830993,0.2810290996,0.3260874404,0.7255413314,0.9752471251
0.4870404168,0.8393411753,0.0478533936,0.5504611197,0.4712854101,0.2511795465,0.9478050027,0.0931499765,0.4815323641,0.0864643688,0.3169538934,0.5428367072,0.0099237955,0.6359330219,0.2597665895,0.2254984515,0.3799564974,0.6156648760,0.3026838862
0.2360480650,0.0291672549,0.2860771641,0.4921908250,0.1517904921,0.8799574018,0.9339492082,0.2043747512,0.3516269721,0.6287948705,0.0656576442,0.2349173816,0.2947025211,0.7554072335,0.5388982732,0.8724157376,0.8645536598,0.8636794628,0.5978603794
0.0943388067,0.9695414928,0.1292468132,0.0536885535,0.9380408237,0.7822971193,0.0079414404,0.3951867992,0.6718441978,0.9325769521,0.3074574070,0.2324405611,0.3339728093,0.1139072088,0.8920578096,0.7907390324,0.5023784434,0.7669894256,0.9764871162
1.0248473377,0.9722264425,0.5263461731,0.8189213677,0.9486561030,0.5323077015,0.5074976439,0.0374578584,0.0142793937,0.6891759143,0.4824413752,0.3008921490,0.5482903403,0.2509913003,0.6185813495,0.3318516787,0.8379108382,0.6964357260,0.4021774702
1.2653371565,0.7852199961,0.1740614457,0.7554443847,0.9493371235,0.1542295771,0.4671682035,0.6407434348,0.3757788782,0.1220489548,0.8860817522,0.2792384895,0.5867036056,0.7830921597,0.1161387436,0.3627434787,0.2234433247,0.7559403662,0.5716572330
0.3457606953,0.0307958171,0.8841888283,0.7830856747,0.9452205641,0.7911513534,0.1409478455,0.5848269946,0.3473834152,0.1423344758,0.3566837015,0.1702915821,0.2942232773,0.7157002829,0.7779697879,0.4637417114,0.0394262315,0.3022493997,0.3759556621
1.8464918716,0.6932892018,0.2380948163,0.7409475330,0.6787069127,0.5168825642,0.7770972934,0.3990493562,0.6764180233,0.6355086355,0.7177888578,0.4858165576,0.5541925436,0.2139813083,0.0998980926,0.8932797251,0.8927636532,0.3311075209,0.5141276377
0.7976944153,0.1191036105,0.5248578275,0.8526024525,0.3907770787,0.8651021248,0.8367716097,0.4018386901,0.5523960845,0.8942729293,0.1460522858,0.3256775962,0.2190120322,0.2624679964,0.1630569108,0.0250657753,0.8650932390,0.4892923888,0.3280608858
0.4638088498,0.9049888958,0.4660217740,0.5070370706,0.1225488477,0.1988465928,0.2171940588,0.7796092800,0.4463032804,0.7173670944,0.2555403350,0.0643988764,0.3655374036,0.1117560984,0.6059017725,0.9679758926,0.2967593456,0.4673384582,0.1963142790
1.2118976366,0.2233153321,0.8431569670,0.3736433360,0.3998983264,0.3022303965,0.2384208524,0.1877670637,0.5385385746,0.0412523094,0.2931758744,0.7197421696,0.6593823857,0.0787588990,0.6005751404,0.1891204906,0.7196616511,0.2450118829,0.1179360533
0.6201687733,0.1060257590,0.4168865258,0.8843395815,0.5558299300,0.2988195088,0.7801572753,0.1028846847,0.7583700151,0.3112211569,0.0160688874,0.7372139099,0.4507718588,0.5723711052,0.0055104065,0.2553654821,0.8888972077,0.7931293885,0.2814020131
1.0851154966,0.3177537305,0.8746481580,0.4992420167,0.2816518473,0.9476084273,0.5835673715,0.0867608529,0.0269169917,0.0989449024,0.0506616250,0.8785823278,0.4082514681,0.0712851440,0.6190396582,0.7716391649,0.6355932804,0.7465705129,0.3534550998
0.3328825477,0.9274666502,0.4430662172,0.2441238991,0.0055822751,0.5001650525,0.3739779128,0.4577499486,0.6617645898,0.7962249714,0.7543180873,0.0504417250,0.0451957796,0.5583747727,0.9159526579,0.5106268360,0.6217381617,0.2069196955,0.2890983328
1.0539306130,0.4216935059,0.1843823257,0.5828786589,0.8869792587,0.0952488065,0.8532459945,0.9037885646,0.9045365941,0.9897357271,0.8065716639,0.6300465446,0.7834698258,0.8061238967,0.6838072361,0.1922710329,0.5516193130,0.7888236831,0.2607598298
0.9629738156,0.9373623441,0.6143606052,0.8015193014,0.7686621082,0.3887120609,0.3279896390,0.0172943036,0.4261115610,0.5473444267,0.4957931803,0.1716761262,0.6446308817,0.6718977636,0.2594331300,0.9071413513,0.6292316578,0.7179566108,0.1962086391
0.1333439209,0.0202848246,0.3764883827,0.7186604791,0.6356814018,0.4468565303,0.8270958937,0.2147835945,0.1061127400,0.6372482221,0.8352254154,0.9173697044,0.6909361330,0.5122819673,0.5180516495,0.8998348247,0.9221797762,0.5291213419,0.2544116887
0.9713948001,0.3719423149,0.1740576149,0.6478061038,0.5949854163,0.1155475318,0.9140731715,0.1958189640,0.7349735380,0.8461827846,0.5820581282,0.9600757518,0.4165487061,0.8858757860,0.6729389832,0.5885446026,0.7956099739,0.4935481369,0.1674982702
1.2672330651,0.4967255162,0.1686476594,0.3096991212,0.4839098426,0.5892673625,0.0274855584,0.1224500451,0.1618450872,0.2526848218,0.3786112268,0.3677824442,0.1981052762,0.7276817690,0.4686285260,0.6792275709,0.3239761693,0.5050836385,0.0850957170
1.6137178769,0.6490071846,0.0647391838,0.0987774527,0.5595219749,0.5420609206,0.8678851857,0.8026474458,0.4071674885,0.0895312178,0.2196920929,0.6729047687,0.2614960599,0.8074795573,0.8539580685,0.5487855404,0.4460977141,0.5231102964,0.8048729770
1.8429085947,0.6052226375,0.5231488713,0.3015003080,0.5459257388,0.7451324406,0.7153969008,0.4589342344,0.7094858590,0.5182641583,0.2249039150,0.7829334211,0.2653204273,0.5552730575,0.3873267941,0.9866515094,0.7831847475,0.0124902831,0.3264666808
1.1967109835,0.4561502052,0.9579356399,0.1085529923,0.5860151457,0.9234304536,0.8831385221,0.5747305476,0.5298670427,0.4457206834,0.2905093457,0.5062542764,0.5321251084,0.7455716404,0.6098269374,0.7610089038,0.8268691946,0.8983157114,0.4932626763
0.6732399353,0.9335602186,0.7646068304,0.5792034593,0.5275508704,0.2095319019,0.3670067336,0.2464890064,0.8859514182,0.9845399970,0.3059442514,0.8983447238,0.8790703297,0.7050836215,0.7194498610,0.7760464669,0.0341694747,0.6918533926,0.8374905116
2.1529843737,0.6115998682,0.6923428053,0.8980000459,0.2683817791,0.8083031000,0.7477934507,0.9335054621,0.9592643220,0.2608946673,0.9022106675,0.9295771637,0.9853255786,0.2142250842,0.8598020650,0.6408382644,0.3943485076,0.7320109097,0.7401028014
1.3041912658,0.4647561009,0.8026583849,0.0876847271,0.9310437586,0.6281843688,0.2805881017,0.7264145711,0.6827981858,0.1591965466,0.0397073471,0.3040733703,0.7244089900,0.3174171987,0.7244308240,0.9211192894,0.3362842651,0.7858622836,0.4138521550
1.6745932169,0.4879105883,0.6850292987,0.7710274481,0.0065821350,0.2061915107,0.9627396567,0.5012519732,0.8086087801,0.8625639140,0.1881296661,0.6272985090,0.0046071561,0.6219154087,0.1086812954,0.2890299762,0.3694598520,0.3070496546,0.8928062212
0.9306254564,0.8569425209,0.5240887918,0.7567716617,0.0721435768,0.1981021124,0.1550889094,0.7558002134,0.8039744491,0.5801533288,0.2439503435,0.9710676004,0.3031210668,0.9893668943,0.2148669638,0.2312415448,0.0578368142,0.0188704098,0.0238448921
1.9390179301,0.6654321805,0.2586664736,0.7611720937,0.5598309845,0.1805999909,0.3842765354,0.9899128556,0.7296816206,0.1486463588,0.1157044340,0.2505610550,0.9121769851,0.5212532742,0.5866360266,0.3893754555,0.7910715710,0.0653899514,0.7995798470
0.7424801969,0.9933580084,0.3294393369,0.5710418023,0.5656940376,0.8798973355,0.1036531822,0.1150056479,0.7242063232,0.5234378426,0.2067903015,0.0392209260,0.9552049054,0.3298343285,0.5085121003,0.7799664065,0.7098209688,0.0063786368,0.2050830357
1.1409684323,0.3699966769,0.6763672212,0.5856011328,0.7856346306,0.7971592427,0.2481825228,0.5862168208,0.2653041856,0.5975955248,0.7638593678,0.2838223672,0.7639412120,0.0718676836,0.1535620487,0.7292174232,0.4136840715,0.3031682592,0.0958003327
1.3233839159,0.3945071589,0.8803588820,0.9033938091,0.8682863378,0.7431089428,0.6143894584,0.6311866494,0.7407922222,0.5868752910,0.0248719866,0.1261149220,0.5750868318,0.5882890992,0.8310548221,0.6479907456,0.6719146669,0.8108044719,0.3066231057
1.1107208753,0.2894909919,0.3935018922,0.7180668342,0.5498145742,0.1775258640,0.9934957538,0.9753894447,0.1733834448,0.0111919966,0.8775016675,0.0074807217,0.0023819695,0.9311742466,0.4588089336,0.2012963305,0.6649483181,0.4537213109,0.4563413525
0.9372094251,0.0973496015,0.8007492972,0.3429921309,0.2512129227,0.6658251646,0.2401455021,0.0315339029,0.5171249975,0.8612927035,0.2646416251,0.5707815475,0.7631711365,0.3058711752,0.5032025404,0.2039465198,0.2349422296,0.6306517256,0.2129809984
1.6678848018,0.6620915319,0.2436919173,0.3421666567,0.9764112936,0.6855621190,0.1211667702,0.9991343054,0.4026846740,0.8465434739,0.7493569735,0.0457878100,0.6182987464,0.5681691221,0.8766790638,0.6413001053,0.6236798094,0.9090432562,0.5954560986
0.4457312320,0.0860657884,0.0454569030,0.8226509438,0.9474276197,0.7185172263,0.3851425014,0.4627458768,0.1557715684,0.8148377747,0.0519621815,0.1260856836,0.7944602779,0.3403543950,0.9797630765,0.9742068122,0.9799676188,0.3318747543,0.4321487628
1.2998012173,0.3935574797,0.5029403763,0.8095899471,0.3140334299,0.5874009149,0.7304771745,0.5225231657,0.0326388312,0.7265504290,0.7969647176,0.4195221821,0.2916971386,0.0262742953,0.7699898326,0.1265152527,0.9684174105,0.5322831522,0.8304936042
1.3557361707,0.4861256639,0.7607447111,0.1457162287,0.1009095651,0.7609484567,0.5418502223,0.6652371310,0.6397081698,0.8611397425,0.8725970401,0.1517921205,0.3372097084,0.7070992098,0.4073301181,0.2668054002,0.1477898084,0.5230398510,0.1223424228
0.1959107834,0.8919669114,0.8237612903,0.0480280391,0.3824938192,0.5197237268,0.9878607013,0.8930238473,0.2728810461,0.9663015839,0.4979808425,0.2185083901,0.7983460045,0.5280500624,0.2566861945,0.5368946436,0.4952729759,0.1545213463,0.7061639458
1.1594720541,0.2812398986,0.5415959075,0.4497567390,0.9012364757,0.5547954455,0.6207157910,0.5117299784,0.8324553269,0.5121677487,0.7135837044,0.8920892183,0.9568870194,0.3783975594,0.1939112402,0.3835693345,0.5475875698,0.5402847010,0.4411866912
0.8888705684,0.2015391185,0.1553809342,0.0905887306,0.5966689968,0.0558049997,0.0321245712,0.9204617244,0.3020621123,0.6346238702,0.0264112322,0.1048098388,0.6986290003,0.9242038750,0.2707845439,0.8059638094,0.6011817993,0.0717932350,0.5683355728
0.3499334769,0.0398036936,0.4839214829,0.5779234876,0.7477257236,0.5414663320,0.9388862297,0.6400163387,0.1603626257,0.0353847870,0.3150627302,0.8059409236,0.2005805962,0.4585976467,0.9261226079,0.9418919417,0.3445024653,0.8028160330,0.5066881419
1.2861824126,0.8707031239,0.7991491477,0.9822068279,0.7264210317,0.3983979702,0.7767367251,0.8875798622,0.2967514204,0.1067679380,0.7015400428,0.1332217783,0.3402747358,0.7180667125,0.4158038449,0.7419853958,0.8509184164,0.1679376831,0.1755126868
0.8227698102,0.7893470370,0.5115517484,0.0629835325,0.2208940287,0.3056469730,0.3205054398,0.1546639784,0.5568323225,0.5445926189,0.9885480915,0.9327522111,0.8514665355,0.2157116314,0.4937716795,0.4261472073,0.8849871988,0.3322863636,0.8424192009
1.0958687512,0.2631880128,0.3409173628,0.6123162948,0.9619112409,0.6390408305,0.7160757023,0.5444050492,0.9015042051,0.4654461645,0.8466573463,0.1415172530,0.0493617014,0.4297147169,0.1332807963,0.2806419524,0.8078559456,0.1158419486,0.0847974635
0.2179128353,0.0451886932,0.3205885241,0.9737005291,0.2867833977,0.1075459448,0.7183468761,0.0052190532,0.0869386395,0.3423206461,0.6399354491,0.5400412789,0.3526352283,0.9690395484,0.5536703246,0.2279445866,0.5315450159,0.2379428681,0.3170435354
1.4513633436,0.4766987447,0.8420501183,0.2703885044,0.1350002642,0.5413247192,0.3002971955,0.0085630916,0.9043254190,0.8727702728,0.4397044905,0.5336566150,0.0276125885,0.0184239725,0.3956110609,0.4215320098,0.4671964867,0.4276224491,0.1829901247
0.7106016953,0.9826882754,0.4582214729,0.5144334459,0.2007652151,0.1547463795,0.6215500738,0.6412140610,0.0449350318,0.5748062046,0.8931916120,0.5397529228,0.3720433050,0.7897134571,0.5761767397,0.1379591720,0.2001708712,0.2918424363,0.3179088315
0.4558947111,0.8417294307,0.2284423513,0.2313435510,0.3009325120,0.9811596519,0.6847254515,0.2347214244,0.2551867323,0.5900265230,0.7247268108,0.2854891934,0.8061678484,0.5145461874,0.8813402955,0.4657930321,0.8442693201,0.4794767074,0.4479433351
1.9271380741,0.6209331395,0.9330675882,0.1450052320,0.1572698425,0.1123599915,0.1945226340,0.4122491789,0.3974272727,0.5076197822,0.0357451599,0.4266696419,0.4179087019,0.1593549981,0.5075363898,0.2454609233,0.4391867915,0.5185177778,0.7479652619
1.9562578948,0.5935932154,0.0851964721,0.7632281174,0.4519230365,0.0042823858,0.1740154134,0.5502533132,0.2848081141,0.0441873812,0.7720485731,0.5050509406,0.5059456052,0.8989916246,0.8863017047,0.2459079277,0.6773944379,0.9186842690,0.2072642218
1.1564309086,0.7474280797,0.5345877169,0.2040530802,0.1114141283,0.1997707231,0.5665358897,0.6731441708,0.1849672328,0.6079463356,0.4274308561,0.6332073760,0.0145005837,0.5247367212,0.5523587381,0.3152794492,0.2194717525,0.6461896224,0.2468084036
1.1990102828,0.8818760265,0.5485175160,0.9230247587,0.8813146621,0.0491255720,0.2292263053,0.5385768172,0.0850083994,0.9812353580,0.9281075325,0.3081697442,0.0560329676,0.6800270731,0.2863992606,0.0391860920,0.3351383686,0.2657727912,0.2239764409
0.7248577682,0.7827959024,0.2006255324,0.2858298533,0.1140725667,0.6108330648,0.4657117469,0.1789899436,0.4070099589,0.1342756841,0.9268606465,0.7014210307,0.9204315864,0.8232631370,0.3810217866,0.1364796578,0.2412806277,0.2531966403,0.0191437027
0.7603234755,0.1577181838,0.3688273476,0.9907890298,0.0300579926,0.1739176593,0.3884016547,0.1691484951,0.4547943073,0.9314179615,0.0578958982,0.8782975262,0.1794506686,0.7158230442,0.9574311151,0.2187053540,0.4567614379,0.4838561400,0.0956377730
1.0688980852,0.4531448054,0.2259164865,0.1699929866,0.6098202540,0.8961376652,0.3102316897,0.6065203016,0.5458804109,0.4133020315,0.5579126021,0.6149873683,0.8271273975,0.1867636542,0.7780532656,0.9695415144,0.6324589931,0.6527561016,0.6881258033
0.6398724614,0.7976195333,0.3583214869,0.0670198378,0.0570764548,0.7962669299,0.6686932418,0.9553544360,0.7695479484,0.3430827366,0.0910296049,0.7178572826,0.3607036955,0.2096588531,0.9652154515,0.1904279168,0.6997764891,0.0480120732,0.2280460797
0.5842908175,0.8270166540,0.8020907071,0.2434497265,0.2817401932,0.0085312630,0.4386566899,0.0769564394,0.3757809966,0.1535607655,0.5376584168,0.7559780120,0.0060878077,0.6534866566,0.2479861533,0.5060029667,0.8889407796,0.7513880141,0.8838999538
0.3313597362,0.0281491814,0.9857678534,0.7305375725,0.0712511817,0.1117448186,0.0269549103,0.5410604555,0.6732432101,0.2099693893,0.5050842394,0.6174304476,0.2876135209,0.8377870767,0.9260477316,0.6411364574,0.6594335340,0.9148446451,0.1506213335
0.4156029464,0.0660136941,0.6165628501,0.8656210448,0.1818078031,0.6263336310,0.5130394625,0.5263679417,0.9198852438,0.7296667287,0.7487854292,0.0854983331,0.8639332267,0.0595508853,0.6232637433,0.1886013388,0.2551078856,0.1654901785,0.7904791575
0.6543790504,0.9284650882,0.0688988184,0.7297442049,0.9467772795,0.3432750125,0.3839979632,0.3539563990,0.7329448565,0.7131615638,0.0718495571,0.7316920993,0.2522737498,0.3276448879,0.3407068660,0.2181877097,0.0796751156,0.2449869322,0.0412376368
2.1309457549,0.5808492816,0.8581951945,0.9624681666,0.0480639449,0.7936780267,0.2287705672,0.7372234559,0.6299703527,0.0917644916,0.5869357975,0.6947452603,0.1713293876,0.4673184974,0.5304756704,0.5588353777,0.2812206420,0.9066357916,0.7499928841
0.0914727698,0.0202138703,0.6590020630,0.7660606714,0.1431819943,0.7294935396,0.3112997059,0.2505298152,0.7152239648,0.0430743256,0.2691424982,0.0108557507,0.2188665089,0.1871938355,0.7722307772,0.3053710365,0.7823726590,0.6432309353,0.4618865234
0.6642518065,0.0940223618,0.3002866579,0.8321148206,0.6943425055,0.8510401032,0.5239462621,0.3397048208,0.8654469076,0.6784297013,0.9725402461,0.6313536221,0.5259191957,0.8241173362,0.9150130269,0.8041851697,0.9355391121,0.4283547770,0.2234152341
0.6483547801,0.0967593886,0.3421404536,0.9651057346,0.8069956587,0.1065778054,0.6824406374,0.4860266307,0.4725827051,0.8827113692,0.9581230768,0.6138784822,0.5844307151,0.7823316778,0.7197773009,0.8371055574,0.0387026973,0.1518088967,0.5001898805
1.7959635937,0.6001972128,0.4108704571,0.2667195578,0.3259129708,0.9621507451,0.7464699345,0.2369040934,0.8534358868,0.9932085644,0.4943777369,0.8113777480,0.8046346137,0.6461938673,0.9194243683,0.2141211978,0.1548072507,0.0474287044,0.1791378310
0.3498140301,0.8864230897,0.2809659619,0.5038099441,0.2169876625,0.2481499261,0.0080001035,0.9849382012,0.0880614753,0.7132201159,0.0992623580,0.7230257650,0.5127355996,0.4344260859,0.0897374396,0.4282161278,0.4027916916,0.1030603575,0.7278456488
0.8803194348,0.7694756246,0.7845704922,0.1047027202,0.3450568378,0.0321163929,0.4467323046,0.7760278962,0.9551335466,0.4062827538,0.9951608910,0.2750980579,0.6481447121,0.5735766994,0.9364238426,0.8712763127,0.9381813128,0.5866993993,0.9408713080
1.0823298395,0.2172815953,0.3178922044,0.6310800915,0.2899764892,0.4541139958,0.3570778206,0.1769061019,0.4956836014,0.7004725105,0.3993547583,0.7864618517,0.4511240748,0.2646762027,0.2170784441,0.5471179985,0.2916830267,0.2669819006,0.8277180897
0.2669178210,0.9577602267,0.7238673191,0.0304185868,0.2605530648,0.0586153137,0.3379219014,0.1507126054,0.5835263103,0.0258259642,0.4666106769,0.5298945087,0.4069274090,0.1726826218,0.1547039313,0.8282592802,0.8250650547,0.8395949717,0.7805230431
0.5999395118,0.9985417229,0.6102240947,0.2746768900,0.3807339994,0.8859924030,0.1793767900,0.3671612861,0.2542170764,0.8572606951,0.8105940351,0.5575355409,0.1154760267,0.0465957079,0.4656121084,0.9171222789,0.8421343876,0.2042740558,0.3612616103
1.0812052609,0.2874956488,0.4548349704,0.3282407237,0.4696459011,0.9973810415,0.7856436897,0.9834813275,0.7101954003,0.8919391012,0.8546085659,0.8954902076,0.3693385668,0.0575607290,0.4906225532,0.4838819197,0.9913074110,0.5264443769,0.0701688032
1.5470977133,0.4379116623,0.3692501672,0.9625731477,0.7506350423,0.7839019778,0.4209728907,0.1313670285,0.4023420271,0.3668789682,0.1145040331,0.6176227312,0.0586501027,0.8255901891,0.6744535189,0.5151993589,0.7294388508,0.5145368966,0.4027066155
1.2576595397,0.7534736190,0.6236504283,0.3500032710,0.6409617168,0.6172666472,0.5978625481,0.8980835305,0.5119385501,0.7482149022,0.8878440865,0.7947242633,0.5543618055,0.1571707649,0.3118683316,0.1052686360,0.1868302029,0.8066280063,0.3464813000
0.7503207147,0.9411881656,0.6781730406,0.6466010049,0.3607134283,0.9676579781,0.4730589312,0.6760873744,0.5549891470,0.8322700617,0.5140168709,0.4881905645,0.8772340093,0.0693085075,0.5349230787,0.1225388198,0.3336271377,0.4997537411,0.7952980679
1.0051905440,0.8085747385,0.8546536155,0.5603866972,0.7370918286,0.4500734863,0.0634769375,0.6396643197,0.3347836706,0.5600829786,0.0838761226,0.4266956734,0.1591101783,0.1761865949,0.5726808212,0.5532267673,0.0000624765,0.6883105578,0.6955878103
0.0112923481,0.0204478329,0.6708296533,0.9943608314,0.2579786461,0.4349806896,0.3560827610,0.8344598555,0.7688537661,0.1192297450,0.9926244091,0.7556831672,0.2164097900,0.4999378802,0.3663800255,0.9004707199,0.8105176667,0.3548548569,0.6553433134
0.7136941392,0.8336620252,0.3949623082,0.4512719980,0.0382028092,0.4341167627,0.1738606252,0.8185137493,0.9487019574,0.5417412176,0.3058147929,0.1749492740,0.2969879169,0.9588947814,0.0918395073,0.3562166523,0.4482795862,0.9656324810,0.5213832073
0.4244630979,0.8320546560,0.4996927777,0.1303598755,0.8187094114,0.0419437037,0.3811837911,0.8030911768,0.2061759308,0.7393743839,0.5183283568,0.7351955015,0.2892419354,0.6275048560,0.4340164827,0.0546944319,0.1300248440,0.7387687301,0.2917506892
0.8353209168,0.1394351685,0.7550768468,0.8578034193,0.2557345504,0.8975833034,0.1586466701,0.1365759906,0.4421035114,0.5444163350,0.7572981034,0.5396897466,0.0062000500,0.2253731168,0.8574691000,0.2559097158,0.7386013736,0.0340283433,0.9213583629
2.0595077534,0.5678596391,0.1050953608,0.9501754480,0.3709196468,0.2335441763,0.1685729783,0.3050468710,0.8826848713,0.0024812444,0.1178291171,0.5246948434,0.7701594724,0.7445976728,0.1323708439,0.1222972518,0.4460972379,0.2568506843,0.8465821836
0.5891715846,0.9779065347,0.7067174619,0.3778865916,0.3623444261,0.8340011702,0.2041127434,0.5475282017,0.4798140217,0.2457188127,0.6075643700,0.3621050840,0.2187409961,0.0736356533,0.3498032940,0.7151010886,0.3954859997,0.5373251212,0.6070831863
0.1260600984,0.9655542462,0.3277892998,0.0232800246,0.0510040300,0.8701006197,0.3015203306,0.4174010150,0.1536757476,0.9421496690,0.8252455535,0.4723839430,0.1889635366,0.0191246467,0.1721467792,0.3494700004,0.7246537665,0.2687877449,0.4535479114
1.5557547760,0.4977468214,0.7473186793,0.2708158146,0.4837642143,0.1634773776,0.8172826463,0.2466129235,0.9036616830,0.1518307227,0.6638293901,0.0117306960,0.2216557443,0.9918198791,0.5946514302,0.4743895275,0.7497979840,0.5723214391,0.2874000144
1.8320586942,0.6425498030,0.2533623246,0.4866091525,0.6298913330,0.9988215154,0.8350437090,0.2974314266,0.1522607050,0.1985735528,0.2016286238,0.2123253455,0.8163977815,0.6103765789,0.4582053899,0.0662346169,0.4569623876,0.6380174355,0.0908999009
0.5273738287,0.0696933511,0.2975740183,0.7111431088,0.0103803536,0.0591707437,0.4409998256,0.5296686519,0.9773888513,0.8344385226,0.7979350288,0.4776897455,0.0604599425,0.8309657772,0.6859190666,0.2240456305,0.6553438755,0.2773273432,0.2429901014
1.7924713086,0.6507500182,0.5137707400,0.3946964136,0.7501048852,0.5929264500,0.1068576604,0.8041302224,0.5163231920,0.7261054847,0.9445183607,0.8667405009,0.5859194067,0.2538036795,0.6040296181,0.5654703849,0.9084880407,0.7195902022,0.9651028457
1.6936911329,0.5188174874,0.2626130901,0.7774526378,0.7530948971,0.6976606084,0.3479562804,0.7197945623,0.1208773630,0.3330705225,0.6496453092,0.7854916093,0.5728828231,0.7074660710,0.1876204934,0.1955264788,0.3546282981,0.1370479812,0.6679601454
0.0657820324,0.9575795709,0.0848445379,0.1420221271,0.0432275002,0.2300493038,0.7103915300,0.9747943570,0.2745647920,0.8650913163,0.9491157237,0.6583718789,0.0974957814,0.1729601969,0.2812078496,0.8868299067,0.1628443472,0.9461835073,0.6860698179
1.6534340255,0.5345463514,0.3696097126,0.5363063910,0.2640079592,0.0559732940,0.2131777653,0.4813948200,0.7357226605,0.3486319270,0.0717108986,0.2514492565,0.7008392305,0.6845741340,0.6243272592,0.7479462177,0.6653920719,0.2463495194,0.1303726771
1.0774272439,0.3581431072,0.3995267534,0.4403179786,0.2275368312,0.7686488530,0.4407994050,0.5229874958,0.0043173983,0.1767519610,0.4305390129,0.1629021757,0.6488642926,0.3331964765,0.3844349904,0.2415277380,0.9512257174,0.9003195103,0.4224548228
0.8627708520,0.8434737105,0.2532988388,0.6766981136,0.3378831669,0.8182989378,0.2678123390,0.6959471301,0.3757352090,0.1470836570,0.3070424718,0.4548372670,0.1017831947,0.1872579647,0.3429073288,0.1061319213,0.6459414968,0.0403927427,0.7094021652
1.0589303807,0.2721382714,0.4241582993,0.8179998801,0.5341140985,0.6564436059,0.1589937559,0.6532830207,0.7615376862,0.4193478029,0.1117569174,0.8196589864,0.4263784232,0.1848471474,0.3410486756,0.7258265133,0.4673652696,0.8642990377,0.3156684917
1.4135434663,0.7522886652,0.9392139294,0.5868098996,0.3702914893,0.4957378975,0.0569526490,0.9262342995,0.4743127168,0.2169332465,0.4909944649,0.4270107785,0.0573207419,0.9597750593,0.9659113436,0.4777719932,0.0351259989,0.7490267946,0.0385800222
0.7716560350,0.1624577139,0.9771940053,0.9702714648,0.4219703182,0.9269537591,0.2812592646,0.1501855704,0.9182981538,0.4880536052,0.9226903876,0.5117027811,0.9679142069,0.3180849400,0.7772752538,0.4199726588,0.6259095724,0.0191054114,0.0160406424
1.9326970128,0.5419056302,0.5448547354,0.8885382487,0.4115811645,0.4651321721,0.5299231167,0.3726732525,0.0820838020,0.9625523126,0.5215365083,0.6793162527,0.6614016564,0.4913290189,0.6252486861,0.9241786601,0.6669382305,0.2473101328,0.4122606559
0.6301297248,0.0754129308,0.6362823473,0.5332059955,0.2756557708,0.9522107908,0.1577448086,0.6503313718,0.9934249486,0.6155640105,0.8740920305,0.2661339238,0.5708428742,0.6210208535,0.3127836522,0.2558922358,0.9219095670,0.8826803231,0.3796616158
1.0392426317,0.2480208023,0.3470809426,0.3682393340,0.5253059431,0.8467696853,0.2658902456,0.1128717414,0.0847090132,0.1678288534,0.6396428786,0.8544594901,0.8177479479,0.8176119724,0.8668425265,0.6365025060,0.5478137516,0.2635623907,0.6978181132
1.9143432736,0.6283416540,0.3223891191,0.5514560347,0.9608265312,0.8794353547,0.5101350938,0.1926987549,0.4318894191,0.8019120745,0.6905390540,0.5970800911,0.8769596622,0.1600840623,0.4210787186,0.4840340898,0.5369087790,0.7949459870,0.7564698612
0.8396619485,0.7998268085,0.9508139689,0.2943596329,0.0113606462,0.6302947813,0.9904526311,0.6309652727,0.6715741515,0.3824171357,0.9857694969,0.1526489441,0.7892221771,0.0906703050,0.3115463989,0.5981878699,0.9728856479,0.1161000159,0.2030151213
1.7613969282,0.5320528051,0.9953593997,0.4124156505,0.7630459943,0.6477762251,0.7568332026,0.3822458667,0.1150115780,0.5379575174,0.6333064462,0.7471310025,0.9380772639,0.7117377905,0.9568592837,0.9195867491,0.4379229356,0.6132779330,0.1455011414
2.1286897959,0.6552586096,0.9194101467,0.9948930703,0.0763960958,0.3379690000,0.8790159386,0.1135688775,0.0764364463,0.9895461432,0.8060842810,0.5233841354,0.0055768977,0.1723771991,0.4267188878,0.7047718143,0.6457226679,0.1051357751,0.7558808290
1.1282354631,0.7585661453,0.9609918344,0.2053504615,0.1596832638,0.2038981690,0.0957474003,0.1536876374,0.7333886038,0.6930962290,0.5566886770,0.7474594023,0.3236756385,0.6087261951,0.7376250748,0.7679135469,0.8335487744,0.2815367069,0.3906333552
0.8553409093,0.3451605566,0.1340323422,0.3952331913,0.3516862639,0.5565761219,0.7019196410,0.1371619302,0.3428816845,0.0793351939,0.6657365337,0.1546516603,0.4904341441,0.9030708177,0.5893411630,0.2251424993,0.3690666595,0.6103422978,0.2748236387
1.3400058288,0.3781791748,0.1677425443,0.9135565306,0.7159262095,0.0850680172,0.0330709887,0.4765428914,0.2640816122,0.9059973396,0.6528931238,0.2414821962,0.7950011167,0.8543214564,0.7000374971,0.5299090181,0.3138642044,0.0022686432,0.2973933305
0.9780179640,0.3643464968,0.0803401438,0.6392540523,0.5965176846,0.9501989077,0.0669548963,0.4691842960,0.3593847922,0.4969708098,0.4134268636,0.8816929912,0.4008339334,0.4048711233,0.2462954903,0.4069150241,0.4122155916,0.3131304615,0.8750881086
0.2972515444,0.9014142114,0.8362194941,0.2960156625,0.7137440541,0.5193581577,0.8079936259,0.7893130662,0.3560323666,0.4761700240,0.4774291805,0.9466206442,0.2306588559,0.5917187463,0.6558719620,0.8662148637,0.6951895727,0.6611015815,0.8019724450
0.7700102732,0.1286666496,0.5970350843,0.8427281864,0.1019810477,0.7127480605,0.1025461693,0.5731104800,0.8939546782,0.9125993871,0.9573445709,0.8412914496,0.4234312798,0.7614807912,0.9260719579,0.8232986307,0.0518207884,0.1714181461,0.2241942742
1.5730873697,0.7388590147,0.7100349980,0.5819013831,0.0806208256,0.2158041246,0.3753179988,0.9085499321,0.9038482084,0.6135836021,0.7309786095,0.4074679000,0.8540852128,0.2514242659,0.1015707015,0.5930744772,0.9372354724,0.7358968664,0.6600870772
0.5782820600,0.8463215312,0.4660863364,0.3755852353,0.0277219579,0.3969760313,0.4555784898,0.3849636419,0.3823126345,0.1554718081,0.3982254927,0.9455657598,0.5118887598,0.0243316545,0.8269746123,0.3616945930,0.5596373812,0.8531883094,0.0279060039
0.5068192419,0.9671741400,0.8273359816,0.3419106595,0.2585907145,0.8220873730,0.5932756391,0.2449063546,0.6547938557,0.5802561686,0.2140181866,0.9521331719,0.4318532257,0.7461015242,0.3718624001,0.9848240162,0.8089918915,0.3472684525,0.8029554467
0.9678050962,0.2007874477,0.1810516302,0.3711891461,0.0920863630,0.9156523421,0.5978748842,0.8952415364,0.7604180501,0.1618935452,0.3597552966,0.3135269230,0.3084214633,0.5093263729,0.9416984800,0.2921922582,0.2390013911,0.3973755490,0.6121481596
0.7202874628,0.9135102284,0.6683515914,0.6378230745,0.8200976061,0.9937521903,0.3490123541,0.1071272294,0.1716400530,0.7290187516,0.4822104583,0.8757813417,0.9843095407,0.3371040058,0.7821938871,0.9110109779,0.5169691323,0.9887819153,0.6813928890
0.4127611348,0.0069322407,0.7642239492,0.2299383089,0.4319028212,0.6129829569,0.0838751451,0.2751672490,0.9406945508,0.7912322591,0.6945629939,0.2197084317,0.6157635770,0.1238152353,0.9560878437,0.7891640663,0.0771489703,0.6322433489,0.4613915881
0.7139764638,0.9582058366,0.8041884277,0.6188523851,0.3426203106,0.8459329343,0.4644149268,0.2156827858,0.4671550552,0.6591929915,0.9303616355,0.8901287587,0.7457738728,0.6997718916,0.7399076437,0.6786395542,0.7026979609,0.4428892343,0.8417650567
0.7945362836,0.8320526516,0.8741947179,0.4969964044,0.4277150233,0.5520312667,0.0897762274,0.8849403830,0.8238730861,0.8561231804,0.7413920063,0.3037975888,0.2577141417,0.1727711731,0.1167578765,0.3186024867,0.6337868726,0.7639843812,0.0570106099
0.2085297397,0.9812531082,0.1119680525,0.1062226283,0.1599782215,0.2004032465,0.1953033757,0.2623729218,0.3567461997,0.5209607769,0.7336630847,0.0532990546,0.4490533769,0.1838103177,0.2663849065,0.5168113812,0.6676113779,0.0188201519,0.6071994855
1.2128876079,0.3000243365,0.6236686360,0.5201513995,0.8354883905,0.4458358291,0.0267540621,0.2778630316,0.9103032438,0.1847545056,0.2654086703,0.2604314496,0.3335099450,0.4845720635,0.3163856641,0.2246104216,0.1368741955,0.8616511754,0.6807729080
0.0862819071,0.8621762508,0.1265581476,0.2022379948,0.7140909667,0.1152555493,0.5415819617,0.0635860970,0.4541691697,0.6240542952,0.4071868653,0.6416113075,0.1618951806,0.3611323638,0.3821258804,0.9028509663,0.8596293625,0.8220565202,0.7319295820
1.4062436588,0.3775072529,0.4555187271,0.9764779766,0.2817987166,0.4001079944,0.4568348652,0.7224967412,0.0861501415,0.3128206644,0.5030646426,0.8301217866,0.5849871868,0.1383208727,0.9768346126,0.9586218479,0.3516791359,0.4636037837,0.2646086798
0.1728962886,0.0439553087,0.0070287927,0.2879925872,0.7912739363,0.3934821508,0.0150012000,0.7360273778,0.3867503638,0.3304575865,0.6786152778,0.4769248927,0.4106902942,0.2752400971,0.8715530359,0.3454970920,0.6732988563,0.0994979453,0.2743106308
0.8946216160,0.1189945122,0.7389425470,0.5754575108,0.8204298367,0.0035031002,0.7256578763,0.5162354321,0.9960799720,0.8059195760,0.1286709916,0.7991654841,0.8096885881,0.5803016071,0.0725671201,0.6346827808,0.1690086020,0.6625657212,0.4645110398
1.8266622528,0.5539039674,0.6259773601,0.7392970191,0.4378598316,0.9734069192,0.7544870326,0.5727713494,0.3915551525,0.9422954216,0.9840197246,0.2049420366,0.4902409921,0.4117713616,0.1287149291,0.5145810468,0.4435805933,0.2096243314,0.7029532616
0.8088229819,0.2741132282,0.0079135943,0.4580586203,0.3126789463,0.1132920377,0.8237716513,0.1416699144,0.4441950233,0.9199596411,0.8987697315,0.8675081485,0.3298307787,0.0550761579,0.4788080824,0.7460576606,0.0391248532,0.8929861904,0.5215356233
0.3528998272,0.8464849302,0.2900973689,0.2328968157,0.8841649757,0.7608039924,0.3413741681,0.4045819496,0.3811344549,0.9445946924,0.4287628938,0.6192227235,0.1559779038,0.0317288217,0.7582932529,0.4280943419,0.5341370140,0.1283250649,0.8720971331
1.0996676072,0.4388020956,0.2786535072,0.3367670036,0.4624911068,0.2031897552,0.9621232492,0.3359743150,0.5402856567,0.2189342336,0.6975977362,0.2206166104,0.4985292061,0.0319039287,0.7192063532,0.1775123177,0.3708876943,0.2961560837,0.2790868498
1.1968205707,0.3814647657,0.6162811543,0.6361789792,0.8903429472,0.5663684180,0.6289154228,0.5364354069,0.1363922589,0.3487345476,0.8924159180,0.4423819028,0.2597492880,0.8054051005,0.1293569224,0.8284559307,0.3356460306,0.9356109250,0.0734776814
0.1749366361,0.9542415360,0.3704220549,0.1093150656,0.3724814079,0.5244073325,0.8527561430,0.3441143582,0.1108767131,0.9869489681,0.7999236973,0.7602598351,0.8378575808,0.8260804625,0.5859231018,0.3484163109,0.5961742233,0.8705659176,0.9992893589
1.3112230479,0.8417990264,0.7308294500,0.9050365937,0.4070282728,0.8466704597,0.7669700524,0.4457336463,0.4485346467,0.3819054533,0.4367734189,0.2165690812,0.2928157727,0.0696919051,0.0206197295,0.5209525890,0.6263243042,0.6057715235,0.4540834122
0.3056425915,0.0361833926,0.4717533167,0.7895548186,0.8163461791,0.4034210312,0.4326777911,0.9137153814,0.1253022310,0.7842809044,0.8915858841,0.8079450081,0.8777807625,0.4734136585,0.2856702663,0.0707033271,0.1364898647,0.6685774470,0.0201315324
1.1431356478,0.4446697743,0.3757366625,0.4534404400,0.9199461604,0.8305240105,0.2128191978,0.7121647123,0.1973640968,0.9400902484,0.9706590331,0.8151750923,0.3926904311,0.1289805268,0.6347321973,0.8484167845,0.1823869699,0.0573733266,0.5408966388
1.3600806433,0.4651231113,0.3753434091,0.6745198779,0.5952132991,0.2914523176,0.6765290065,0.1341462083,0.1200870615,0.2505276274,0.3211557973,0.4457852217,0.4579593979,0.9709087720,0.4664594038,0.5426961491,0.8683112343,0.1782971613,0.2076678131
1.1062667981,0.3105768067,0.7378389886,0.1638465695,0.2208053809,0.5208797946,0.3126979367,0.8503010598,0.9632475186,0.7732091626,0.7331493649,0.3593110588,0.8117272416,0.6560772054,0.3099239184,0.1034110491,0.9946265653,0.9327350799,0.3467005800
0.0892627725,0.0136856428,0.2217377793,0.6036726060,0.4544811875,0.5288866327,0.7574987893,0.1429590583,0.3957187944,0.5376005246,0.0131979352,0.6886466013,0.7918774662,0.1071946232,0.8400169019,0.4629874620,0.2645197620,0.7806133394,0.5230125448
2.1032978555,0.5527014757,0.1519956105,0.9888530108,0.8597976787,0.6180862462,0.4028586431,0.9607001474,0.7448112311,0.3664550679,0.4139980545,0.6588449270,0.2157780336,0.1721152174,0.9871498228,0.5422995850,0.9427789773,0.9640204047,0.6635924435
0.3641996911,0.0713427108,0.7675920099,0.9726391043,0.7826198034,0.8626381429,0.5323388239,0.2708656406,0.7280705417,0.1735229598,0.4653736952,0.2186357743,0.7136802326,0.3385338178,0.8372389377,0.3979127823,0.7713721083,0.8666641629,0.8158779503
0.0405654347,0.0225708822,0.0468041543,0.5880540371,0.9189872047,0.0715064396,0.1019687971,0.0543613415,0.2272492253,0.4914732159,0.1686863997,0.0705113853,0.9212917287,0.6737636755,0.5104050731,0.6766856430,0.0486148451,0.4271740267,0.3926440809
1.9102603136,0.5894476528,0.7957858703,0.2182593753,0.1241009556,0.8942394634,0.8755899385,0.7822536404,0.6081657314,0.0332610695,0.3677399663,0.5468078819,0.3083808827,0.4683824358,0.0917474868,0.1863359477,0.5758970601,0.6442724938,0.0260758069
0.3874411917,0.8659351118,0.6745985725,0.1521782757,0.6242181269,0.5206750941,0.3632648073,0.2926322255,0.4060526287,0.7533490696,0.7276630543,0.3911484383,0.3328799865,0.9073552790,0.2440961225,0.2363930661,0.3842962654,0.9328394499,0.4761509690
1.4140361936,0.7294283125,0.8683753468,0.3701895203,0.2443718587,0.7563371107,0.4299565844,0.1635247309,0.8720633190,0.8580521642,0.2621940628,0.5149015913,0.9491627524,0.3640194373,0.2705633765,0.8079626201,0.8260092204,0.7907781643,0.5044978377
1.8553934450,0.5573587582,0.6559550624,0.6538168310,0.1033525764,0.8099107186,0.0644046906,0.7985920082,0.9313172342,0.1107721642,0.2838301793,0.3020107493,0.0916321591,0.5416874265,0.6246490229,0.7562148675,0.4474326933,0.3257978851,0.1021259131
1.0886685706,0.1765755172,0.5308736455,0.4113613617,0.2371764315,0.4488363326,0.1611183049,0.2918135318,0.3983266431,0.1995405710,0.0627051441,0.7823041950,0.7435843425,0.0308629879,0.1838602964,0.3541252574,0.4391580855,0.4895070003,0.6113368681
1.3013635879,0.4531507773,0.1256234598,0.6576169908,0.2983782523,0.0227670781,0.3636398837,0.2829530562,0.8273447428,0.2985090104,0.9732421729,0.0603853048,0.4987722552,0.1996793666,0.3695641179,0.0719965933,0.2457492208,0.7452025341,0.4176137770
0.7520249191,0.2752180970,0.0002596979,0.4633333759,0.3934415613,0.5959384627,0.4139077068,0.2248485795,0.5294652856,0.8599515421,0.2650359162,0.7851701223,0.4568814527,0.7113192591,0.1549648453,0.9643843238,0.3260082891,0.9872172737,0.6820904917
1.1023960642,0.3596781812,0.9696952675,0.8633927262,0.6660366944,0.7255977454,0.6850813817,0.2421249558,0.6285936418,0.6435897126,0.2871770467,0.0626891232,0.4816766684,0.1256352587,0.3711528248,0.8533082482,0.1112205807,0.1649051180,0.5793360402
0.5777513914,0.0686600996,0.3506359518,0.6178598380,0.2816352516,0.0540816747,0.9526732277,0.8704211201,0.9607398380,0.2406432293,0.1521222409,0.6042475752,0.8426799658,0.7694852621,0.7079830007,0.6689632005,0.3659316639,0.2380790677,0.3962403101
1.3379568024,0.1745720849,0.8146991672,0.3559287530,0.4478781779,0.3477635148,0.7632468105,0.1438665170,0.8900772802,0.1193921948,0.6394599397,0.0327978907,0.2856877640,0.9913755643,0.2287491691,0.1698573442,0.1854344257,0.9654492483,0.1832011072
1.1307203610,0.2962051053,0.9233538377,0.6845094722,0.4086279534,0.5365654704,0.4492977558,0.1868015713,0.8397027431,0.1704822072,0.7790282924,0.4558308707,0.4393789649,0.8326500156,0.3160140120,0.8516743243,0.6180788523,0.7283696292,0.1914636283
1.2118107768,0.1961353861,0.6301253298,0.6408062866,0.5810701031,0.7004426208,0.6949959630,0.6983731065,0.3525017003,0.3782933981,0.5489747153,0.7856031398,0.2342547611,0.4162204533,0.0351081944,0.2971807698,0.5457978015,0.3357548327,0.3112284211
0.9581381699,0.1808848311,0.6732985995,0.9847524992,0.8188908493,0.9710110766,0.6843199475,0.5117262726,0.2811286702,0.5116340450,0.7102097419,0.7659125815,0.6751540092,0.5448142669,0.6851858730,0.3107214508,0.3388713362,0.1959614283,0.6931752581
1.8468287348,0.6409284844,0.2263950644,0.6152813082,0.7573798911,0.1190849144,0.9668925488,0.9102071812,0.5721048900,0.7718206336,0.7078537094,0.5219289031,0.9985797951,0.6758137197,0.9289318367,0.1910753886,0.3217201639,0.6311583999,0.1160249639
0.8527305324,0.8701444178,0.7409068237,0.7380009874,0.7530913151,0.7919367263,0.1910978792,0.7638419464,0.5330669928,0.1523772917,0.7847808793,0.2084552843,0.3231659014,0.2004281234,0.6280293290,0.0101882125,0.4055841670,0.8964879265,0.5066026838
2.0992926373,0.5928669350,0.5091402920,0.9576217531,0.8506994837,0.5867799228,0.7128460231,0.8099810373,0.5159359832,0.1198810824,0.2643187236,0.1395698928,0.2702217329,0.9615130949,0.8063978960,0.9037439633,0.6827223941,0.3153839488,0.6850958793
1.4107282890,0.3933613759,0.6507585181,0.8871535376,0.0392617122,0.2682078468,0.4728809961,0.9484864878,0.8125042078,0.7861296465,0.1882497568,0.4005282763,0.5263236057,0.8172605233,0.3902651545,0.4804142202,0.4564422395,0.2250175290,0.8444312721
1.0500814916,0.3495722760,0.6471890650,0.4480995007,0.6269327031,0.1353017883,0.2902820445,0.8601367192,0.7028740432,0.1514241894,0.5222268863,0.6697488221,0.9936519729,0.2683025883,0.1560280400,0.5477215426,0.6631969439,0.0865545005,0.6586337910
1.6641941063,0.5474897764,0.4810374937,0.2490262615,0.1543757154,0.6826973071,0.0420105986,0.4085546599,0.9075813595,0.2640386912,0.8919686221,0.4980758159,0.9152619618,0.7590906856,0.1917210046,0.4310228439,0.9687801715,0.6104438062,0.9354410073
1.5663199021,0.7414083707,0.4181359721,0.7571856462,0.6087840428,0.4945590802,0.0311624142,0.3798440382,0.4258530407,0.3426084435,0.9086903192,0.6704772507,0.0149737854,0.0626224446,0.9767732874,0.0710901025,0.7965162857,0.5333917295,0.8986626641
0.9481915799,0.7851958550,0.2619976095,0.4052663794,0.0713432912,0.1406034441,0.6315430694,0.8067451272,0.4840502881,0.6435044155,0.4988049469,0.9837343931,0.2529862333,0.6412783880,0.3144647908,0.8544888452,0.5459682098,0.8036755868,0.3539551295
1.1961899799,0.8839642302,0.6779793629,0.9765365145,0.2581895921,0.0163265473,0.0280512446,0.7329332509,0.3161502742,0.0999422394,0.1336757199,0.2852267872,0.7617027193,0.8001135526,0.3727246406,0.2000185400,0.5881939118,0.9924456748,0.0817428076
1.7104908676,0.7108955237,0.3659962116,0.6264476545,0.4316516373,0.2242333110,0.0900353085,0.2548804254,0.7576441860,0.3598349614,0.8061304367,0.9236368656,0.7508904553,0.6288659342,0.5059685626,0.7562813032,0.2292587676,0.9673499708,0.5694892786
1.6380907458,0.5050852295,0.7910631784,0.3677706282,0.2951713886,0.8118351333,0.4154270907,0.9598372549,0.8804741673,0.4763154810,0.5057740341,0.4275734159,0.1441970491,0.7332611435,0.8133470350,0.4680409424,0.3405979428,0.7246290957,0.8834677168
0.2694409131,0.0219641119,0.3392897435,0.2715417909,0.6306798620,0.5892726875,0.9069577504,0.1595097297,0.0432938503,0.0759532005,0.0440261767,0.2540435507,0.0193870949,0.8595863351,0.9636889555,0.7336988259,0.1059155461,0.6415230918,0.2597689349
1.4148221441,0.8299167161,0.4833058360,0.9843216335,0.4176963777,0.4558655321,0.6027137890,0.2299244978,0.7434760998,0.9720828459,0.8049160356,0.3983561946,0.9833580949,0.4247551773,0.2285096370,0.8759151411,0.5719090668,0.0455758690,0.8580269746
1.4479790109,0.7507305273,0.4986675118,0.5901623204,0.2156107374,0.9877878979,0.9355651166,0.5972716936,0.1168934296,0.1533039365,0.3933361563,0.3495285679,0.2339601374,0.3237564466,0.1571945533,0.9987736454,0.0122514337,0.0526012686,0.6350157029
1.6759883227,0.6494728175,0.0501564652,0.3758022068,0.8781286015,0.6582573852,0.8560983388,0.4333749614,0.9421079451,0.8882144704,0.6797115824,0.4294097367,0.5419325945,0.9881854939,0.5102241064,0.9587260829,0.4848996443,0.3737158204,0.4764731466
2.0140781403,0.6039697626,0.8784969007,0.3214899716,0.5749715092,0.7613393496,0.6168149474,0.7437677203,0.7333012275,0.1206919053,0.4333691352,0.0168163964,0.8257928721,0.8681596438,0.5717698456,0.6935487037,0.7240330835,0.7760601003,0.5632815085
1.2150539621,0.2601660397,0.3186086426,0.9230879945,0.1553957695,0.5062713867,0.3545632962,0.2116335747,0.0038745556,0.5796951844,0.2345130720,0.5962328686,0.5901451789,0.1641079512,0.7156195689,0.6820903264,0.1202402550,0.9192166180,0.9794794273
0.8698226093,0.1255416405,0.5570795035,0.4281415250,0.4515749135,0.0755928636,0.3615323241,0.0258426852,0.5590747833,0.4685368392,0.2291749887,0.2400467441,0.3261667082,0.1547589333,0.2235263966,0.5494369496,0.6928493921,0.8843588009,0.8128287900
0.2055678121,0.9724322583,0.0983083525,0.2891335265,0.9466741158,0.1275989477,0.7830851476,0.7396889704,0.5261958111,0.7941953656,0.9476516508,0.2960175780,0.6299731269,0.0810216663,0.2044238215,0.5430837167,0.1349454673,0.0534381945,0.1833741644
1.7243859308,0.5934183580,0.4863427478,0.2779371142,0.6752767163,0.7081371015,0.2621295333,0.6012350825,0.8244408181,0.3482149663,0.1481616651,0.0140296075,0.6663456074,0.6160175638,0.2571043999,0.0639941237,0.0414632529,0.8031922864,0.2776097467
0.6653238235,0.9039245425,0.4837102661,0.5682641629,0.6124004717,0.3932431376,0.7718758234,0.5231171306,0.1317427491,0.5814898156,0.1637777373,0.2337396394,0.3625155523,0.6854621236,0.1565611963,0.6610980954,0.2199597306,0.8295252420,0.4812705622
1.6661940285,0.7078506625,0.3714902096,0.5970427674,0.7735783428,0.9661107361,0.2989883129,0.3418549735,0.0265422483,0.9409966858,0.7932583676,0.3792767373,0.0264561940,0.4348520470,0.3436856500,0.9980399532,0.9013647769,0.5826275369,0.4384659859
0.8108405257,0.9976479117,0.4600510220,0.6319015241,0.4091778117,0.1839271546,0.3694703947,0.8049002780,0.9366643421,0.8920096496,0.3766946522,0.3067017672,0.6441729189,0.9671793913,0.2503385663,0.6107958563,0.4300126537,0.4913219928,0.1299019983
1.2957255117,0.7459571264,0.5703642996,0.3557808053,0.4102540265,0.3521018310,0.9899675979,0.6467555371,0.8707039157,0.4642799764,0.9512525195,0.6843673799,0.5230610507,0.0296608598,0.6247378097,0.1582175565,0.6963141963,0.1252415981,0.7689374641
1.4568105474,0.4550876315,0.3858900963,0.8239713149,0.9644641541,0.8624502752,0.4979185582,0.5493081223,0.1945298303,0.5919481548,0.5774147546,0.0519026111,0.7734204014,0.0086975811,0.0351282646,0.4022949714,0.4296853383,0.6459421651,0.5898907055
1.3343688333,0.7817625136,0.7276862636,0.6710072579,0.2284931836,0.5509289276,0.3916213487,0.7467072667,0.6378563056,0.6490739413,0.5618246536,0.0601891043,0.9411609429,0.7305323532,0.7841468846,0.2601970571,0.9975682182,0.5782389167,0.4593588622
1.6471224007,0.5532352278,0.2802935415,0.2666324755,0.0196161368,0.7786585196,0.6545681899,0.8427822706,0.5430683897,0.0495001762,0.0187377656,0.8980225388,0.6450668853,0.4543643272,0.9710531479,0.9493518949,0.5571922081,0.1016277025,0.3570240236
1.9205918772,0.5927802782,0.6611079877,0.6310402503,0.2035276758,0.2087226744,0.3583443508,0.3745387260,0.7668484127,0.5308661941,0.1861345576,0.1171820468,0.4845587170,0.3486224911,0.2730244719,0.1477723223,0.3875961390,0.6583794551,0.8830807523
1.1547932956,0.3870247577,0.7020289998,0.4355766315,0.0707948138,0.2557365296,0.5619072398,0.2727965822,0.5926418360,0.0720261772,0.6049257820,0.0943350424,0.3033097975,0.1242561885,0.5445645770,0.2635495613,0.0933993492,0.6682633812,0.7558921886
0.1525336546,0.0138231941,0.9027936179,0.7593096877,0.3384182507,0.9600703798,0.7880487871,0.1545235954,0.8178654015,0.3297589393,0.7273759012,0.2352831752,0.7172922388,0.4702495673,0.8087842121,0.7532724616,0.3756704711,0.1003519086,0.1863069330
0.7322481522,0.1294129807,0.9490259167,0.8922881921,0.4310320308,0.6963294469,0.1033285530,0.0981972117,0.0719275753,0.9138396570,0.4042162211,0.6605545701,0.7680301321,0.5430364315,0.7288655856,0.0194860052,0.1803540252,0.8260493240,0.9151080201
0.8326030380,0.9289296043,0.2071816222,0.7765783515,0.0057622618,0.4892621821,0.9880450631,0.5887384399,0.1044676442,0.3243500590,0.1703103704,0.5990629974,0.4192882650,0.8784412433,0.3586595524,0.2189708431,0.8730927680,0.3641448993,0.7298437670
0.5815082529,0.3653866312,0.0858722092,0.0920925207,0.2692537985,0.7582142265,0.5123374363,0.6798501475,0.9810946457,0.0451600667,0.9283920873,0.4807890879,0.2795948265,0.7828869751,0.3702922454,0.5071336507,0.9655278571,0.0824877634,0.2448416954
0.7833805259,0.8337789326,0.4887807810,0.4704605793,0.6659568346,0.6644155593,0.2424658201,0.3072044479,0.1865257784,0.3580761048,0.9413204363,0.4472787594,0.9343498151,0.1170198410,0.9320162597,0.7415174001,0.3937168038,0.0665396161,0.1160578936
0.6842701744,0.0872452431,0.1926782427,0.4622367407,0.8264093749,0.9425415060,0.2440740973,0.6791140123,0.8179562293,0.6030199500,0.7532735815,0.2712556873,0.5240379165,0.7032268123,0.1866082978,0.8429394854,0.6829803071,0.4986658028,0.8285863465
0.7380603173,0.0878940559,0.7590735305,0.7147471763,0.9472738736,0.4760958976,0.4756922993,0.2637704545,0.6047973847,0.4372394789,0.9798510698,0.6002700175,0.8002786625,0.0050901703,0.7776389602,0.7447595909,0.9623670587,0.6751513695,0.7421581089
0.5585685699,0.9002403622,0.6938189085,0.4329302020,0.7419885106,0.5348280323,0.8690947900,0.2692189754,0.3826222298,0.9842707241,0.2686546022,0.5006873908,0.2786773535,0.8284598710,0.0563700985,0.0285791770,0.3457555620,0.7923357986,0.1888326608
1.9647957910,0.6106191891,0.4855047509,0.4523111126,0.7048836566,0.4020689288,0.3866335373,0.8377982191,0.3742454031,0.9192738144,0.6469200273,0.7947283878,0.8890976392,0.1887584305,0.4256672237,0.7871392322,0.2690221413,0.7941088676,0.9546324932
0.9500660376,0.2242431105,0.0182654299,0.6688662902,0.3302865608,0.2851915002,0.3320065195,0.4280474974,0.5005212000,0.5720036967,0.5042444358,0.4652827478,0.7456724031,0.1813427980,0.3620747588,0.5320257602,0.6931863942,0.3461879744,0.9413185949
0.7363627083,0.1294909501,0.9844284725,0.9103463108,0.8717955613,0.9677765468,0.2389477936,0.6830038086,0.4839856776,0.4368572082,0.5997622408,0.6082476377,0.1900251332,0.9331750801,0.0487454758,0.3154962135,0.5296867843,0.7716336002,0.2607851462
1.9153723760,0.6516834653,0.8701677489,0.4933743945,0.0712614800,0.2151857985,0.4559997916,0.4465963950,0.5611785503,0.6545339828,0.0168136552,0.1292236943,0.5478031134,0.2726790349,0.9077666745,0.5095889841,0.0007734756,0.5955221769,0.7243927223
0.4151650120,0.8824163643,0.6369452026,0.3025490701,0.9278403455,0.9375383627,0.3377383621,0.3924166001,0.9287713349,0.2820904610,0.9138570051,0.7033168082,0.9841680538,0.5899553876,0.1628734207,0.7131992739,0.2653880641,0.6114094090,0.5370548215
1.8061957926,0.5355764010,0.7251709742,0.5540808948,0.7885912161,0.4918456183,0.0476511599,0.5633600967,0.8517103435,0.8277310933,0.4295150311,0.1699510936,0.3555460838,0.7070863283,0.5880698712,0.3904442592,0.9611440185,0.0267617306,0.9484457557
0.9385543257,0.1573629111,0.3036210335,0.2243287839,0.1470571657,0.5028017511,0.7888154202,0.7457453537,0.3355684431,0.4363371687,0.1272924362,0.8153713564,0.9665262475,0.4050985397,0.4145135675,0.1143919578,0.8230765917,0.9466869972,0.0802710382
1.0069332134,0.3117175415,0.5023604436,0.0603798256,0.1508620728,0.8127870311,0.7991696613,0.7855361077,0.2556332418,0.2379468822,0.4224214694,0.4860084893,0.0908487464,0.2002652404,0.6386916425,0.8674758469,0.1832915679,0.9077736884,0.7827002412
1.0312151929,0.1062244436,0.8768632917,0.5340192715,0.4973062510,0.8462568515,0.0074314775,0.9595533605,0.2969941601,0.5280513115,0.5875414286,0.8574925990,0.5470620594,0.3466028704,0.0900824151,0.9549159149,0.4630975021,0.4610393044,0.3490515895
1.4006257136,0.7137217876,0.8324221796,0.0566202052,0.6437347364,0.9599018961,0.8834897896,0.6433899366,0.5926033654,0.1733103281,0.9963479279,0.8520965207,0.0259867169,0.6840030145,0.8665879158,0.5909293535,0.5189008618,0.1932907984,0.9648555265
1.1295767673,0.3598788062,0.6668329040,0.4691378361,0.9837832693,0.8346061265,0.5837842070,0.4526472579,0.5634924543,0.8172623568,0.6124942043,0.0388082341,0.6677506093,0.5226781280,0.0809699464,0.8425076909,0.6825678757,0.2423444758,0.2613997303
0.9746950766,0.3666675601,0.3361000101,0.4771847702,0.4653165821,0.2916963095,0.0547478445,0.7943122574,0.6412357608,0.3393839680,0.7373602978,0.1893184458,0.0942131404,0.4475413833,0.4293452177,0.4722463277,0.0750113860,0.0901888372,0.1553592605
0.9640580362,0.2799172873,0.2661422551,0.6364167020,0.6773007959,0.2306722983,0.0131702326,0.1531879502,0.6996065276,0.0302816919,0.4535937699,0.0530331121,0.6398840239,0.5753953368,0.8518001959,0.7694965050,0.9652364772,0.8675012971,0.9527937693
-0.0103986011,0.0093292423,0.8594196205,0.9098490054,0.3488876933,0.6920134041,0.6490188404,0.1853964627,0.9963378369,0.1792217296,0.0907123737,0.1843057607,0.0153809682,0.1119104938,0.8048694838,0.9892558572,0.3778876015,0.1172942270,0.5105938642
0.2332888105,0.0002303379,0.5059810926,0.1766659907,0.2625023460,0.9226384063,0.0975087673,0.9711860464,0.1757721256,0.3663215388,0.9875770198,0.3503323408,0.6544307768,0.1923340793,0.0378856519,0.9064554338,0.6962957417,0.1866164359,0.8200944437
1.1763072022,0.7443452983,0.0280877243,0.5121345017,0.1348171711,0.1492326982,0.9292908720,0.9902897484,0.5572790812,0.2889355474,0.5411174997,0.3058497072,0.4304469100,0.0398021467,0.8410723126,0.7768411270,0.8795689032,0.7414660272,0.6046021185
0.4053033547,0.0406961004,0.7750102401,0.6098840014,0.5377191690,0.9735045750,0.7650888907,0.3554603148,0.1741178776,0.5396543438,0.0323493710,0.9141374358,0.9370211547,0.7944202153,0.8170186032,0.8703729291,0.1905997802,0.0825979707,0.6198501611
2.0899029119,0.6896777269,0.3895599560,0.9769927602,0.7355748299,0.6964022539,0.4251945829,0.9436668761,0.0475982659,0.1766059270,0.3008781287,0.0451474812,0.9944289338,0.5912201964,0.0888818028,0.8798213035,0.9871530390,0.7886993322,0.1489607161
0.8913262106,0.0999284027,0.5232352156,0.0430560314,0.6843665527,0.0723541493,0.8511023380,0.8053203872,0.0688584397,0.1069127323,0.8439144693,0.0880904625,0.5152173859,0.2513103751,0.6587487145,0.3612512175,0.6218477617,0.6393248951,0.8105979086
1.4252817562,0.4023264425,0.5480577291,0.9980133297,0.2851568816,0.5950140567,0.9563661634,0.9524941591,0.2812051114,0.5364848194,0.2248840425,0.2932016385,0.0538267594,0.9471187919,0.3801538874,0.0687459403,0.4607545544,0.0125226651,0.5000349084
1.1459269022,0.8435873614,0.1333476609,0.8513552040,0.2719928493,0.6108271569,0.3832732111,0.3385045264,0.8374938791,0.4997202613,0.6432644074,0.6205761288,0.5352062678,0.1459899429,0.0854628930,0.0090605958,0.9121379355,0.7276961407,0.9786012684
1.7328622746,0.5283618171,0.6102557851,0.4968383651,0.9009957126,0.5843836286,0.7309447444,0.9343085539,0.2774628558,0.0616241004,0.6127383175,0.2528985180,0.9905607688,0.1912576291,0.6572871785,0.2236264440,0.4053505993,0.8484051632,0.6772367272
1.6797987955,0.7386606118,0.2250222339,0.7794807095,0.5552474491,0.4617684925,0.9558245167,0.5425591294,0.4193554166,0.6596630821,0.4828007958,0.0125365718,0.1852582127,0.5659068598,0.5999942535,0.9701961444,0.8142846753,0.8929692460,0.6176521215
1.2343096059,0.1556660689,0.7999317704,0.3707752275,0.6109088618,0.5353194627,0.6654945133,0.5722731796,0.1995359380,0.4393802875,0.4678854554,0.1478597490,0.5539443010,0.9383967542,0.9036569462,0.8313695666,0.0585042358,0.7830667352,0.8717237339
1.4928212233,0.4943816740,0.2705606019,0.6405788402,0.0699912833,0.9690873990,0.0906802620,0.9055489540,0.7589774532,0.6385527479,0.6761646018,0.6518714920,0.6529434272,0.2606506575,0.9655970091,0.4357543522,0.6753023171,0.4635330208,0.5873294708
0.7576661926,0.9684173690,0.9372339329,0.6653471039,0.7433797843,0.4619008191,0.0015500940,0.3360718932,0.6844960065,0.6537427851,0.6071318269,0.4362350517,0.7121146420,0.6487754951,0.7125799475,0.7834244609,0.9317360907,0.3196692805,0.9576274708
1.7292449681,0.6821640027,0.5477256477,0.2724121238,0.8768286848,0.4687149553,0.4897020496,0.5775934615,0.4694009071,0.3910216343,0.4005726889,0.4837867862,0.4321624853,0.5323452111,0.3318647292,0.1367703634,0.9615385140,0.7315570952,0.2715301574
0.8661039829,0.4265722911,0.2628050214,0.0696897798,0.2830505151,0.5311504602,0.5575531688,0.4096470777,0.5142400909,0.2208802444,0.2503605934,0.2887999237,0.8393257937,0.3761573403,0.9393664024,0.8080081278,0.9196368380,0.6243064077,0.2856776617
0.9465257739,0.1509799222,0.7720133701,0.9431890868,0.4073408711,0.3878137283,0.4162868930,0.3780235381,0.2036742293,0.5604222137,0.0309995422,0.9772562220,0.0012601037,0.2042678376,0.7279324445,0.8039395711,0.4047083889,0.9079750461,0.2165488419
2.1532915232,0.6382166508,0.6765603155,0.8959682260,0.1311518767,0.7770483575,0.5736374576,0.4088299479,0.7115136321,0.7980092834,0.4870563318,0.2165003638,0.4413922292,0.3097915854,0.2165216715,0.7239968241,0.5725114279,0.1374246078,0.0169786925
0.5579739229,0.9954960124,0.6966506444,0.1307370970,0.6449574920,0.5610911024,0.3549026859,0.2428761629,0.8590752272,0.6450228393,0.2431621287,0.2764512236,0.5155247704,0.3969989746,0.6426684975,0.9180173513,0.8342792523,0.7818099658,0.3324364149
1.6621140647,0.6850930580,0.5969381543,0.0223301474,0.2883819027,0.0056665610,0.8311200792,0.5905465569,0.4152426817,0.7128536568,0.5212032515,0.0434362858,0.5769060342,0.2110607185,0.7774069638,0.3954356038,0.8774531127,0.1915395573,0.7561454040
0.8165290709,0.1387056396,0.1421429876,0.8783657654,0.2672426615,0.6859284334,0.4572491925,0.3625823937,0.2382722118,0.9927302120,0.2329840325,0.7420407408,0.3126443513,0.4312566268,0.7177376982,0.6432430848,0.9261393740,0.7585083285,0.1436458394
0.7254006899,0.8376174445,0.8590450944,0.3894177789,0.2665073658,0.3137606344,0.9832681541,0.0012334102,0.8344827174,0.6334874382,0.1980337571,0.3220732197,0.0825955030,0.9742698934,0.7016211898,0.3361343018,0.7704232703,0.6191576547,0.1547856067
2.1419678671,0.6158760413,0.6430488873,0.8348283057,0.4941824124,0.2256753249,0.0913516343,0.9602151545,0.2865170658,0.5408993691,0.9406256983,0.7858218537,0.7693555794,0.4667733370,0.9205276726,0.2070947482,0.0465971741,0.8805341177,0.2775124029
1.0512917073,0.7817456771,0.1852758940,0.5740583642,0.0645008020,0.0298238123,0.3533701243,0.8706677044,0.3770456054,0.7803296305,0.2113152552,0.8649785806,0.6870127936,0.8892123186,0.1421783762,0.0749234075,0.7155817926,0.9596286136,0.3122606105
1.0989086451,0.8723503341,0.4728861817,0.9222475303,0.7889296045,0.4489052942,0.0201890609,0.7731987310,0.8679600173,0.1008114643,0.3045207276,0.1446509149,0.1981717047,0.6732333633,0.5283910224,0.3379237823,0.4808333484,0.0532906058,0.7474879009
2.1576692465,0.6295121157,0.8169511625,0.8549086864,0.5428853375,0.9561853061,0.3251913286,0.7501620196,0.2928388024,0.9919584992,0.9210394425,0.3785334298,0.6338719369,0.8480662425,0.9839548454,0.0609648207,0.7687630907,0.5049813504,0.1862420446
1.1936963710,0.3131876788,0.9262138938,0.8188840523,0.0199791976,0.8278949368,0.6866721687,0.5357259517,0.3388556118,0.7451258867,0.8173745406,0.7273092754,0.1411162143,0.2343285902,0.8037176003,0.3240673218,0.7044735031,0.4237245966,0.9758791739
1.0397350696,0.2954392594,0.5111398037,0.4019140043,0.7401292672,0.6243368779,0.5500342236,0.5562128897,0.5432043547,0.5557777870,0.7045646212,0.2911246403,0.7052064111,0.0781294149,0.5445354780,0.7211590234,0.7950863543,0.0069456104,0.9920143240
1.7285914986,0.6604222789,0.3379002688,0.2226997871,0.3536434064,0.8944719248,0.1100857429,0.4235594278,0.3402322036,0.4630229702,0.9412401848,0.7827101365,0.3491490102,0.3605948609,0.7723012245,0.6438893352,0.4475891432,0.9323141523,0.1295892021
1.6337557662,0.6485709791,0.0167293504,0.4808345297,0.6067295818,0.8731297769,0.1217034347,0.9479578289,0.1996488109,0.6646576239,0.0876382371,0.8123101747,0.0917721328,0.5834916418,0.7423589967,0.3166868452,0.7532464637,0.5532142081,0.8496047831
1.1049178619,0.3185869769,0.7899840001,0.4857421498,0.2996864887,0.3936719939,0.9656970962,0.1937331137,0.1452291226,0.8105545174,0.6488643671,0.7236744851,0.7143384536,0.9841444547,0.0584739345,0.2732489708,0.6212430889,0.1525962399,0.3100083842
0.9612086838,0.2175280881,0.0400901624,0.7422045478,0.9109219771,0.5345016565,0.2128289426,0.6398718647,0.8001617463,0.4968031827,0.1399484905,0.6466901097,0.4877959920,0.9538830882,0.0708303832,0.3254742072,0.0053112364,0.4466991530,0.6000870302
0.5204829679,0.0829294220,0.4455845156,0.9391864226,0.1619653500,0.4595786014,0.6520004973,0.6962968107,0.3939305084,0.3122325258,0.1077183486,0.3522891021,0.5315458521,0.7599198308,0.7102080032,0.6438093403,0.0073216559,0.3327933920,0.0040258059
1.3686292143,0.4714022248,0.2146348293,0.5871479042,0.8815760318,0.2579514178,0.7555444141,0.4718232693,0.1036599159,0.3046824537,0.6784399217,0.0838309029,0.4687661322,0.6224064073,0.6163852665,0.5463088222,0.6779527818,0.3175814077,0.6745684632
0.8529399339,0.3648526346,0.2105263399,0.3856922718,0.2654148870,0.1959261650,0.5595579560,0.8635836091,0.6057678195,0.0033108291,0.1067831570,0.6943893209,0.4678392194,0.5519988756,0.3808839056,0.5756219037,0.9702000568,0.4883785402,0.2904726357
1.2044213506,0.4131921746,0.8736872860,0.4262027390,0.4000903757,0.0811141799,0.7937751282,0.1253367658,0.0019315870,0.9467204025,0.6908493282,0.6878261397,0.2397252171,0.4228275757,0.7684888291,0.4321923709,0.2373494501,0.0300289275,0.3786204578
1.0261010428,0.3093865473,0.4490608211,0.4927536067,0.5632654954,0.7751674167,0.2330919500,0.8028268032,0.9275080009,0.9831984359,0.4014401152,0.6507541491,0.1957926380,0.6408734756,0.5576302102,0.4422726551,0.1308824497,0.9309200087,0.0657500426
1.8888284320,0.5708683469,0.4797084553,0.4113326159,0.4438381752,0.1404906073,0.7751123781,0.8335686134,0.3650324394,0.5619042336,0.5926241901,0.8966879302,0.8685989165,0.0220020894,0.9559429402,0.1343264008,0.0663379118,0.9214357552,0.6822664078
1.4156259199,0.1636239209,0.9389199215,0.1734272279,0.4489697396,0.4359366270,0.5631672763,0.5362796540,0.8242992852,0.3425151702,0.9500946135,0.5424583091,0.4601708931,0.8182884000,0.8955011272,0.4170164588,0.9201897751,0.1352864360,0.0900437042
1.6114424086,0.4975656530,0.6538077519,0.5951621736,0.9792462434,0.1387427019,0.1085131247,0.5076603036,0.2632690585,0.8985089380,0.0505758140,0.8601562686,0.6235233620,0.6164437829,0.0663495083,0.5471741557,0.8699180275,0.1332053261,0.8973973378
1.2097727758,0.7022374571,0.1555079761,0.0675388272,0.6843459925,0.9670934110,0.2862789680,0.7966852130,0.0659032218,0.6472002766,0.0843762117,0.0916097228,0.7676410118,0.1675405297,0.0058152904,0.8711245428,0.9316441481,0.5727327568,0.3231772249
1.4179195195,0.4242304561,0.2710718212,0.9482974211,0.8343214302,0.4262047935,0.1338939649,0.8461921829,0.7126214407,0.3691376095,0.5329445551,0.7820330679,0.8392051324,0.0471493444,0.2806950244,0.2241184332,0.4319263983,0.5787554347,0.1884970107
0.3980036772,0.0563662293,0.3554521730,0.6538588989,0.5568615931,0.2166504291,0.1200894308,0.4346633993,0.0489620406,0.5574913576,0.3771497103,0.4388660177,0.7955177901,0.8889339975,0.1534333181,0.4338917901,0.8767953164,0.4124892179,0.6382541212
1.4916777383,0.7489427086,0.1389019966,0.6767930158,0.1282067852,0.0791174892,0.3095515604,0.2995653720,0.7761427711,0.3964722984,0.7897342698,0.8255910629,0.5228503437,0.0865392987,0.3547256443,0.9331675947,0.8130876549,0.5138039566,0.9209760232
1.1287534533,0.3526690739,0.2429185990,0.7259355592,0.4129997136,0.2023585649,0.1754538659,0.9499671376,0.8378054674,0.4239504270,0.2149011589,0.9026119321,0.2932634358,0.5889102283,0.2577579857,0.4406275086,0.9406197694,0.6081607024,0.3706856041
0.5703586829,0.3738732987,0.0965398184,0.0259780199,0.7204963360,0.7280944365,0.3394470020,0.1019347766,0.1526200430,0.6850873099,0.7877162165,0.3242666549,0.6137234443,0.8497927221,0.1218048205,0.2481666689,0.7844147477,0.1257498838,0.7829426832
0.9199566015,0.1123319353,0.4579302029,0.1062854636,0.2849070945,0.2319065139,0.8661337777,0.4865873418,0.9322560968,0.9076390569,0.4248211576,0.0839928145,0.5109124652,0.7992331584,0.1108555778,0.7039711783,0.2072931829,0.3542637538,0.9348057008
0.7751445832,0.0777856582,0.7967654187,0.4719971761,0.4009360737,0.1071545424,0.0402741204,0.6484501484,0.2497274310,0.1039809831,0.9844381564,0.3010740647,0.9402031045,0.0694624665,0.1269421663,0.7963587480,0.5949219776,0.1818882660,0.0142465225
0.4981322436,0.9547112609,0.1457139410,0.5640333889,0.2795495788,0.9500842485,0.5191966972,0.3303798717,0.2055350985,0.6480492647,0.6402931650,0.4901596489,0.0209550657,0.0515739926,0.5426255917,0.5132455514,0.3938584908,0.1918499515,0.7473839012
0.6888615754,0.3214486371,0.1463371317,0.2532692410,0.5191726073,0.9265187669,0.8150753850,0.6833478505,0.4528446807,0.4392063801,0.1123368330,0.0030955156,0.6859297930,0.0390612341,0.1743564517,0.6043195266,0.9562302306,0.1969246497,0.7575317187
2.0345022664,0.6005391695,0.9647529147,0.4839885941,0.1688686640,0.1215467984,0.8941502523,0.7569195746,0.6071139696,0.3534289299,0.4622646951,0.9665241655,0.8257646648,0.8377946039,0.8014536123,0.6841556677,0.3767445894,0.3770847154,0.6095216366
1.1994837853,0.8361255414,0.5811612992,0.8436604377,0.3990790666,0.4809230546,0.8308820056,0.8558024181,0.3535546054,0.9149246328,0.4158492204,0.0130239102,0.9024618131,0.1695336184,0.1513822516,0.1097203891,0.7305065455,0.7949482466,0.3225166959
0.5899063077,0.8985762442,0.7986341456,0.5937159456,0.1277615893,0.7668708307,0.3076702823,0.8178588133,0.5652322608,0.9095229640,0.1086522019,0.6013038514,0.8484780226,0.8857801370,0.7252101432,0.7344790718,0.8992591849,0.1149160592,0.7930413674
0.9105593548,0.4257281220,0.2445499850,0.0755769369,0.2105669706,0.5073806599,0.4159947785,0.3847489101,0.9116568725,0.4539090107,0.2441636319,0.8889812172,0.8754672595,0.7724237160,0.7662774583,0.0993407019,0.4887948535,0.4403476649,0.5758276917
0.5695277425,0.8428019125,0.4015661464,0.4315289897,0.6489746309,0.8229055113,0.4095499840,0.1338440011,0.3849192164,0.1398079420,0.6582166321,0.8335183762,0.5209330415,0.1778965639,0.8566064515,0.3676139742,0.5664854448,0.1819922222,0.6717074258
1.8816965336,0.5744690924,0.9069711719,0.3446271009,0.6218364350,0.7575262771,0.1292988272,0.5345468975,0.5260664630,0.3170013303,0.3432245753,0.3660096894,0.6880261945,0.8804920353,0.7752824820,0.9849025454,0.3748753576,0.3336810435,0.1076261416
1.7830351331,0.6172773249,0.5230185173,0.2306036731,0.2689121845,0.3479117719,0.6320695075,0.2978101287,0.2646662650,0.6304347439,0.7276300644,0.7546784828,0.2248231401,0.8882010274,0.7723520104,0.5316970251,0.0546451224,0.0227794863,0.8658270856
2.1265462511,0.6920156661,0.1698531126,0.9181395879,0.4046271608,0.9881618265,0.3094550486,0.9932213149,0.6503918261,0.4567911018,0.8655927380,0.5312725431,0.7017894892,0.6782441773,0.8058035118,0.5354670016,0.6796563370,0.6394248797,0.4639274948
0.8469188934,0.7854807873,0.2640217343,0.2974122283,0.7168377644,0.1762268500,0.8936547657,0.8196355415,0.9352285937,0.0412078953,0.5866329436,0.1550016407,0.0749304402,0.7919596534,0.7350875446,0.2168998759,0.9542173833,0.0054236343,0.6132397441
0.7204771162,0.8006373781,0.7185833679,0.1876842777,0.3589852541,0.4508677502,0.5631649698,0.1808323029,0.8209966907,0.3738985321,0.9812278083,0.9152245922,0.3324954240,0.5406576688,0.1078007616,0.4846745070,0.4981809901,0.4644025471,0.8906245514
1.8343276132,0.5264884808,0.4459159581,0.9213498874,0.3319877547,0.4368052330,0.3326349034,0.1536298129,0.4687257192,0.1369491033,0.5825047320,0.9195008303,0.9848572046,0.1005349632,0.2205424037,0.7681004566,0.7358526303,0.1356336395,0.9987854456
2.0770414535,0.6033150337,0.8438663557,0.7393254762,0.4251588912,0.2683227484,0.6557443281,0.7284206752,0.6136478495,0.8975018817,0.8694757068,0.4829572153,0.5741025282,0.7954537333,0.0349038898,0.5001807008,0.6906377957,0.0988394909,0.5478846200
1.0526910193,0.1811246818,0.3992603178,0.2784546961,0.0101765102,0.3512652293,0.4137231579,0.2365874584,0.9853630959,0.0433683874,0.4113905457,0.8418249081,0.9061680748,0.9780602057,0.1457258858,0.2094772848,0.3200430149,0.9246503350,0.6140668838
0.5194082302,0.9714737630,0.4921497006,0.2193061295,0.6728030146,0.9066485920,0.5208815032,0.1820429091,0.1712569931,0.5810381322,0.2082569047,0.9968204194,0.5455869154,0.4871253212,0.0397480163,0.5010101431,0.9565022160,0.7917299768,0.0749209877
1.9170701082,0.6785287015,0.9543725346,0.5027345410,0.4581270143,0.1360440062,0.7648337800,0.4855771949,0.9284801171,0.1401223335,0.8719682913,0.2232958523,0.5632550418,0.2822828597,0.6793122919,0.3801081057,0.0212593257,0.5224600231,0.5778136052
1.1878075476,0.2530596726,0.7439537729,0.8418251877,0.2134553776,0.4211396188,0.6495417465,0.9196687549,0.2696022313,0.9541244135,0.7889364510,0.3494155110,0.2919559761,0.1217521935,0.4531941228,0.8307809031,0.2361364201,0.7387561277,0.2790704674
1.5615339528,0.5269836955,0.6142803369,0.1596677201,0.0677371237,0.5504049872,0.2947096149,0.9840234904,0.1354848279,0.1896990480,0.4544962809,0.1364404490,0.7745838699,0.9209658616,0.8192758625,0.1149873597,0.0907215691,0.8015397156,0.7014885390
0.3338370623,0.0458474472,0.1385483698,0.1501232585,0.2105737393,0.5271825033,0.8341564537,0.0360844322,0.6935400852,0.5839332853,0.1238408874,0.2570685181,0.4087277129,0.1412112164,0.5370141179,0.1520799203,0.8698567076,0.5290186854,0.7643944903
1.1096718465,0.4396688741,0.3858931233,0.2486567427,0.8421420237,0.1950461936,0.6309629855,0.1261892099,0.2854249031,0.0930106865,0.0944941737,0.3214487291,0.3342958936,0.1380215889,0.1686727583,0.2048889118,0.9130084836,0.1772379092,0.4097780028
0.1373693649,0.0334870465,0.0222862521,0.2485920003,0.1173694303,0.9607541000,0.7734269799,0.8820005813,0.9537937502,0.8012661411,0.2833426498,0.9923759124,0.0233281188,0.3659364398,0.7556446477,0.9953433764,0.4663898279,0.3000445210,0.4354270524
1.0146257024,0.2617646351,0.3892577310,0.2827851603,0.5664899109,0.7570820546,0.4357442061,0.6406747920,0.0909343090,0.5479986911,0.1174299897,0.7696544118,0.0844029416,0.6497977433,0.7273526849,0.0456788266,0.5523802041,0.0143816923,0.1681575865
0.6922613621,0.0933302362,0.4171299557,0.5277094668,0.0216675897,0.0589730558,0.6039438928,0.8459478600,0.9823136792,0.6049861023,0.4555607129,0.3172263378,0.7153120103,0.4255986530,0.3497657800,0.6021101010,0.0529235851,0.1403531985,0.1213322844
1.4435999167,0.7412099434,0.8338924413,0.4222025901,0.7632401430,0.3952109219,0.9081849592,0.7189872281,0.3836335239,0.9385811860,0.3664842577,0.1867408879,0.5846770457,0.1538019823,0.8554830796,0.2107226486,0.7542011807,0.4893629698,0.0907396249
1.5889868522,0.5043388452,0.7106193481,0.0924055269,0.3623471697,0.0361990106,0.5610787421,0.5848056562,0.4498092991,0.9443755742,0.7290320088,0.6280017016,0.4578237859,0.8767597662,0.1700488890,0.2080666241,0.6595931679,0.4184206030,0.3641183745
1.6189721919,0.7222664319,0.6497007910,0.6330397491,0.2291668115,0.0627608380,0.2103828648,0.8753566041,0.7331218366,0.9155717170,0.3552187581,0.4525326491,0.2397640604,0.6296930975,0.1362204741,0.0003193249,0.1886373732,0.7321622101,0.5082879561
0.9065874949,0.8318273453,0.6460042077,0.6902159380,0.2910071842,0.9810539682,0.5221749533,0.3382095682,0.6882622784,0.7930955481,0.5584273138,0.1472649454,0.5721020091,0.4910763279,0.0069817516,0.4936348080,0.9045439690,0.7018469478,0.0793040260
0.7058296788,0.1171460758,0.4115034879,0.8121802015,0.7170278790,0.2620030082,0.1426338670,0.9437428935,0.4473389962,0.5429773155,0.1856777748,0.8037993676,0.0286822760,0.4341086647,0.0233852807,0.4606948377,0.6910775162,0.8131254156,0.5354672937
0.2048407185,0.0285101687,0.1010435686,0.4924642073,0.1103662749,0.4051678610,0.2131235148,0.8824241077,0.0595454309,0.5001485303,0.5138989165,0.1271073530,0.7379432969,0.6528172784,0.4779511817,0.1467857474,0.4896444070,0.5647473128,0.7089161606
1.4736727951,0.4412778611,0.3593127858,0.8299620114,0.3794394581,0.4659186161,0.8615893561,0.7928106743,0.8994883975,0.6322479284,0.8225290524,0.6307152911,0.1040807731,0.5335483248,0.0949672786,0.6221358184,0.5168295227,0.1272902781,0.5473045944
0.6093826301,0.9606124241,0.1140943756,0.7043436329,0.1868203668,0.2637246935,0.1976375247,0.8639631017,0.3863793349,0.7357831084,0.9472285549,0.9741273835,0.5063121969,0.3839863839,0.8181220236,0.6668919517,0.6724719603,0.0613978238,0.1354566508
1.0661757976,0.1781820967,0.5835945396,0.9675237347,0.4735439244,0.1563482379,0.1651877894,0.4836483655,0.0270733263,0.5220412626,0.7068752916,0.0180307347,0.1889947252,0.7434133236,0.8028819444,0.0966320899,0.8936522046,0.3922717241,0.2545282912
2.1435853015,0.6335869731,0.3059097577,0.8452445089,0.3472014324,0.0829370505,0.5798718772,0.9585456477,0.3220764459,0.2094604271,0.0876235821,0.1593130001,0.8882980006,0.5233916300,0.9479931803,0.1112874926,0.7547522639,0.4026405271,0.4667388433
1.5724612141,0.5129759996,0.5103898298,0.4829788454,0.7594213959,0.7259261013,0.8053445658,0.0889741367,0.5341188656,0.3126013649,0.5244020626,0.8323588051,0.5958312674,0.0253029300,0.2424624353,0.6079588970,0.9438285564,0.4309775452,0.2265277395
0.5855389540,0.0515993993,0.6509082505,0.5201360155,0.0072886846,0.1130833829,0.6507926870,0.5000699294,0.4498519800,0.1899574889,0.0039150150,0.9035374298,0.3002753463,0.2321856294,0.9735467300,0.9275294394,0.9913175218,0.9537965448,0.4063339380
1.0557322263,0.2470404881,0.3688901383,0.0569097191,0.1397964909,0.9122596569,0.8095505189,0.8696117123,0.4096259370,0.7148952120,0.6897516937,0.2596841289,0.7274655608,0.4506850600,0.7088995560,0.9859662167,0.9404766249,0.3295592171,0.6395077160
0.8139241826,0.2255395020,0.0618847812,0.0876726287,0.2364734310,0.2307978619,0.5537098294,0.5485358194,0.2760259088,0.7729576307,0.2906529156,0.0251803486,0.4878280179,0.9580703791,0.4572293822,0.2288703689,0.9211894674,0.9783349963,0.9140477743
1.0197899011,0.2020016784,0.9699759871,0.8864126564,0.0402202122,0.1233674855,0.3618794089,0.5855553511,0.3719364233,0.3382749538,0.7083611278,0.1442139470,0.8830129069,0.6396196537,0.9571744081,0.6801128747,0.9250166096,0.8961820733,0.2877021316
1.0600816596,0.7425607178,0.3557965753,0.1089037743,0.3411833818,0.6007262722,0.0524040906,0.6050691787,0.9007071729,0.5015419779,0.5729902823,0.6382099858,0.5719642331,0.4431675765,0.8660045612,0.1044281011,0.7283080505,0.4160820775,0.9416780071
2.0125411498,0.5907222816,0.6425849934,0.7665115276,0.6459148841,0.5816907556,0.3596531852,0.0999825925,0.4876952559,0.0905159607,0.3246807351,0.8858911735,0.9643723533,0.6905276400,0.3737765850,0.4556603163,0.8555829973,0.5466123250,0.2966546190
0.3098206682,0.0187667920,0.7328515764,0.4595441084,0.9528313902,0.0097843438,0.9568254425,0.4444852267,0.9560108091,0.7651281116,0.1812132352,0.8368233425,0.8809653406,0.4870775294,0.3124585880,0.5399799160,0.3400673327,0.4626470919,0.2577864575
0.7206079841,0.0879849551,0.6749146901,0.4703794383,0.7261037538,0.1816571058,0.2073327379,0.4418101433,0.5989464850,0.0977982610,0.3211245371,0.8822950596,0.4688651312,0.2680206217,0.9995157264,0.8743685572,0.7703007540,0.7930845387,0.5062853618
1.3049843112,0.7094455051,0.1866013147,0.1406126480,0.7052331371,0.6818857883,0.5439031980,0.7418393249,0.8466439696,0.0083637991,0.2336280796,0.7142154129,0.7514832614,0.0179002448,0.0979979528,0.4386501390,0.5055362097,0.5907565204,0.1359211600
0.8549510155,0.1541764621,0.0854449919,0.2330237954,0.6196945577,0.7569569170,0.9158711903,0.9216517525,0.2508384793,0.6565057774,0.5365864656,0.7484510414,0.7463395722,0.2531739164,0.8866177996,0.6070961563,0.3483177550,0.1651101323,0.6532450097
-0.0428953379,0.0141088086,0.5982663560,0.9864542235,0.3502302749,0.3975133309,0.4950845694,0.9748253868,0.0497422717,0.4450076074,0.5712417806,0.7232394138,0.6484795492,0.5009781973,0.7637750969,0.4561736872,0.5048213433,0.4974154391,0.1783261976
1.7068356346,0.5480443766,0.7789254270,0.2501966157,0.5599296937,0.0721711151,0.3774857164,0.7815670071,0.4715583411,0.1616884710,0.9131182388,0.8243530257,0.0905861348,0.8050750317,0.7763316725,0.4355432409,0.7255759804,0.3466558884,0.9243353323
1.7961270103,0.5276767467,0.9254986891,0.7615682622,0.2447095223,0.7513707306,0.8115912771,0.6863465629,0.5225727473,0.1426280956,0.8021919712,0.2089566808,0.5912857708,0.6384170533,0.4357220987,0.5582619411,0.2915787688,0.3419196205,0.7644350588
0.8676721127,0.1223103891,0.8710626780,0.6338702812,0.9741677876,0.1243535394,0.2106697529,0.3964207727,0.7017631148,0.9504428386,0.9702913610,0.5092805833,0.0989267177,0.9153290307,0.1264198696,0.0706624806,0.1247251604,0.0280278894,0.8561024006
0.6373419038,0.8671728905,0.7952514215,0.5122240208,0.6267879537,0.1542621085,0.0518479714,0.9529421371,0.2638403798,0.4989154892,0.6515401473,0.2345626782,0.1846991407,0.0872690050,0.3978783417,0.2384676493,0.7033795315,0.3143221471,0.7112027647
0.1427393213,0.0214242652,0.5167154836,0.9581264021,0.1077198603,0.6666578595,0.3477549294,0.7148379470,0.8572661274,0.8018801329,0.5131965977,0.0403118847,0.0004060427,0.0262274609,0.7528709975,0.9658824382,0.8823805643,0.4956932906,0.7072513341
-0.0999650419,0.9137193371,0.1384742920,0.0074145166,0.2328949194,0.7942740903,0.1199399767,0.2221200507,0.6712403644,0.5301568324,0.8949302156,0.8892938833,0.3644564395,0.3436994322,0.7814680629,0.9046728320,0.6217317079,0.6608020788,0.7674629655
0.5582132353,0.9996067496,0.7992432611,0.0707946236,0.3519538884,0.4093781950,0.9962649035,0.2230586526,0.1604316264,0.8608952193,0.2114216398,0.4284459595,0.3305457700,0.7108425053,0.5369464115,0.5612424286,0.0205471547,0.2165000005,0.8415031057
0.6653010759,0.0947266572,0.2261088425,0.3003098817,0.0529146424,0.7040091476,0.9553719197,0.6037825791,0.4876227595,0.1041494076,0.7817512784,0.8474364214,0.3729957928,0.6988199736,0.4885728675,0.6983943643,0.1287392885,0.8018463948,0.7813614942
1.7443372188,0.6965967707,0.5019854697,0.6774965337,0.1541820126,0.1781771117,0.9436196827,0.8086546088,0.8141135157,0.2874330267,0.8483804543,0.7415179742,0.7549544414,0.4039125761,0.4213823517,0.1827018073,0.2503109157,0.2388805808,0.1321117207
0.9110327432,0.1605796790,0.1922568380,0.7972029170,0.4243137645,0.0369404188,0.5198929251,0.7535983078,0.0634514360,0.5278193567,0.1211721361,0.6187796001,0.4900893559,0.0910573244,0.2959392230,0.3448293058,0.0883122334,0.2949759664,0.7704632694
1.6606332318,0.6533878449,0.1550647589,0.3850676772,0.7558402540,0.0164438280,0.3215475741,0.8340974722,0.9634965704,0.9422471082,0.9489072310,0.7305448445,0.1913335231,0.8961010135,0.6747077164,0.7095813910,0.8965562831,0.8466507556,0.3673728851
1.2120866508,0.3953707051,0.3303979768,0.7588277525,0.4470280582,0.3620146397,0.0666903716,0.4423148149,0.1952273234,0.8387939552,0.8058552589,0.7695532614,0.2624216131,0.4209935326,0.2110306273,0.4016094603,0.9757260422,0.6088180894,0.2102859032
0.4394398559,0.9962753232,0.0632014072,0.3885705579,0.4074836959,0.8301390481,0.9920158872,0.4293502371,0.9757802440,0.0467073951,0.8882368960,0.5432665708,0.1674416259,0.1258353005,0.4788453194,0.9011853957,0.1921267030,0.9676267923,0.7173195445
0.2369367446,0.9178331545,0.7337406465,0.0233995693,0.3373978625,0.7835147577,0.2277293391,0.9616227876,0.0587605896,0.1643467038,0.2701097444,0.7733665207,0.3030558174,0.2850019473,0.3401694227,0.5008411483,0.6537681555,0.8080882978,0.2788420388
0.7103119716,0.0621790604,0.8402054574,0.5289528045,0.0439724608,0.9679460377,0.1881520358,0.3118214162,0.0018914045,0.4293203437,0.6896094372,0.0772270425,0.0546167565,0.0334011847,0.0793441061,0.3855387012,0.2522229571,0.9335933060,0.1753762669
0.9969314705,0.2446453257,0.3820431378,0.0129530058,0.1784463187,0.4652686376,0.2535220702,0.9517687756,0.6758175122,0.7694133885,0.9166656920,0.5391305712,0.6212197187,0.2796066744,0.2643427390,0.6174027229,0.4174310300,0.5903440178,0.7587090449
1.6077184563,0.6759410618,0.0444402133,0.4838876314,0.7435233012,0.2046238503,0.0403132573,0.7097918535,0.9524109181,0.0642279781,0.1001819909,0.5157237876,0.0323835071,0.5069881898,0.7538310060,0.0541557579,0.1897696319,0.9402597207,0.2725405899
1.0905991212,0.2117063408,0.9135733023,0.9668823756,0.2919693718,0.6206742492,0.2691566715,0.5175205102,0.5485712418,0.7066810425,0.9003232510,0.9539682091,0.0227380655,0.1218135725,0.3082814277,0.4516309857,0.4853472471,0.0915318381,0.0858068052
1.0982425151,0.2621354360,0.5843112322,0.5089313455,0.5421591725,0.6740329847,0.0463170805,0.0123160916,0.9612579549,0.9257786494,0.9001416462,0.0440464356,0.0159039126,0.7879083246,0.5410823665,0.5278933246,0.3228003159,0.4004204794,0.7487288623
1.1862942159,0.4096155178,0.4389011755,0.6468426361,0.2951075879,0.0809978699,0.9846296535,0.7430259432,0.1847795607,0.4542104143,0.3483649296,0.9927628614,0.0039530509,0.5752859954,0.3104238318,0.0630331235,0.4105398993,0.5478238756,0.4056774432
1.6500946129,0.5431925320,0.4664135765,0.3553443563,0.1014615222,0.9333807928,0.6479919723,0.3789817288,0.3669039181,0.4202451950,0.7246739497,0.0655419176,0.7112024518,0.1714335552,0.5250351473,0.0449233241,0.9211292848,0.5459518428,0.9232293172
1.0148020558,0.2627844061,0.1191998617,0.4225872404,0.8700306033,0.2416908355,0.6461170735,0.0873825541,0.7140526087,0.1081630101,0.8962614060,0.8267325704,0.1443506542,0.2975440227,0.4934749679,0.5792311105,0.2698353625,0.3643923090,0.0354756256
1.0652137492,0.3099327083,0.5660575469,0.5343892380,0.7602698537,0.2044943007,0.2677756378,0.4907118917,0.1297321866,0.8591306414,0.6846940191,0.9412656297,0.2395366178,0.3282322012,0.7744925651,0.1770413803,0.4129677112,0.1487646424,0.1141067135
1.3952410004,0.4099572733,0.6291643800,0.9202460693,0.5941741273,0.2685801573,0.9248490667,0.4587283434,0.2888321254,0.8847433866,0.1201251879,0.5902402508,0.4447129150,0.2901256600,0.2711316443,0.9021515164,0.9489464371,0.8922959793,0.1778328635
0.9914451280,0.2190939260,0.9577995186,0.9464579504,0.8885437311,0.4465390351,0.4957707860,0.9207921660,0.3779892598,0.3325361589,0.6055712363,0.6753934833,0.7718545335,0.2034312085,0.6342470060,0.9976354752,0.4134569622,0.7567874899,0.3343015035
1.3789344156,0.7523083277,0.3091277397,0.7120215015,0.4655908687,0.1433286953,0.6564293172,0.8839649087,0.0841752088,0.1516312437,0.2356502275,0.5878492551,0.0623508196,0.5379787687,0.6755962295,0.4697500547,0.1770022886,0.0461219250,0.0471151950
0.8824256683,0.7996906285,0.4355787474,0.4558179113,0.0365042345,0.6034162064,0.4749593773,0.6629046640,0.6641586170,0.2883994676,0.3857156285,0.3850321599,0.4479777147,0.0976122823,0.3221283730,0.5083751163,0.8217864449,0.6391138861,0.3267363541
1.2880112178,0.4407005759,0.9048618654,0.6725310580,0.6059875176,0.6069212412,0.4596190925,0.5630389285,0.0798544620,0.8911177624,0.0474228717,0.6352634452,0.8944869589,0.6611623818,0.8626692327,0.0178400018,0.3021302621,0.2562633501,0.2024408166
0.8424836140,0.1254656558,0.2109647828,0.8186164271,0.3350862225,0.6761652344,0.5041077878,0.1935023121,0.8204233178,0.7887530758,0.7113395987,0.3876274287,0.4486487807,0.5301964853,0.8724963534,0.3488286107,0.3816115431,0.8295947461,0.4870376741
0.6475692140,0.9430002678,0.5251010275,0.6057766240,0.1818161991,0.8927023539,0.3586874002,0.8663167581,0.2194412275,0.8825472577,0.6780156402,0.0672053081,0.4143616667,0.0182572751,0.2060857173,0.0468311849,0.4994359063,0.6015896213,0.9549019282
1.5070858549,0.4206246238,0.5817906091,0.9186559240,0.3062426875,0.8728573247,0.1909804199,0.1814656666,0.8478447484,0.4980062870,0.5627188697,0.3555754555,0.3398642697,0.9884497106,0.9394600571,0.1416588002,0.0515792338,0.2622391949,0.3000419036
0.6397371279,0.0791141640,0.7751937955,0.6318694229,0.6678748047,0.4932028119,0.6219525187,0.6479461478,0.7574433548,0.9578013196,0.6548898164,0.3191846847,0.2512093601,0.4854617196,0.0486774487,0.9835007692,0.7038976059,0.6943631964,0.1049556837
2.2535434639,0.6495814155,0.0429515277,0.9840488507,0.7743199635,0.2510070885,0.4289401814,0.3415727371,0.1009972520,0.5701367099,0.4266317405,0.3482355588,0.8010150245,0.9177082673,0.3660864586,0.1254567451,0.6298903556,0.4832419421,0.8888433179
1.1273397963,0.3690214749,0.5349717088,0.5077437804,0.5926108824,0.6628870073,0.9561349806,0.9539093317,0.4824349497,0.0031787735,0.5758999378,0.0198466196,0.8082451184,0.3625734980,0.1329151263,0.4986587330,0.5014555387,0.5421527950,0.3432180140
0.7939460741,0.9663696473,0.1309971015,0.7077776049,0.5901914228,0.4609710787,0.6629100373,0.1696643437,0.3652634003,0.8703355277,0.4670664713,0.3966284200,0.8913751884,0.2773749534,0.6259250343,0.0973402756,0.9486277848,0.6073172280,0.0344727867
1.8390159732,0.6589263081,0.6938995127,0.2067533977,0.7350955241,0.8110077069,0.3510423408,0.4888367195,0.5166110467,0.1825709059,0.8358419151,0.3729588750,0.4108961601,0.7111576216,0.8080901191,0.7284149570,0.2084224190,0.2681253033,0.1041864641
1.4234724590,0.7640125700,0.2635771350,0.7931016698,0.8720037381,0.3933702184,0.2473924682,0.3083597557,0.7332169391,0.9794250484,0.9103211796,0.8746770523,0.5306657376,0.9673215691,0.6290175336,0.2565767940,0.2732469362,0.8164460339,0.8161570647
