1.5795454954,0.6485359194,0.4776885693,0.5027373819
1.2747902960,0.7347838854,0.4911732794,0.0765329612
1.4472713543,0.4156034102,0.9895771910,0.1672067991
0.5743403668,0.8165777413,0.2293529753,0.2209824471
0.2132215781,0.0415211482,0.1072631603,0.7133408796
0.2290031763,0.9773136052,0.2799831111,0.3148443430
1.1417368875,0.1006046910,0.9202727468,0.2893284441
0.3727107485,0.9266702145,0.5244704068,0.2416294297
1.8461797339,0.7221033004,0.8867669927,0.8828209752
0.5955888910,0.1091405080,0.2915119148,0.5762020049
0.8103624192,0.1282114759,0.4511126300,0.1458180861
0.5285704973,0.0554329479,0.3382393823,0.5942656805
0.4107770454,0.9968028262,0.4341665313,0.1817427105
1.0621915024,0.1370056660,0.6591540513,0.1819230617
1.2726802635,0.2865566714,0.4635647594,0.4403282954
1.1797575001,0.3487595727,0.2458199978,0.6695231234
1.2734158283,0.5032702091,0.2438460173,0.4762627736
1.4432967192,0.3882793919,0.2334628766,0.8970525420
1.2765655732,0.1862188952,0.8656786290,0.4816842325
2.0036373572,0.5511396555,0.9830320141,0.8718808834
1.3200323131,0.6378704725,0.2002378709,0.4020844897
0.9580441960,0.4272709901,0.1491937818,0.1872913513
0.5583606579,0.9350024490,0.7331176917,0.2346328004
0.9727460794,0.7400181144,0.2596656654,0.2090306207
0.7243245460,0.2044786328,0.0220619791,0.5279121068
0.6274948591,0.9366102333,0.8739503256,0.5557575418
0.3289399842,0.9295876539,0.3843545152,0.4453050533
0.8091708156,0.8709471889,0.5040453378,0.8192380108
0.8621407498,0.1818344932,0.2254987057,0.5148689484
0.9280138705,0.1146501011,0.6450336716,0.8427740135
0.6172940945,0.7993027484,0.2108996810,0.6400110413
0.6984100011,0.8979241408,0.8344767811,0.6097799630
0.7804142929,0.1412527547,0.2987740126,0.1826953901
1.2960885943,0.6209830060,0.1047436041,0.6057119637
1.1455547789,0.1716010044,0.6620445250,0.5421353344
1.3535285694,0.1454187017,0.9426744548,0.1030531897
1.3701516516,0.7760937369,0.5795805242,0.8212489634
0.1193513346,0.0012246053,0.2092958667,0.6520839589
1.9618992165,0.5544511208,0.8103981831,0.8663984868
1.4567674706,0.1949376962,0.9461035185,0.3143890524
1.2396563090,0.6703868292,0.1860980927,0.0081825017
0.5251965259,0.1040649564,0.2573226906,0.6525375136
1.5180261534,0.5727428258,0.3286344697,0.4873162623
0.9116098290,0.1005761631,0.6935717726,0.4603493207
1.5188742542,0.5229984175,0.2726664632,0.8521002150
0.7723335323,0.1182207526,0.4283022385,0.7739815501
0.6247731131,0.9192088373,0.0600438995,0.9493891558
1.7888247836,0.5200204243,0.5411450590,0.9295166059
0.6419484829,0.9353311399,0.5820912677,0.8441518564
1.1724499690,0.3808682350,0.1714981375,0.5369844080
0.8403403852,0.0220858450,0.9697902807,0.7627112250
0.6427848523,0.0154856493,0.9505344161,0.8476069572
1.3988654017,0.3494265751,0.8792563514,0.3110161725
1.5814644673,0.5389265162,0.6107841637,0.5508502060
1.7857318868,0.5402703045,0.8853956880,0.0353357903
0.1566927226,0.9304705831,0.2360817708,0.3880614077
1.1097920778,0.8831110650,0.4647430867,0.9756359811
1.1878564223,0.1694949103,0.9849847244,0.6977691749
1.3022115716,0.1322061489,0.8385440164,0.1884509864
1.5580490595,0.3772977845,0.4975700567,0.9626666078
0.3022544531,0.9893145524,0.3871541868,0.7643047563
1.1232406432,0.2978528359,0.2427419832,0.6673748416
0.7801538272,0.1967477431,0.1224863768,0.1115998362
0.5231715031,0.9545052118,0.6804145617,0.3914548773
1.3855868887,0.3730085154,0.3418075358,0.8689048820
0.4670516680,0.0223198873,0.6078559189,0.6294834206
1.0942349664,0.8258348120,0.0882697679,0.9389257067
1.4769696431,0.3559557214,0.4766772444,0.5336688471
1.9065214312,0.6454212370,0.9763772614,0.7487582362
1.7388282966,0.5310104907,0.5287725426,0.7777205908
1.4113127623,0.7280478143,0.6070051095,0.1060621474
0.9534290260,0.8395624791,0.4429223143,0.8306804259
0.5630553656,0.9378543230,0.7871971508,0.4260571702
1.1774360843,0.7900313019,0.6856525337,0.7021102138
1.3037717615,0.2526546084,0.5511849571,0.4316098781
0.1819223189,0.0413749902,0.0458823730,0.9613737097
0.8003726729,0.2561219102,0.0131793369,0.2125088915
1.6392602364,0.4612039559,0.8902016454,0.4499727078
1.7994435482,0.5143602345,0.8646199487,0.5378786805
1.7843956597,0.5395961607,0.5397245752,0.7547434852
0.7327027673,0.8802974901,0.8644314254,0.0727992438
0.1278483850,0.8441080046,0.0866981798,0.2316647947
1.4280541263,0.6058626958,0.1802037653,0.7758965312
1.1686669320,0.3290057196,0.2671679472,0.4945593934
1.7128866523,0.5408814623,0.6005884248,0.9539462463
1.5873645421,0.6946999191,0.2662431773,0.9009055216
0.3888890361,0.8837616166,0.3123419357,0.0902823139
1.6284597370,0.5130070186,0.7817038286,0.2343691015
1.0947945541,0.4685172973,0.0204706944,0.5389747741
1.2807818645,0.4854105905,0.0652877461,0.6208275815
1.6127680560,0.7066375667,0.9364706948,0.4603331921
0.5386211190,0.1236299173,0.1751173088,0.0648004020
1.7473823589,0.6878273429,0.9385510256,0.1979684784
1.3171765846,0.2443707020,0.7031618607,0.4606295555
0.9418657003,0.3373446252,0.2571617771,0.0967700464
1.1151404898,0.2303128992,0.5485612646,0.7817364013
1.3069157225,0.5371633048,0.0836813912,0.0325428545
1.2700208908,0.3692632129,0.0568958356,0.8916293010
0.1623991153,0.8959665852,0.1202908510,0.6641332833
0.2823951780,0.0033003267,0.4354613779,0.0644767251
0.6847025607,0.3355393616,0.0965757845,0.2562524867
1.2654413178,0.3251945792,0.3121282618,0.5915420706
0.1948286898,0.9687942656,0.2560600080,0.6309856175
0.9242274300,0.0834047405,0.8499770055,0.7818738296
1.8521851510,0.5723090296,0.7648926290,0.2472121707
1.6283049951,0.3509596607,0.7887604168,0.8080529900
1.3622928591,0.1255948095,0.8855371824,0.0776061266
1.1108609654,0.3281157991,0.2805846278,0.3486877735
0.6723547486,0.3421502319,0.0531293857,0.1594685594
0.5291713155,0.8622439493,0.4229163576,0.2807347252
1.3114259046,0.2746297162,0.6621533970,0.8548186163
1.3667730472,0.7857453826,0.7671342160,0.7561639482
1.5068013795,0.5977284093,0.0654691299,0.9454434687
1.3682879077,0.1982867181,0.7878635783,0.0534083397
1.7843813050,0.6628380627,0.7887998301,0.2645273531
1.9922722022,0.6517145148,0.8847867304,0.8422156576
0.6665209717,0.9428789354,0.9334715631,0.0898373367
1.4300415851,0.3364181192,0.7741884005,0.3797453542
0.8067196310,0.2959670257,0.1072830785,0.2293073018
1.4453532012,0.3573588451,0.3397431421,0.9513177442
1.4636531946,0.4504127761,0.5208690234,0.0100314374
1.2692325328,0.3896385159,0.0914606935,0.6648868289
1.2298675358,0.1442165253,0.7483028451,0.0762099387
0.3156069525,0.9676787467,0.0168405889,0.9137054906
1.3547050554,0.8375874650,0.6099407018,0.9561048732
1.4470035333,0.4635328615,0.2316482843,0.7822540872
0.3917483045,0.8105471489,0.0197040515,0.6289774908
1.4089594795,0.5606110519,0.3102452174,0.1533727819
0.6765628149,0.8477100185,0.6560522367,0.5292514812
1.2596185097,0.3014234557,0.4805279984,0.9076633346
0.8666563418,0.7554754284,0.0068067288,0.7213415470
0.8977875220,0.8145433707,0.1211315485,0.8622075685
1.6365523544,0.4490572232,0.9619557934,0.3529734533
1.0712396292,0.1622477574,0.6396067658,0.4333358041
1.1834615604,0.4537124323,0.0806711391,0.5530481525
0.9380593207,0.3937301919,0.2434184463,0.0626770660
0.9329696881,0.2674505953,0.2126483263,0.0364116333
0.7848331592,0.8691439054,0.5632616766,0.7736379966
1.8579314983,0.6044316701,0.8259814604,0.6802627577
0.3212876487,0.9265014659,0.4302359390,0.6215734303
1.7259116345,0.3372554032,0.9535683126,0.8820230372
1.4775386398,0.4301646591,0.8072035666,0.3322846146
0.2312561815,0.8747001434,0.2154153175,0.0717934225
0.4941247378,0.8050015940,0.1174131134,0.4698407634
0.7955860991,0.0391089512,0.7688124276,0.0547631994
1.4916945301,0.8055539173,0.7655083915,0.9079525125
1.2919359838,0.7668827943,0.7138062812,0.6804811073
0.6004470888,0.8944099473,0.8980346661,0.2963795868
1.8816056003,0.6922048886,0.7680447869,0.9230908111
1.6295414075,0.6981752696,0.6521753155,0.9294200666
1.1010736629,0.1882698055,0.5864794838,0.3658305343
1.4703920664,0.1835281045,0.9834981181,0.4380948370
2.0038614491,0.4537818144,0.9868968716,0.7321902638
0.3840269009,0.9760186951,0.5846499038,0.5503808973
1.0886989448,0.8301035058,0.1832898577,0.9041617029
1.3898537052,0.4358667452,0.7199546207,0.3693639411
1.5980788137,0.6604342205,0.3405383749,0.8955550943
1.2262880108,0.1950785198,0.6729974740,0.0394424435
1.0273775667,0.2427389899,0.3412592180,0.1528177325
1.3753164820,0.3218012997,0.3901982779,0.8762909232
0.9740669155,0.7191114199,0.0093486346,0.5933552175
1.5600728513,0.4577871583,0.4460368195,0.6167093552
0.8506304970,0.0988495129,0.9292818859,0.9777818132
1.6790100807,0.5687575498,0.3563676633,0.8124252510
0.1331630446,0.0084503429,0.1472727677,0.6324747456
0.4220481616,0.1141714246,0.1176219162,0.8320770035
0.7344785340,0.1548257039,0.2761697280,0.2336705742
1.3606398873,0.7544898458,0.9758632084,0.0175565735
1.7379137571,0.4978979562,0.7490362377,0.5379765607
0.8944147560,0.7211353312,0.0632821319,0.3524426263
1.6732248825,0.5075776955,0.7242867641,0.5456714621
1.5904521671,0.6291269705,0.2059794889,0.9200003125
1.4006790105,0.4987748125,0.0844080732,0.8209409664
1.7640212785,0.6603999422,0.7070982839,0.3076852627
0.6745587226,0.0665537439,0.7415304950,0.9158739763
1.5871789350,0.6350837890,0.3921225704,0.2394545053
1.2147267589,0.8447285459,0.6755101556,0.8779427537
1.3085626874,0.7924446001,0.2524620750,0.9457311596
1.6739170558,0.4047300635,0.5153820710,0.9852343508
1.4021268099,0.7216304476,0.6832413065,0.4023042493
0.9519883273,0.4086024951,0.0672240861,0.3877712681
1.4131731236,0.7174984188,0.4730059435,0.6176650389
0.2956923342,0.8972664283,0.3518727404,0.4481011668
0.3386482405,0.0111879120,0.5634585842,0.7732524369
0.9182371201,0.7510346884,0.2477551334,0.5806725664
0.7440899850,0.8730639906,0.8566062260,0.3443396470
0.9776405551,0.1884883808,0.5004695913,0.1764468123
1.2006612966,0.3297541551,0.3650323800,0.7469552722
1.3656495235,0.2884578080,0.5546517965,0.7960747855
1.0845977832,0.3309049270,0.0459033667,0.6988609884
1.5788558650,0.3906349001,0.5421794463,0.9271894388
0.5874536844,0.0216756639,0.7004510415,0.6279022988
0.4530472687,0.9375514116,0.4094599795,0.8373426597
1.5188860946,0.4256304349,0.8358914242,0.3760715748
1.3500218576,0.6535358092,0.1059831380,0.7244106085
1.6894686846,0.5615884994,0.6352759234,0.7151617889
1.4760088553,0.4004285378,0.5579856275,0.5284275602
0.2250717743,0.0056639996,0.2859892951,0.8831522385
1.5119916931,0.4638420976,0.5029942374,0.0242670174
1.9415599145,0.5699574918,0.9741817183,0.5026065558
1.3505064937,0.3899685955,0.5155638595,0.2804410056
1.1664658902,0.1304304541,0.8254922778,0.1157082369
0.8163400348,0.8119947803,0.4109708849,0.0745593842
0.4907933904,0.1448644021,0.0554609058,0.9051738525
1.3830831739,0.4072577309,0.2940279936,0.6860362624
1.4761686621,0.6638368916,0.4740494270,0.2668963172
0.0490438714,0.9050569760,0.0155986307,0.5969467734
1.1775328597,0.1864685322,0.7095547525,0.8201366256
0.7550874702,0.2789381714,0.0814312505,0.1187266762
1.2671997795,0.2073477246,0.8548473040,0.9593603608
1.5518132461,0.2892419494,0.9473318910,0.5801577893
1.2571820132,0.4854102800,0.2544501822,0.0180650649
0.4793791523,0.9286190398,0.5561738090,0.5590311521
1.7397002745,0.5810724571,0.4745834494,0.6721013536
1.4364762700,0.6283282677,0.2382840512,0.3499927872
0.2527038490,0.8533905011,0.1942008949,0.2123696657
1.2232420010,0.2511259010,0.4990924490,0.5451268069
1.5805905418,0.3914692434,0.6787868160,0.5843249285
1.4037405249,0.6210347288,0.2834900574,0.2992240147
0.8319876930,0.1081734837,0.6822199788,0.7317997874
1.7379236956,0.4667994794,0.7575469861,0.9976784265
1.7194413431,0.5252356083,0.9614394624,0.1174916114
1.6245201350,0.6807778112,0.6437497115,0.5823536900
0.5939916008,0.8855834555,0.6490895664,0.6132707781
0.2366645856,0.8421419712,0.0869661925,0.4300382860
1.1740687440,0.7898834566,0.6428538390,0.6932002701
0.3238292324,0.9368436479,0.3954473269,0.2757025717
1.3020468914,0.2375522960,0.6101241975,0.2786444398
0.0310727736,0.0273705101,0.0426209093,0.2447101850
0.8936935364,0.7697938257,0.2324880212,0.5756538406
1.6442598702,0.4287911665,0.7497919484,0.5384206148
0.7317172219,0.0406215408,0.6474248946,0.1224829206
0.3083413321,0.0546242615,0.1077167041,0.3475475660
0.6962581064,0.0411143620,0.5502067858,0.0326434575
0.8979668826,0.7546806694,0.2098162350,0.1716047480
1.8396330015,0.6331988703,0.7750203188,0.4500811164
1.2218626327,0.2725663978,0.4084232575,0.7363573647
0.4575290514,0.1150218752,0.0739813396,0.2304287278
1.7192923662,0.5046451839,0.7040288076,0.4998599117
1.7495669189,0.3914177443,0.9300841707,0.5083007543
1.0483695040,0.2332611242,0.2576955872,0.4345814867
1.1135962748,0.7289102293,0.3407416376,0.3201116848
0.6432568446,0.9835696166,0.9557770445,0.1444386188
1.0356594607,0.1574403315,0.5686418763,0.7205700710
1.4351230252,0.1855268291,0.8698643176,0.1150714810
1.8066572880,0.7150744226,0.9184706783,0.7862168338
1.8037722995,0.4682734877,0.5332299516,0.9761736883
1.8862980195,0.5531668305,0.8471512038,0.1986333261
1.8847801612,0.5039170512,0.8802361475,0.9763807829
1.3308423674,0.6523274793,0.2355939800,0.0442978777
1.6313732513,0.4086656692,0.7874454151,0.7581152283
1.6849799831,0.6802581117,0.8569058345,0.4732700358
0.6109825298,0.0767756555,0.3773693683,0.4968242731
1.7280024229,0.3815575626,0.8474530050,0.7631965626
1.4422252914,0.3156220724,0.6862829390,0.8845202668
1.1570109768,0.2913254384,0.3295800556,0.8617229977
0.7914535345,0.8634944769,0.7796797648,0.7037131273
0.8856067689,0.1593107600,0.4093246070,0.7137490651
1.5264770347,0.6989820771,0.6279679377,0.4480405768
1.0139610076,0.7730631291,0.4177958655,0.2741463779
0.9854479326,0.1362874746,0.6420441785,0.2174072665
1.8977594346,0.4039082809,0.9527136323,0.7719899800
0.6916215423,0.0992921740,0.5496855498,0.6354940723
0.4097181449,0.9372450309,0.4388927793,0.7218572835
1.8644652256,0.5467174107,0.9955402077,0.1522440274
0.9806896504,0.9702627790,0.7748694784,0.9372573297
0.1004247398,0.9863084922,0.0642297893,0.6996010118
1.6639739677,0.6505302921,0.5855153346,0.1733689914
1.2539149660,0.5648712708,0.0913297615,0.4255002231
1.1839999609,0.7714532938,0.5909999584,0.3984487191
0.7095344252,0.1468650854,0.2514999944,0.6644508815
1.1594361112,0.7788440192,0.8388189837,0.0559699982
1.1062853301,0.8000552010,0.7987317844,0.6590383859
0.5984594232,0.8798332772,0.7710984934,0.3733988277
1.3637238085,0.1568647892,0.9613935573,0.0957043091
0.9899016843,0.1674560412,0.5040894318,0.3511258173
0.7605267204,0.9067314365,0.3935412813,0.8874801123
1.5405387446,0.7065758049,0.8027685953,0.3828325737
1.8110030418,0.5455528861,0.9983232094,0.1856586667
0.1728588916,0.9434822895,0.1909789718,0.2554170836
0.5563065960,0.9378227884,0.8359327889,0.1851353971
1.4178475173,0.3625627168,0.6276413558,0.1586448998
0.5672624554,0.9479066390,0.8247158597,0.0641163068
1.3919830060,0.2736220059,0.6490588674,0.8263277047
0.1605917931,0.0421760154,0.1465914679,0.1067394689
1.1515780857,0.2337621227,0.4957050982,0.6433556191
1.2042336098,0.6529837989,0.0235697965,0.6604896191
1.9703472750,0.5266030070,0.9622605672,0.8641674728
0.9526839723,0.3017493054,0.1516549685,0.4376058713
0.6464314280,0.9607711516,0.8217422613,0.2077746615
0.3588205659,0.8595171821,0.2312550604,0.3521989363
0.6586127428,0.9242551742,0.8416098380,0.4198812698
0.5862374733,0.8085310906,0.1290917128,0.3237394610
1.7301055504,0.6178030193,0.6791149665,0.0867015199
1.3895653555,0.3693243519,0.5812244282,0.1188843400
1.0429544955,0.2265462576,0.3520303146,0.8617994493
1.2530015439,0.6861364522,0.2238512613,0.1350814857
1.0044677401,0.7785238888,0.4761272478,0.1902596865
1.0856114099,0.8008411559,0.9418201395,0.1785986401
0.1718161586,0.9758558831,0.1469304214,0.3404404612
1.0895490968,0.1292807907,0.9501659731,0.4474578118
1.0358011933,0.2800778480,0.0739869064,0.7243201440
1.3206833814,0.4505348586,0.1153651810,0.8368602521
1.4749775991,0.3453941880,0.6716068986,0.9474050623
0.9949699334,0.1887501325,0.4165277041,0.6583833988
1.3951836660,0.2445388069,0.7625314429,0.3781348420
0.0204079383,0.9712608328,0.0224377975,0.5513372022
1.5067480275,0.3414726731,0.6712324878,0.7208782970
1.5875595107,0.5873093595,0.4612719006,0.6167950010
1.5802672978,0.4803008746,0.7606625849,0.3319562814
1.6404504183,0.6529579602,0.4229821656,0.9147154335
1.4075505361,0.6249437748,0.3051309671,0.4711246482
1.3849966244,0.6943034150,0.3409027090,0.0348841934
0.6370708244,0.0721847806,0.4687679302,0.0560917720
1.3087760127,0.6337478872,0.0487556889,0.2199722600
1.1897798951,0.1896794013,0.7583391855,0.6708714092
0.9467396705,0.8880505306,0.4397531960,0.9130294052
0.5128140395,0.8961600767,0.5884796171,0.0552300043
1.4679157467,0.3851797409,0.3575236625,0.7458235228
1.3674894565,0.1547767009,0.9901984010,0.4650672253
1.3733878354,0.3013009559,0.6187041232,0.7878269989
1.0917221946,0.7939659251,0.9142928685,0.2845231698
1.0163920061,0.1422708599,0.6133994672,0.5481031921
0.5663100940,0.8302681230,0.3487959438,0.2510381842
1.5157769815,0.5566524132,0.3786318127,0.0403076737
0.9820016063,0.2007387655,0.3255327876,0.1660618035
0.7291460688,0.1228323421,0.2544973895,0.7248135958
1.6110158931,0.7582054200,0.9640442806,0.7771312059
0.4509807565,0.0765492463,0.2328165016,0.8402730466
1.7136844748,0.6629084845,0.3821717575,0.9693149429
1.0969739811,0.4692410937,0.1694069282,0.3296051964
0.8967554913,0.7408552584,0.1390481902,0.3858885747
0.9062629483,0.3044246345,0.0627938922,0.3747892303
1.6921095038,0.4485811850,0.6149276447,0.9610908137
1.1523094942,0.5344979291,0.0348469284,0.3267239717
0.6696856753,0.9866428896,0.7416214711,0.4616041918
1.2719286408,0.6711556787,0.2595651524,0.6088879307
1.2933502676,0.2236394425,0.7212321013,0.0751931713
1.8875287767,0.5637906144,0.8232800208,0.4551658457
0.8799132374,0.0642005201,0.9738117350,0.9558934231
1.6757075778,0.3588879403,0.7375905395,0.9270848552
1.6471744912,0.5111871616,0.6363911781,0.4549856548
0.5478347656,0.1051245348,0.1439714623,0.3178507600
0.7826909262,0.2266159800,0.0426528175,0.0982912414
0.4823130752,0.9382613734,0.3949578750,0.8009571548
1.3801560865,0.3112991270,0.5939035822,0.5855016031
1.4163395497,0.3959255165,0.2057212345,0.9957678193
1.6108052373,0.5237374215,0.3818673336,0.7627420614
0.0951201728,0.9348729241,0.2097832643,0.3322681569
1.4376679935,0.3478101446,0.4239285806,0.8250329977
1.2642621250,0.2553927714,0.6366638864,0.3955381067
0.6194443807,0.0821036383,0.4036057906,0.5270794180
1.6260140882,0.4712872166,0.9886535585,0.1271948587
1.4807161494,0.4355776014,0.4118270723,0.5564003904
1.4014454985,0.5825066474,0.2153639614,0.2629071979
0.8751374004,0.2281758262,0.2062687292,0.3721219201
1.1825604052,0.1787453890,0.8427833112,0.7378652499
1.7721848674,0.4277371541,0.6573842668,0.9487217942
1.6941463858,0.5710591227,0.3408262850,0.9178834005
0.2954114713,0.8929046700,0.2746900232,0.0003995283
1.3849217577,0.3443826464,0.3166141232,0.9773867966
0.3872289381,0.9551099285,0.0515106065,0.9062265488
1.2784247316,0.1774757908,0.7819728670,0.2162517673
1.8140297203,0.6401613007,0.6659930502,0.8816760588
0.9256892772,0.8893261135,0.3904338705,0.9431765833
1.6430252427,0.6856516575,0.7199757647,0.6664889515
0.9276949340,0.0504195000,0.9859449277,0.5714911842
1.6844224858,0.5794097332,0.5568078264,0.4571393208
1.2437930573,0.3687708369,0.9001529164,0.0997968114
1.3500721292,0.3313830158,0.9159014583,0.1562711468
0.9235065527,0.2956799280,0.0047371545,0.4327589963
1.0765031479,0.2559037423,0.3970280331,0.4823508391
0.8389815316,0.2268905490,0.1612257734,0.7216529657
1.4619510729,0.5669076682,0.0239990018,0.8543653289
1.5343502108,0.2828973470,0.8277199268,0.3507065585
1.3023449955,0.5297646595,0.2501812149,0.3000624442
1.6057752470,0.6042716906,0.4879413070,0.1001700111
1.2910905983,0.2937444005,0.5532214381,0.3356086146
1.2283418792,0.4972505133,0.1079438054,0.6618273935
1.0853581825,0.6881537297,0.0598783159,0.2994340787
0.8964949640,0.8189227006,0.6516719284,0.3161714142
0.5134019613,0.0841727278,0.1583884686,0.1085071437
0.2868900273,0.8669384118,0.3679361886,0.3107794639
0.8785816533,0.1870642790,0.2420756818,0.6226621657
0.5546937910,0.7841460862,0.0446364740,0.5244120491
1.5140767490,0.6131021792,0.3645294185,0.3216702137
0.6168829687,0.9424931659,0.8448442285,0.3157323767
0.1861076580,0.9580601481,0.2463230130,0.3747916155
0.5401553171,0.1471267698,0.0890611999,0.6212251563
1.1447272690,0.2976061211,0.4601821121,0.2627483532
1.0301668990,0.1273499584,0.6920837822,0.1896566325
0.2001500987,0.9610694977,0.1411819894,0.4154360282
1.3973491998,0.6384714789,0.2594248599,0.4432404379
0.4249087115,0.0314871601,0.3868995022,0.1226507088
1.8029956077,0.5133529107,0.9671726878,0.2688835869
0.8800359518,0.8215457243,0.7861919252,0.4979542419
1.5494414177,0.4894460281,0.3391621810,0.8622471493
0.8587567871,0.0106077473,0.9453473982,0.2375514595
1.0198787989,0.1968979415,0.4604041178,0.5400656701
1.8664014376,0.7015629827,0.8667392645,0.8937831214
1.8841034471,0.5851431061,0.8276127343,0.4138582026
1.3209131230,0.8726541402,0.8484892871,0.9501761689
1.3925237015,0.5833285528,0.2475264391,0.0579938269
1.6397414806,0.5203740622,0.2662370140,0.9981129340
0.8475563025,0.7531612056,0.1976475501,0.2636552556
1.2986370402,0.6593066530,0.1201335452,0.0070843044
1.5666594837,0.2853726742,0.8552771440,0.8576164866
0.8387990040,0.0701605575,0.6368066360,0.3150958242
1.2166299874,0.3575306506,0.4571281245,0.2155867399
1.4950862792,0.3320240201,0.5192824767,0.9457868886
1.2071875465,0.1941383530,0.7801499933,0.7129748879
1.1391961178,0.2397455890,0.4910781205,0.7537476577
1.3446226771,0.3512492866,0.1179631041,0.9754823765
0.9378007532,0.2055824150,0.2574791015,0.5661536806
0.7520600876,0.0336546872,0.8596120524,0.6936735197
0.8835356642,0.1600220612,0.5716012653,0.9164649309
0.0317585314,0.0007490369,0.1575504513,0.9388440600
1.8201399961,0.6128707488,0.8549635326,0.4906516720
1.6459031035,0.7609154069,0.6836291476,0.8904004556
0.2410354218,0.0253735520,0.0353694217,0.2625896635
1.4383459955,0.3410667496,0.6421977820,0.3048547413
1.5178240265,0.4058690266,0.9532857879,0.2271558235
1.6482769633,0.5559038196,0.4430379695,0.8316485473
0.5985078904,0.0659722072,0.5109569136,0.0144964248
1.5158674081,0.5003619912,0.2434775553,0.7474559452
1.7984478630,0.6538022014,0.9203818223,0.1781264175
0.4852094593,0.8527704271,0.3686360041,0.3079213792
1.4104345814,0.5445199267,0.0645747515,0.6613884855
1.7311813968,0.5200994500,0.6402160783,0.6833820274
0.6947799298,0.1473148339,0.3698616511,0.6727513048
0.1052223095,0.0083280440,0.0965564862,0.7927303322
1.4710730865,0.5116360589,0.4408996112,0.1684448704
0.9986917808,0.0228532862,0.9504292416,0.0640609073
1.7386900207,0.5879845416,0.7682848023,0.2794735827
0.5033799964,0.9443141307,0.5101887555,0.5972477880
0.9884716643,0.2787760632,0.2437180221,0.3489783812
1.5489915722,0.5601409139,0.4412518004,0.4654173284
1.1139650512,0.2732061496,0.1351824453,0.9254824479
1.3219011535,0.3043585057,0.5668958410,0.4269625219
0.5641954497,0.9778789411,0.7744963873,0.5957429135
1.2301335364,0.1944206015,0.8679864644,0.8668816771
1.7585060886,0.6586460839,0.7300624431,0.6767858578
1.2590548027,0.7504011584,0.4877790729,0.6992747968
1.7418280359,0.3681178534,0.9773277225,0.5273970877
0.4961436956,0.0671827055,0.4988396029,0.7383385266
1.0594397939,0.1728302080,0.6684860858,0.5472372900
1.8263881704,0.7263436605,0.8856366636,0.9016460729
0.2387343854,0.9653218423,0.2806051913,0.7904243530
1.5614892153,0.5712851543,0.2598557600,0.9170658135
0.7258127171,0.1671324815,0.1823358297,0.0042461106
1.6726925869,0.6968187387,0.4955529024,0.9808451105
1.4372494455,0.6569581181,0.0341876568,0.8286768199
0.5460653850,0.9788453939,0.3549477072,0.9266688664
1.1214001803,0.2956845706,0.2946405399,0.5203107595
1.8466199875,0.5735596002,0.7932077623,0.2454457578
0.8222125528,0.2464716209,0.0060176710,0.3706547130
0.4052982892,0.8569426491,0.2710005735,0.0841708616
0.7295763625,0.9588856714,0.9530301371,0.2523853061
0.9994891916,0.9216753372,0.6351839773,0.9310736312
1.9164001070,0.6406419953,0.8626790412,0.4929846401
0.5720378392,0.1449676778,0.0859180516,0.5730102736
0.3383329545,0.9301039450,0.2670722448,0.4476190100
1.2708594857,0.8367217550,0.5164498641,0.9234705638
0.5090213660,0.9745565124,0.5900115107,0.1609825760
1.3812823351,0.3896812101,0.4954448839,0.5124340729
1.4216867536,0.2491712226,0.8967743874,0.2805001124
1.4589648227,0.5054173766,0.0460839210,0.9153730208
1.6628923428,0.4122848203,0.8901298756,0.4918003940
1.3234251330,0.2834551197,0.5021199906,0.9395678578
1.2097431837,0.4695584736,0.3559190463,0.0929142154
1.0316796342,0.2775181823,0.0748330331,0.7723510733
1.4456546013,0.4516366924,0.7910978432,0.1847041664
1.8348943479,0.6678017449,0.7231603289,0.9269923116
1.5854504865,0.5742079205,0.5735223753,0.2463051125
0.4393623973,0.8337104618,0.0887016621,0.7241465171
1.5682957113,0.7950430600,0.9170085672,0.8331930040
1.8977676938,0.5683087659,0.9909424430,0.4721344203
0.2980157548,0.0153038618,0.3572487950,0.9480530204
0.8811584203,0.1733978560,0.3337720665,0.1032571253
0.7710453735,0.8036266850,0.6014267635,0.1097194352
0.0756216365,0.0010975001,0.1378899094,0.7487869197
0.7480542237,0.8673179726,0.6960533891,0.5153233615
0.1860852440,0.9273744475,0.2979509228,0.2151458012
0.6404088342,0.0658074948,0.7841969127,0.9629077218
1.4116172341,0.3456797299,0.4604893427,0.9265904245
0.2408469206,0.9870719733,0.3870346376,0.0286897694
0.5369704287,0.1421888247,0.1648792612,0.8826377405
1.2188936649,0.2253478410,0.6220842875,0.1617081177
1.3972470881,0.7313617554,0.7399941348,0.2111800206
1.4079105577,0.3457785135,0.6376354510,0.4114498410
0.4644490242,0.9103494751,0.5130215206,0.7251957871
1.6009081205,0.4964292372,0.5209415636,0.4872876195
1.2996089576,0.6073007080,0.0690405947,0.3610817652
0.5229620841,0.9195602805,0.6093503705,0.4187089281
0.2187185530,0.0676118288,0.1511868668,0.7855244966
0.8430415264,0.1138659369,0.5339901033,0.3551286207
1.4050446762,0.6207663199,0.0050810907,0.8333563688
0.3717738361,0.9895016780,0.5233972202,0.5295890318
0.8968353297,0.9281061890,0.4680270875,0.9890276455
0.8057103282,0.9580816246,0.9951988160,0.8157003216
1.4306381555,0.3138126659,0.6237224439,0.6440822941
0.4068063953,0.0941199345,0.1191363469,0.5268140369
1.2168062678,0.6148989546,0.0218294511,0.5873416894
1.3653298810,0.7394878639,0.3929726481,0.7929185600
1.2958114062,0.2408336424,0.5844528624,0.1909355185
0.2656413960,0.9873170742,0.3178579070,0.0876249203
1.0873662434,0.2715569302,0.3690736368,0.1040699020
0.3947897663,0.8774968689,0.1006598052,0.7839784065
1.5045994689,0.5853583523,0.3350460745,0.6809634184
0.8449521442,0.1088803214,0.6638252037,0.7908416765
1.3824889785,0.4029575044,0.3776515241,0.7184628635
0.6363696422,0.0332739381,0.7519274676,0.7626616827
0.4345831681,0.0920807361,0.0479637467,0.7033412799
1.7471879755,0.7285976387,0.7774974710,0.9582910766
0.2058953263,0.0350408072,0.1555071993,0.9668852594
0.1068356608,0.0324344959,0.0492630433,0.0659937057
1.4469857554,0.5424330592,0.4454018097,0.3739337602
0.9185945345,0.3294067420,0.0302100009,0.3878773317
0.0764551872,0.9743173885,0.1385643388,0.5249891686
1.3826105543,0.3053516996,0.4906054131,0.9487893668
1.4336390967,0.5693922070,0.3048620183,0.0891015934
0.3595293297,0.9212061519,0.4424243831,0.3638178825
0.7589923717,0.0626774530,0.6463789339,0.0909147258
1.5173897971,0.7684359165,0.6617833927,0.8371222989
1.6795297130,0.6749003359,0.5858607741,0.7376518292
1.8555088271,0.5917117524,0.8041019543,0.4440221342
1.2922885851,0.4583709619,0.4380163017,0.1954839434
1.7141642747,0.3930441935,0.8520363223,0.7800214778
1.1648828480,0.7057542708,0.2204088816,0.1628430912
0.4854268161,0.0580078507,0.4694249374,0.9373582649
0.7129529483,0.1632483739,0.0657681497,0.9944639542
0.9956338747,0.2157794657,0.3870283879,0.9237932935
0.6222370393,0.1207059072,0.2876716108,0.2221470608
1.0662879960,0.7514256308,0.1654748593,0.6983420200
1.0114838350,0.1214126219,0.9153646368,0.8226935511
1.6260358326,0.3543996617,0.7520781699,0.8815027937
0.9448434483,0.1668466883,0.5286337115,0.9804455493
0.1251249776,0.8856489998,0.2014673906,0.3524136320
0.8845524259,0.8828774338,0.0398860264,0.9987517273
1.3693598437,0.2993998326,0.6463693973,0.6909105404
1.4367925732,0.8533955114,0.9569620429,0.9283836709
0.1113934705,0.0244491011,0.0767969519,0.3215520896
0.3148288211,0.0393612263,0.2556755020,0.8165730545
1.5001004670,0.3742073381,0.5418797656,0.7289615291
0.5194070883,0.8674048440,0.4573014744,0.6677011781
1.0350446212,0.2448257983,0.1899148346,0.9121281759
1.2058110762,0.2563168844,0.4776800346,0.2778176992
0.3836598341,0.8132228454,0.0293351322,0.1855069922
1.0842607728,0.7556457116,0.5261900295,0.0293913942
0.7487799692,0.0511013488,0.7267994809,0.2959564982
1.0569678015,0.1424563067,0.7384208923,0.1840745057
1.7886878696,0.3795291465,0.9158507338,0.7756892474
1.0380190939,0.7615173564,0.4491634798,0.4978177291
0.8537165225,0.1304247187,0.4688097610,0.4650188342
1.8301083462,0.6151698949,0.8668173490,0.3890270414
1.1922544155,0.3481693696,0.4164485375,0.0510494356
1.0108357541,0.2706496986,0.2108604547,0.6806090284
1.3751400950,0.6343248863,0.0956217116,0.6880810558
0.7753118718,0.0791689303,0.6223755181,0.5573295608
1.6850662237,0.7129793378,0.4156478531,0.9312762750
1.0997739436,0.8272914664,0.4201987443,0.8688088950
1.5074941878,0.7134627043,0.9730779970,0.0306340598
1.0166048273,0.7289233158,0.0830458414,0.5933559394
0.8895206264,0.2025616773,0.2575886305,0.5809221334
1.1151101354,0.1671992259,0.6363365859,0.2088731670
0.6228730608,0.9997624056,0.8004860028,0.2538401441
1.9350842643,0.6365432404,0.8337812770,0.3349727397
1.0926393676,0.5539365085,0.0277630463,0.0893566588
0.4779311412,0.0440045561,0.4207643467,0.4939054438
1.5073333841,0.3573472933,0.3165660170,0.9188655776
0.7100657530,0.1535591786,0.3483156315,0.1827596171
1.8298864634,0.4706303148,0.8047742248,0.8474489548
0.7551931005,0.9635249921,0.9608506123,0.8141939170
1.3357069418,0.2722133713,0.6060869428,0.0602795017
1.3157719568,0.3746079247,0.2692472924,0.7550520120
0.5295015002,0.0212554537,0.7169297465,0.9041848722
1.5436293949,0.7592187807,0.6567112806,0.8525074540
1.2100793538,0.4919442138,0.2568313747,0.0744253468
0.9132471469,0.0851357092,0.7070394550,0.2302497415
0.8700716040,0.1939542963,0.3527097485,0.2718150777
1.7036468066,0.6820034945,0.8328485626,0.1342674504
1.7169935025,0.4161416509,0.6972791643,0.9807232999
1.7934597648,0.5352552476,0.8475801894,0.6621689007
1.7852477835,0.5140412513,0.9692641206,0.3119869680
0.8107572744,0.2264229604,0.0396629269,0.7799555246
1.4070037741,0.4138571244,0.4674180701,0.5184993041
1.2954443062,0.4589737411,0.2614013616,0.3925650796
0.0351431245,0.9162987337,0.0343281085,0.5126481128
0.0781473982,0.9548383112,0.0968017093,0.6873156098
1.1837939531,0.4337528717,0.3031855097,0.3468227343
1.7364344609,0.5970355857,0.5759738784,0.7071124193
1.5616185647,0.5581124033,0.0438560922,0.8411191280
0.8775990081,0.1240276187,0.8293698016,0.8787402883
0.9370983521,0.4869587380,0.0169812480,0.2451615792
1.1611293786,0.1620262959,0.9762096410,0.8741240614
0.5176974466,0.0399185107,0.4719821997,0.2824134150
1.7811784138,0.4798147186,0.8054029635,0.6246840508
1.0326371729,0.2140276116,0.3078364207,0.0655116549
0.1239863547,0.0240317743,0.1527403687,0.5081594011
1.5207285705,0.7099041361,0.6085854808,0.5156302601
0.7269111117,0.0457271806,0.8644756378,0.7377991761
0.4605344552,0.0613938104,0.3145531439,0.4651250901
1.6825478340,0.6666068079,0.7733615734,0.1602595043
1.0408777992,0.8889991442,0.5890646142,0.9059871625
0.7386727155,0.9038220625,0.9579441509,0.3676504787
1.0466912848,0.7598894983,0.5174622613,0.1046456854
1.5848615406,0.5964747496,0.2949332574,0.9526112115
0.7752915572,0.1251974349,0.4884036507,0.9636945233
1.5799180253,0.4331931537,0.5728515519,0.7951573425
1.4149499446,0.7281252423,0.4183134911,0.8078661078
1.0638471361,0.7689617324,0.5641549280,0.2336151919
0.1527617996,0.9653908404,0.1455287694,0.3123351248
0.5769372416,0.1255678369,0.0157541562,0.0408475523
0.2735284636,0.0436210551,0.1715037927,0.9208201578
0.9038817125,0.1300407279,0.5991987779,0.4954206044
1.5317797464,0.2685911424,0.9573709516,0.3758895397
1.5027997506,0.4375565728,0.6199258490,0.4990075783
1.1885229551,0.2944667752,0.4606764260,0.4775519174
1.1769600531,0.7865199664,0.7226845205,0.2778377330
0.6392698996,0.1180238883,0.3150372803,0.0387724651
0.4046858123,0.9038183300,0.3736337923,0.6728006245
0.5908725296,0.0019488691,0.7900480527,0.5696649358
1.5016787743,0.1993587738,0.8955260960,0.2085199195
0.5921383568,0.8507918766,0.6200690081,0.4653942965
1.1164773207,0.8340277460,0.3340088437,0.8942733816
0.5358380312,0.9633712001,0.6065171489,0.3679720070
1.4034416034,0.2589389145,0.8043191708,0.5065821760
1.4498799029,0.3185422204,0.4978335121,0.9080193378
0.6449205219,0.0583408490,0.6116939165,0.4626825028
1.3868217424,0.5409452698,0.3672514418,0.2957349515
1.9021723311,0.4356176614,0.9101776459,0.7937926427
1.6464000030,0.2819435202,0.8902800137,0.6696877645
1.2455806824,0.4842716357,0.2742159408,0.2627985704
1.0637275661,0.0840646209,0.9991459623,0.7319984645
1.4672392208,0.4379500667,0.8114206896,0.2880997492
1.5716788289,0.2990112602,0.8689569407,0.5346015282
2.0173498857,0.6284748235,0.8264870229,0.8326041519
0.8441963910,0.0147512213,0.9609223367,0.4172644950
1.8294808718,0.6510968031,0.7969372734,0.9132768204
0.7197512540,0.9975074006,0.4459470583,0.9965512625
1.7926985878,0.6393628843,0.7997926074,0.4960281672
1.0985385036,0.2563787549,0.2704657675,0.7649889457
0.3707175041,0.0683862657,0.2268582196,0.4400564819
1.0063013578,0.1939954043,0.4322286341,0.7071326507
1.8890115737,0.6056967518,0.9007909741,0.7845071225
1.9143081923,0.4193557763,0.9488215059,0.9601104692
1.7977419613,0.6972903733,0.7481164604,0.7401983945
1.3523679713,0.4706820790,0.4446798468,0.2788688061
0.0782643573,0.0122683586,0.0834064690,0.4970766581
0.3350691090,0.9316521106,0.1779910212,0.7841596102
0.7318055787,0.8694827483,0.8691152502,0.3068534999
1.4570434142,0.2844950400,0.9380222300,0.3099513583
1.4301438698,0.4343436901,0.6133442958,0.2239860404
1.0144509895,0.1137566943,0.7385974341,0.0098641267
1.5873425789,0.4751747126,0.2935871116,0.7302424108
0.7092232084,0.3642680058,0.0059675592,0.2534357346
1.4255043842,0.7199198160,0.5970824732,0.5518697532
1.4229135293,0.7023722694,0.5565528660,0.0109253615
1.3806150186,0.7213224432,0.0280113882,0.9453950600
1.3100247371,0.3015653045,0.3769929146,0.6909988609
0.8915534653,0.8631474331,0.9101015900,0.0391681266
0.7102435004,0.8057697593,0.1330136924,0.6890061437
1.5252940542,0.7131628518,0.9043071624,0.0386227886
1.0853620548,0.7644596703,0.1299873922,0.7903628501
1.0311682117,0.1133061700,0.7306580362,0.0946822095
1.8185642062,0.6476877158,0.9097143653,0.3963091024
0.3108424001,0.8505394312,0.2322538870,0.3182909715
1.4162009494,0.6970055904,0.3380555850,0.6945377683
0.6481952400,0.1035628965,0.3627123069,0.4982932157
1.3970771471,0.3366388231,0.4142345297,0.8856934890
0.6714331638,0.8563440339,0.5144101870,0.1914708903
0.8511665297,0.1204152019,0.5922060866,0.1858032986
0.7290400538,0.4187449199,0.0115129790,0.0752481535
1.0476672310,0.4796996624,0.1660199835,0.1341339056
0.9849177381,0.7021348940,0.0087654863,0.0029882398
1.3789193979,0.7087556055,0.1155827462,0.9021953726
0.2162285836,0.9582463267,0.2891461734,0.4717904408
0.7914090256,0.9207094965,0.9686869988,0.1344281141
0.8669199123,0.0785198133,0.7068043265,0.0801532440
0.9211613948,0.2544303570,0.1487894868,0.3856528176
0.5487362412,0.8788664762,0.5492442667,0.3199523234
1.4944637074,0.2441297887,0.9052517646,0.2464071914
0.2061634833,0.0665476183,0.0657374366,0.6396911698
0.6676579472,0.7677846470,0.1446929709,0.1390838854
0.5626523274,0.0535530619,0.4552546178,0.3170404600
1.4082674024,0.3222403347,0.6189426326,0.5333206133
1.2317485768,0.7303327256,0.5068311418,0.0504386757
0.8204932022,0.1462821852,0.3217816977,0.5703697459
0.5295334763,0.0709173629,0.3527614744,0.7290516876
1.3871190743,0.4031570834,0.7834832261,0.3466766985
1.3031641262,0.3673568453,0.4752319783,0.1905053698
1.8909602191,0.5925091770,0.9035711227,0.4632376639
1.0071961948,0.8070985616,0.0837701677,0.8724572889
1.0728114367,0.4196111919,0.2173713602,0.3526678523
0.8591192318,0.0870825069,0.6009113018,0.4011170024
1.3465088939,0.1821447202,0.7569256658,0.0002222323
1.3230746753,0.7068662814,0.4097081090,0.3424152128
1.2593191577,0.5012987232,0.2477690792,0.0298106553
0.6783353228,0.9002330947,0.2120364134,0.8871661145
0.6893806268,0.9215049456,0.8806815046,0.6578296590
0.6788641191,0.1597607378,0.0573958837,0.5636317815
0.5530039241,0.1258670783,0.0804956931,0.0825360571
0.2755736905,0.9619369485,0.0228039146,0.8657625366
1.5996287791,0.5859953302,0.3274495248,0.8184121913
1.1098336383,0.8068264618,0.1379545959,0.9051112721
0.7207320936,0.0476027412,0.7055165059,0.1909188701
1.4612766194,0.6911067653,0.2529689502,0.7910067481
1.2106484401,0.3185026666,0.3585334060,0.3516425882
1.3105219682,0.4146916912,0.5440998306,0.1086820628
0.1599580080,0.9900245919,0.2072471035,0.0906683382
1.6266043465,0.6992511462,0.7766470534,0.0598479894
1.3696625514,0.3928337852,0.8981512120,0.1259582402
1.8699530481,0.4838601941,0.8270502570,0.9694356656
0.9644584512,0.3428827808,0.2699447640,0.1669484794
0.8038061963,0.0934878861,0.6755538805,0.4056635533
0.5228810529,0.0701477830,0.3253911393,0.4226510925
1.2373990675,0.3805815583,0.7458766677,0.0600205576
1.6320821332,0.3350800501,0.6682963538,0.8079825421
1.7924828581,0.3890626849,0.8837484374,0.5441297108
0.6495852042,0.9380679233,0.7776066908,0.2456100497
1.0277448905,0.1425182517,0.8623449241,0.6109946207
1.3815165743,0.7128080208,0.0240256236,0.9067115034
1.2647614801,0.2261603265,0.6388733538,0.5154767228
1.6108333426,0.4173484213,0.5625880214,0.9414419848
0.5885535471,0.8710824096,0.6540918575,0.3305400382
0.3831613015,0.1045107749,0.0193893651,0.2811051080
1.5389339056,0.6067650857,0.4327463233,0.3255075146
1.5862103714,0.3242654979,0.8004623020,0.8278595684
1.0051404508,0.7226226876,0.2194502930,0.3730089016
0.3545388274,0.0519907429,0.2536149153,0.0462807714
1.2761230399,0.4063728082,0.8582975697,0.1080481031
0.4398788014,0.9298329158,0.6125124500,0.1815381575
0.9875672221,0.7365052569,0.2147439564,0.0676875794
1.3628931275,0.4911822486,0.4409657521,0.2588285344
0.8458314670,0.1950341100,0.0872339574,0.6190973308
1.0858143129,0.1305885698,0.9276608695,0.9993248230
0.0393714700,0.9775693086,0.1026667274,0.5043973120
0.8516577052,0.1710820625,0.2519445778,0.5940329688
1.4986526137,0.7414564297,0.6159377888,0.7810083578
0.0142448129,0.9131072663,0.0161389617,0.2281907801
0.8962336396,0.2416830358,0.0937684030,0.3114238116
0.7933502527,0.0749776307,0.7887441472,0.5396495959
1.4771952692,0.2588000581,0.8838805253,0.6319742720
1.3767088265,0.5286138181,0.0598422454,0.6816491918
1.1055048873,0.4501415542,0.1174114229,0.4595291007
1.6087323442,0.5445217771,0.6227561843,0.1834957911
1.0209092344,0.4132415216,0.2401687783,0.3310070379
1.4923691608,0.3103045860,0.6279140248,0.8732443763
1.0077116129,0.1456628712,0.6576650289,0.3396250018
1.0728570309,0.1128200313,0.8470129696,0.4698744831
0.3966312023,0.8541189571,0.2707230573,0.4311745731
0.3252764536,0.0155769543,0.3319004011,0.5345191637
1.4044384180,0.7051076301,0.4892282824,0.2099729294
1.8351653690,0.7531487709,0.7759055839,0.9975731716
1.6944449456,0.5646397976,0.7588495752,0.0659122553
0.7898930385,0.8208326496,0.5670313401,0.4343335887
0.6543268917,0.0770258563,0.6581773075,0.9262079556
1.0583869132,0.2504065274,0.2746322833,0.6646848071
1.4211674938,0.6210276855,0.1770826923,0.3275680235
1.3561044265,0.2640106545,0.9495918783,0.0909093075
1.1980437478,0.5007472507,0.0997362461,0.5303600327
1.5447576567,0.6278980232,0.3630348699,0.0310182587
0.7327472838,0.2899541637,0.0145989132,0.0935676507
1.4662054281,0.7095840000,0.2125018224,0.9114795009
1.4716445214,0.8638007963,0.8778121303,0.9770838877
1.0980827921,0.7551860128,0.5076564679,0.3836869075
1.3710458095,0.3076674806,0.5530825565,0.6790474705
0.9142098230,0.8226789510,0.8747334766,0.0474419628
0.0886470539,0.9839460129,0.2679608897,0.2396891336
0.4265217227,0.8812096564,0.2937254620,0.7455709646
0.4933744139,0.8465147358,0.3390614727,0.0805808089
1.6844290733,0.7136393435,0.6312861370,0.9299580570
0.6875750685,0.8593325313,0.7100013558,0.0487709992
1.4557156465,0.5773662881,0.2833372855,0.3020760634
0.6000838590,0.1368893516,0.1408904427,0.5541567047
0.5611204989,0.8914923048,0.5817029988,0.3166689876
1.6269416768,0.5105308062,0.3971063082,0.8646685997
1.8661088297,0.4786979832,0.9677774742,0.9224261053
0.2938326534,0.8841827908,0.2130758502,0.1043148051
0.9778451029,0.1641175264,0.7054631255,0.6215174334
0.9683270859,0.1961202410,0.5062813665,0.9741895947
0.6068903908,0.7749037934,0.0543825386,0.1942184422
1.3581090588,0.1779072533,0.9835804300,0.5779284959
1.9930357416,0.6512527508,0.9207454948,0.9752867137
1.4991202876,0.3427170970,0.8465899783,0.3227558266
1.2495090529,0.4400485581,0.4336282055,0.0902987144
1.4046420122,0.3775468187,0.5157264387,0.1336612065
0.5241724172,0.8741599690,0.4763426641,0.2974707440
0.0820743989,0.9489193083,0.1010048296,0.1531673070
1.7086040146,0.7272456858,0.7930820511,0.7813943339
0.7407733589,0.8763597953,0.6375747638,0.7138136097
1.4817374782,0.7081340905,0.6394709489,0.2323563889
0.6442594787,0.0377179448,0.9671676320,0.9253478370
0.8806605258,0.0989192987,0.6146379785,0.2367923561
1.5320326086,0.5375359606,0.3745603581,0.7134139177
1.8336586113,0.5568765939,0.7748883917,0.0137622690
0.7989906701,0.8371308768,0.9712811083,0.2266982396
1.6087690007,0.3772989819,0.6861812743,0.9601439193
1.3739312320,0.2442448006,0.8217707560,0.6606194027
1.3918331435,0.6327524456,0.2055107378,0.3733602077
1.4664718890,0.6416728512,0.2653822399,0.6970853192
1.6995743898,0.3868479588,0.8028556809,0.6293307739
1.8100393658,0.4612882839,0.8178776051,0.7479906279
1.5736222801,0.7944514193,0.8526034316,0.8715862518
1.4374025939,0.3162344440,0.6123604660,0.7668264121
0.3373909132,0.9280514522,0.4275894720,0.5055082264
1.1522763504,0.2553469298,0.4753241192,0.2646607028
1.3161769510,0.4450721210,0.3671405089,0.4184159614
0.2733815440,0.0064881982,0.4199247691,0.8246275676
1.5834328834,0.6868784836,0.6171010436,0.3784722560
0.8203180024,0.3309434776,0.1632286493,0.1905268347
1.3061993518,0.3612799110,0.5211927676,0.3971711087
1.2490412399,0.2034092942,0.6448795000,0.0477221874
0.8932555932,0.8033501954,0.1246720847,0.8133637476
0.6016477260,0.1890736838,0.0426821917,0.3439174628
0.5948812860,0.1198408139,0.2339616693,0.1474290510
1.8622005839,0.6502696445,0.8623725088,0.5232923661
1.4396425083,0.6926205100,0.3810103681,0.6516696423
0.8765963984,0.1857976094,0.4055901189,0.8589464897
0.3851142650,0.8654134616,0.3481368376,0.3202897781
0.6991106843,0.9370652135,0.9579043684,0.0363681208
0.3449530090,0.0570073820,0.1589144176,0.7444317302
0.9633005431,0.2072356700,0.2220171054,0.8937047363
1.2927715592,0.2851172811,0.4210607726,0.8068118475
1.6182325775,0.4810717874,0.4219719536,0.9967646518
1.5985177561,0.3814014060,0.6490826057,0.8272770690
1.5451586262,0.1843605962,0.9171164806,0.2312563902
1.3844102147,0.1972865007,0.9913854919,0.6331019944
1.4060226806,0.7404366138,0.4164771356,0.8106073559
0.6744732777,0.7646401350,0.0673372368,0.2788740123
1.4416785796,0.4099015334,0.5051597547,0.1564264505
1.3914833104,0.4152148678,0.1863780736,0.7494644492
0.1713695368,0.9592763019,0.2343648451,0.3174799363
1.7594995447,0.6752269963,0.8754506957,0.3531335923
0.4373229089,0.1205516919,0.0048805009,0.9858782219
0.9137476732,0.0864517316,0.7434774104,0.1412085149
1.1246759714,0.2524778299,0.2458420881,0.8701909906
0.6731858158,0.9799830921,0.9089093271,0.3113700541
1.7627635706,0.5453495614,0.6985212703,0.2570822137
0.8248501612,0.8083773209,0.6349002265,0.1747397427
0.6732055685,0.7563557498,0.0038180342,0.2971731162
1.8606838148,0.6968959761,0.8452349506,0.9475601874
0.7487627496,0.0470520796,0.7271575006,0.6128201573
1.2816270434,0.2410279347,0.5767147550,0.2461092190
0.9574373143,0.7561398661,0.2886902507,0.0039525497
1.6209662228,0.7625259087,0.6156081932,0.9124152615
0.7800691553,0.1454865692,0.3645712473,0.0331578080
0.8891615816,0.2461926690,0.0492300751,0.6581405144
1.3200120475,0.8136627631,0.6167539930,0.9016805864
0.5182482352,0.0863689953,0.2798032176,0.3752859378
1.3229020429,0.4655607296,0.4374775383,0.1142147057
0.4300304780,0.8462928200,0.2638308912,0.3989922193
1.1749111066,0.2450198320,0.5516436352,0.0251005789
1.0565528119,0.2528696670,0.2497757956,0.9117606364
0.0833377099,0.0104131755,0.0555735912,0.7922461700
0.5992792424,0.0104555272,0.7074630286,0.0086917600
0.7530360956,0.1315834782,0.2967847640,0.9227139721
0.7650124388,0.2878375537,0.0079426222,0.3567245603
1.4215758684,0.4864924066,0.0897702991,0.7647307093
0.9204856133,0.0747547052,0.7195417247,0.0733106748
1.2587574765,0.7014842010,0.0292487553,0.7931609190
1.4239541102,0.2419515324,0.9476892536,0.8414077911
1.4674749929,0.4568297525,0.8240577580,0.0415625666
1.3980367737,0.3819699868,0.3996551743,0.6734529381
1.1258827403,0.1667850943,0.6189378413,0.4471658744
1.7338222736,0.5315763349,0.5453040408,0.7984379635
1.0714081658,0.3579883521,0.3247223641,0.0306645396
1.7212337125,0.6857211374,0.5272903931,0.9135998883
1.1628501023,0.2083490254,0.5787045412,0.8289898010
1.8257685817,0.5553970583,0.8461228145,0.7454596841
0.6224004357,0.0533525378,0.5293372632,0.1806239522
0.7109678283,0.1029334543,0.4322756986,0.2672795384
1.4900815192,0.5329903009,0.5096792235,0.4848576307
1.4254203735,0.2201301195,0.9018482940,0.6581690295
0.9459836851,0.8002674040,0.7104381126,0.2499610466
1.6138080347,0.6066914863,0.2855562785,0.0019739369
0.2235407180,0.0186587513,0.1751392719,0.3852995140
1.5624744222,0.4516954832,0.8981644690,0.3343488659
0.8122079586,0.1617700711,0.3565666230,0.3181457150
0.7269644848,0.9458124219,0.9694709531,0.7783112455
0.5144995036,0.1049081217,0.2327521008,0.3540402612
0.7056465043,0.8620086992,0.5491407412,0.6950647120
0.9675923204,0.2957406633,0.1102735469,0.5271943240
0.7366428825,0.8287879881,0.6122206424,0.1155681750
0.7626866580,0.8866355076,0.9833528362,0.2097749156
0.5224172626,0.9947707277,0.6638539604,0.1922183620
0.7234827096,0.7708299336,0.1413016178,0.4282108102
0.6168810033,0.9543985819,0.9367431657,0.2953427539
1.4222631242,0.4504918304,0.3720099504,0.5237376581
0.6814477520,0.9638742549,0.7621169299,0.8526087802
1.4907815125,0.7241670368,0.4680313769,0.8296864289
0.3229122481,0.0662241643,0.1240477306,0.9688582147
0.6509965547,0.8314089620,0.3846017624,0.7255251824
1.4766628265,0.2358025297,0.8139614691,0.4438245716
1.3670601951,0.4004245060,0.4811712720,0.4097098863
0.5154797046,0.0316891376,0.5983785473,0.2424182102
1.2818552578,0.6471667421,0.0994519116,0.6512694941
1.8538358748,0.3939360652,0.9388764053,0.9629510697
1.9108961418,0.5262531559,0.7306852007,0.8257513317
0.8274313062,0.9588374639,0.6640926309,0.9306832466
1.0907692756,0.8701300413,0.8957492774,0.8255399637
1.1776153950,0.5496181559,0.0019279213,0.3328648613
0.3413484793,0.9361407760,0.4358874598,0.1062005905
1.8721404565,0.4260421849,0.9219864720,0.6772835370
1.1534336169,0.6706673595,0.0115176689,0.2334813887
0.9234346559,0.2590854041,0.2208365466,0.3022919464
1.3190998826,0.2008952178,0.6853441764,0.2156157514
1.0027540285,0.4041341999,0.2102775673,0.4006711090
1.5631221786,0.5477685135,0.1449303385,0.9739399019
0.4111696995,0.0240715226,0.4209384892,0.1500037345
1.3023447457,0.6788909152,0.2926484477,0.0711506117
1.3433464296,0.3287895557,0.4318147567,0.9665752160
1.8842012383,0.5580761049,0.9094044123,0.5936035476
1.3758070813,0.7014740142,0.5745990981,0.3981074538
0.3823879593,0.9907817685,0.5349272088,0.3279768130
1.2402655595,0.8636478348,0.5072312869,0.9561660334
0.4418181004,0.7880281361,0.0261488378,0.2249083400
0.7498765722,0.9049294270,0.9377614078,0.7401112330
0.6087084945,0.0912942752,0.3666921294,0.7811406181
1.9664773043,0.5359373821,0.8384638226,0.9533654676
1.8190852756,0.6620206503,0.9449724449,0.3299574422
1.0542059562,0.1214690535,0.7490419146,0.4253052027
1.4344293498,0.7183992050,0.7129086984,0.1715204101
0.6766977976,0.7900216848,0.2120478542,0.5414783002
0.3693479078,0.0451092346,0.4144965538,0.5743281296
1.0567021981,0.3419619572,0.2713326775,0.3990786702
1.1044284245,0.4651910739,0.3011311678,0.1517780534
1.2777500634,0.3066835699,0.4260552283,0.8203546014
0.6004070237,0.9233855982,0.9120243885,0.5153166757
0.3631640055,0.0990247845,0.0450676958,0.5195515413
0.8654098253,0.1489556032,0.4591814200,0.0504814728
1.2283293837,0.4292550334,0.4136396205,0.2770808020
0.7832302972,0.7889164340,0.4025775652,0.1180065542
1.6762639757,0.4798388457,0.4257852985,0.9849615046
0.4820382577,0.9073532950,0.1363274504,0.8454966754
0.5092466243,0.0550330372,0.4688986501,0.1151570720
0.4672952380,0.9798853194,0.5904180781,0.2083400914
0.7631425485,0.1134929439,0.5003271055,0.5733976568
1.3202432957,0.7461392406,0.6225078689,0.4513066713
1.9765986972,0.6361614223,0.9387562057,0.0685685379
1.2655919351,0.6894188624,0.3013146792,0.0139961192
0.5365057327,0.9521973895,0.5927730465,0.7954862241
1.5572081375,0.5105034821,0.4270570197,0.6508031395
1.3190040085,0.2786343274,0.6078264563,0.1166677914
0.5301729352,0.9908254341,0.6227641675,0.0673663753
1.3087689408,0.3889007378,0.1462738202,0.9634377562
0.5546741377,0.0289424718,0.7271215817,0.6424745486
0.4895093381,0.8713606654,0.3691242767,0.3439520303
1.3064515377,0.2298595904,0.8072895797,0.7359632070
1.7188622162,0.7727380402,0.7538350288,0.9231622187
0.8913776158,0.8009740317,0.6089413253,0.0990946673
1.3918301107,0.3262953933,0.8738855753,0.1308290703
1.3572054831,0.4062196232,0.0738905255,0.9009126140
0.6318913832,0.2762261511,0.0016821884,0.1956148338
1.9543814003,0.5292873452,0.9299884260,0.5720802937
1.6308483854,0.4136560391,0.5051940390,0.9965749304
1.8282316192,0.5071948413,0.9808360741,0.4862334299
1.1604509590,0.1472236593,0.9200469352,0.4385937605
0.9096359404,0.4664809509,0.0799891970,0.0669542594
0.9629703599,0.2677754682,0.0801413426,0.6465016074
0.9906654958,0.1497430269,0.6037343257,0.0722252424
0.9927370610,0.7299804988,0.1006560374,0.3822517122
1.1562664439,0.2587809709,0.3280224146,0.9215853203
1.0673954699,0.2058502486,0.2652943053,0.4721580650
0.8892304288,0.8013606407,0.6219816134,0.4370680665
0.2835096758,0.0552716652,0.0415042512,0.7171191713
0.6179463172,0.9812533660,0.7786937404,0.5097174719
1.7730944737,0.3858786265,0.8194635175,0.9492434493
1.0748362676,0.1395562129,0.9516101431,0.8230467809
1.1677252233,0.6807367648,0.0411830870,0.2152421650
1.0792541331,0.3094160674,0.0413126457,0.7496314436
1.5640967854,0.6040146917,0.3453339076,0.0223265518
0.5722124298,0.0053734702,0.7332209790,0.6162338300
1.1908313814,0.7034982574,0.2218010002,0.4223684910
1.2000821693,0.2473763331,0.5171455469,0.6456533453
0.7826707004,0.1881073605,0.1259697536,0.7077986736
0.1936211924,0.8789191116,0.2331306845,0.5184641926
1.7078059888,0.5437890787,0.6584073265,0.6737093279
2.0357163476,0.4865309323,0.9750369833,0.9786986243
1.5451137805,0.6510834800,0.3576703052,0.1001167310
1.0785701622,0.7277089488,0.0248166754,0.7386338305
1.1778776749,0.6944803768,0.2419009994,0.3015732787
1.4837795578,0.6396296520,0.2644107804,0.7520310509
1.3230581654,0.7313586772,0.6444860312,0.3290372304
1.3730418236,0.3490449962,0.5033626165,0.1783140913
0.9033174086,0.4355536279,0.0583160014,0.2810906248
0.3142618106,0.8803812846,0.1297980888,0.3577911377
0.5936344357,0.8855498917,0.6914835400,0.2503439676
1.3315215634,0.5373880504,0.0256049896,0.6449829037
1.0284880595,0.8733094138,0.6908581658,0.8515640536
1.1730064645,0.1774732797,0.6903353988,0.7255520654
0.3714432736,0.0449036383,0.3448595871,0.6999620004
0.5375036990,0.9924392770,0.6397814470,0.5228619403
1.6772827106,0.5199858730,0.9504617262,0.3209214051
1.3978031136,0.4881305040,0.4317060913,0.1892647636
0.7191282656,0.8015932617,0.3688230358,0.2637870224
1.3196540985,0.3960725273,0.0305931567,0.8447220493
1.6686756853,0.6279954676,0.5386110026,0.8073915250
1.0960034806,0.7377084052,0.3318720674,0.1038708207
1.3026863990,0.7427825888,0.6555052090,0.3171417685
1.3721533345,0.2099467179,0.7601251352,0.2238510247
0.8432183717,0.1969191139,0.2169473343,0.6211458901
1.6044554498,0.5630762218,0.4175551131,0.6600152679
0.3077757389,0.0529386437,0.1408737773,0.3049456641
1.8520752553,0.4816055160,0.9814675278,0.4597339743
0.8174713369,0.9028285119,0.8536386552,0.7761696741
0.1399311233,0.9880906648,0.0233423574,0.7650836844
0.5950552560,0.8563152785,0.4953048432,0.3307290516
0.9025663823,0.8614902173,0.9043313329,0.4370179201
1.6447090515,0.4484559317,0.5415231929,0.9174202680
0.4861443235,0.0955519740,0.2601190206,0.2524460297
1.8421827113,0.6562499073,0.9522261523,0.5377473469
1.0914396906,0.0782564842,0.9336909097,0.3190101391
0.1467525849,0.9446466062,0.1317012091,0.5701666204
1.2080256122,0.2919351781,0.4172998567,0.5298553450
1.3435854711,0.3919999206,0.7172383939,0.2446647620
0.8105317156,0.9437190514,0.6417683105,0.8420683397
1.5374362247,0.3414968403,0.7349444632,0.6157118715
1.1436530072,0.7806018818,0.9225489900,0.2982602382
1.3260096626,0.4165152412,0.7861968233,0.0692844380
1.2187961060,0.7356122563,0.2040088897,0.8311761332
0.9217154713,0.4917738785,0.0019085038,0.1196748125
0.8263753747,0.3116080258,0.0532026598,0.2312393523
1.0638800596,0.4196057424,0.3158034312,0.0117073579
0.9814438146,0.7365714793,0.0526589431,0.5905875944
1.7430705221,0.3348557278,0.8329088716,0.5089129497
2.0103276906,0.4595275733,0.9484752741,0.9571801514
1.2083795615,0.1328420236,0.8622623860,0.4131026432
0.3467106388,0.8580962847,0.2769700082,0.3257646413
0.8958686986,0.2733360593,0.0114753395,0.8310967729
0.4882143168,0.0012802164,0.6392593008,0.0174276645
1.5269251979,0.4619483805,0.4050187317,0.6262447644
1.3460154615,0.2560806683,0.5779218812,0.4593179959
0.8447735094,0.0533895681,0.9705560857,0.4500267649
0.6919617692,0.1782711583,0.1679793536,0.1620162404
0.2779130259,0.0423413715,0.1806247635,0.3811467953
1.3036077772,0.4066700494,0.0981994095,0.6045662897
1.4701855974,0.4587633957,0.4248829606,0.6565761355
1.0435520912,0.0668382052,0.9864373938,0.4914125340
0.0425694348,0.9580339160,0.1322133059,0.6189848140
1.5785237046,0.4040881954,0.5435500228,0.8351271862
1.2611211125,0.5050472549,0.2817867860,0.2136864638
-0.0521036513,0.9217042371,0.0058751449,0.1896163707
1.4756204641,0.7092767699,0.6590473488,0.4785728304
1.7282847836,0.7636084869,0.8929427095,0.8989832775
1.5505331003,0.5928562439,0.4480964272,0.7092983179
0.4071396997,0.9413548260,0.6745370020,0.1099799923
1.4289696629,0.4714185742,0.6544132421,0.1490302921
0.2285588683,0.9348395616,0.3542276669,0.7056282204
1.1990617687,0.5191826516,0.1091516580,0.0180706681
0.5822667181,0.1294446918,0.0622492502,0.2665060601
0.8526782827,0.3940188292,0.1237413307,0.2827483793
1.3785007947,0.2436479959,0.8116328671,0.7124004935
0.9179382228,0.3543216810,0.1081738226,0.2919779275
0.8657580901,0.2750338903,0.1632930822,0.0938659756
0.8899439907,0.2237840901,0.3001591607,0.0304981600
1.4018634094,0.2006732504,0.9783371100,0.3713523982
1.6089469921,0.5959077219,0.3629992619,0.2046285638
1.4981599199,0.7326995064,0.9204412030,0.2738007147
1.7167423065,0.3248886598,0.9910697025,0.5253760315
0.6718736642,0.9012561195,0.4723374487,0.8122941402
0.7772857076,0.7489820550,0.1092850773,0.1773691794
0.5930453328,0.0557007588,0.5799367790,0.7184413447
1.1941337905,0.7212919600,0.3733676201,0.2360263922
1.7847714607,0.5687133102,0.5445768188,0.9620965752
0.8938962424,0.8370720645,0.7970653361,0.2346053908
1.4949554872,0.4459926163,0.5075685375,0.4743367505
0.7679925529,0.1142795454,0.4045912678,0.7791207219
0.5983254349,0.8590720831,0.4532793079,0.6583501723
0.6093920790,0.0419915428,0.5851716110,0.4663789182
1.0201238256,0.2324367668,0.2508029849,0.7922449006
1.3516246663,0.7543916476,0.5643269485,0.7758279704
1.4467215753,0.2444453200,0.7562237736,0.3835500022
1.0547369448,0.7293981731,0.4099551391,0.2204035893
1.3075467911,0.7609808974,0.9818240069,0.2798015758
1.3089603220,0.3093474972,0.3806860537,0.6239677711
0.4723388015,0.8612139918,0.0291360924,0.7875596391
0.7061872784,0.1194497245,0.3967876916,0.9686802122
0.6949646521,0.0010654499,0.7763339909,0.0070289774
1.4764179564,0.6522693478,0.4575847034,0.6497534554
0.7090342614,0.9080469907,0.9622086106,0.6330980541
1.5421055606,0.5766907416,0.0763664350,0.8683780939
0.8207186674,0.1034896682,0.5732419241,0.8192567976
1.0287805065,0.3048549924,0.0588614757,0.4555591606
0.7152766441,0.3644531980,0.0404655355,0.1661288631
1.4213505992,0.7049211324,0.0728703574,0.9370564995
1.1793531960,0.3661334328,0.1171412414,0.5945208844
0.8577953499,0.2818443361,0.2452339505,0.1935388188
0.4125790082,0.9872140016,0.5502611814,0.4270901322
1.7940562892,0.5879810238,0.8707880730,0.1043867280
1.2815576739,0.2286615017,0.6540543903,0.2875439463
1.4049518707,0.1942190470,0.9265167909,0.6265150668
0.5060410738,0.8323525940,0.3290318099,0.5693861074
0.5566201664,0.9860688441,0.7636421145,0.3768499359
1.5272720303,0.5840124313,0.3559659185,0.2310742933
0.5896654924,0.1097783049,0.2163603165,0.9527566449
1.1044622847,0.7302730828,0.3107211886,0.0985567938
0.6453302928,0.8020250934,0.4177386303,0.2153708892
1.5730520037,0.4386062650,0.4302423753,0.7500609536
1.8704368291,0.5522094714,0.8531685866,0.8351746419
0.9284176034,0.7771776502,0.4619672581,0.4350794184
1.6478704772,0.5727506008,0.5522063776,0.1344979226
0.8402477166,0.7770235923,0.3661777984,0.1162234393
1.3034369156,0.4993704315,0.2802957758,0.4029557379
0.4799641864,0.9418471741,0.6050458347,0.0279593335
1.4962842999,0.4806697640,0.8552484893,0.0462057559
1.7175615498,0.5322674067,0.5948540310,0.5775449961
1.7538763903,0.5889339451,0.5130421215,0.8485726589
1.6804467748,0.5367684817,0.6150183614,0.1661609871
1.2418447633,0.5070562949,0.0903896900,0.4943626826
1.2534653649,0.7787703195,0.8318935056,0.6435674577
1.4840902124,0.8482714215,0.7585373213,0.9796235136
1.7490617370,0.4889801490,0.5598024463,0.8091351973
0.6459145906,0.8059830181,0.3561824434,0.3760740174
0.9430391345,0.7657905972,0.1247295010,0.7566603273
1.8498939325,0.6310875810,0.8639591256,0.3759903144
0.9674162732,0.1071157840,0.7014841166,0.0996234890
1.7424493600,0.6304632383,0.7524349930,0.0434179346
0.6735657410,0.1637326020,0.0733363576,0.2839780244
1.7673285975,0.4377746203,0.6911714063,0.6679742426
0.4035972649,0.0228032909,0.4967593461,0.7239451377
0.7143081596,0.1838069289,0.0769385263,0.4026105576
0.7791561019,0.1855507468,0.2216523246,0.7075211642
0.5169817905,0.0212815763,0.5883148686,0.5392525292
0.6491710509,0.0640852762,0.8220867014,0.8430392304
1.2509365737,0.1621827014,0.8541372163,0.1382649746
1.5025054010,0.2221939753,0.9771104420,0.5779816984
0.7785850308,0.1765798191,0.2342425949,0.6409206986
0.8931785917,0.8091558893,0.5795245781,0.4188172471
1.7189301445,0.8111814340,0.9529589715,0.9520835759
1.5660093248,0.4317888833,0.8437331143,0.3114013834
1.5952817940,0.4818833893,0.9158105503,0.1524385432
0.9558619652,0.2364821958,0.2359634978,0.6197539784
0.9347173279,0.8471025181,0.9404120485,0.2832225154
0.8772104832,0.0907292254,0.6721333013,0.1218814499
1.7115797603,0.3164845391,0.9369387497,0.5579682782
1.5522408552,0.3628303522,0.6039196466,0.6292333640
0.3074965703,0.0360963500,0.3612743854,0.6391900638
0.2085589739,0.8715734888,0.1761885659,0.3822092635
0.4702303979,0.8362148341,0.2034086412,0.1257464606
1.0843022078,0.1623379422,0.5618050776,0.9791038819
0.7052758380,0.0364875375,0.8032612591,0.9277457355
0.8462892947,0.2356569698,0.0011642021,0.2146058448
0.7771500066,0.9422922131,0.7437251108,0.8823246564
0.6861017748,0.8807455082,0.7176420486,0.2386371331
0.2758969654,0.8405255160,0.0201014509,0.1198393504
1.1091521032,0.2803438505,0.2720277005,0.5277639557
1.6434429680,0.5215003549,0.7466517730,0.3669219552
1.4785972522,0.2242799673,0.9125200574,0.6755089934
1.3153677912,0.4335435642,0.0516370312,0.8906535245
1.3708393376,0.7232372351,0.6531254152,0.5218338199
1.2691220965,0.6274940608,0.0841184131,0.2783042269
1.3902069901,0.2360233514,0.8362151720,0.3696261445
1.2993737053,0.2829004989,0.7467007368,0.0859069599
0.2359072996,0.8867872304,0.2376731303,0.1203726409
0.7091300597,0.8712426137,0.8539428376,0.3620654149
0.8864018982,0.1200400223,0.6260712837,0.5200050163
0.9429532296,0.3307204250,0.2103237863,0.2395614509
1.7946983968,0.4030356475,0.8980878507,0.7343281212
0.7299329575,0.9699032589,0.9454011583,0.5579808442
0.8712863758,0.9523545361,0.9934923256,0.8456694661
1.2422764370,0.4194764786,0.0522352853,0.9683255084
0.8559699657,0.1577036058,0.4020091808,0.1728387532
1.3583854507,0.2063388591,0.8472807177,0.2341330101
1.5870052668,0.6814969819,0.7026951643,0.1212780354
0.8528850105,0.2471637265,0.0039419038,0.8879057901
1.3696053216,0.5255231609,0.0089753535,0.7141029621
1.1442602190,0.2079643525,0.5242995759,0.5389702971
1.4936433113,0.5443462678,0.4333898170,0.3827776167
1.4130898350,0.4694648178,0.2000633987,0.6279462141
1.9049757070,0.7128367188,0.9491287880,0.8971992256
0.8831840554,0.9448110526,0.4710784767,0.9705359586
0.8853316574,0.2147450680,0.2030089330,0.3308827652
0.7452377658,0.1448503401,0.1658187247,0.8455519068
1.5062357670,0.6053114856,0.4625137741,0.5284355509
1.7500738872,0.4247637079,0.6645199729,0.6766498023
1.6411117487,0.4964610706,0.7910246208,0.4079456248
1.3862676074,0.4090436391,0.6984545208,0.2836644300
1.0121731067,0.0589301943,0.8973302419,0.2425971598
0.4057182404,0.9568165346,0.5517855006,0.3773687909
1.1871774289,0.5501817157,0.0209003773,0.1233458739
1.1906850518,0.1279116038,0.9689876491,0.6791054456
1.8075343389,0.5383569849,0.9048472881,0.5341799384
1.4400506952,0.3967555420,0.7841791391,0.3887127743
0.7041287704,0.1664926830,0.1288065460,0.1144059449
0.9770737995,0.2139212964,0.3091749776,0.2266195093
1.1278092268,0.5154356113,0.0856438355,0.1794472133
0.8119010596,0.0859658426,0.6653707651,0.1395285571
1.0568042157,0.2256114309,0.3934474379,0.1908037775
1.1803577572,0.7688346022,0.8690683221,0.2143638382
0.1545630947,0.9981844996,0.1148058491,0.5422535372
1.4090068613,0.3212508542,0.6104939152,0.8938557928
1.4674137441,0.7110005864,0.7175647644,0.0964954458
1.4039485227,0.7619830288,0.2495181224,0.9069381888
0.4468646002,0.8424079801,0.1042738057,0.7067703249
0.6817088651,0.8775350079,0.7359696855,0.1413480109
1.2276757252,0.6357459340,0.0557614508,0.4274630583
0.6862914117,0.9546802168,0.9456236537,0.1910467437
1.5377415511,0.4800398684,0.9295979750,0.2029086504
1.3676743463,0.5118214185,0.3983739965,0.1195759667
0.5058860604,0.8645030841,0.4842755210,0.1718160859
1.6937422693,0.5544812216,0.6080164887,0.6697273875
1.2408587688,0.1676494626,0.9317688271,0.5384935143
0.5521583763,0.1302843068,0.0924133686,0.4318186859
1.0775700868,0.2303622910,0.4037364419,0.2510630484
0.5794853757,0.8001595687,0.1601565256,0.3676774246
1.5943658198,0.5847983571,0.5000459224,0.4403923828
1.4242313678,0.4664049961,0.7305895038,0.1848885797
0.2734883190,0.0246113469,0.2599185977,0.8140091618
1.9514528907,0.5157793879,0.8181542377,0.8213111993
0.6485097442,0.1066657642,0.3327136512,0.0841592852
1.3585990941,0.2959504943,0.4208583810,0.9788944547
1.1166249317,0.4979031074,0.1176511706,0.2658783896
1.0535211028,0.2124217369,0.4957615834,0.3271152113
0.8004092448,0.3992373949,0.1444440861,0.1992266549
0.3665267829,0.0379594607,0.3131379336,0.2630735220
1.9822661855,0.5754727492,0.9310552067,0.9410751526
0.8975173611,0.8022319461,0.5527770566,0.0640340842
0.1338607429,0.9188316337,0.0862842443,0.4645329796
0.7720716409,0.7984503075,0.4563425060,0.4328076446
1.6008126280,0.5488889997,0.2968141893,0.9647989185
0.5304437583,0.9669903541,0.4193943041,0.8640725202
0.1413377135,0.8511217798,0.0607619566,0.2756984146
0.7940270010,0.1487028602,0.4200397970,0.0801052992
0.3101434698,0.0594342359,0.1165071687,0.4168160052
1.7857599841,0.5065375437,0.7513179929,0.6873039245
0.8936709602,0.4299378184,0.1217778930,0.1064342235
1.6436539397,0.4088018790,0.5356385550,0.8970711717
0.4997633122,0.0450806709,0.5148844200,0.2287972336
0.9123465446,0.1882968574,0.3839315401,0.1842964621
0.5605566814,0.8101585989,0.1042559571,0.6148953670
1.3560028909,0.2418772349,0.6131689222,0.0767279756
0.7101053404,0.4124891747,0.0481698869,0.2665555645
1.2823084445,0.3297363945,0.8676466100,0.1748115266
0.8473781991,0.8630780638,0.6417889695,0.7474855178
1.2876331852,0.8270416754,0.2016817800,0.9978822916
1.4376048486,0.6298404165,0.0360394217,0.9803570670
1.9605146949,0.4585267866,0.9037887143,0.9577845779
0.7046644745,0.1008250706,0.4258767278,0.0455416095
0.6584882012,0.9232031535,0.8110048532,0.6064437682
0.8944682104,0.7834210798,0.3996325199,0.5746333089
1.4406289863,0.5468207560,0.3759592047,0.1807568888
0.9808413373,0.2617758356,0.3287134139,0.2233474236
1.0124078335,0.3122005057,0.0495024860,0.6308816221
0.3678268893,0.0831079054,0.0305074739,0.2170116693
0.9093694037,0.1812807690,0.2437471886,0.4559455806
1.0436124051,0.4661694712,0.1969688326,0.0051256065
1.5330572160,0.7880922663,0.7421756727,0.9335985164
1.5371937145,0.5118386745,0.4839424970,0.4645210043
0.8744361895,0.8964256426,0.9322074667,0.7532827708
1.5616526436,0.5483294523,0.3333513730,0.5822208892
1.1829414424,0.1821957882,0.9668259472,0.8886828276
0.6408762910,0.9703519261,0.9572752196,0.7543112904
1.7334397127,0.6692424870,0.6769509288,0.8512754560
2.0101500404,0.5988691522,0.9393077435,0.9412535598
2.0216866282,0.5559103924,0.9980183214,0.9502456974
1.5841361203,0.2923603838,0.9264121447,0.8299451898
1.1012647719,0.2555594351,0.2630107447,0.8829251854
1.7082403763,0.5383401960,0.4020515394,0.9172880933
1.4085224895,0.2262741775,0.8723315728,0.6517640605
0.9387581678,0.1838723180,0.3446436471,0.0911958273
0.5535924835,0.8111628517,0.2458754441,0.2639300759
1.7634561927,0.6103042285,0.7423059959,0.6114678252
1.3715697827,0.2389751627,0.8419114594,0.8975208780
0.4590156326,0.0593820605,0.3727512836,0.5273464728
0.8750051316,0.0845747528,0.6537254772,0.2852827194
1.4194414341,0.6817278983,0.1817770809,0.8045859270
1.4876147750,0.4618400363,0.8616547442,0.2680685958
1.5771106723,0.4794691254,0.6291289032,0.5529182784
0.8196146864,0.8516682101,0.3959330749,0.8133331655
1.4280043099,0.3095716727,0.6280402355,0.9846604318
1.5312101768,0.5119486238,0.5370953394,0.3286792700
1.0608912452,0.7817411624,0.6168117890,0.5924815064
0.3991430073,0.0376279259,0.4963469580,0.9427482617
1.5648043200,0.3783834812,0.6110672225,0.6605975339
0.2453831133,0.0514878639,0.0606974237,0.6006892689
1.0525243552,0.0967100795,0.7464923782,0.2687057017
1.4822776194,0.5537226726,0.4685915728,0.1404105422
0.9572675447,0.0518658076,0.9739536139,0.7144739185
0.9985913616,0.7456527312,0.0514492582,0.7851605077
0.8589901841,0.8625284704,0.9298064065,0.2679865269
0.3269380859,0.9923525300,0.1313108260,0.9010539192
0.7901403171,0.7546500433,0.1796243608,0.2958848595
1.6852353790,0.5512297764,0.5502550777,0.9595141810
1.4831036739,0.4352525941,0.2365992340,0.9173669961
1.6501782708,0.5774718886,0.6345083358,0.1609119440
0.8343519563,0.8245770759,0.6835121534,0.1245828407
1.5832407363,0.5935192022,0.4480274842,0.2878093888
1.2665673400,0.4499892095,0.3572362609,0.4691376024
1.0982326761,0.7034390746,0.2107910461,0.3446263086
1.9110678224,0.5899932486,0.7264764635,0.8487685765
0.6670975707,0.1695785187,0.1800208740,0.6892572043
0.9419801143,0.3742133277,0.2564054875,0.1217847536
1.6724098809,0.3200353135,0.8695033894,0.4381893655
0.8212154340,0.8402122989,0.7497132309,0.3607971501
0.4418168242,0.9571994988,0.4927175961,0.3501003034
1.7853348873,0.6496600053,0.6813168044,0.6421827495
0.3100351887,0.0605303708,0.2540994365,0.9724216293
0.6257710239,0.1349522871,0.2789079092,0.2203620037
1.0916029697,0.4195390078,0.2969918493,0.1828768757
0.9401446016,0.4828712543,0.0462212384,0.2835374897
0.8092650619,0.2238884998,0.0377375742,0.8000064397
0.5800309990,0.9610382770,0.9978781635,0.6279282871
1.5635138640,0.5523331627,0.5161274261,0.4992224538
1.3710028970,0.8958348741,0.9860670374,0.9684017242
1.0795262969,0.8841651607,0.3928399420,0.9751932751
0.9550604143,0.7801447905,0.3718300005,0.5947301444
0.8965990612,0.7870897552,0.5163766477,0.1991599932
1.7861209355,0.4715129926,0.7294582941,0.9858206346
1.2273784490,0.2489197629,0.5500792851,0.6671807170
1.6347108911,0.6128864000,0.4791959197,0.6940725263
1.1257058483,0.7095103577,0.2175520714,0.6542969467
0.5679836254,0.8713551720,0.5193909504,0.4604039401
1.4505531755,0.4383696895,0.8464189878,0.3084982616
0.1113072224,0.9465553609,0.0911623906,0.4609921683
1.0543551864,0.1589404045,0.7001987434,0.7075999398
1.2223242261,0.4259023464,0.4184272431,0.1552741789
0.8378297399,0.7873251881,0.3397159570,0.1725327577
1.1183440173,0.1725332582,0.6598898722,0.4833420228
0.9486600576,0.7929637808,0.6306836659,0.1208483180
1.2039369846,0.8038039230,0.9040555558,0.7268765623
1.5674295344,0.7429605327,0.3944216268,0.9235558770
1.0275193881,0.7489640790,0.3394641441,0.2714780995
0.6645599857,0.3848329788,0.0562902292,0.0777813058
0.7979654300,0.8432033159,0.7374742261,0.6157633970
0.8496292659,0.3682146432,0.1728442242,0.2670744353
1.9019764723,0.4922362225,0.8495119702,0.8477564999
0.3215007573,0.9850591486,0.4406961247,0.4456520642
1.3442533507,0.7713444038,0.5537507238,0.8061052056
0.8000969339,0.8722705503,0.9763499079,0.1346315548
1.1745591139,0.2906247522,0.3441549415,0.9452381365
1.0231624659,0.1755126675,0.4737787601,0.5891285945
1.9502369776,0.4802201810,0.8814991150,0.8688656006
1.2225299731,0.7856129230,0.6528851430,0.7265221859
1.2134274976,0.2932490889,0.4546855945,0.2941020080
1.2468091977,0.1618791088,0.9910642954,0.6895020873
1.1465188476,0.3859879603,0.4500593377,0.1701837857
0.6320223475,0.0581130657,0.4659341427,0.3936176996
0.0398713308,0.9426087342,0.0818296243,0.3749137858
1.0328372721,0.7695246077,0.5621604651,0.2837186523
1.0433326192,0.3033556881,0.3274448383,0.1719911690
0.4942880537,0.8447908510,0.3371709401,0.5354571323
1.9212638111,0.4870813536,0.7974229967,0.7668222276
1.5532160012,0.5761359607,0.3784165072,0.0395738386
0.2774857459,0.0452157206,0.1393249615,0.3494688818
0.5616099483,0.9748485966,0.7436462241,0.0425178713
1.0530478613,0.7545264056,0.3921936120,0.5640989843
1.0698637909,0.7830559906,0.6920718569,0.3314970825
0.7401166312,0.9847355597,0.9595321938,0.8726421596
0.9006253519,0.1065175140,0.6653606555,0.1849532465
1.0858002438,0.1270530960,0.8752338088,0.4260180816
1.5030833406,0.1783370904,0.9214200431,0.1041296226
1.3296321607,0.6935140643,0.3259796507,0.6870186672
1.5560330750,0.3015408975,0.8977490238,0.5017777076
1.5114664224,0.4586337125,0.7078727350,0.1806460609
1.0119379885,0.8186623471,0.8123841040,0.2926436912
0.8090466990,0.0359056935,0.8305486181,0.1091492182
1.6457556659,0.3356570162,0.9654490602,0.9036938472
1.8593840624,0.6053124420,0.8791462720,0.0254687444
1.7228563229,0.4621593528,0.7068144013,0.6523726092
0.6674095667,0.9046270428,0.6415522103,0.0637654294
0.4117758591,0.0091228006,0.5256366220,0.1061900807
1.7260535270,0.3445142250,0.9586087217,0.9312430271
1.4220990973,0.8105608183,0.7449084171,0.9084149692
1.2626978248,0.8199968558,0.6113007185,0.8697171600
1.4408653926,0.3747938935,0.9133740352,0.2182860575
0.3865195556,0.0561693098,0.3419024038,0.7555966908
0.8344243815,0.0269522803,0.9837745102,0.5599402977
1.1137183291,0.3588277509,0.1505174710,0.6728517631
0.4785605664,0.0686192013,0.3687992137,0.5052079203
1.2363039098,0.7277095633,0.4053667696,0.6465993070
1.5592986827,0.2954763012,0.9866551574,0.9696222239
0.8577891129,0.0080426845,0.9711070665,0.0774621498
0.6190612507,0.8845759073,0.6768320634,0.1320952662
1.2236695866,0.2854346899,0.4831789146,0.6060499709
0.1648564291,0.0063913257,0.1927239344,0.3688224281
0.8760475559,0.1526023362,0.5119833950,0.9600233363
1.4978389419,0.2088642024,0.9038718323,0.7310262536
0.4728685343,0.9523010992,0.5341404413,0.0056169856
0.8855466609,0.7871208511,0.4465579258,0.2518167884
1.4392693830,0.3177760169,0.7278169624,0.4077586943
1.0193756365,0.3864625431,0.0123998712,0.4688221792
1.1744712067,0.1786860824,0.8594209827,0.6326577978
1.9564690143,0.5670692451,0.9331228346,0.4887905096
1.2821816448,0.5662344293,0.1909646521,0.7068515907
0.9156526650,0.7619209685,0.0032198732,0.7894321077
1.3073978112,0.6216433316,0.0426169350,0.1759142073
0.8994571384,0.0780467016,0.8687390821,0.8335880966
0.8048509292,0.7619806109,0.1140320108,0.3214698422
1.9630531384,0.4737734903,0.9289255632,0.7267237352
1.7924872885,0.3886590697,0.9776825252,0.5455564899
1.5016227502,0.5332380239,0.5900505120,0.4708365280
1.1677624480,0.2931146704,0.3057548137,0.5893775766
1.3953228756,0.4780263228,0.6553162287,0.3294440569
0.5331441453,0.9050343910,0.7190483992,0.3901607069
1.3447915089,0.4050410677,0.9399340444,0.2104584403
1.6943656755,0.6475837784,0.6259680093,0.1253178752
1.1852913340,0.3588589492,0.1278276018,0.7194749461
0.7468393938,0.7372233565,0.1210291630,0.0454698857
1.5385853323,0.5203482582,0.1553908119,0.8761931266
1.1112891430,0.1877437160,0.7028381986,0.8955724061
1.7207037768,0.6787295458,0.8293975671,0.6530031498
1.7393896701,0.3836533709,0.9048929473,0.8804307076
0.2770087839,0.9565889697,0.3581437145,0.3767584193
0.2428579979,0.8365971399,0.1247662909,0.5370699766
1.4961416406,0.2763239696,0.8363511310,0.9527728581
1.1534249497,0.8205565477,0.5048757762,0.8537063741
0.6494287896,0.8515490293,0.5132174642,0.3007759141
0.1799239019,0.8537121990,0.0757142792,0.5945196833
1.3679293640,0.5542785218,0.1217379722,0.7435734336
1.6141703686,0.3000010165,0.9529738402,0.3805084253
1.3879435012,0.4716211583,0.3521026344,0.5682472340
1.3458826203,0.3038386980,0.5611819765,0.5556702372
1.4058470503,0.7532875234,0.7672089376,0.6341858829
1.5140202961,0.2868821173,0.8718351532,0.7943404743
0.7357037567,0.8743530449,0.9304668536,0.3152408314
1.4888532437,0.5099913927,0.4849254785,0.3308253365
1.0285660248,0.2280666659,0.3476245819,0.6850256534
1.1070888315,0.3148965789,0.0628538993,0.6537191970
0.3720300789,0.0335006290,0.2955868839,0.8295562157
1.6977166701,0.4937345620,0.9769218606,0.3878521704
0.6248482364,0.7864752977,0.1302611153,0.1620939479
1.0380388888,0.7022109871,0.0999224736,0.1911142549
1.7988092068,0.6224616116,0.8180636874,0.1344864977
1.3308854274,0.6980820432,0.5433021697,0.3021996941
1.3972203096,0.7948201128,0.1494332793,0.9830250583
1.0422762701,0.2914323016,0.0661334926,0.8879961914
1.3415144458,0.2622379462,0.9580761489,0.0280209549
0.3804844983,0.0127791803,0.4324028284,0.2710146829
1.3451050267,0.3388154085,0.9974544782,0.1633694563
1.5861957244,0.4329913204,0.9601754818,0.3864895170
1.3387251409,0.6765620467,0.2205635928,0.5929809994
1.7319593686,0.5390053072,0.5917074449,0.8431937697
1.1024677778,0.4390634758,0.0163522984,0.5665434276
0.9960509677,0.7223438629,0.1767178393,0.1760118709
1.4729410830,0.6880359315,0.4598897117,0.5587928820
1.9078883970,0.6483513250,0.9546315678,0.5957814611
0.7649711806,0.1109573511,0.5486274813,0.4959142755
1.4428860769,0.5757397709,0.3194585408,0.4003330880
1.1050189181,0.3220586968,0.0761570547,0.8332892036
0.4138432163,0.0305320916,0.3565266813,0.0382460845
1.2748644653,0.1664082452,0.8615325305,0.2130686494
0.7377824121,0.1245302493,0.4595104225,0.1898624844
1.2826366549,0.7319020541,0.5858855475,0.0121878919
1.2464562315,0.3556001601,0.2634000095,0.5092928562
0.5202231268,0.9465723788,0.7137170100,0.2903901568
0.5096552371,0.8986860646,0.5025781526,0.2477934638
0.7799992682,0.8665157167,0.8052318358,0.4816904398
1.7435618695,0.4087619965,0.7666211656,0.8664473366
0.8970421242,0.2160666825,0.3202469062,0.3634772422
1.6730131831,0.5881154752,0.4051988911,0.8796648277
1.4631089097,0.7816367230,0.8156116577,0.8060903895
1.4094725970,0.4028789803,0.3763859363,0.5205145999
1.5088309676,0.5881127458,0.2540474324,0.0786828520
1.6020729965,0.4375813592,0.5081847882,0.9556793254
1.2555604209,0.3565351710,0.0919147593,0.8923076236
1.3050129335,0.4977592047,0.0952230114,0.6252226685
1.4025178342,0.8051158431,0.6377407867,0.8504732262
0.7958872074,0.1851024427,0.1403030873,0.1266296988
1.6367174843,0.3885146236,0.7029493914,0.9016545413
1.5888058323,0.7377794211,0.7266137120,0.8320255534
1.6088096484,0.7199128547,0.9674284672,0.4541012939
1.5389497934,0.4605768284,0.5585103663,0.5307868703
1.4338743493,0.4321975012,0.1300859442,0.8242814204
0.7405402029,0.8113809700,0.4580128593,0.0782686781
1.0197596337,0.2050951701,0.4202641953,0.2684069923
1.3499684541,0.4624516118,0.2773145452,0.6811539107
1.6454625799,0.7061002917,0.9418431572,0.2188305537
1.4643134097,0.5292858182,0.3126061084,0.4888661500
1.5700914456,0.2915426239,0.7677508178,0.5816787921
0.6165628336,0.1176156025,0.1843681669,0.8646197860
1.0677364216,0.1741250563,0.6446010470,0.8901873379
0.6731683831,0.9320738057,0.3208894490,0.9454621396
0.7948939840,0.2245378952,0.0409054502,0.8695397287
0.9956193220,0.4915979976,0.0166747672,0.3527744213
1.9296684135,0.5741460935,0.8815832585,0.8202972304
1.6983168789,0.7298222415,0.8570619176,0.7719348322
1.1534361232,0.7614629343,0.5724249438,0.1845634632
0.8651112395,0.7762536630,0.1973756971,0.6042029024
1.6105905138,0.6089046693,0.4790390729,0.3408111659
1.5195566162,0.4913075936,0.3901741454,0.6204488218
0.6342455229,0.1137106128,0.2873977378,0.4715127987
0.5714067052,0.9487432063,0.7611657503,0.7156182083
1.1328404172,0.1107996382,0.7871454014,0.2222486457
1.5071689106,0.4969540561,0.6746208815,0.0914872742
1.4938176459,0.7236794305,0.5635266292,0.8497648550
1.8395580154,0.5472965735,0.7127635907,0.8511581697
0.9502151684,0.1158585997,0.8256728761,0.8425819785
0.8939268322,0.0951831876,0.9501160913,0.9137697922
1.7600981454,0.5534855437,0.7403401345,0.2462993074
0.4391660612,0.9984189722,0.3731723678,0.8452409845
1.2475668962,0.6965356870,0.2982679396,0.1914418041
1.1425648666,0.7050175475,0.1454921859,0.0944496859
1.8319660954,0.5092279531,0.5628206028,0.8801511190
0.7060515733,0.8630581199,0.8778673206,0.0899164215
1.3200738871,0.5011251460,0.3860335527,0.0623754147
1.7981541840,0.4607573144,0.7193817092,0.6532845570
1.4773414085,0.5660806545,0.4810540235,0.0718370757
1.2697279554,0.1376329229,0.9241097479,0.3484616956
1.0368848868,0.1743825676,0.6412593494,0.7549717619
1.0247486816,0.2030113186,0.3215044187,0.9322024524
0.8614808885,0.2231207175,0.2198832197,0.9101366471
1.7421066737,0.3998566430,0.7561405219,0.7315566671
1.3057017955,0.1421851202,0.9358692279,0.2655417063
0.7576735510,0.0630342316,0.9499865854,0.9233411604
0.7983322048,0.8819969126,0.9994982855,0.1333527971
0.1802189495,0.0317842979,0.0795348115,0.8748687630
0.3496009998,0.8271363192,0.1612016460,0.4396913196
1.9521558688,0.5264513261,0.8653643698,0.8271447258
0.7172056006,0.0673067033,0.7139154419,0.7185890901
1.8753105566,0.6007284868,0.7535390198,0.9982764001
0.7415811102,0.1892383445,0.2001212097,0.5540128239
0.8934364406,0.1105383498,0.6640312986,0.3711553410
0.4002473612,0.0325078963,0.3711669387,0.7307314393
0.9512244003,0.8808023410,0.1252311281,0.9824248639
0.8871325667,0.7566543474,0.1748741458,0.0551497369
0.4848911239,0.0709441470,0.2771622072,0.3449262740
0.5394807466,0.8809475170,0.6114934224,0.0943158516
0.8959807255,0.0921010090,0.8890112029,0.9593490229
0.5967085724,0.9067891351,0.6948909966,0.0076828647
0.7328278780,0.1994025494,0.1242108798,0.2799624110
1.7595230928,0.5527836386,0.6035031015,0.5452799905
1.2924673996,0.2792319522,0.6003859426,0.3409178679
0.6824802758,0.9499458738,0.7945707932,0.2538497961
1.2323905455,0.2639563853,0.4892165168,0.3349724719
1.2481205498,0.5907230667,0.0616038371,0.2723526741
0.5371443102,0.9728661091,0.6158395010,0.5875819836
1.6003850914,0.4415737401,0.3109409474,0.8948589722
1.5059697964,0.5113879261,0.3059500168,0.6407091127
0.0090853152,0.9605818434,0.0338458493,0.1952605308
1.7312029265,0.6714711851,0.6217843964,0.8359301667
0.8406668039,0.7292341058,0.0486430029,0.4744313620
0.7750415216,0.1005680870,0.6060574505,0.6646762062
0.8080159635,0.0469018140,0.9393981857,0.6570320169
0.3917480297,0.8012589742,0.0486287978,0.3224017197
1.4397641789,0.7558583781,0.4500645222,0.8104558620
1.3410386999,0.6597227939,0.1814033410,0.3770661604
1.0437047836,0.8131744827,0.4344005216,0.8020023339
1.5792942294,0.3536993117,0.7827206502,0.5943009145
1.5770299905,0.4810278613,0.4899523971,0.6602477654
0.7444567688,0.8408829606,0.7861840837,0.1849283058
2.0049624437,0.6170398438,0.9806830474,0.5629692642
1.1432320788,0.3074908049,0.1217221702,0.8384258653
1.8239312788,0.6171098334,0.7633228179,0.3981164209
1.0699293073,0.1769187449,0.6861160164,0.9670326020
0.6541115280,0.7646410450,0.0212815004,0.4477182943
1.9186927100,0.5695241634,0.9551940958,0.4792591089
0.9834163636,0.7659382210,0.4612865047,0.2995760135
1.6687285976,0.4873040053,0.5814600470,0.7364712245
1.1948815198,0.6875137322,0.1558008573,0.3845007794
1.7286243964,0.6834452644,0.8245264631,0.6552214918
1.1615405748,0.5036928529,0.1659237298,0.2497116172
0.0559731493,0.8857073872,0.1226040819,0.4373200084
1.8624875114,0.6464553509,0.8598238495,0.9052043837
1.0519102775,0.2302703045,0.4365308078,0.9890700386
1.2479017407,0.2056496241,0.6480775062,0.2712670657
0.6186418460,0.8940122415,0.6565610083,0.7878470843
1.1666841344,0.7727743482,0.8041342041,0.3739487503
0.8702988570,0.1456255730,0.5544520899,0.9326354620
1.2283074870,0.7713150003,0.8729557280,0.3722861687
0.9785480699,0.1617571102,0.6266373064,0.8462075123
1.1540104568,0.2044665909,0.5808877971,0.2897971048
0.3024485391,0.0554668067,0.1470589857,0.9152089077
1.5546656723,0.6616410456,0.4810390435,0.2583533204
1.9936111698,0.7023100911,0.9935591680,0.8107341188
1.5089494227,0.2560125646,0.8770639569,0.2468186083
1.7260141168,0.4760830696,0.6551766849,0.6876567808
1.1210533264,0.1576767813,0.9545741841,0.7133631291
1.5375440658,0.4277143751,0.3690307636,0.7832395200
1.2343064931,0.3918840829,0.0060011827,0.7317869636
1.6690831173,0.6453013925,0.3994772519,0.6456460223
1.4320088076,0.8115429206,0.8003681515,0.8750285839
1.3349018113,0.5396898968,0.1846944586,0.1284053659
0.8095611534,0.9688240988,0.5109664017,0.9528334123
1.3075603189,0.2588303686,0.6853649335,0.4061276980
1.1974887838,0.4505772959,0.0234681556,0.6504348785
0.4652872624,0.0348007524,0.6010956833,0.8915243752
0.8917566955,0.2312909098,0.2530872598,0.3076518647
1.6444405744,0.6289653574,0.3288893600,0.1155997388
1.0588792214,0.7733976073,0.5182599113,0.3626068387
1.4391806561,0.2125913615,0.9291285844,0.4224580661
0.3800536552,0.0611461489,0.1587057978,0.1959827720
1.2098214402,0.3452831740,0.4105728994,0.1433788367
0.7994454404,0.3972194381,0.0246076807,0.2441986766
1.3708409720,0.6672884577,0.1333378385,0.7271590778
1.1522096786,0.3690128479,0.2794559917,0.3867177571
0.6090269924,0.9649262342,0.4445079823,0.9188674583
1.3764080964,0.4324859295,0.8578213616,0.0054409398
0.7898665509,0.1580810852,0.2494813091,0.9569447682
1.2424174577,0.2746845432,0.4503023754,0.2048108122
0.2650458955,0.0689511770,0.0137489082,0.8639692495
0.7583141327,0.2763810727,0.0973048239,0.0774057878
0.6121708061,0.9949520836,0.7720355149,0.2365584206
1.9854586879,0.6379746804,0.9741366997,0.9106997553
0.5808597658,0.8277025054,0.0075306620,0.7528925446
0.8338357204,0.1684647984,0.2506507561,0.5827628448
1.1359420694,0.2062032119,0.4741232742,0.1326362052
0.5546912184,0.8974873440,0.5794266196,0.2232644121
0.5647117789,0.9032107738,0.7689586357,0.0834945328
1.0600786827,0.2418654867,0.4569797173,0.1150082232
0.6012760297,0.0105918817,0.7986126134,0.7774998187
0.7586313614,0.0660249304,0.7593265482,0.5654382807
0.5163320512,0.9185528116,0.3385337684,0.8151619610
1.4371278032,0.2333045162,0.9283138132,0.7180324291
1.7390230318,0.6495263489,0.5266045175,0.9781969810
0.9547097862,0.8612788578,0.7784241749,0.8086626792
0.7148372195,0.8170060519,0.4478184633,0.0631753828
0.8853858395,0.0372933305,0.8699675895,0.1522633993
0.3108765549,0.0711675378,0.0552987784,0.2295204549
1.1045509422,0.1635144349,0.6907285097,0.3125934120
0.7215976667,0.7580753091,0.0273871417,0.5858624772
0.7240227327,0.7489005228,0.0479153804,0.1364787805
0.1190866306,0.0248554100,0.1535261666,0.9371030249
1.0240415446,0.1246944255,0.8144117502,0.6004928328
1.5967147004,0.5896470796,0.4831975101,0.3502159449
1.4709324467,0.5753778728,0.1938441927,0.9183634394
1.2836205154,0.7674020910,0.3528256036,0.8783649739
1.3157311657,0.1107990215,0.9921244907,0.2178365288
1.1308166331,0.9136575195,0.8965753449,0.8949128230
0.4920749977,0.0884620572,0.2955369129,0.1377036240
1.4769528749,0.4641219603,0.5910635941,0.3066539856
1.6069901010,0.4192938359,0.5573420108,0.6767587727
0.1013347242,0.9539890380,0.0834793091,0.0664258234
1.3878705092,0.5089631418,0.4772875265,0.4445861672
0.2974230251,0.8637939011,0.1135352924,0.2192734419
1.2201977035,0.2608753325,0.4586718554,0.9615522880
1.5380705015,0.5753015163,0.4336655812,0.2097356589
1.0402438501,0.3270227575,0.1067668187,0.4843049914
1.5524462781,0.5962348642,0.4111340026,0.5365503909
1.5457974228,0.4321707998,0.4857146935,0.9159259066
1.6503613889,0.5912813586,0.5378734634,0.5647398360
0.8387915137,0.1102494408,0.5353881183,0.4329565964
0.8606691880,0.7883504345,0.4815939002,0.4057705540
1.2885907066,0.5528169301,0.1140206620,0.0450035211
1.7147483555,0.4628359347,0.4880569880,0.8800307729
0.4954558145,0.0617899590,0.4476076930,0.3873201866
1.7403053260,0.4835730174,0.7732110409,0.6129828124
1.4150367080,0.3527605288,0.6130071584,0.4497543285
1.7250808704,0.5157797973,0.7073852701,0.3652582628
0.2941839365,0.9360236701,0.3515519503,0.6577629415
1.1196149056,0.3354667145,0.0859608522,0.9673526383
1.4122583726,0.4812041006,0.4221271741,0.1402105513
1.4929849575,0.2427375151,0.9892329757,0.8420445246
1.5562007722,0.3168599494,0.7601002584,0.8016637165
1.3231764956,0.3814394732,0.4894766265,0.0788573019
1.4565075360,0.5807838799,0.2304694412,0.2123507008
1.6255003439,0.2879837693,0.8460896793,0.6203970977
0.8691072599,0.1931961168,0.2212702267,0.2115510535
0.9565675881,0.1999100410,0.3299642507,0.9986091489
1.0342397098,0.4474379245,0.2127180854,0.2070220249
1.4027370188,0.4409098182,0.2969976052,0.5739653071
1.6969739045,0.6456832453,0.6082321474,0.3035445648
0.3621629686,0.8126174583,0.0588348353,0.4119843471
0.0274681556,0.9078904481,0.0929706069,0.0923358819
0.8232219534,0.9714684331,0.6639706279,0.9061111428
0.0744660620,0.9449468858,0.1218680352,0.3326904876
1.0645664577,0.2452217086,0.4043680979,0.9633820867
0.7828569179,0.3143064994,0.1645236638,0.0076778631
1.1709776249,0.7180133571,0.2437767677,0.1199511468
1.1134786516,0.4385239788,0.3067046088,0.1998290748
0.3381334521,0.0000274402,0.4441810198,0.2705124899
1.2855789241,0.4285420397,0.2706523369,0.5410967294
1.5154096905,0.6984652141,0.5641724437,0.6797315683
1.0697255345,0.2136137794,0.5142780681,0.8785097438
0.7084136016,0.9992221641,0.8187208487,0.7561926840
0.9828497880,0.2346419170,0.2444852669,0.9201587477
0.7579238724,0.9329491219,0.8980241845,0.8321987104
1.6253050624,0.6686622203,0.4089743437,0.9630070767
1.9562348752,0.6414535912,0.9594073688,0.3848603556
1.6941703131,0.6745089984,0.7453267477,0.2325881436
1.3206106751,0.1949816227,0.9208307385,0.7146170992
1.3899187755,0.1984411167,0.9599648821,0.5886697826
1.3498135446,0.6680127733,0.2918662766,0.6295935192
0.8227305577,0.7979144643,0.3380720889,0.6925243361
1.6557312470,0.5762566308,0.6170749010,0.2285696802
0.4792419176,0.1194359503,0.0305713500,0.0964536282
0.8332140495,0.3292603753,0.0410543265,0.3114368322
0.5295763696,0.1322803192,0.0609083916,0.3962099635
0.6308282528,0.0115563741,0.7911603117,0.6418454634
0.5804637769,0.9095499387,0.6999410983,0.5417477201
0.3756208646,0.9694423351,0.3721341309,0.7274158304
1.2354399323,0.8088660445,0.4102952455,0.9151177593
0.1050690798,0.9604336046,0.1198124788,0.0667295274
0.5366491707,0.9987843571,0.6250224753,0.3669301042
0.4861037093,0.9767220899,0.5798926137,0.2274664456
0.5053884720,0.8196158099,0.2877657076,0.5516604584
1.4679669441,0.3575181851,0.5769420447,0.6475406045
1.3851195539,0.2742027939,0.5965486555,0.3965330636
0.7564552803,0.9102333985,0.0916430760,0.9829959682
0.4659483937,0.8222487889,0.2038614654,0.1598198574
0.8084257412,0.1363397562,0.3887911906,0.0887661184
0.2966276651,0.0389192383,0.2226966660,0.2409991951
1.3401348164,0.2363198726,0.6626923378,0.5175172369
1.2451713741,0.6015126695,0.0104899849,0.3486917401
0.3277088292,0.9004866384,0.3021880891,0.0451650793
0.2861858571,0.0647679886,0.2415869746,0.0885672940
1.2369594602,0.1816223520,0.6457591811,0.0288253387
1.5275044723,0.7395442677,0.9567733883,0.0086081382
0.7758838185,0.1727092865,0.2418306036,0.1990622233
2.0798875418,0.5386337702,0.9901063745,0.9479262797
1.6040621486,0.3754655963,0.4564680277,0.8529856199
0.9689229893,0.7894865567,0.8171460488,0.3541049166
1.0994087625,0.1633625154,0.6418959193,0.4346098123
1.4229115458,0.5949613070,0.3014234411,0.5198884722
1.6398724805,0.5833936816,0.5406897386,0.3221727236
0.5998592467,0.0694934057,0.5975544018,0.8746767829
1.3778000536,0.7343692740,0.5183457036,0.7826664462
1.6779401976,0.5051227368,0.9273620072,0.0894914866
1.0441789578,0.9834242694,0.8988944703,0.9691106715
1.4637466842,0.6590560978,0.3318376516,0.4626712830
1.5710763067,0.7233423321,0.7537658191,0.5686545790
1.3972987437,0.3931970570,0.2030262156,0.8580552593
0.9160197074,0.1886710885,0.2387930054,0.8282856396
2.0266436293,0.6395387761,0.9848748736,0.7782429963
0.9086448631,0.9115560787,0.7842883265,0.8745780437
0.4142167032,0.8818999608,0.0112526244,0.8152495311
1.2280050082,0.5222905065,0.2093808826,0.1259488834
0.7374564739,0.9328971441,0.9446753309,0.7749830445
1.3985252556,0.6546026042,0.3435046075,0.3681348417
0.6635108920,0.1154923808,0.3244512235,0.9246282933
0.6596092481,0.1057585303,0.3960434518,0.7663164792
1.4106335527,0.5715598933,0.2659263101,0.4804442719
0.6764134454,0.0168644321,0.8011586757,0.3952259719
1.3060440092,0.6422400242,0.0408325611,0.7178282049
1.7337859460,0.4198066849,0.8254166629,0.9985977017
1.1630122655,0.7460155373,0.5508831576,0.3485092206
1.0074689468,0.2220336949,0.2910013429,0.9472274494
1.6546597055,0.4562520024,0.3020744492,0.8254578535
1.2464221913,0.2566787384,0.5190035458,0.4402764967
1.1051811246,0.1982536977,0.4663972567,0.1758719738
0.6626522606,0.8537302453,0.4062511690,0.7521278402
1.7424203201,0.7034278006,0.7340693014,0.7561721731
0.3247382164,0.0814702931,0.1438855296,0.6316841454
1.0104894326,0.0782075302,0.8602061461,0.2865523151
1.3921272631,0.4451274923,0.5181655926,0.3747581853
1.4645110404,0.5012805428,0.0304405947,0.8324065212
1.0165946125,0.7860436163,0.3509963106,0.7477224755
1.1664751073,0.2209926137,0.6867679720,0.8857655243
1.9963869033,0.4788346351,0.9978150408,0.7874106477
1.3941554913,0.4168372295,0.8252563075,0.0827203398
1.4643047750,0.4592431894,0.6977109893,0.3975381420
1.2418704581,0.6833999396,0.1590605945,0.6964704794
1.8502096802,0.5272678150,0.8334224830,0.6352161737
1.2014776250,0.7523058966,0.5037176684,0.3365971039
1.4889596815,0.6297690459,0.3703157547,0.6135377385
1.1878586607,0.2644817573,0.4591457231,0.2615439275
0.9000075319,0.0843931473,0.5786533753,0.0791883066
1.8120663487,0.4847398439,0.7039502402,0.8295072428
0.7327970645,0.1157605955,0.3668902461,0.0397595307
1.6893576737,0.4810626291,0.9347650048,0.4609515326
1.0219265806,0.1087214451,0.8701971420,0.4620395928
1.3797476529,0.3749372775,0.4787336835,0.5915666763
1.2581149239,0.7740693518,0.4064197193,0.8045417871
1.1072593574,0.7743923756,0.6071712193,0.7183207647
1.6733422101,0.6124067837,0.5199036380,0.3332722005
1.5384028641,0.7669000586,0.9175959167,0.7849695569
1.1462155052,0.6821617235,0.0193525064,0.5605747556
1.5517720313,0.5692310835,0.0006165325,0.9141375748
0.9592099194,0.2247525450,0.1855516324,0.9731219556
1.3772308111,0.4240099473,0.1753635348,0.8461483208
1.4305055671,0.6991559840,0.5361895988,0.4506208946
0.8571610986,0.1591636092,0.4552960041,0.6983374173
0.5025986846,0.0090114495,0.6844131262,0.6485883550
1.5498509655,0.5731111984,0.1941399680,0.8556076703
0.4445519065,0.8744428593,0.4507618114,0.1940927440
1.5601680640,0.3723523964,0.5088143165,0.8386312772
1.4534006163,0.3815740498,0.5761658851,0.4480244272
1.4521795206,0.6128950427,0.3142383240,0.5352028074
1.3988672049,0.6752657506,0.3050753658,0.4860449546
1.1118768340,0.1996185921,0.5625943061,0.8025416909
0.6081792173,0.8888237328,0.6502087970,0.3861046234
0.6993024002,0.0285523954,0.9377168862,0.7072695767
0.2263212147,0.0010170056,0.3101584866,0.7507265093
0.4350292765,0.9990723051,0.5398929149,0.2683763354
1.5145591754,0.6680369444,0.1972449954,0.9958543664
1.3401895551,0.7128137152,0.4169335503,0.6077563719
1.8222980128,0.4711433562,0.9656921202,0.5112948814
1.0067120224,0.2264438130,0.3325322129,0.0562797216
0.7491139940,0.3330089021,0.1199873472,0.2873927848
1.5612059996,0.6537326530,0.5129918354,0.7136514592
0.7179701864,0.9771408218,0.8851396119,0.7467110720
1.7340484588,0.6175994368,0.5676928994,0.9160753863
0.2734195556,0.9788419709,0.2222662509,0.6545864730
0.1152419330,0.0308295090,0.0477837860,0.5349421021
1.3054225130,0.3818227520,0.4775491718,0.3113326326
1.4650608143,0.5412139091,0.3151255710,0.1866664145
1.3310663258,0.1706422567,0.9538823466,0.5589012203
1.1140733543,0.1418786160,0.8086638214,0.7882916123
1.1964246490,0.8190642563,0.6539177140,0.7953260643
1.6094701554,0.5113286879,0.2325931355,0.9321200082
1.8222225350,0.3823428281,0.9228119669,0.7876873915
1.2047761396,0.2272301387,0.5594386927,0.2633478386
0.4484837397,0.9128800834,0.5049303177,0.4318562125
0.4904583264,0.0496394506,0.3069546837,0.5563597416
0.3023391865,0.8275668084,0.0448857121,0.4407027535
0.3010340927,0.9224000841,0.3568997862,0.0542928429
0.5506137889,0.8856666840,0.7687433001,0.6518737014
1.4965428502,0.3745093037,0.5687149360,0.8526077049
1.4122430975,0.7903837792,0.4848762431,0.9537581438
1.5733899666,0.5156537200,0.5476558225,0.6108402503
0.2275689116,0.0140363159,0.1890122874,0.3272240437
1.5331398188,0.6692882871,0.5522590728,0.1723093448
1.5464993811,0.2523248647,0.8513232224,0.5946266485
1.9165196299,0.4652063058,0.9530335772,0.8987491086
1.4291116415,0.3282080685,0.9995977068,0.0679573447
0.2258146762,0.0257233416,0.3001885067,0.7469203777
0.2214739412,0.9336512391,0.2946799061,0.0460051609
1.5452027167,0.6185492580,0.2255129092,0.7257197403
1.5568107855,0.4362367620,0.6537239513,0.5051340546
1.5569400532,0.5759087619,0.3820018060,0.6245982006
0.6350447403,0.0971649716,0.3450911407,0.0224417715
1.6368261517,0.3886559122,0.9650715319,0.3845593961
0.8166397570,0.1828893869,0.2814500934,0.2682988600
1.5029963399,0.6360780675,0.3444175618,0.6067497609
0.8142001876,0.4357122580,0.0045824764,0.3019890493
1.7097365850,0.7131357382,0.6676865972,0.8458038271
1.3389251323,0.3048607391,0.7432873012,0.0124828471
1.6764477624,0.6075887796,0.5492822962,0.1354581386
1.4109418846,0.2802007745,0.6225273616,0.4004076412
0.7661506147,0.3439044598,0.1324879885,0.0243283887
0.7474092221,0.7748495253,0.1824002124,0.3011257659
0.9549010049,0.1464921336,0.5747659543,0.3391152199
0.4912821406,0.0354003423,0.5170002419,0.3702177106
1.2370025342,0.7235138093,0.4425811502,0.1035682502
1.5870609309,0.6259638829,0.4300962013,0.6465976254
0.6781946301,0.0410152479,0.6284360716,0.6389603282
1.6179565845,0.4396547929,0.5747514576,0.7332055643
1.6082161576,0.3387959435,0.8959007533,0.4013448924
1.3408886531,0.6059740323,0.0360248223,0.2057346472
0.6097975568,0.0720820385,0.5401045748,0.1313912239
1.1962730086,0.2289028963,0.5373914764,0.0842390278
1.8045413680,0.6684277467,0.7920585051,0.0762762948
0.1114738537,0.0283613403,0.0717325269,0.3992145658
0.9342540155,0.0193771796,0.9586751625,0.2071679004
1.8119748819,0.4318516015,0.7191972277,0.8492174380
1.5502536768,0.8191397032,0.9765518906,0.8929492383
0.5567014910,0.9672762517,0.5721295704,0.6828631285
1.7234154839,0.6225819677,0.5795313935,0.4332698235
1.4016319839,0.4808841025,0.2399762256,0.7200209064
0.6202773298,0.9267083754,0.8931818065,0.1015735708
1.4068395187,0.5524465580,0.1780369893,0.0127830230
1.3022243826,0.3281648629,0.6139814109,0.1127205014
1.2369014452,0.7866080050,0.9485842624,0.6330501673
0.3177863337,0.0238793626,0.4303464440,0.5326917762
1.3472135370,0.7058503864,0.5073252920,0.1739001699
0.4613812125,0.9409875226,0.5712433754,0.4600624899
1.7213408175,0.6574544054,0.7167718119,0.1524380243
1.4693952344,0.3410719116,0.7548100286,0.2978339541
1.5111666312,0.6768549054,0.5294035384,0.3628151342
0.8189514617,0.9544746197,0.8486253954,0.8968227701
0.0832639800,0.9632998006,0.1574913545,0.1584519361
0.7747343977,0.9017479269,0.8097864373,0.8080318160
0.8894578967,0.8127285983,0.8554783718,0.3556207170
0.6876593688,0.0595057047,0.6332085124,0.1752217786
1.8256674162,0.7151067158,0.9477553501,0.8012538631
0.8254526150,0.8973837125,0.8958562059,0.7442768292
0.7661775791,0.0693403792,0.6737376605,0.6240477268
1.2694039655,0.5751279693,0.0775501909,0.3478671504
0.3829717918,0.9000280310,0.3176201821,0.5613062933
1.6973022396,0.7481225077,0.7510638352,0.8588659098
1.4469280601,0.8731166697,0.9067292199,0.9953792521
1.9082342607,0.5568864943,0.8781096736,0.2137177615
0.4242714194,0.9951685803,0.4751477721,0.5946148427
1.3011071912,0.5681890855,0.1029897875,0.4178115308
1.8219963669,0.5160942775,0.9120442300,0.4367478161
1.6489268309,0.6767299400,0.6061549958,0.6496984807
1.4076419301,0.3966896840,0.5147077299,0.2263489368
1.3274197701,0.3925171596,0.1990172834,0.6231670886
0.7491694564,0.0963404882,0.5569862784,0.4657590227
1.5176242613,0.4680792146,0.3754814723,0.8677071359
0.4571985807,0.9556535398,0.6018476104,0.4724973043
1.0016534420,0.0505828939,0.9460342255,0.3490431392
1.3507038114,0.4177350049,0.8558115590,0.0869434894
1.6391606039,0.6374555571,0.5422684607,0.7527885101
1.1002125004,0.8017811968,0.8392276201,0.2408042176
1.3069538452,0.5914614670,0.0015723307,0.6776465339
0.4018235351,0.9172750712,0.6267907881,0.6040764565
1.4124503781,0.4444455428,0.4752181324,0.1560492027
0.7429715649,0.9913583131,0.8699815650,0.5229182282
1.6288675916,0.6358291417,0.4346026677,0.6725706175
1.8097567251,0.5475637195,0.7863673419,0.5075819461
1.1353153547,0.4121154036,0.0714482136,0.5305042635
1.0665224177,0.1221428098,0.7012350471,0.1085521207
0.5176913841,0.9081378514,0.6759659407,0.3617901935
0.5275275159,0.9548658400,0.7160409062,0.0455793507
1.1335518857,0.7931575193,0.8150314042,0.6362028542
0.7777389609,0.2018100318,0.1614789703,0.4945724111
1.5321993098,0.6432853130,0.3487079867,0.2107256928
1.0528698126,0.7589739492,0.1749736816,0.7343100263
1.4047104532,0.3568526408,0.5621742493,0.4098553386
1.1050067430,0.2304048592,0.4662083194,0.8353912224
1.4609138784,0.3591751123,0.4754419999,0.7631708282
1.3698228364,0.6170634127,0.2076152210,0.7211639845
1.3184618133,0.2444799905,0.7363516112,0.9648367661
1.1968337095,0.7481094226,0.6331455149,0.3899125259
0.7979004662,0.3498146325,0.1971672106,0.0320403836
1.6777449162,0.3637931047,0.7989488368,0.7639967761
1.4182663440,0.1790630414,0.9513659351,0.3134911310
0.6768348488,0.8840657504,0.7393872403,0.5342445171
1.0054451486,0.8326905766,0.9422778200,0.7118329138
1.8899111748,0.6365868739,0.9949935842,0.3564571360
1.1728244312,0.8279837066,0.5560886214,0.8383923116
0.7902623813,0.1772401009,0.1232877480,0.0114904755
1.4233904597,0.4307108822,0.2029775242,0.9601101953
0.7024794145,0.2642067405,0.0476705829,0.1782737003
1.7510105940,0.5796681275,0.4799848378,0.7532808719
1.1194338152,0.7103597335,0.2621343060,0.1553858081
1.5391247906,0.7275255938,0.5399307298,0.8175608163
1.4478776097,0.4526654516,0.5175697535,0.0933084283
0.6394947650,0.8790517359,0.8660561421,0.3747050152
1.7628585517,0.4253285496,0.8143557918,0.6915335363
0.8788670909,0.7776134744,0.2814237327,0.6318192038
0.6306825862,0.0499848988,0.5143900753,0.5251982796
1.3257741487,0.7248452804,0.5804395451,0.0782818298
0.9474400553,0.1231406075,0.8079017134,0.6354088913
0.5284967369,0.9037928292,0.7611110768,0.2203931915
0.8356025593,0.9173374593,0.2738568821,0.9520412796
0.5491276279,0.8746530176,0.2155229204,0.8046343536
0.7038573075,0.0507643191,0.6239254618,0.0403425934
1.0160928940,0.2209408868,0.4063403039,0.2589542291
1.8286471247,0.6738934217,0.9033961359,0.7462193661
1.2021276790,0.2465223892,0.4473600981,0.2809664962
1.3035881713,0.3494430227,0.6305292018,0.1157128635
0.8311039951,0.8899763397,0.9315939528,0.1518764920
1.3722845699,0.7140440965,0.4200052984,0.2269926038
1.4803066104,0.6537746552,0.2979698722,0.7551412312
1.4147620418,0.7506688631,0.8887641594,0.4686613781
1.4379322490,0.5873782094,0.0912332973,0.8805790306
0.7541900137,0.8982969480,0.9487387589,0.2006336884
1.3557914158,0.5312485145,0.1406440333,0.6566322875
0.6622412330,0.0456731460,0.7081126454,0.7555480147
1.3149287425,0.3360438745,0.3912931077,0.5347527529
1.2782478428,0.5297247894,0.0302879796,0.6510490531
0.3063188590,0.8665597206,0.2837032132,0.3195880396
1.3616231676,0.5025325360,0.4221864909,0.5034562352
1.3890846026,0.4837039578,0.5166579371,0.0715727765
1.1098697695,0.7839365893,0.6630903391,0.5252548093
1.2760183071,0.1651373864,0.8233277385,0.4958019716
0.6713460763,0.9169153202,0.5591570084,0.8312730007
0.5014768849,0.8670303860,0.2336407720,0.7989715378
0.2607643405,0.0541739024,0.2308898105,0.6519604324
1.5776835171,0.7149925803,0.8436205460,0.4223134297
1.5921504200,0.6955237825,0.4780166980,0.8478577320
0.7304381931,0.8316278741,0.6164345069,0.2318332667
1.4462400116,0.3512951558,0.9568189986,0.2610777498
0.4061726437,0.8597734374,0.3320544695,0.0804616027
1.8249613441,0.5229630966,0.7721830995,0.2903813680
1.1118253948,0.7445472417,0.3764699787,0.1505688657
1.2533680419,0.4646181911,0.2810749263,0.4053058676
0.7302704940,0.8265427993,0.5240696500,0.1489756019
1.5756587653,0.3395204922,0.9384093277,0.3414973154
0.3449914138,0.8995173056,0.0683336551,0.7872456322
1.2223938518,0.4050309870,0.1088677194,0.7176937637
1.3175327508,0.3168193690,0.5102844105,0.5511685103
1.3893876250,0.2542095134,0.8368119481,0.8775882757
1.7200083665,0.5915529845,0.3636740082,0.9312314441
1.4813705565,0.5277581211,0.5027962337,0.0505687804
1.9072321770,0.6521280280,0.8678864616,0.9459970904
0.2522408951,0.8723367621,0.1230826053,0.0115749748
0.6575878198,0.1553702304,0.1978358680,0.4843138816
0.6476943379,0.8299438458,0.4249077325,0.5418340487
0.9359889768,0.3543675059,0.2223393043,0.3158261529
1.8056673000,0.6660454654,0.6535659701,0.9362966102
0.7180932901,0.9594640514,0.9348753901,0.7869334455
0.7754412922,0.8160308555,0.5407515076,0.1299067191
1.2480279031,0.2018415423,0.6912325144,0.2860876996
1.5051146366,0.4758857622,0.5472818146,0.5451236051
0.5257588882,0.8595027237,0.1107930432,0.8213847054
0.4020209787,0.9460982223,0.5721940783,0.0506152082
0.6731871820,0.3619040525,0.0340720010,0.2234779735
1.4553259929,0.7268975529,0.0804199471,0.9543055398
1.9511323836,0.4936531653,0.8531838007,0.7698852283
1.0923001119,0.1041540511,0.8557050442,0.4870801279
1.3400618038,0.1610539773,0.9931166103,0.8364596885
1.5853540051,0.2524145050,0.8643810455,0.6114933817
1.4439960452,0.2939698903,0.7575965773,0.9045614508
1.4489138001,0.2525292782,0.9245247074,0.1913015555
0.4107073654,0.0607688333,0.3187828910,0.2461510181
1.5423429937,0.3221745854,0.9313976166,0.2714938722
1.1615081929,0.8092430878,0.8110783413,0.7367094357
1.5101165143,0.5518763121,0.4231801401,0.1886186847
1.6492610699,0.2779749969,0.9596374397,0.7422204527
1.3930642021,0.7253456044,0.7062001264,0.0928200137
1.0629947542,0.7279027837,0.2462588122,0.0060145397
0.4228320878,0.9885985235,0.4126823293,0.3470112636
0.8823529482,0.2906453551,0.0320065458,0.4249499745
1.6798597801,0.2902768745,0.9897976733,0.6842278080
0.8659222190,0.8577087863,0.9736191805,0.6278675924
0.9397247085,0.9982014794,0.9329262073,0.9320987216
1.6004001333,0.4087788211,0.6141338181,0.6526381274
1.7515380042,0.4646076990,0.7537382306,0.5668860437
1.6877384484,0.5782724428,0.5098265489,0.2414867431
0.9795789909,0.2960374867,0.2487949478,0.1160940541
1.2588296336,0.5847089318,0.0514556511,0.3822120947
0.4921136366,0.1130340027,0.1319557413,0.6974070086
1.6815423634,0.3042662721,0.9132128610,0.4962651340
0.2988135663,0.0212746381,0.3765946478,0.8614988831
1.4058483247,0.4281076966,0.6214419784,0.3250591680
1.2773875693,0.7427707530,0.6424218029,0.3934034606
1.0669656838,0.3837756141,0.0235822661,0.5099514615
