0.7062616756,0.8559938173,0.6322751553,0.1179055570,0.8038244174,0.7344239210,0.4714189735,0.7012847651,0.4162722832,0.3796280884,0.3423915475,0.4998791430,0.6626907871,0.3582013250,0.4049958662,0.3812633476,0.6691130709,0.1476075085,0.5378512761
0.8653212629,0.3506326862,0.2401088904,0.0758355115,0.3844677111,0.5135514026,0.6358595305,0.6450460746,0.9156165290,0.9306841712,0.4117198770,0.8363677915,0.2708280125,0.4330733246,0.6045731609,0.0943666714,0.8283946070,0.4581850941,0.7265466608
1.7155717057,0.4764730176,0.8938003173,0.4412634292,0.8663918222,0.5587651077,0.6176916809,0.7781944545,0.3776698942,0.1641152880,0.9003682511,0.7086694553,0.5047598170,0.0846690423,0.4924214384,0.8621371590,0.3951182916,0.6974351844,0.6443079749
1.7249001991,0.6182330858,0.5327158823,0.5547772393,0.8362087105,0.9420562236,0.5600630155,0.7307324988,0.4748796351,0.5664973328,0.9281275920,0.4749670933,0.4571785551,0.0461136139,0.0636948759,0.4259387135,0.8847471093,0.6979837626,0.6893036124
1.3913457987,0.4100372515,0.1222859501,0.9990736748,0.7505179958,0.5484316654,0.3829822237,0.0315248227,0.1976277509,0.7517161964,0.6995753947,0.0989986135,0.5116892533,0.5483251320,0.3475198456,0.7453413436,0.4337865902,0.4533351852,0.5141915090
0.8732244412,0.1873862815,0.3453867403,0.2228759278,0.0708482114,0.0526119290,0.6982098677,0.0632573384,0.5183371161,0.3206335671,0.9662573546,0.2076652770,0.0116771835,0.3598903316,0.4555352924,0.3771615975,0.9090735880,0.0265408419,0.7936763159
1.5676107916,0.7082814791,0.8496346403,0.0712116003,0.7355219060,0.1771266613,0.4102381886,0.5335246237,0.0938926769,0.7914394863,0.9339816233,0.7057638554,0.8369044430,0.4239669691,0.9480017708,0.4762001475,0.9053945603,0.1525217109,0.5788614753
1.5256949915,0.6006211616,0.1032681803,0.9024638218,0.5455672896,0.7026748420,0.7220712603,0.2535751686,0.7962069207,0.8114536947,0.5476845584,0.9808956003,0.2357003516,0.8438845028,0.9355135777,0.4380566409,0.5765292139,0.0966752045,0.8623767954
1.7034645071,0.3699055837,0.7530909147,0.6394923043,0.5386342951,0.3591563541,0.9685740798,0.2080538600,0.8083814892,0.1032988943,0.1689411109,0.6131143892,0.7272678778,0.7514310381,0.2336801654,0.0934184325,0.7496359316,0.6724749678,0.2692699534
0.5558311279,0.8887566772,0.5314442075,0.2964127465,0.5072838765,0.4772063863,0.9665617643,0.7371176821,0.1150074823,0.2340871276,0.6092641475,0.8015533546,0.9052805372,0.8545459803,0.4681023865,0.3281904962,0.1507446765,0.3091052123,0.7562727733
0.6358451931,0.8174541527,0.3516143584,0.3663830046,0.0600630198,0.0810824742,0.4573698441,0.9792419234,0.7818235690,0.2934657757,0.3209041777,0.1079902006,0.9309508506,0.5327563036,0.1750011254,0.3942595325,0.0721067742,0.2009659899,0.4927687734
0.6700313291,0.1466121341,0.2286705744,0.3580055925,0.8126867392,0.5199255771,0.7643796507,0.7823447158,0.2201651978,0.5708608789,0.2885357300,0.6240932036,0.2183025814,0.5394086014,0.3334092601,0.6718676068,0.9571788478,0.6906915303,0.4256316628
0.6391219996,0.9335083460,0.9360038328,0.3585947641,0.5471053623,0.6541112707,0.7540747120,0.7255549625,0.3880956014,0.0262324249,0.8843027519,0.8351350042,0.4537194001,0.2708432950,0.4364932536,0.4065136432,0.5235813776,0.6612029851,0.2066946842
0.5226172961,0.1119713662,0.2577735537,0.6228477691,0.9561079065,0.2411571686,0.5693559856,0.3878314358,0.2655524586,0.8684547514,0.0304289284,0.9325276014,0.0469121240,0.4041564487,0.3660740400,0.2674253195,0.2414365565,0.0443028892,0.5947350326
0.6036545039,0.0660642478,0.5407014873,0.4448191473,0.1686244303,0.4006481743,0.8462008144,0.2411510423,0.1505683236,0.6894223153,0.1574347468,0.7987120498,0.6843241470,0.3907927428,0.3802359700,0.3261045076,0.2236772111,0.5427925234,0.0493793063
1.5111118729,0.5920213576,0.1267807792,0.9374716217,0.0604214804,0.2081067863,0.6850722177,0.0557647486,0.9393767205,0.1015729067,0.1061442968,0.9149482145,0.9481604689,0.5547040580,0.0703297652,0.2599697636,0.7281671452,0.5752590602,0.6337492248
0.5938600118,0.9185973334,0.1205511335,0.9275055815,0.3364775295,0.4051118829,0.1616626143,0.8482437955,0.1933765101,0.7282902212,0.3100952249,0.7640325617,0.0479859953,0.2933539667,0.3250592053,0.4263676448,0.6550332140,0.1451531511,0.5565992253
1.3023777339,0.4272847412,0.0967140994,0.8246111219,0.5157912685,0.8096834239,0.9512186944,0.1834982326,0.3587327382,0.0533090883,0.2840164710,0.1185174714,0.1370562228,0.3983484961,0.8351205557,0.9046909140,0.2316305734,0.8272815596,0.4132194721
1.3447094311,0.6703558741,0.2876360394,0.0869559122,0.7784212887,0.3262543100,0.0450126547,0.7265525292,0.0737166706,0.2102697926,0.7295495351,0.3813993894,0.7937190363,0.8754637509,0.3261319845,0.5775243564,0.2730259589,0.7201668722,0.5400638946
1.1295365866,0.3703204156,0.1183673616,0.6869689707,0.2707223817,0.1201311162,0.7542757532,0.1569691111,0.1823525228,0.0137432904,0.2332000707,0.0391362392,0.0135684285,0.9194734513,0.9849698069,0.5952327695,0.4882876870,0.2720068153,0.0052213336
1.6940839973,0.6336524265,0.5610913660,0.3104410017,0.1743074791,0.0136774555,0.2326650693,0.6973519541,0.2167271119,0.1155047298,0.0247674498,0.5611255189,0.7614797490,0.4793689511,0.1786263493,0.1133782807,0.8926735116,0.8674206326,0.8435520738
1.1076692339,0.3077037952,0.3458089335,0.2635657936,0.7818801605,0.4197503211,0.1512178620,0.7685681656,0.7348348335,0.5734187820,0.7475307575,0.9779034624,0.0557954238,0.5341266385,0.3942313627,0.1212471628,0.2209825337,0.5553726265,0.6687494998
0.6126016927,0.0956129240,0.4279930157,0.0316227466,0.0921476436,0.4027720479,0.9373926736,0.4835957853,0.3088063461,0.3941879030,0.2903873277,0.4747099463,0.6396622073,0.1603453559,0.0889270412,0.7071447061,0.8942857494,0.8585761462,0.7249080790
1.5660908100,0.4736197156,0.3804849242,0.8220146013,0.9694129307,0.2174182882,0.2558049217,0.6789046766,0.1992182356,0.2202234756,0.5034716433,0.1294201154,0.0890476773,0.8175922013,0.9303030268,0.3969933917,0.1233475142,0.7265836080,0.3830964995
0.5166210346,0.9287555439,0.6509496946,0.5218978585,0.0401095273,0.3961028630,0.3696505974,0.4683266050,0.9994456491,0.0535993775,0.4928980821,0.2972667528,0.9442515993,0.1507370312,0.8047240686,0.6247537303,0.3456860273,0.1317733841,0.7566626417
0.4680285799,0.0775635243,0.4832018421,0.2442819859,0.9084176867,0.7603926801,0.2408686746,0.2008992512,0.4672674931,0.0117227097,0.5667569640,0.9750172227,0.3527328356,0.2490546233,0.4023501371,0.0823766503,0.3892754305,0.4268878002,0.8069880583
0.9073922522,0.1110251515,0.6081881698,0.3061779941,0.0268496015,0.1710805861,0.0003452850,0.4045152822,0.8853570229,0.3296726921,0.7344281427,0.8650490825,0.7587119300,0.1662669653,0.8363717953,0.9206515160,0.3108750324,0.3543358591,0.2399672932
0.0892000858,0.9290493127,0.0657598295,0.5726446802,0.0233261932,0.5438951404,0.0170382098,0.7888057145,0.6684517549,0.4493626716,0.1960373356,0.3894609677,0.6352685575,0.7901573783,0.3654748278,0.9489030355,0.4257601015,0.6346345347,0.7076026858
1.8755769730,0.6732875506,0.6167051803,0.9370610127,0.9914346855,0.1683585279,0.7579806631,0.0243457274,0.1641700546,0.7755518539,0.6686117858,0.5251468959,0.7731446556,0.8939202080,0.4497784613,0.7465562210,0.0817187633,0.8766551157,0.6080025738
0.2997028447,0.9938034991,0.3180814655,0.1651549965,0.0995432871,0.0348298732,0.1033879930,0.3256602037,0.8569898442,0.9841444687,0.3931575645,0.1197788735,0.7055078761,0.8342223745,0.7252890100,0.9804573836,0.1011812369,0.2673845512,0.6710860615
1.7314025296,0.6337463843,0.5524232838,0.5257778378,0.9280723378,0.0944212420,0.3870981646,0.3988773666,0.7128253733,0.8219990367,0.5237795321,0.6122550018,0.7808766143,0.6062784999,0.8494213077,0.8005441516,0.8945947685,0.4341059246,0.5147520306
1.0812450275,0.7252418641,0.2133746749,0.4066350332,0.1031462980,0.4800221568,0.6868994487,0.7968700608,0.6295156175,0.1369208586,0.9256590820,0.0587154805,0.9340073686,0.3711291767,0.1253656015,0.9511560590,0.2923472802,0.3103639455,0.4451867761
1.8171100055,0.5373993641,0.5715969482,0.8859290478,0.9401865006,0.0499361749,0.1313582958,0.2659769047,0.2118760432,0.4699440756,0.6714741402,0.9418802468,0.2998701864,0.5511524755,0.0065511504,0.9670909225,0.5593330018,0.9162602244,0.8545914426
0.9524137150,0.7485055487,0.2577078955,0.5311424830,0.7978116004,0.4048337558,0.6297076109,0.2484930311,0.2630315467,0.7682009925,0.3276017055,0.7437379154,0.4816122446,0.6365888826,0.8624005584,0.5973145793,0.7589544678,0.6184776196,0.2977205578
1.7405939436,0.7143852373,0.9624482960,0.7667173988,0.8575458184,0.7134140587,0.7274569625,0.8629218019,0.7890464464,0.7696777809,0.8620752567,0.0678464778,0.8754956469,0.4416448303,0.3602269210,0.9017566548,0.6103329336,0.3374737109,0.2001920505
1.8048295627,0.6615490869,0.8462332486,0.1873162874,0.4703236136,0.6179675654,0.8562623141,0.9592556412,0.4512830375,0.8850882585,0.6908672399,0.8016571800,0.8002620943,0.0573159756,0.6509521857,0.4888208080,0.6757556645,0.1617178839,0.1994000511
1.3544185338,0.5012919711,0.0452117946,0.6392094266,0.5001724265,0.2633014378,0.2862517094,0.0587332109,0.1085057487,0.4151531491,0.9569019022,0.3523620245,0.6096022060,0.7846223131,0.7175509672,0.3329068121,0.2717578526,0.9215848174,0.6025171355
1.2689370301,0.4464948960,0.1661930387,0.5546669812,0.0330963331,0.0089504400,0.1377536908,0.6844399648,0.4714289277,0.0045904416,0.6964800807,0.9121088101,0.7822801302,0.7083862872,0.5832169002,0.1875985213,0.3559946005,0.0131529795,0.8718856521
1.5390872989,0.4271242732,0.4478441818,0.6394974695,0.1388101191,0.1846560900,0.4753633692,0.6629978508,0.5294335371,0.7960984171,0.7097069808,0.1528473161,0.7235018933,0.1188976784,0.4688267275,0.9174363320,0.8351508618,0.9548061294,0.8252234463
1.3249154682,0.2767310420,0.5781491772,0.7477484865,0.4991035211,0.5825414815,0.9481359953,0.0628904785,0.9273470978,0.7246252281,0.4149621574,0.7596428173,0.2799704437,0.8192016349,0.1370544068,0.2598526539,0.1826889431,0.9278257038,0.5875366970
0.1873445221,0.9471074034,0.1718596712,0.2072330468,0.1824650473,0.9710778702,0.5846906826,0.9502063740,0.3212926750,0.8580396885,0.5744316093,0.9854089407,0.0174634873,0.7728433814,0.8640832149,0.0745098508,0.4403958176,0.9462572006,0.6049482443
1.4053549454,0.5305685658,0.1929183548,0.6063402246,0.4416868163,0.4687649287,0.6313422369,0.0344590527,0.1393064965,0.2062416742,0.3270603149,0.4374064950,0.7907579316,0.0161089089,0.4147092503,0.8409866528,0.6952882621,0.7195363725,0.9489906869
0.4706838418,0.8812044653,0.4554368800,0.5208335341,0.2056892039,0.5687901492,0.7707024653,0.4676755424,0.4463660076,0.1255900873,0.5724399375,0.1723930262,0.0163291212,0.6717873509,0.7688008516,0.6487331880,0.8193257634,0.4244794968,0.0160669198
1.5332846512,0.8262722110,0.9181999153,0.8661266367,0.2590571643,0.8257989221,0.2508814483,0.3119406556,0.7642621282,0.9816767035,0.1514086746,0.6369011467,0.1359992759,0.7513623629,0.9247678802,0.9032037408,0.2168643766,0.9521735048,0.9867454806
1.2107533619,0.4680147934,0.2602783683,0.2720163405,0.1893072243,0.2695966492,0.7848586494,0.6772350645,0.1073774744,0.0565154026,0.9009630217,0.7955664331,0.7178943725,0.5873808494,0.5297873696,0.2955090698,0.7975563561,0.8800885230,0.1314269148
1.3130113391,0.2985178691,0.4588824332,0.8541506033,0.9037147464,0.3320658947,0.1780008898,0.5357883875,0.0341472231,0.5317124645,0.0671766742,0.3026409253,0.7397221426,0.6633754098,0.1458039741,0.0857666934,0.5681351765,0.8880200937,0.5020821715
0.9810499308,0.0186498205,0.9951443827,0.1896508421,0.8057974423,0.5376404041,0.5834023520,0.9571108633,0.1285393527,0.5274331425,0.9333478645,0.8855926082,0.6984390329,0.1353337643,0.5459907236,0.8825643368,0.2866027954,0.2083320250,0.2727990343
0.7339613638,0.1742378150,0.3888665147,0.4413256783,0.3686357888,0.4449701994,0.4824658749,0.0934199838,0.4653708046,0.9105175622,0.5365467663,0.0632020462,0.2162197564,0.1161679053,0.3798306846,0.8307674397,0.6061086334,0.4859034899,0.8374108943
1.3310997355,0.2668801250,0.5390358221,0.4780600266,0.6538072956,0.4678623997,0.2458927496,0.8796587930,0.8094813423,0.0602127882,0.0353751875,0.2164832811,0.8508436273,0.4993677976,0.3435860923,0.1459127659,0.4716484443,0.2192718623,0.2948681963
1.9040198065,0.6442298769,0.6592511687,0.9610444574,0.7696265799,0.1056312098,0.7258838956,0.0962660803,0.8838840940,0.8005560895,0.8368694526,0.1654430999,0.9405741285,0.0248292445,0.7718448897,0.0525510715,0.9390253747,0.3222974344,0.4193080602
0.7652155152,0.9330121442,0.4612626686,0.9034607459,0.2169236330,0.8218795122,0.7894155431,0.2178993207,0.2540108404,0.5086698009,0.3640021180,0.0887566462,0.4003433840,0.5388443785,0.5566363770,0.4222553440,0.6636953907,0.2898847448,0.3955856071
1.5675876718,0.2676846387,0.9640119466,0.4392320359,0.4894152491,0.8519721128,0.8509017416,0.5539897886,0.3119312558,0.1772965564,0.0320446714,0.9289500968,0.1905428522,0.3364581883,0.6041046795,0.4378828082,0.2723475768,0.3890071082,0.4992999636
1.2419322630,0.2850766089,0.4570469778,0.3822597875,0.2636890191,0.1815657476,0.3940853571,0.7899341800,0.3466287495,0.6345419062,0.0392829121,0.2455553121,0.7750771998,0.0124867358,0.0565433878,0.2929043682,0.4544565612,0.6446133461,0.6784083084
0.1055047436,0.9145585598,0.1500952685,0.4313977827,0.9177830755,0.2901860049,0.0957278643,0.2930745353,0.8699631930,0.3569318100,0.8797697308,0.4698395222,0.2492498594,0.7636364933,0.9159242150,0.4300325609,0.4733608284,0.3390839630,0.7414935927
1.4069046341,0.2914265642,0.9212432122,0.0377256516,0.3468935078,0.4903158505,0.1681322211,0.7886902899,0.3705800381,0.6430821560,0.4023202077,0.3430433641,0.2361250712,0.2827740163,0.0668155017,0.3728568671,0.1790004765,0.2134516078,0.8358437294
1.9399205477,0.5551798162,0.8070282385,0.8883459208,0.7184422816,0.2262252979,0.3660385446,0.7674285180,0.5522626438,0.6350624321,0.2350219892,0.3459995301,0.2773882170,0.9705629955,0.8373800494,0.5687312187,0.8063992743,0.3475358394,0.7690870807
1.9257822387,0.5139374216,0.7638993355,0.6127247440,0.3188293643,0.1944848805,0.4245288700,0.6220910488,0.5650683067,0.0659370796,0.2524063563,0.3502725183,0.8277792053,0.6474625451,0.3001460188,0.3168625282,0.2307901547,0.4066687021,0.0323146106
1.3452487578,0.6074687437,0.1747411515,0.6546898771,0.6016132709,0.0284023005,0.4718796412,0.1985026935,0.0367964459,0.9300801630,0.0507158257,0.2900274881,0.8065697526,0.5013736497,0.9137084483,0.3675368450,0.9565395756,0.9159276222,0.9780104440
1.4117756914,0.4255149388,0.7142870048,0.2418328884,0.4389323472,0.4583291589,0.0038628860,0.2196832785,0.3545626841,0.7218195133,0.2859596070,0.0188735135,0.5590342025,0.0802581556,0.8540972970,0.6915272562,0.1386574284,0.2549086304,0.6183606570
0.3507873897,0.9650566241,0.3693540841,0.1368676696,0.3049909090,0.2387938755,0.0587699496,0.3112647093,0.4204006645,0.0126144926,0.3673946891,0.0093497603,0.9145716388,0.5650501668,0.6270921331,0.8523216075,0.4692989862,0.2574199261,0.0324843730
0.8245377776,0.0568139764,0.9522003333,0.8569213487,0.7795075354,0.4753743496,0.0371615144,0.7337173806,0.2826241537,0.5992724678,0.7299443585,0.8206163876,0.6734844702,0.6826014286,0.9892034779,0.2492087270,0.6167751339,0.1281679000,0.9631540656
1.3187135646,0.5445041710,0.0533195894,0.5588788588,0.3420859125,0.2154786422,0.3310509414,0.5070553746,0.2185346124,0.5009156884,0.2112637235,0.9021815918,0.9632158446,0.5689275663,0.4666420156,0.1949811130,0.6135224520,0.1498309628,0.9900917157
1.8805011759,0.6561407531,0.8930309833,0.8656451673,0.3972377493,0.8126063485,0.9349451393,0.6581462085,0.1074527571,0.2548911271,0.3463570027,0.6718584094,0.5110380707,0.6063955311,0.9506374104,0.1240231637,0.6810428777,0.1385537487,0.9932420738
0.7399037465,0.1483149634,0.4246069498,0.5116750961,0.5538308156,0.9154285131,0.7621257197,0.8045935788,0.8072081035,0.2722724440,0.9746627825,0.7735975825,0.1704098327,0.5007055997,0.4762482125,0.3042925052,0.1226424978,0.1359927635,0.4114843969
1.1944233600,0.3579784943,0.3916260755,0.4887038761,0.9272357991,0.9993200585,0.2898089021,0.3814904409,0.5058273190,0.9065087978,0.4317511387,0.6867823201,0.9883114902,0.1744308233,0.4434084888,0.7078391224,0.8978929032,0.0041492000,0.7974986411
1.3486733821,0.3265025838,0.2942021488,0.9980187083,0.3076507597,0.9832611004,0.6876816611,0.2631388030,0.5524227510,0.7782258797,0.5629336087,0.0464237473,0.9150361384,0.8319048156,0.9022420476,0.8602069419,0.4715352805,0.8557053354,0.3080548108
1.5283807721,0.6298720081,0.2481073818,0.2669936324,0.1836836682,0.8590804897,0.6207032369,0.6823538539,0.3268399405,0.5210414502,0.8525075310,0.3498862782,0.3284122967,0.8719000969,0.8177708472,0.3897231063,0.7199636870,0.7585881654,0.5772619219
1.4631228295,0.6341976109,0.0990663617,0.9977991216,0.8806001136,0.8072352933,0.0738921820,0.7528760342,0.1663329235,0.1397697807,0.2504482774,0.1013190693,0.9847238594,0.8596249644,0.0683444953,0.0900058431,0.5282152060,0.6444045245,0.8998930171
1.4444216267,0.5888720449,0.2374945531,0.0669701691,0.7634655995,0.2811112741,0.9903473441,0.1386967911,0.9608454449,0.6817123293,0.8216222831,0.9661059532,0.6600926771,0.6366409037,0.4434437158,0.0875678503,0.1312175377,0.7634807479,0.0959154112
0.6261222570,0.9902978981,0.8815902504,0.5455548929,0.5827580463,0.5288619067,0.7876770986,0.8850041746,0.6757233868,0.7155886597,0.3520597613,0.8990011152,0.6968913066,0.6534441178,0.0132067035,0.7749328384,0.2245312848,0.4056780044,0.9966678934
0.3800425769,0.0915699992,0.0845191797,0.3760455668,0.5639575713,0.0075373905,0.6971854369,0.8629062048,0.7105351061,0.7977977460,0.8359364159,0.4747691681,0.8851965357,0.0437989934,0.6255724319,0.7258531745,0.2397219023,0.9008370815,0.4209806388
1.5138078776,0.4255777321,0.3227313055,0.7271623781,0.8299401556,0.1755730259,0.4998595637,0.6782748484,0.2297004044,0.6461068712,0.3872545909,0.5919497704,0.2646484226,0.2101154179,0.1191515768,0.5789525407,0.0467043470,0.6146200493,0.1899865598
1.2139743512,0.1482694773,0.9417526845,0.7610150509,0.1162361245,0.6213648110,0.8119875798,0.2023514244,0.8776919821,0.2604640033,0.6201446944,0.0453769319,0.8102508596,0.4580398418,0.2144697189,0.0860632845,0.0947338643,0.5298464462,0.4527981902
1.5776522484,0.6699966526,0.5480434064,0.0831723951,0.2464765419,0.0941408998,0.7722779825,0.2589600418,0.2904235337,0.3830007279,0.9147601618,0.4159137591,0.8974979685,0.8095458999,0.1808952390,0.3749111304,0.7763842253,0.3950122737,0.5504652309
1.2719116060,0.3786992429,0.2346561528,0.9914871038,0.7647108986,0.3100171394,0.0410854780,0.2664216308,0.0676156495,0.2647845887,0.6522554760,0.7700430980,0.1029969638,0.5394472664,0.2389287841,0.7395694964,0.7548629655,0.4528457379,0.5482443919
1.4985804419,0.2744458721,0.8319528660,0.5790017549,0.1433065076,0.7982325793,0.5597687887,0.6369888193,0.2170415892,0.9906040127,0.0172721121,0.6526697464,0.3869210343,0.4845805910,0.9864865142,0.7844864671,0.4140328232,0.0893167797,0.2426568570
1.9105246353,0.6263803033,0.8566134560,0.4537935954,0.7695200502,0.7616328435,0.2017166660,0.0809220301,0.5674806443,0.8261371997,0.9889962473,0.9035252366,0.7338991990,0.4032169060,0.0012633093,0.5703577634,0.0382145649,0.7431765919,0.5300668714
0.3413639524,0.0901970525,0.0779036600,0.6774328930,0.1426406978,0.8417001776,0.9706755307,0.7229146169,0.4880873763,0.5759034273,0.0336829596,0.8170092986,0.5448804896,0.5314869547,0.3781383104,0.6560517322,0.8337875853,0.9242701292,0.6125747921
0.1658785423,0.0147720348,0.0925319503,0.4826333400,0.6116102279,0.3534645171,0.5220288510,0.5347492255,0.5163204811,0.2910624060,0.6496901770,0.7256816416,0.0762447830,0.1851822816,0.5747604434,0.2714506327,0.9474969479,0.4138870581,0.4195840616
1.2361805214,0.2418736291,0.6067700047,0.9858483282,0.4796064145,0.3989636889,0.9411372153,0.6588879739,0.8968126768,0.4478884020,0.9472441554,0.7602098734,0.4088417644,0.2211204190,0.7940428487,0.0675156515,0.9638198620,0.5371914303,0.3885705285
0.9825014668,0.7802982003,0.4455154450,0.4820618065,0.3113766576,0.3011707990,0.0881882724,0.7356397334,0.0399712489,0.2577918316,0.2638464479,0.2441962970,0.3476228098,0.0568308605,0.8933224633,0.8996179406,0.5965649306,0.8665344326,0.5854681160
0.4118969591,0.8333859108,0.2108014194,0.2499570658,0.4877592652,0.9324110117,0.5694611954,0.4370686022,0.5710815194,0.8113845071,0.8019653168,0.2793130810,0.6676639477,0.5852210138,0.8830740496,0.4335857445,0.0139132182,0.9088615477,0.3281414840
1.5875178143,0.4072006249,0.7644686269,0.3948019701,0.4354642801,0.0744635792,0.6509402313,0.5366191357,0.7825476935,0.6392098260,0.3353497554,0.9206419270,0.2542774156,0.9642571207,0.8718905856,0.3780366879,0.1114903926,0.1180266104,0.8635944915
1.6056603719,0.7398852910,0.9733092362,0.4393915904,0.3511641824,0.8925577447,0.4881289451,0.8310426579,0.3967360133,0.2366560758,0.6270081626,0.0227004640,0.8578662355,0.4733912024,0.6123444155,0.2627489332,0.3108506525,0.5547561672,0.8221531431
1.0886986087,0.7222426762,0.1305803864,0.4521729630,0.5131585027,0.7301496311,0.0821363765,0.8964354654,0.7160805578,0.9448535496,0.7580705005,0.0569453368,0.3792980696,0.7039739759,0.2547562458,0.9451959301,0.5222329043,0.4960484697,0.1438837895
1.4231989459,0.5362445306,0.3769962832,0.4232433835,0.7706346081,0.8064246802,0.0016267572,0.2121161526,0.4426428530,0.0190268432,0.4213406140,0.3905949273,0.9252097992,0.4213345757,0.6476028503,0.8417647108,0.3334091393,0.8248593909,0.6152757624
0.8149297988,0.3160419423,0.1341297667,0.2104111646,0.3414380342,0.9114822031,0.5241838560,0.4160291416,0.6846824263,0.3783467210,0.4229246769,0.4375474262,0.3696397996,0.6095194391,0.2046864855,0.4376142398,0.2591809263,0.5335511108,0.7357296654
1.8683025431,0.5661296542,0.8502004961,0.6624673418,0.3321552811,0.3021829570,0.8416561821,0.9655458833,0.9291406641,0.1601051654,0.0222484806,0.5149707229,0.1458305731,0.7870366792,0.6555540999,0.0260795121,0.0785866775,0.7860462626,0.0346762813
0.7539258787,0.8943491577,0.9153073066,0.1144626065,0.7917435231,0.0440545068,0.3083712013,0.1190047292,0.5399508517,0.6502839230,0.9182437646,0.9066373174,0.5984294091,0.9706964612,0.5517987234,0.3930421276,0.2528256015,0.3005639406,0.9936149502
0.5533059830,0.8794543041,0.5889856867,0.0224147350,0.6859226766,0.7560818872,0.4211327813,0.5533054390,0.6737181203,0.7829546456,0.3812730144,0.8311102675,0.9979956731,0.6567011633,0.1849866729,0.3386760962,0.9993571212,0.9903407239,0.9610389411
1.2613781524,0.3112983093,0.8023788140,0.0710989612,0.1866691266,0.1810633431,0.4358475174,0.0219984384,0.0177796350,0.9043902460,0.4648612268,0.9538599148,0.1045850227,0.4686737969,0.1096977471,0.5148306251,0.2836105261,0.2960835049,0.8713615977
0.5617379026,0.9852697917,0.7364598082,0.3557689707,0.8458765657,0.9684447531,0.2549887727,0.9989710440,0.4994066686,0.6093514891,0.3682301731,0.8239869172,0.7744740699,0.3638794300,0.8595222511,0.6999529179,0.6521908607,0.5991525136,0.0679727715
1.1751338270,0.1060089540,0.9013780876,0.2813217841,0.4523196942,0.5432753329,0.7157857169,0.3848333532,0.3235595186,0.5373002217,0.8911609742,0.3192196599,0.3765927823,0.9611337806,0.0548534668,0.2809823113,0.4485914654,0.2169779133,0.1599989900
1.5418562774,0.4873013629,0.1844134826,0.9269206426,0.5433976342,0.0396364809,0.8602724836,0.9898619201,0.8372017184,0.7828830534,0.0431312513,0.2453654576,0.2912499844,0.9025496859,0.8625361588,0.3020834972,0.5818594506,0.2322509266,0.1095920081
0.5844632676,0.9328718034,0.7087577712,0.4171524099,0.2614494821,0.0328500099,0.1688440841,0.6192557572,0.9956899045,0.3588425235,0.0616943059,0.6183165888,0.4916035192,0.2881651333,0.5445933709,0.0925347315,0.9812707053,0.9110111587,0.7747860142
0.6034086142,0.7949477279,0.1705825521,0.3571053244,0.4179102532,0.8495648958,0.7176692136,0.8644564197,0.2807277949,0.9263505577,0.9925883575,0.3949966678,0.0802477685,0.0995641638,0.9822961197,0.1648613046,0.3417448020,0.7401214606,0.8340127643
0.9292478678,0.4818774389,0.0686187012,0.3144257045,0.4939393652,0.3819966817,0.8487203536,0.2917403762,0.8611237330,0.2526799175,0.4044002901,0.3706191341,0.8658669007,0.8440305979,0.0398707699,0.1349975591,0.8599479515,0.7649856659,0.8993661681
1.4939776562,0.8047353178,0.8339158863,0.8986612036,0.5852757673,0.1216767360,0.1313326346,0.3364502996,0.9101983562,0.4959838983,0.2055502843,0.8655384079,0.3118477240,0.2720043855,0.5646614854,0.7358872907,0.8389504234,0.8432582624,0.9762507510
1.6106500355,0.6832806188,0.3743166270,0.8464283353,0.9796433679,0.4053619800,0.9940015911,0.9712295573,0.6322096098,0.1117591319,0.0421095973,0.3247521581,0.8051820143,0.3873250683,0.7410138066,0.5932289027,0.8207363415,0.9706994743,0.4720979658
1.7325445083,0.7075367506,0.8549984582,0.6961055639,0.3096499062,0.3325531617,0.3483834839,0.6629953291,0.3027676480,0.6065247714,0.1056508058,0.6864903744,0.9613484945,0.6251466974,0.9007121095,0.5115346600,0.2895337357,0.6561075752,0.2781087453
1.3643766038,0.1876429805,0.9592939193,0.4104757237,0.2211342253,0.2058403358,0.8222899047,0.9114569575,0.2137152655,0.1945326993,0.1654471643,0.9098776303,0.7737262041,0.8783506484,0.2692795520,0.4064250339,0.9081775483,0.9480821467,0.6095047987
1.6953778689,0.3125861056,0.9913880357,0.3981214950,0.0050756807,0.2316369404,0.0595113498,0.0168087431,0.8223281188,0.6208881341,0.4028376443,0.4809558770,0.8383344000,0.8472006427,0.0398643454,0.1973870693,0.1662132521,0.2904419218,0.2578706608
1.2813701149,0.3472199529,0.4746949153,0.3575704175,0.1510782185,0.7646899130,0.5156478548,0.1386975506,0.2058455514,0.6121572174,0.0673398465,0.4704134042,0.5890821417,0.0064501670,0.8693436304,0.4771797779,0.8210313859,0.4242154903,0.9009311690
0.5861962912,0.7741438100,0.1073405357,0.1704255156,0.9560806737,0.7323002915,0.0497542276,0.9415828526,0.6950146213,0.8003236514,0.8134047149,0.9794905094,0.9970075786,0.6784318225,0.5693746922,0.2555881752,0.7730088683,0.2665796749,0.6288945752
1.9905937134,0.4788406373,0.9304811069,0.6788159888,0.7396980747,0.6729480184,0.0726228080,0.0679350944,0.1034910933,0.7921020869,0.9440523929,0.6323243171,0.4805872737,0.8529955439,0.3838938459,0.2922636762,0.4907506422,0.6181911908,0.9783283695
1.6569436866,0.3568411415,0.7867958064,0.8782927625,0.7140439823,0.4888156769,0.6204771112,0.8497995801,0.2957089638,0.8816494380,0.8257984407,0.1928297648,0.3983808131,0.5938165357,0.2898333861,0.9408496051,0.7964094932,0.5224464448,0.0673823161
0.5105821481,0.9888236750,0.6247652630,0.1979498155,0.1894921687,0.4506647097,0.2383490568,0.7454219798,0.9051715778,0.0810958067,0.3058055403,0.5985968710,0.2709309474,0.9871293848,0.1111878684,0.1137001403,0.8416456611,0.1810829871,0.0232583189
1.6425419227,0.5072959775,0.7110098136,0.1120259152,0.4789199160,0.2611766072,0.7264465734,0.5078226129,0.5206435286,0.4640412968,0.7718144388,0.0608495983,0.7023183601,0.2977832418,0.2241801770,0.6576271447,0.7958733180,0.9036234337,0.9379628531
0.8595462635,0.2396934033,0.1434055666,0.0863399207,0.2373786610,0.0857434092,0.3025544050,0.0033191960,0.9880953107,0.5066299978,0.9702246322,0.8576372744,0.9889429552,0.6110477462,0.3321948338,0.8472152807,0.9642064472,0.8608198988,0.2070027008
1.4100557013,0.3428171304,0.5498514033,0.9091748936,0.0351242651,0.3221519291,0.8591755485,0.3435333747,0.0346728451,0.5472161262,0.2271018420,0.5187346509,0.6972221793,0.0382855885,0.0064824721,0.8942830368,0.4741821866,0.6351499268,0.4565695432
0.9763536004,0.8393192105,0.7858005490,0.7566806628,0.4904600565,0.0952885011,0.3283533393,0.3224549615,0.0141625626,0.3397637018,0.6918652019,0.3169986756,0.3762189630,0.5001918701,0.4403524843,0.1850200426,0.3469992411,0.0863539981,0.8270438401
0.4373741769,0.8876821848,0.4146164358,0.4849920479,0.1389488704,0.6609421466,0.5088603346,0.5773976739,0.3523900913,0.3699747457,0.4148318525,0.4446439956,0.3712985516,0.2545098385,0.3905333242,0.6849475472,0.3451555147,0.1456939182,0.2162385469
0.9449511963,0.3741983604,0.1904665067,0.3563255671,0.7090046816,0.3099724843,0.0440662886,0.4198459788,0.7948425797,0.4672573328,0.8080879332,0.3541394411,0.9720685686,0.3963805024,0.6851054487,0.7830613029,0.0577725704,0.6061548703,0.4984047255
0.8141374741,0.7878725434,0.4244097554,0.4358804398,0.8707719558,0.5843719293,0.6144692376,0.4416956106,0.0791608022,0.9971623598,0.4360036299,0.7839974090,0.9735261030,0.9804462772,0.9290362768,0.6862600044,0.8618098562,0.6028487124,0.8943717406
1.9106439754,0.5766016393,0.7749675803,0.7974903002,0.4099306943,0.6534025748,0.7747838010,0.3234527805,0.0362193197,0.4609713050,0.4034151858,0.7762852094,0.4710360535,0.7535199198,0.3473930041,0.0162350160,0.2601430729,0.1503529256,0.0579000266
1.0679148096,0.7922076371,0.7028159677,0.3334770668,0.8280481232,0.2354717543,0.6206664679,0.3353723611,0.7390941750,0.8050715763,0.8191697877,0.5982470987,0.4462015442,0.6249626070,0.1421514199,0.1863761452,0.3938057728,0.9069476118,0.2147520106
1.6960619039,0.7317824562,0.7047066030,0.9280188954,0.9536268524,0.7406011293,0.5897779962,0.4854086350,0.4551003419,0.3925305123,0.2100821593,0.4164149153,0.3582200067,0.0089067679,0.8723170298,0.4008951579,0.1840397702,0.9395118553,0.7562246523
0.4708763522,0.1266595924,0.0589396106,0.5909379047,0.5049199359,0.7315773684,0.8361396840,0.1255811057,0.4733996011,0.8461058038,0.8651423817,0.7467586482,0.6801610075,0.7777530661,0.9345290137,0.0435304071,0.8466657192,0.6119318316,0.5764026210
1.3037800554,0.1876526896,0.7316561971,0.3121405339,0.9325061908,0.1900523901,0.7695065798,0.1609400065,0.0721412189,0.8304733220,0.8599219009,0.4385289012,0.4882058107,0.6428321727,0.1172025213,0.1177765362,0.2529618820,0.1485791561,0.6525809222
1.4668800811,0.6606365994,0.3676061414,0.5022597146,0.9531062783,0.5167765269,0.2347625823,0.8088661363,0.0710971465,0.4791539076,0.9393519439,0.5837267692,0.0768728909,0.1900699271,0.9534334844,0.0312010155,0.6129343146,0.4517221551,0.3727658013
0.5840685245,0.8957539871,0.7477785116,0.6350741827,0.9574853230,0.8587266340,0.5371346821,0.7874654850,0.2333839772,0.2283570511,0.9496640899,0.5486797268,0.0773959777,0.2039229187,0.4664677372,0.7801450142,0.2301727126,0.4713204798,0.6294840250
1.3156542439,0.4112623707,0.8315812981,0.0213590078,0.8085713738,0.4645507191,0.0811652511,0.8172990484,0.2268363723,0.1016824096,0.6915098860,0.9505085143,0.8474945226,0.1435727314,0.0710684899,0.1396533467,0.5753196842,0.2126480113,0.2884055333
1.1663825908,0.7850455874,0.7730474662,0.2767525849,0.9586678455,0.4319552505,0.2508933154,0.8406572652,0.9329581723,0.5130582921,0.3152160600,0.7096463043,0.2247311102,0.5043826997,0.1157974002,0.3169614095,0.6701321167,0.7613775374,0.2834505770
1.2953471143,0.3971273472,0.6555177782,0.0047203644,0.0271751834,0.1001725951,0.8815749537,0.1661744804,0.1418417253,0.4035744989,0.5058613667,0.6382939591,0.3329495288,0.6159227814,0.5190477120,0.5397820153,0.3470979489,0.7074848007,0.4129208904
0.0501068861,0.9006086412,0.0007999513,0.6026155762,0.9161789617,0.8671283915,0.3639269912,0.2654131424,0.1380299290,0.4472052087,0.8648741845,0.8363769697,0.9269426440,0.4935436552,0.8006324320,0.2296147601,0.8711669387,0.0423120583,0.6067155774
0.1163075015,0.0386483668,0.1265945029,0.0626328677,0.1207382490,0.4869759311,0.7926786127,0.6553793995,0.2981863463,0.0860480759,0.7465024993,0.1657177413,0.4101800309,0.4843118554,0.2395368282,0.5327173520,0.5498100527,0.8333019292,0.1251737000
1.3615747566,0.3483136604,0.4767986166,0.5945414545,0.2501354934,0.0950557471,0.4421932716,0.9830247106,0.1171816118,0.5378651889,0.5610196390,0.9787475111,0.9182503096,0.9565950910,0.4719855236,0.8808348164,0.7726373310,0.1231871669,0.2360277501
0.4458825924,0.8801614804,0.4405760290,0.2992603177,0.1138358606,0.7577981594,0.5866913963,0.5907074062,0.3596759260,0.9375152000,0.2140523314,0.0052832765,0.2183635652,0.7355546354,0.6094242948,0.9865358933,0.2364401084,0.7945062487,0.2730179495
0.0653072952,0.0024506057,0.0540780024,0.0705663039,0.7741963749,0.1655119933,0.3991548411,0.2987951305,0.2894852167,0.3682308403,0.5298214831,0.8513222846,0.7109196907,0.5288329306,0.4485404181,0.4763962552,0.5134913933,0.9200985024,0.6557351843
0.6983754404,0.8891070280,0.9171498959,0.2171646375,0.7583547763,0.1870149007,0.2999987337,0.7288319336,0.8135733127,0.0286570255,0.3922109561,0.8739122168,0.4108277507,0.5203489764,0.6556423242,0.5265850488,0.3404420863,0.8692509125,0.8203971977
1.6691860350,0.6590164052,0.7076434536,0.0210117920,0.7188863605,0.1159140563,0.0919248122,0.5780372282,0.6133798266,0.5531462728,0.7276565706,0.3672900717,0.2586737697,0.1550131204,0.8470231506,0.2849813179,0.4521839975,0.1969524874,0.8012069289
1.8229971717,0.4796261162,0.7668316099,0.8429080541,0.1992272203,0.5647424513,0.4284727990,0.9899187185,0.7323582184,0.5951473262,0.7766094693,0.6100810802,0.8201166325,0.4053573737,0.9816909025,0.0561384313,0.4150087699,0.8642467103,0.3229821278
1.3367890003,0.7029055495,0.4700480915,0.3641251034,0.8114070726,0.2473885223,0.4359226917,0.8255577776,0.5999317758,0.4382145461,0.9855493912,0.4127476224,0.3920003390,0.1472810480,0.7935047093,0.8738509026,0.6772101873,0.7604087289,0.0569756239
0.5908814101,0.1441139643,0.0412776442,0.3245690503,0.4617964936,0.6344527045,0.7779702759,0.4744726925,0.3940721136,0.2680134395,0.9191561309,0.7506949945,0.3857892697,0.0595037095,0.9742721791,0.4424309787,0.8050115500,0.0531856029,0.8995608997
0.5890292475,0.9351616674,0.7565104437,0.6208973789,0.6125640744,0.8093104382,0.7869998062,0.7977386553,0.0888418493,0.7366430908,0.2841796102,0.3971806211,0.5407494986,0.3933856608,0.5910339089,0.0596578183,0.0270620144,0.2851287116,0.6646515333
0.9045525221,0.2031031620,0.2237274546,0.6611462591,0.6605857598,0.0668405135,0.0039536998,0.6908118711,0.8544509131,0.4393030432,0.7139281263,0.1344054320,0.4906355212,0.6216113766,0.1233295387,0.4458211955,0.3454224252,0.1032260889,0.2949768083
1.1184044281,0.2483504861,0.3567112306,0.5497273927,0.3692012320,0.1925181051,0.6789568123,0.8780972580,0.1267765809,0.4281120960,0.9866689228,0.4830696398,0.3888229696,0.1520747293,0.5911468143,0.5242670740,0.7973680738,0.2338534873,0.6303200694
1.4621979579,0.5740019195,0.0845903768,0.8821192811,0.4554712687,0.1925190265,0.7436651598,0.4753770194,0.6609058236,0.3275993481,0.2357922895,0.9594871900,0.2437674871,0.3287624926,0.3808492659,0.8938867535,0.6021492592,0.4346061031,0.0112271178
0.6217213899,0.2297089776,0.0117510092,0.0215099399,0.9366723230,0.8655205353,0.6794491528,0.2298354688,0.8527194946,0.8652220682,0.5671122483,0.2485577349,0.0383374704,0.6466868170,0.6096830001,0.6292868306,0.8020430027,0.6032430245,0.0236841049
1.1769501098,0.6990729397,0.2657861923,0.2712566466,0.8889093394,0.6324634315,0.5568939780,0.4344966202,0.2226508000,0.4508377178,0.0185808472,0.5850085914,0.9138909390,0.6757793648,0.1369035518,0.8166616308,0.3132009318,0.6821313156,0.0739241946
0.4981548143,0.8307536532,0.3869010402,0.4238053476,0.3050566859,0.3488675507,0.6437228384,0.2365596791,0.1528817064,0.3924535945,0.6044188126,0.2030580231,0.1605051285,0.6700391746,0.5445296741,0.4254655132,0.4657483928,0.3650469845,0.3292765015
0.9878080480,0.7980756106,0.7461003175,0.3402052372,0.1436556748,0.9456022386,0.4809215544,0.8832444550,0.6960394280,0.9100342517,0.5517191182,0.9314836488,0.8073144541,0.2515292515,0.0916979447,0.8967365454,0.9706916960,0.2471025150,0.5542962371
0.7740350860,0.1482235935,0.2696001312,0.7494919096,0.6725408312,0.3786861866,0.4597821046,0.7324018596,0.3134869795,0.1390089002,0.9877035466,0.1285461962,0.5571510419,0.1018943375,0.8059358385,0.8695581007,0.6293177048,0.8130183084,0.2399227561
0.5151468472,0.0982859592,0.3070801453,0.4627838947,0.7123458872,0.0766009379,0.7155903349,0.9609273444,0.9937069146,0.6984267422,0.9908284341,0.2094000517,0.4741648726,0.4960860339,0.0063208821,0.9038449761,0.5764914113,0.7244555652,0.6410125145
1.4131984826,0.6163025630,0.2144362973,0.4275961846,0.7233934668,0.7441691866,0.6986393931,0.3501533207,0.1779837330,0.1474659757,0.8316561016,0.9291694683,0.7547889528,0.0172489663,0.8426138429,0.3423693693,0.1203799292,0.1334374646,0.4394431457
1.7281881290,0.4286981419,0.7102661077,0.6808044649,0.8076768449,0.4020651697,0.5328157880,0.9647012129,0.5712318548,0.1710167953,0.0479196556,0.2535629808,0.0263737679,0.4999101510,0.6434696663,0.9918197128,0.1596521379,0.8076604266,0.8781651932
0.8190024199,0.8892501743,0.6577515624,0.8264441329,0.1884331875,0.0028266196,0.2602899279,0.9897389680,0.9627818204,0.7016489607,0.0454639146,0.1019339248,0.5157840895,0.7338843238,0.7916250543,0.0914720201,0.1497728943,0.1689681432,0.2431089372
1.3391423410,0.4352980643,0.2569154688,0.6215585335,0.2690001712,0.5594339438,0.4034380712,0.7174363981,0.7991986483,0.5788872940,0.5136951707,0.9110184479,0.9134051200,0.5530678731,0.6032296659,0.5012686293,0.1817236566,0.5233399136,0.5546993632
0.9659493351,0.2355966126,0.3420868525,0.0109839753,0.9233383801,0.4976622357,0.6693576437,0.0739184065,0.3190878613,0.9812342243,0.5756747601,0.8630917253,0.0725684485,0.4611873713,0.9633670128,0.4278685072,0.7864597899,0.8745349318,0.9243550051
0.7703743668,0.9834731257,0.9389521147,0.4969972705,0.9705957050,0.6694241945,0.1646866932,0.0345255122,0.1290563723,0.4929278413,0.5122460992,0.2947130102,0.3261395817,0.7885348311,0.1456468818,0.9800481248,0.2993225242,0.4422023171,0.2661326942
1.2938875692,0.4414299035,0.3041620455,0.4842332627,0.3955143168,0.3124411679,0.4041851086,0.1974691938,0.9577536363,0.5757851255,0.1683277951,0.9119428323,0.3115626792,0.7689700454,0.8429393345,0.9085483389,0.7633596498,0.3265607940,0.9559726526
0.6939505713,0.1816707699,0.0214212067,0.8709578232,0.3744810258,0.3632563464,0.7903594766,0.7227020944,0.1889250919,0.2645337561,0.2919266054,0.5178005742,0.2819990114,0.9747513068,0.1845608718,0.2229580596,0.2024924937,0.8405347885,0.6984733095
1.6236491353,0.3309251438,0.6762610427,0.8444245231,0.9834617081,0.1148510709,0.3726729815,0.1437244705,0.8457154259,0.9386414700,0.5053525499,0.3721108526,0.4425684850,0.0478326732,0.3541811548,0.0611928782,0.5826332004,0.5380978896,0.9674485418
1.8607768874,0.6178379127,0.6667658737,0.8238638572,0.2742991359,0.4486496773,0.2008404671,0.9237170558,0.2127122356,0.7230955019,0.4043533747,0.7933839557,0.6928111875,0.4768896188,0.2407895964,0.1109225474,0.8612202176,0.5480002612,0.3899622926
0.1074286829,0.9528002959,0.1001257570,0.5533421081,0.7188361143,0.4077122867,0.1710154996,0.2785086383,0.0489658722,0.1725188907,0.0341394928,0.0653925395,0.4939929071,0.2494349729,0.4246089831,0.6992395163,0.1298785159,0.8986082614,0.6804465859
0.5880126393,0.8159731633,0.0765994875,0.7132666896,0.3263187800,0.2619783716,0.3470170535,0.8163349156,0.9140482579,0.1469375886,0.5473623182,0.7852760953,0.2819927078,0.2846921202,0.8681714563,0.1543251585,0.7407602888,0.3580612275,0.2862036052
0.3248162293,0.9789281972,0.4999557044,0.2821929178,0.2647646052,0.6315285852,0.5254907156,0.9483344857,0.1746505043,0.2125326117,0.2054271697,0.6139858830,0.9470732253,0.5242568216,0.7985383995,0.6159210441,0.1624615381,0.5733455381,0.8418281804
1.5320699982,0.4175750285,0.7266981510,0.4662168318,0.7075375884,0.1279561623,0.2726520939,0.6437210279,0.7819913834,0.5469138923,0.7285844246,0.3018233641,0.6781713796,0.7944624941,0.3926412268,0.1382764442,0.7904467553,0.2360646569,0.4875946287
0.4996806883,0.0751650786,0.2896892850,0.2818404254,0.8172829731,0.6880374606,0.1279394311,0.5451139462,0.8306558830,0.0069872100,0.6357739763,0.3838095879,0.2315687371,0.5458429129,0.8158902887,0.8281116058,0.7354939931,0.4327748283,0.3703875996
1.2578219696,0.2648727558,0.4823963071,0.1515245472,0.8286952135,0.0936148825,0.2784408511,0.5373855827,0.9520278872,0.0885316747,0.1098153438,0.4220508586,0.7741755345,0.7841932545,0.0577648882,0.9148839755,0.5773870824,0.5948885301,0.6316373756
0.8948995814,0.7873675323,0.6371925822,0.3642931973,0.6043011172,0.0440156603,0.8238334526,0.2704239795,0.3364943046,0.7382879828,0.0866133562,0.9006651208,0.0688756380,0.9034006337,0.7177321880,0.8095055433,0.3247963257,0.6130201118,0.6439243129
1.1952664500,0.2991693249,0.2993284212,0.9202760052,0.9896398003,0.2693558869,0.7161883957,0.1054882203,0.7822157662,0.1948663671,0.9114081305,0.0146748810,0.3908523092,0.2543516275,0.4693209884,0.8446321168,0.9300874251,0.1335640624,0.4373487492
1.0182621569,0.2074881758,0.3873706711,0.5487105337,0.6370192063,0.6613097709,0.8704909763,0.9972094936,0.1781064301,0.7455126128,0.1785605379,0.4512986539,0.2979635912,0.5519496105,0.9882488883,0.7077176166,0.7827152642,0.2899730895,0.5577730918
0.8037154928,0.8671633469,0.9756126394,0.1900604668,0.6981396999,0.3605820769,0.2823651921,0.4082632414,0.6864394218,0.2601825176,0.5817443704,0.4687002585,0.5151293482,0.3978477153,0.3663818508,0.5581999926,0.7370687504,0.2333758849,0.1669644714
2.0221028560,0.6296477503,0.9790351971,0.8205032688,0.7750737832,0.9461212607,0.0545453049,0.2661971446,0.5000601198,0.2631921063,0.8400911644,0.6766400758,0.8288944278,0.1642709578,0.2923093113,0.1312875014,0.9112876773,0.1341436037,0.2451252801
0.7250827144,0.3619408450,0.0230303050,0.1923695609,0.3369362626,0.9762059657,0.2377546674,0.3904432144,0.5093415177,0.2818461054,0.6140198092,0.8203512701,0.0193944832,0.4919063242,0.3831019062,0.7118236354,0.3080931544,0.8114252245,0.9904855264
1.7231221378,0.4971532248,0.8144591654,0.4711142127,0.4006111808,0.5689854175,0.1397437036,0.0200554107,0.0890328626,0.6210014708,0.8339756937,0.4484530691,0.9312717850,0.3437773407,0.5960398794,0.7831247440,0.3082413519,0.5933288232,0.6477853673
0.2280420027,0.0495578296,0.0019211968,0.9676142084,0.8008448244,0.1331821063,0.3007671672,0.7666722583,0.1206140981,0.4708976323,0.4534747102,0.6813666696,0.4029519537,0.6350684345,0.0060310467,0.3829708618,0.5581347663,0.0636448754,0.8288861144
0.9320456988,0.2272363942,0.2122462639,0.5615106102,0.9878450594,0.9783590462,0.4382621503,0.9044383680,0.9279962956,0.5725544825,0.4476686143,0.1498839621,0.2708158599,0.6247977619,0.8387096255,0.3640450456,0.5098361050,0.1901219957,0.9133728760
0.6026473363,0.9962870521,0.7150835724,0.7764384794,0.1182132857,0.7170138324,0.7005631991,0.6719457222,0.1634620944,0.9854537768,0.5312017665,0.8533005509,0.3753722642,0.7959884551,0.9845690162,0.5721763689,0.5384177733,0.4859109992,0.4760904748
0.9057679239,0.1251172290,0.5885076751,0.5875571261,0.4478379009,0.8942171759,0.3330363545,0.2410439586,0.2249607918,0.0336527532,0.1888264597,0.9679899993,0.1965616029,0.7725645395,0.3568226132,0.5104190394,0.5759349805,0.9349753205,0.4694899783
0.8937743501,0.2977001791,0.0811910893,0.6134853872,0.5301490501,0.8989382080,0.9044949106,0.6654373867,0.9434928378,0.8754252190,0.6082547111,0.8089980451,0.8734145147,0.0413182138,0.0447178477,0.6820276911,0.0059825252,0.3875419515,0.6546184138
1.4500567021,0.6623886919,0.1214174754,0.8255523027,0.5275473069,0.0034188515,0.3350731844,0.9587464482,0.9071396572,0.5590468618,0.2848093371,0.8754147676,0.8614709758,0.0502672344,0.6382254869,0.1937634783,0.5280667287,0.2741562966,0.0325883873
1.4770002815,0.3034812170,0.6901167018,0.4824779518,0.0696834942,0.9631476749,0.6868797062,0.8815955880,0.9726859892,0.2660660807,0.9015356453,0.9547772192,0.0671841186,0.0971111147,0.0511883024,0.3653641196,0.5288885924,0.6930032212,0.2796065100
1.0578232315,0.2017520735,0.4765874610,0.2876596166,0.8920901819,0.4365203694,0.6899196630,0.2183138512,0.8370066708,0.2661110297,0.1891965788,0.9805163811,0.8031456577,0.5858089544,0.8872169155,0.3051722861,0.6665252456,0.4753347723,0.7571830378
1.2478323142,0.1674831410,0.8038975916,0.4324592463,0.6741621641,0.0975962568,0.9323716289,0.9743609817,0.9084876897,0.4150706546,0.7004261535,0.1193844483,0.5529431250,0.5428081946,0.6247122260,0.6618554137,0.9327371467,0.2910773793,0.6739999560
0.8104330741,0.9463572196,0.6057768467,0.9221972236,0.4557228611,0.4335726266,0.8097785041,0.5592921088,0.3467493606,0.9949538539,0.2192075305,0.4967342225,0.3633016457,0.5772976288,0.7387993509,0.4537083228,0.1245498036,0.7904072983,0.5866702047
0.8685567484,0.8062285926,0.5652779913,0.4643436312,0.9259275671,0.2301232108,0.9418633663,0.7248856772,0.8968736220,0.8874799248,0.2141430432,0.7154976103,0.8006606962,0.4839094054,0.4209732647,0.6378195078,0.8893159434,0.4451862825,0.4709911044
1.1826017062,0.7954373608,0.9091366389,0.6349974088,0.6857742188,0.7537018445,0.4035459679,0.1208872878,0.2632524487,0.6323402692,0.1069201385,0.8963335240,0.8186089434,0.7797982941,0.0027949766,0.9690555920,0.5270035544,0.5020581298,0.4839200638
1.3859286129,0.3559520275,0.6373138723,0.2667879821,0.5106749588,0.9230149770,0.1458902276,0.6839809606,0.3902064320,0.4290669232,0.6447588744,0.6358923277,0.1492954736,0.2656904418,0.9574293872,0.8378979381,0.1344310514,0.2325714986,0.9123764974
0.6688124046,0.8975055746,0.7249170088,0.6457212294,0.0964992728,0.4229054284,0.0536264001,0.5808392213,0.6100571194,0.4940010937,0.1124812791,0.5374438766,0.4473970635,0.3838777383,0.6396680530,0.2896413853,0.5913609518,0.2313227304,0.6904730797
1.3763192172,0.4249423349,0.5982307692,0.3540610834,0.6203953307,0.5398924633,0.7656088708,0.5168817975,0.5290785005,0.0690541767,0.5374181457,0.4888218876,0.2985982778,0.8858314566,0.2182262005,0.0158936741,0.9992765799,0.7445461917,0.7579355970
1.5560031492,0.5182766567,0.2884083099,0.8518529576,0.6025173495,0.8274104165,0.2225276956,0.3302894699,0.7026066391,0.0996820085,0.7635210326,0.9796644091,0.2565248305,0.9664152831,0.6061888953,0.4505444680,0.1495678161,0.2465758166,0.5128354355
1.5384849295,0.4510603383,0.3318107605,0.9720531457,0.8568533445,0.7902935683,0.4218519972,0.1467372879,0.3556624288,0.0998506527,0.4719683231,0.9949472501,0.3264565654,0.9524281322,0.8595109531,0.7110315484,0.4396012377,0.5870182325,0.3168784247
1.5253452639,0.4657421506,0.4308389462,0.6970513111,0.8127261861,0.5978665769,0.7875261105,0.3370492559,0.7400220470,0.7230840254,0.6169686281,0.0858202864,0.4636919100,0.1100151585,0.9997513351,0.1100242160,0.4935881519,0.2054155278,0.7237595313
1.3503444930,0.3382390329,0.3811860556,0.5810369338,0.1753207142,0.1809915678,0.4549194979,0.1670718009,0.5095529917,0.2596214118,0.7231094593,0.3209928805,0.5270820149,0.9823806155,0.0185747699,0.9674595397,0.0116075208,0.3629619637,0.4901453642
0.2930426877,0.0112402403,0.2801300679,0.4260066221,0.2894048394,0.1468751977,0.3840621673,0.5878483494,0.9076875252,0.6515458309,0.8014475454,0.8750901943,0.8559984491,0.6404500527,0.4188453698,0.9716479355,0.3647548945,0.7812169982,0.6701377203
0.7320679663,0.3635597775,0.0167571968,0.2821804846,0.7636120658,0.0243654344,0.9664844928,0.9411066594,0.2401353423,0.9061923231,0.0562479348,0.2385309837,0.1759684095,0.0056756291,0.2420961257,0.0271962402,0.1460680095,0.4511074916,0.9642520897
1.4878787489,0.6864271436,0.5846592221,0.6049469618,0.1370350508,0.2149175976,0.5106733551,0.7670272861,0.1136861718,0.1518714650,0.2636203768,0.6202134386,0.6617710217,0.9449503041,0.9132955607,0.5386356202,0.0505256039,0.4945042451,0.3233570486
0.8168736907,0.1643058470,0.1661551043,0.1714913507,0.9090793128,0.9746679834,0.4959257699,0.9714965220,0.1799777931,0.3797436080,0.9786872505,0.5168610856,0.2833896004,0.5943010447,0.7123524368,0.5126533929,0.4826378836,0.9555159455,0.7943857075
1.0440102939,0.0854360291,0.9227577800,0.5925901576,0.5940955933,0.1217666416,0.9496862592,0.0100707697,0.6830070525,0.1254110200,0.6458981720,0.8968027861,0.5160048253,0.5062171607,0.2450541775,0.8296678914,0.7832756952,0.8813146515,0.5889950756
1.3315259497,0.7280057111,0.6433783235,0.5427937147,0.4072498247,0.6549415173,0.9667473921,0.2160944026,0.2771092325,0.3108205432,0.5476038626,0.8378344651,0.5953573915,0.2426657854,0.1695505728,0.3814126075,0.8064367695,0.1325145991,0.8845124060
0.7982640957,0.0228911770,0.9290828090,0.3100520123,0.5051063613,0.9170500113,0.6956186955,0.3016461631,0.8984694460,0.0437289367,0.5479682158,0.7189990454,0.9600995167,0.1071335699,0.1023113813,0.0106817719,0.1993838633,0.5933584043,0.1677774154
1.4016772370,0.4020344832,0.2473452434,0.7755522629,0.2692369312,0.5302549298,0.4010180603,0.1823551765,0.7512105127,0.8623581592,0.9716635701,0.4393236169,0.8574898051,0.2884633441,0.6860645525,0.9304557102,0.8760956716,0.8311096964,0.4326525011
1.1030164799,0.3253280809,0.0774632622,0.5397688546,0.1950523843,0.9151504345,0.5037926086,0.3107151484,0.3812080374,0.6251088832,0.9812365009,0.8156285437,0.1918430075,0.4231620227,0.9255396386,0.1580810086,0.4062230038,0.6139580356,0.9770598717
0.5129837979,0.9599705026,0.2281052284,0.9023347273,0.3036227924,0.4889439335,0.5107390932,0.5296568041,0.4605448705,0.7261901546,0.7300363965,0.4184056738,0.1295360816,0.0547604253,0.7950437582,0.0146311221,0.0466135498,0.5712261140,0.5272441062
0.9523180301,0.1320296410,0.5389402655,0.2762542837,0.3099347427,0.2953844044,0.1759135609,0.7922894939,0.7434199859,0.9573002740,0.9173228174,0.3333809417,0.7978203403,0.0018743984,0.7745871866,0.4656724357,0.0017956923,0.0283584991,0.5264526394
1.0107065971,0.2670575306,0.3755432017,0.0382336851,0.1777437098,0.9252431117,0.2304425575,0.2157139965,0.7208007335,0.6302635930,0.8130440699,0.0230508416,0.8200334433,0.9303675381,0.6560309226,0.2281179470,0.9408343001,0.8931496680,0.5325179118
1.2037833525,0.1812546581,0.7962447518,0.6855557032,0.0666332926,0.9352106712,0.4661792855,0.6704303490,0.1671072338,0.9068214621,0.6532407656,0.8061342379,0.0548251806,0.9005166914,0.6238215689,0.1163045055,0.0024951567,0.8157240645,0.1755083737
1.1854141827,0.4931816387,0.1919910662,0.3092387388,0.8372360285,0.8079938559,0.2942854789,0.3918169295,0.6954704942,0.5738759029,0.2538131159,0.3998185738,0.8857947029,0.1609894103,0.3793787964,0.5009038278,0.2643072878,0.7309977224,0.3859792210
1.5355364749,0.6454987812,0.4906657433,0.1311676263,0.6568456495,0.5040674783,0.7223759596,0.3128202027,0.7604871970,0.0472404079,0.4324237788,0.9293743784,0.4321302557,0.2097754625,0.1770729975,0.3920643484,0.5479526150,0.1530751941,0.8310556615
0.8366528784,0.3545489647,0.1744623547,0.0551693949,0.2684025898,0.7668364774,0.1709825951,0.4160973721,0.9803754497,0.2931362791,0.1597889376,0.3237352941,0.5764333139,0.9739984404,0.2143287054,0.0383421189,0.8339193367,0.4350981154,0.9492510904
0.5442544568,0.0901891952,0.2142281975,0.2268735316,0.3191925859,0.1988634682,0.7958128030,0.5521954838,0.9023105660,0.3393254347,0.7186460140,0.0511817935,0.8423069092,0.1912421631,0.9685761656,0.5241398325,0.0417105425,0.2480487154,0.5111109842
0.9556666630,0.2792320457,0.0403223704,0.5707461437,0.2883678624,0.9742172087,0.0349599038,0.5587753869,0.1151242366,0.7665892434,0.8951941465,0.4992046568,0.1416775777,0.9175259786,0.7632252957,0.1074969974,0.5868966323,0.1192848799,0.4862343380
1.7314398532,0.6290352382,0.5512008455,0.8733177698,0.7237030674,0.5828993028,0.7556222089,0.5826853633,0.2850520933,0.2337927841,0.5946703095,0.0429082274,0.5458261780,0.2704014485,0.1898042137,0.0503261069,0.3133551685,0.3091514124,0.9981556190
1.4858719861,0.7462618230,0.6723165547,0.7520005504,0.9584003607,0.2770253604,0.4122090721,0.6840989889,0.5629538437,0.6539557838,0.3323132272,0.5921405816,0.3362767417,0.9733540524,0.1225996381,0.7160120101,0.4854275626,0.2218903246,0.1323713567
1.4999476960,0.5138550756,0.5616211915,0.5084112161,0.8765477826,0.9665406924,0.7510997704,0.1333389551,0.7982873687,0.7178107444,0.8554556989,0.6730792276,0.8100704769,0.5366045395,0.9902280754,0.8129479277,0.8542005339,0.4329344798,0.4087098807
1.8149772290,0.5810567203,0.7343289901,0.6957366748,0.5427000813,0.3107723950,0.1237549396,0.6955279146,0.1169189860,0.8833580120,0.3013823616,0.2819172777,0.1932082900,0.3644905370,0.7942947095,0.3435516325,0.0234824455,0.9094218339,0.1747704803
0.8411217328,0.0143905375,0.8703407705,0.2095612670,0.5229315183,0.2111950261,0.6271922753,0.8947346020,0.6188071315,0.7329315946,0.1599403750,0.2639135053,0.6047145809,0.0576311280,0.2456341673,0.2109285943,0.7751860050,0.2779319265,0.7683296973
1.2825855734,0.8458898370,0.8633426846,0.8733904546,0.6058432929,0.0613533201,0.5522180839,0.0027208497,0.6677178523,0.1650016744,0.3741951354,0.0504351961,0.1727430085,0.2060862950,0.6618101929,0.2738011382,0.7611989697,0.0588771700,0.9265087304
0.6232659858,0.1377448601,0.1725694599,0.8367969595,0.2773354065,0.4466407627,0.2274825502,0.3690271393,0.6639838615,0.3121469673,0.4794746211,0.1080228533,0.8900062145,0.2550454339,0.7006279834,0.5010182631,0.0517219889,0.5321922492,0.6860809665
1.7109591584,0.5999737382,0.4114663418,0.9228271255,0.8012219795,0.0871807991,0.6516500391,0.7364428101,0.3248738816,0.9634135008,0.6272923286,0.5092044652,0.8844360503,0.1440169205,0.8102131069,0.2773470118,0.6724722001,0.1052078594,0.8728953315
0.6548080823,0.8242383941,0.3666671936,0.1520374102,0.5856054071,0.2390109099,0.6076664833,0.0895008530,0.9444094553,0.0257282294,0.8218124102,0.8140925725,0.5633012169,0.3661000572,0.2078792979,0.1486106511,0.0399164434,0.2712342080,0.6279725074
1.3622135228,0.3894584848,0.7552093914,0.1404337458,0.0719822092,0.5671532339,0.2331607282,0.1371974017,0.3305489738,0.7541135948,0.6009534211,0.9244160465,0.6829464421,0.9042429957,0.0158616819,0.7435598927,0.6345310193,0.2882331671,0.2841726092
1.2168377248,0.3096253476,0.3846757763,0.0021452911,0.2171861727,0.0929684884,0.8452725448,0.8223260264,0.4820495479,0.0514331709,0.0902053306,0.0074936036,0.7284474579,0.6035246826,0.4510977953,0.7217273662,0.3079474909,0.2321199818,0.0968693526
1.3600786251,0.3939339987,0.4643268177,0.2302077640,0.5354286739,0.8118521157,0.2672099599,0.2009356827,0.2686558397,0.0441082556,0.1748002731,0.5399317941,0.1527086506,0.4058944512,0.7388864287,0.8502329309,0.4955921770,0.9825052087,0.2435274574
1.4193561211,0.5990581274,0.1614025533,0.4239686910,0.4302153083,0.6967240657,0.8557490175,0.9342038993,0.4241731066,0.4163902319,0.9780400025,0.1900593698,0.0489714050,0.2795805078,0.6026684395,0.7670276389,0.4728958281,0.6182561615,0.1602100752
1.8272503279,0.6431030312,0.6450744816,0.9915656833,0.0724721440,0.4147201008,0.0412660077,0.9658606628,0.4581842203,0.8283207985,0.1035060623,0.7075494368,0.2401486193,0.1305856044,0.2537532718,0.7699684322,0.0152616463,0.6710303708,0.7067780293
0.8841497767,0.7898449427,0.4778470582,0.5868402372,0.4996232224,0.5599293449,0.3492138013,0.8027121240,0.9834615819,0.4960459920,0.9545019768,0.5767814404,0.5298509568,0.8433907309,0.1644155830,0.9701434732,0.1472095382,0.9881323115,0.3826960674
1.3652672423,0.4424500058,0.7839953786,0.0320406802,0.0981030521,0.9569821180,0.7896802355,0.1284208213,0.1617449795,0.1874731019,0.3215788579,0.5615544981,0.0666101377,0.6152896144,0.2983572849,0.4552151963,0.5991490385,0.6974274637,0.3582360915
0.6124756976,0.9526845666,0.7920582419,0.6858077940,0.7465632090,0.5964353730,0.7629253151,0.8081422178,0.8145960158,0.7647324663,0.3118404601,0.8586026000,0.9950210408,0.1500536824,0.5390207600,0.7736218243,0.5025084129,0.6756269191,0.2564557994
0.8635170613,0.8450570640,0.8969594444,0.1150091512,0.8691015122,0.8566618864,0.4907492328,0.1880598159,0.6930537383,0.4480657949,0.9933016759,0.8371087513,0.6972154629,0.1055197909,0.3817245706,0.8701279302,0.0750716558,0.9829694173,0.6955410413
1.1721409276,0.4134213368,0.4106391262,0.1939199010,0.8581922240,0.4661051295,0.3793906766,0.0081541374,0.0516312688,0.2905812647,0.7556807276,0.3770131706,0.3998645645,0.7901969627,0.7751931764,0.7417905762,0.8814122513,0.7873161007,0.2642220284
0.8026875111,0.8474494511,0.9389484103,0.1773547961,0.0722015340,0.9839676391,0.5511657840,0.3049067607,0.7194695650,0.7343945562,0.2373865262,0.6652617322,0.0647345329,0.8289577260,0.6999850051,0.6390747079,0.9561284744,0.8022012756,0.3815677536
1.0821890040,0.2994579844,0.1748218660,0.5283458717,0.7714119475,0.4384125392,0.3891435460,0.9247623975,0.1618537923,0.4303006789,0.4174398342,0.5608901746,0.1075803105,0.6977167790,0.8453435026,0.7288111963,0.7841256792,0.9952112045,0.3139824707
0.4367107816,0.0696470301,0.4410815608,0.4875039078,0.7584098878,0.4191379174,0.0614198736,0.9479377465,0.2612302114,0.4545179672,0.7207671969,0.1584700301,0.3832375959,0.2125580768,0.0047855257,0.2555144348,0.0582077935,0.5936069191,0.8086928914
1.1086502091,0.7824985969,0.7513561689,0.2042925958,0.2659050853,0.4955826386,0.0548931009,0.4691493553,0.0522521564,0.1755806179,0.0534021220,0.4725320819,0.9808342539,0.1756748829,0.5695734998,0.4688118841,0.0680392994,0.5314470503,0.8768704632
0.7242484889,0.0482377490,0.8626045335,0.8078645540,0.0639057918,0.0398130355,0.7477841178,0.3219962006,0.5792160770,0.8549853354,0.8241150011,0.5560530440,0.1705121121,0.1022567152,0.5491657561,0.7974812315,0.0643702008,0.1189176112,0.2449054947
0.6282793013,0.8594953748,0.6434962369,0.5097545963,0.5721035090,0.9332879342,0.5365233592,0.7708052246,0.9197123222,0.9028717819,0.4408547544,0.0409401044,0.3593204181,0.5358207469,0.9455440213,0.1725584855,0.4287479525,0.3885273861,0.4029979004
1.3189722333,0.4434324408,0.6370893175,0.1180623732,0.0428350027,0.6069462150,0.3021841098,0.6717842043,0.1268268244,0.3304679462,0.9576862988,0.9939161370,0.1742818968,0.2729775010,0.0493294239,0.4625857697,0.7933036059,0.0970739245,0.4700137867
1.3686601107,0.5203359616,0.3319071685,0.2673792967,0.1858217911,0.0371989741,0.1443727911,0.3876048913,0.2717299619,0.8073649683,0.4358679985,0.8172226208,0.9492809731,0.1187128985,0.2080548913,0.8620875606,0.4107303222,0.5986021580,0.1729120446
1.3567038534,0.3793525610,0.0767406606,0.9024279940,0.9864449124,0.7997971034,0.7642842441,0.2148067301,0.2830461111,0.5096063529,0.4890545809,0.8750993516,0.4570638594,0.6788522724,0.7000204730,0.2007484989,0.0465642286,0.5160469791,0.2419903144
1.3232059582,0.3977887002,0.1049085083,0.7404780861,0.7281782777,0.3186415850,0.4577679286,0.4390659656,0.9268435665,0.8324009338,0.2114186738,0.6563046892,0.7464414122,0.0366272124,0.9491119983,0.1405000962,0.5628989800,0.4094771860,0.1132758563
0.2403316893,0.9261543117,0.2967617675,0.3644608105,0.8752806825,0.9918687245,0.6093760513,0.2723865340,0.3440342621,0.2688722810,0.8889461063,0.3834930910,0.2514775443,0.8418920453,0.9964923476,0.0019242448,0.0795694167,0.2158392754,0.3027576677
1.0636535721,0.4863244572,0.0714641031,0.2081105139,0.4939848046,0.5893745512,0.0315133001,0.2656227837,0.3718404169,0.9207127481,0.5829645578,0.2191636078,0.7662011641,0.8762261105,0.6491517782,0.2937178287,0.6513144545,0.3212749811,0.4208785182
0.5321578877,0.8095543544,0.2287213391,0.5624679672,0.9811786553,0.3909428902,0.9600507390,0.1623111378,0.1423292368,0.0550233165,0.0048206755,0.4592721576,0.2823571059,0.1577731418,0.6339703922,0.2376819957,0.1398868044,0.0487558842,0.3418318804
0.6301922860,0.9310502379,0.2518399086,0.9090492291,0.5471093645,0.6535465853,0.1625513554,0.4431227166,0.7146571351,0.7706019968,0.0965269195,0.5653927607,0.5253151140,0.6397199427,0.1966313162,0.1595649423,0.9791965095,0.3253818533,0.1916042720
1.0427291446,0.1312352370,0.8717129374,0.5007722436,0.7464273846,0.1404630173,0.8927363163,0.4527175748,0.7483136578,0.6524607782,0.3076258095,0.4944428726,0.0118586546,0.7376378680,0.0463924657,0.3411850547,0.1490114912,0.7580820255,0.6526993943
1.3050074575,0.7861279162,0.5123976218,0.8371792092,0.6408258783,0.5171276559,0.9461508712,0.6205154379,0.1656223765,0.6367892252,0.7503780985,0.0607880347,0.4057360573,0.8666521415,0.7697172060,0.1638620355,0.5174713212,0.1154109594,0.8777535517
1.5448886010,0.2968313719,0.9794461596,0.3040521269,0.4654307403,0.0221492549,0.2804671197,0.4959349748,0.4855005168,0.7341917214,0.9583086083,0.4172457977,0.3337619400,0.5883162358,0.3184257110,0.1166377910,0.4879775456,0.1425369455,0.4607509587
1.5322102988,0.4689341069,0.3394363986,0.7742461821,0.2734617901,0.2589825509,0.5916885464,0.6184077500,0.3354048539,0.2709613907,0.5007945213,0.0621764981,0.0672751808,0.1805393922,0.3380024052,0.8288999386,0.8033758787,0.5627283309,0.4320536254
1.5608299743,0.3888311240,0.4985272014,0.9716023544,0.3206221272,0.3875681315,0.7314918199,0.3135976134,0.6158617044,0.6050402378,0.5456092744,0.1712629099,0.7176234629,0.4415721887,0.8959837481,0.7647063156,0.3093905910,0.7451442518,0.9355626530
0.9331922566,0.8483341860,0.7852813955,0.7460595162,0.9373531951,0.0530451861,0.8185445307,0.5374746932,0.3889592143,0.2716960501,0.9094885832,0.5541311908,0.6906917682,0.1591903387,0.8195568081,0.8526172030,0.7928120122,0.0453175861,0.0937041556
1.4507676163,0.5408862494,0.2883384720,0.4795177221,0.8213511663,0.5508856818,0.4571580084,0.6453923964,0.6369539428,0.6113489640,0.2052342493,0.1532278283,0.3634580866,0.1797556821,0.9834666951,0.8525433025,0.5380624320,0.8287483496,0.7652173591
1.3878957807,0.4015462885,0.5193401459,0.0329394501,0.2866367207,0.4352991851,0.0742258925,0.0631307747,0.6753047439,0.7963175837,0.6235294683,0.7688923210,0.9245511613,0.0859072573,0.3078856479,0.6370649109,0.6601438199,0.9175465058,0.2695235173
0.5465047598,0.8890331384,0.6609901559,0.6778499386,0.0506989918,0.9403424219,0.4097355261,0.3264533457,0.9869090884,0.7192939050,0.4510139854,0.9771428877,0.2312825374,0.4111810397,0.2686995140,0.0531295820,0.0879765479,0.1444780827,0.2983467822
1.4301898816,0.4621715547,0.5386408543,0.4999452013,0.1733133778,0.9158498094,0.0949268543,0.1480835360,0.2958426181,0.8249094379,0.5274009281,0.0741044152,0.4994802789,0.7961436723,0.0405062996,0.5703174536,0.3991441212,0.2998424956,0.7181598307
1.7167345564,0.4928212739,0.3194213630,0.9400331933,0.3493795427,0.6986901687,0.5822550693,0.7595409797,0.4536635267,0.8223148263,0.2483858924,0.0622348083,0.6075294282,0.2609679785,0.0287361635,0.6170381942,0.3670210767,0.0990434416,0.3148476218
0.1096237359,0.0030296523,0.0590824262,0.7097248338,0.0763884275,0.2175569532,0.4917352149,0.0960849389,0.9136499023,0.2597236525,0.5314890077,0.1307799596,0.8129259759,0.0727113587,0.1992881294,0.3834964684,0.6074175498,0.5195922032,0.7758266233
1.5459210169,0.4715892686,0.9969972827,0.2607496017,0.4991072524,0.7545455492,0.5472791658,0.8528109986,0.1570309146,0.5903090399,0.5792806304,0.7624605150,0.9212892886,0.6340251659,0.7455561075,0.2918355252,0.0741811870,0.5226219337,0.0608957857
1.6477863719,0.5288930815,0.6654200141,0.2444470020,0.0177324161,0.6655456184,0.2321709619,0.2259397350,0.1393807393,0.3531414090,0.0135290818,0.9469748139,0.9931690068,0.8394032629,0.5289861794,0.9306283756,0.7920503486,0.2711370147,0.9274853964
1.3664153261,0.2245256565,0.7699925494,0.1885006786,0.8058788735,0.2998066789,0.4335624731,0.1513064278,0.6099120828,0.0527304652,0.0187315748,0.8938966852,0.3820989786,0.3396208559,0.5166444259,0.3265232635,0.0080943776,0.3162365454,0.4936785227
1.3443893971,0.8261689654,0.7888489410,0.8510017538,0.4872956446,0.0044378261,0.5739926249,0.6704888306,0.9340553605,0.1449196330,0.4111466092,0.3075786190,0.3295353137,0.9462062519,0.7992367894,0.2998386058,0.5486481105,0.0044647190,0.7507908648
1.6461774766,0.6392864586,0.6065237464,0.7379816186,0.9830412897,0.2408897725,0.6550362205,0.1751511558,0.2913453958,0.4264289014,0.7943892901,0.4192580104,0.8506227094,0.6018322684,0.6011968150,0.5956499740,0.5564303252,0.4509467703,0.0334381401
0.8036703613,0.8046687936,0.2418413850,0.6795899420,0.7793878612,0.1101114364,0.0427408417,0.9322803001,0.6814404045,0.3917632414,0.6421956058,0.6569082569,0.0504002603,0.8289695526,0.2512128209,0.6302410047,0.9279943657,0.3239900733,0.5843217068
1.8366257850,0.6027518796,0.6768912208,0.8160536806,0.7874842887,0.5607501620,0.9852227976,0.5030288852,0.6743551965,0.1067552596,0.0410092321,0.6739764097,0.3272585379,0.8922259893,0.7837929133,0.8366369166,0.2287280534,0.5720874656,0.6556675140
0.7505674073,0.0711877130,0.6980136775,0.5235170712,0.3542800847,0.4820471973,0.2066316928,0.0011534945,0.8917392364,0.7785137185,0.1399541545,0.1913635971,0.1380782422,0.5563617828,0.2001955709,0.1034456116,0.9381511860,0.3950633827,0.7550907116
0.5054888705,0.1275252791,0.0092803301,0.7268141152,0.8161824226,0.2176715523,0.8356838566,0.4365019314,0.6041071655,0.7452860191,0.8172403536,0.9237110156,0.9602945452,0.5480853798,0.3202726965,0.8554268492,0.0566443903,0.3461979846,0.5080508040
0.7353618311,0.3255217469,0.0782051536,0.1645942774,0.2913978176,0.6634862951,0.4614218950,0.6684367235,0.6826158589,0.1108695323,0.9665266561,0.6774800466,0.5466203136,0.2867207029,0.5704403402,0.8522881771,0.6829467503,0.5649734953,0.7072090426
1.2704149349,0.2036957626,0.7121022727,0.0977193454,0.3986590085,0.5542033621,0.3635872287,0.9311723121,0.8772504269,0.4236139683,0.2768201863,0.5907931564,0.2261857145,0.6819505271,0.2056002180,0.4799196029,0.0119049537,0.1126897828,0.7938436327
1.9164406081,0.5308404220,0.8899128675,0.6100291847,0.1164119573,0.1887823237,0.6066358629,0.1546811148,0.7186103024,0.1736131907,0.5005872430,0.8537229350,0.5326172854,0.9092230768,0.3067133894,0.9399612792,0.3244858669,0.5205411275,0.3976741210
1.3327048068,0.5666433533,0.1581327223,0.1011067271,0.4486495755,0.7711431879,0.7207532550,0.8971373837,0.0106662260,0.7581710685,0.1547508397,0.9728920144,0.1103019014,0.9095038732,0.3387043227,0.6233412262,0.9919882410,0.2101595250,0.5560144036
0.4433731517,0.0319177730,0.5264045613,0.8768121929,0.3918412217,0.9810920952,0.3204060722,0.1476820775,0.6867368864,0.0211871422,0.4929283860,0.8221359457,0.0516601632,0.5201685575,0.4521485429,0.1282096084,0.7529287022,0.9240263122,0.6573827759
0.1608314982,0.9318531848,0.2268470660,0.0095513805,0.2282158022,0.4080107391,0.2939217215,0.0506540275,0.5474697210,0.6933145403,0.3588750850,0.6140145467,0.3232514716,0.3563361025,0.3905303514,0.9400674702,0.1101806125,0.0238590448,0.1913391640
1.3276833217,0.3837922009,0.7574705238,0.2296284970,0.1530181462,0.9849044416,0.7841003073,0.1213723384,0.2316554755,0.8733598490,0.9840050377,0.3060627635,0.2811983290,0.0040240836,0.3905965246,0.2679890874,0.9791835465,0.4998819837,0.1267758952
0.0687779315,0.9612717205,0.0280148903,0.1453271877,0.9050714166,0.9440433854,0.1959635268,0.5686800113,0.8101019078,0.5851837691,0.2927733301,0.2280021036,0.5474665556,0.4748011016,0.1004258788,0.5629907595,0.6834122369,0.5686346019,0.9021405517
1.7104224033,0.3286551587,0.9684400469,0.7180703398,0.2016139689,0.1326791419,0.5126598516,0.2786692082,0.7701012264,0.0520070333,0.3438706907,0.3644561008,0.0479162089,0.7958904857,0.8025350450,0.4021048280,0.5019231782,0.2929442417,0.6529855849
1.5863327710,0.7839717955,0.9438514730,0.7892536474,0.7381964538,0.1266271077,0.8842440571,0.2321289813,0.4054811093,0.3860803808,0.6037839909,0.7165289763,0.0157215290,0.3963407869,0.0931793185,0.5443830563,0.9940693658,0.1234966751,0.4058144771
0.9097456973,0.1282303399,0.5407473162,0.8909661163,0.2087042030,0.2717302752,0.2452662274,0.8502677344,0.0831346823,0.4457298220,0.1788072591,0.5131298796,0.0558171988,0.4387301564,0.0692550561,0.5005524092,0.9180839834,0.9041297102,0.6861902472
0.5234898630,0.9033825424,0.0387921150,0.9143622493,0.6199783823,0.5721585387,0.0919947237,0.7943837067,0.5500479659,0.4881490426,0.3054831870,0.6621613392,0.4751483086,0.5665069545,0.3268720465,0.4915644088,0.8047597285,0.6649588871,0.1580112006
1.6516679718,0.4906755511,0.6620769387,0.4947090798,0.8376874888,0.6176874760,0.9696887951,0.2039771532,0.4269566446,0.8252132604,0.3123008703,0.7834674863,0.6164494844,0.1073658438,0.8336415256,0.2174830617,0.7422921906,0.6638533812,0.4417037252
1.3030356421,0.6461968425,0.1335469174,0.4690521829,0.7994838245,0.6403806722,0.7303471002,0.3411866364,0.7139336242,0.5486954203,0.6677063414,0.2979104588,0.2012936947,0.6759269680,0.0596494022,0.9949465695,0.0096856678,0.8675026674,0.1949112636
1.2008548739,0.4566749603,0.2674820459,0.0630382484,0.9564452660,0.1327916680,0.3913038509,0.7246291844,0.9870371762,0.0706095719,0.4438472005,0.6321350013,0.1277051709,0.2702561018,0.9957565660,0.7373660145,0.0120448576,0.9750009085,0.9309718742
1.3622372020,0.7279047134,0.5686374269,0.0562024190,0.9665215691,0.2969879734,0.0689932719,0.7523361443,0.3220905046,0.0132672586,0.2775543719,0.9744635517,0.3292411848,0.2462176993,0.4917435466,0.2660769881,0.5879372548,0.0964623626,0.0301456918
1.9119891212,0.4388380758,0.9614880780,0.6652605780,0.8228511013,0.8857368009,0.1435664158,0.8596074355,0.8059867520,0.7286441924,0.5076457575,0.5548513789,0.7451247162,0.9324863443,0.2634016847,0.2426141315,0.4755687300,0.7578411147,0.1950090513
1.5135249502,0.7064727221,0.7034255422,0.4439737525,0.9032503250,0.9683127852,0.8492406511,0.9046367870,0.0441517170,0.4331206417,0.1735815166,0.9764958982,0.7985447602,0.4325567290,0.3057074637,0.3113032553,0.4313009350,0.2948889682,0.4619990616
1.8923548234,0.4590504478,0.9912066874,0.8552097437,0.6486612337,0.4129885206,0.1952984608,0.7259241241,0.5592276474,0.1599036775,0.6012766800,0.9544712102,0.4639170749,0.5286921012,0.0600671428,0.5923229776,0.1902075366,0.3315919314,0.6840646158
1.6075953645,0.3088408732,0.8962863042,0.6645178121,0.5405399474,0.1294998194,0.8566493780,0.3034458127,0.9067100081,0.8859482838,0.5286087157,0.1522849257,0.9715944203,0.5379894073,0.4395901185,0.2416762363,0.3578698259,0.3906485037,0.6812102734
0.2590482840,0.0322654008,0.2220042189,0.5909893417,0.6089166302,0.2466474294,0.2963519376,0.4553720467,0.0226640465,0.0272822587,0.4296238171,0.5969603602,0.2944051456,0.8823162680,0.5076227456,0.4732869132,0.0769409220,0.6943132004,0.8332141743
1.6635556353,0.5397990713,0.5325484857,0.5634996321,0.5848528030,0.5375076357,0.9921261448,0.2967052914,0.1027876564,0.6507365233,0.8106548176,0.6759900045,0.1686376717,0.7599485889,0.3519198347,0.4887418014,0.9793055229,0.7091608061,0.2149022741
0.9949976280,0.2813545754,0.0143170397,0.9411082955,0.7047250153,0.4504770944,0.0222186868,0.3653061289,0.9085848504,0.6883549400,0.1926295847,0.6222859845,0.5167263977,0.2042797120,0.6121764481,0.1365467355,0.2186072055,0.7978569713,0.3528447236
1.1666529025,0.6521575266,0.0435229816,0.0924965584,0.7194338101,0.2958075980,0.5972100608,0.1298655729,0.1227211805,0.7469799073,0.7257177264,0.1121506250,0.3527202273,0.0612151965,0.7154542025,0.9682083692,0.1572457623,0.2916322467,0.0813084696
1.3115261009,0.3910050368,0.5668546628,0.1417574239,0.5359416875,0.3423661580,0.9680864017,0.4881016964,0.2485641184,0.4288637298,0.9329783328,0.2508413475,0.4425330566,0.8043176250,0.0975624708,0.5695946661,0.3972004488,0.3966922392,0.4358027593
0.8475571211,0.8174720024,0.6380473189,0.1547537651,0.2708365476,0.9738857489,0.1088661814,0.3822141580,0.0568284710,0.1024209752,0.6373080380,0.9178634727,0.7872218121,0.1219191567,0.7221313949,0.8643541340,0.5469198689,0.3262412839,0.6658733605
0.8715214222,0.0604455823,0.8822678110,0.4650840226,0.7190341776,0.5349759627,0.6259251212,0.8196243073,0.7759436214,0.7532896562,0.8728539223,0.5034390538,0.4159895127,0.0484087771,0.1443226848,0.1639714563,0.1630368996,0.8561982118,0.6417321335
1.4925830869,0.7178957219,0.4990902869,0.8710227697,0.6642530814,0.1322939910,0.5323287772,0.1375538012,0.1594598206,0.2041555789,0.2483257544,0.7313768252,0.7039596694,0.8933897608,0.7109191138,0.2320964931,0.8020705718,0.0439938270,0.5788731079
0.5404986799,0.9477209555,0.7290368105,0.3608979791,0.7272855080,0.8359913834,0.1552071374,0.2527875573,0.6130417586,0.1657015617,0.1812899611,0.6565642855,0.3366481030,0.9817085345,0.5080474585,0.8430653850,0.5665265583,0.0371747349,0.4731773061
1.0285666397,0.2969936179,0.2355079867,0.4289135322,0.4466499927,0.0989798755,0.8465305421,0.0134815091,0.8899442849,0.6604466137,0.3353244933,0.1368034095,0.3487176231,0.9829775385,0.1160659827,0.6831900249,0.2178167496,0.1024785911,0.1683266201
0.1429152596,0.9439457626,0.0716351227,0.7528349278,0.6570143516,0.7760572356,0.9369715770,0.1975348564,0.9359202396,0.4572151403,0.0262236757,0.5435356719,0.4960296947,0.8497645268,0.0040099524,0.5899876965,0.6857758314,0.9690542515,0.9922385579
1.2984192551,0.4170262777,0.4824375099,0.0590496987,0.6234932849,0.7121321453,0.7556534614,0.6712735673,0.0430186882,0.3555792912,0.5027788581,0.5529866869,0.2873394457,0.5591010576,0.1286838969,0.2347664425,0.3652115330,0.1487638711,0.6660066106
0.9053630792,0.1782615207,0.2939325583,0.1291034010,0.3581077822,0.5253046711,0.2766863749,0.2662345628,0.6087888177,0.7823793344,0.7576089451,0.8820343415,0.2151424088,0.7401636424,0.3694795911,0.9281635560,0.9956618678,0.4545836640,0.2137632107
1.7006993691,0.3976760271,0.7426482883,0.6168840230,0.6716835502,0.1539027697,0.3824524340,0.6478460114,0.0123823308,0.9131729160,0.5440592879,0.9023391026,0.6978446033,0.4711889456,0.6492818651,0.9647996197,0.8604430218,0.7860305991,0.9317042384
1.0975030103,0.1405211139,0.8654635309,0.5684059728,0.7493583024,0.7722712862,0.6559957222,0.7362425931,0.9583689949,0.5624908879,0.6701184752,0.2097133969,0.6622755771,0.7290339900,0.7567063586,0.2599973821,0.0207278507,0.1815680995,0.1829615895
0.5270570124,0.0493415853,0.4978697139,0.6574713671,0.3133224783,0.2037894835,0.3365712147,0.8852813515,0.1790184777,0.6569934135,0.0779518457,0.9630690493,0.3871302659,0.6151806211,0.1996863691,0.8414234732,0.6288978221,0.4376608879,0.8647953842
1.4450860564,0.3274197531,0.5530563392,0.6471150947,0.8507529801,0.1302229208,0.3482925235,0.7707285474,0.6656485070,0.2717252003,0.0086527482,0.2078308083,0.4581736320,0.4690814557,0.0063975740,0.8786920186,0.6651397449,0.1666937185,0.2458640268
1.6558859369,0.2906864312,0.9827194620,0.3788384774,0.9089645246,0.5081636554,0.6076845146,0.6356167228,0.4269128947,0.3595283305,0.0303385568,0.3853629902,0.1289514672,0.3036792934,0.2435356673,0.5813149938,0.0497028334,0.5153028019,0.0506409581
0.2510575847,0.0148683492,0.2907272861,0.9029441836,0.4238626917,0.1252516951,0.0916745561,0.8193350350,0.1774303911,0.5815880921,0.8803198288,0.1843212720,0.0678062058,0.0235143568,0.3318208908,0.9141593446,0.9009540990,0.7437182685,0.5761445931
0.9629785542,0.2282054361,0.2938670652,0.8686252801,0.4873054669,0.5875787731,0.5045069261,0.3010875774,0.7754685216,0.3590503105,0.7583231971,0.8816487764,0.2298160935,0.4943711689,0.1686772462,0.0140136428,0.9093495465,0.6673946332,0.2822970064
1.0487490064,0.0677130838,0.9569496401,0.0546866046,0.2368252010,0.9019739178,0.8492575505,0.7943582178,0.8457798815,0.3810809801,0.5015474128,0.5239298535,0.3954631348,0.5780140047,0.6583841542,0.6761022187,0.6918718270,0.9518717229,0.6369242489
0.7714419745,0.1455542211,0.3762923807,0.6738418404,0.4952877995,0.5226709147,0.1848506102,0.3877965311,0.3825587757,0.3479239408,0.0043957509,0.4732350946,0.9711262052,0.9967783459,0.4560155113,0.4473878836,0.4558263888,0.6065613585,0.2097215263
0.0820718986,0.9787910261,0.1642774938,0.3948283132,0.2896610561,0.8893252631,0.1883056335,0.5887263941,0.5386122338,0.8128378225,0.6721198113,0.5246317824,0.0746771973,0.6405507055,0.5560706871,0.9516392034,0.2341674877,0.8193676169,0.1065816658
2.0031987950,0.6139535985,0.7604633974,0.9728828653,0.5041146409,0.0469337539,0.7041654899,0.0775020380,0.4509035689,0.4392222609,0.4121888643,0.9094636511,0.6698908050,0.1835420092,0.2101292594,0.6960219169,0.5609684093,0.9914238040,0.2832985559
1.4146993485,0.3102345246,0.6792652666,0.4094911901,0.9121813627,0.1679832878,0.4529866613,0.4860010607,0.3644713577,0.8790467398,0.4777840339,0.4154145170,0.0512594461,0.7151823753,0.9878446916,0.2862853685,0.5684466012,0.7363936842,0.3445793009
0.8756938420,0.8184834356,0.4028444898,0.7225192160,0.7361037483,0.2710701463,0.5517186333,0.2126330349,0.1458565561,0.3280277582,0.7718960242,0.7297904381,0.6155851578,0.2834726012,0.9046066428,0.2975535764,0.5029060988,0.0012309207,0.6776935174
1.0984575500,0.2699784048,0.3228442340,0.4403630157,0.5483828925,0.4397084031,0.0383834226,0.5562350069,0.0336923489,0.2166058917,0.1330282028,0.0685528441,0.5971916322,0.9874335108,0.2045121283,0.4826775016,0.0812173330,0.5435646968,0.4076550807
0.9519455565,0.2628286010,0.2865707063,0.0096586430,0.9473670382,0.0222860280,0.3563911501,0.6194254931,0.6817077847,0.5983688740,0.1100333392,0.9856700331,0.2688483233,0.3044692283,0.9355014590,0.1939288639,0.1056431948,0.1375107505,0.7145204398
0.7549008857,0.1556164371,0.3240167520,0.5962400911,0.1555783685,0.8569796416,0.9597817449,0.4252091943,0.2322490209,0.3457491793,0.7163204184,0.9714434031,0.7336164612,0.0271107179,0.1389604933,0.7499939382,0.8820814729,0.8831676788,0.2375512583
0.8011008639,0.8355119750,0.4717799486,0.7063726082,0.3314003099,0.1552182049,0.1226362427,0.3475347392,0.1060643332,0.5730325500,0.5787045886,0.6693909849,0.5532832226,0.5777747670,0.1756103323,0.4511127537,0.7601300308,0.6434070935,0.4113992810
1.6152793918,0.4583966245,0.9057555777,0.4065034869,0.3937682275,0.5906793156,0.0863020436,0.2446322942,0.8408541472,0.7533690171,0.1662370901,0.3273658467,0.4816584153,0.2310061648,0.5570916311,0.3553497067,0.8256458406,0.5410814526,0.6228960559
0.5232550968,0.9993286972,0.6017081441,0.7291057369,0.4179623901,0.6803513347,0.4469367988,0.4916114135,0.7276382360,0.7209537174,0.3099690606,0.7349376840,0.7636230182,0.5747304991,0.9175145624,0.1544614562,0.7826082634,0.9935945266,0.0087551622
1.9450084475,0.6525546115,0.9061066834,0.5289681903,0.4217814293,0.0022581245,0.5620518593,0.7271211468,0.7282356880,0.8391776016,0.5986180073,0.7729241882,0.6248488050,0.6629269876,0.0623340116,0.8774724683,0.3983512715,0.5529194159,0.9043042413
0.7034423716,0.1464105548,0.2187245248,0.8682573592,0.1345115943,0.3026342270,0.3066834483,0.5798469350,0.3249881967,0.1603431418,0.0120478678,0.8748142055,0.7950741216,0.5925879178,0.3792267604,0.0910376750,0.2753742203,0.4470959388,0.3903321364
0.3676985160,0.8546327144,0.0317277122,0.7920798409,0.1462640021,0.0504390395,0.9304172153,0.4889660991,0.3057796384,0.3358794860,0.5976579814,0.2196031503,0.1687936722,0.6248472456,0.1088247355,0.4940699865,0.5141091550,0.3117515798,0.4193934930
1.3795782549,0.4350995768,0.6575902938,0.2117501486,0.2370168845,0.8500027927,0.8534028996,0.1360521834,0.6600936459,0.3479359730,0.4072407036,0.4212169233,0.3053018840,0.9683795189,0.1302835156,0.8663694790,0.8094976364,0.3605494647,0.6894086246
0.8113475543,0.8586953067,0.7069957363,0.7479246560,0.6998192651,0.8145231395,0.9681963838,0.7618590726,0.1709648160,0.2416103661,0.9388957078,0.0465037684,0.7638477242,0.4243977859,0.8094621470,0.0729578724,0.5285163829,0.8079999465,0.3388350442
1.6807178066,0.5778514742,0.5827617106,0.0230421127,0.2229094645,0.4215364560,0.0382584998,0.6588423223,0.0274318013,0.7926404102,0.5146355414,0.5970569668,0.1791480468,0.2212437968,0.3511301350,0.4079285169,0.2683578746,0.8216661857,0.6112710145
1.5714052803,0.6107298502,0.4428976425,0.4082855505,0.6991270462,0.2292235071,0.2111906791,0.7828087054,0.0214880982,0.1909723760,0.6074777173,0.4691387758,0.7247137623,0.8880578449,0.2172014681,0.7375535958,0.1358353224,0.0261968797,0.4425677111
1.8898139788,0.5070681537,0.7730549330,0.9436344161,0.3860065194,0.9858365270,0.3884593023,0.9524781651,0.8123562691,0.1215199245,0.7139278610,0.6009955221,0.9966884609,0.8401700182,0.5316751297,0.1352147172,0.8081992924,0.6059519293,0.1653504351
1.4517782264,0.5378352716,0.4706001944,0.0347007310,0.8970871470,0.2499213175,0.0309492384,0.8040231254,0.3879879164,0.6854922708,0.9656152203,0.5414840950,0.6694199432,0.4333900891,0.3710334184,0.9825963504,0.5661558251,0.8614847899,0.1583338060
0.5763924537,0.9652405112,0.7082953799,0.4011628748,0.4334781168,0.1524958121,0.3894383677,0.4029995012,0.9832143285,0.3151827642,0.3028598403,0.8169808645,0.5180598591,0.7368640348,0.9778198378,0.4590607122,0.0974074338,0.0888805505,0.3876005744
1.5605900716,0.7139173397,0.8478009927,0.3937129438,0.2739891196,0.5726192883,0.5027339452,0.0402108555,0.9487631541,0.3100977807,0.1440341483,0.9163526033,0.5947112495,0.1696566075,0.7777352353,0.9959219598,0.4684877504,0.9374771312,0.3348451201
1.3516218907,0.7118281789,0.2246331236,0.7833569999,0.0214825933,0.7455857101,0.3009577669,0.8347320208,0.0249048691,0.3771831375,0.0119078583,0.6902514230,0.9675010298,0.4922615364,0.6781429139,0.8690623335,0.3489678008,0.7434991502,0.0982610269
1.5801043142,0.2884424353,0.8295169493,0.8038386788,0.4560167402,0.3350181859,0.9044296480,0.6320602084,0.6794789033,0.6826347820,0.8774034883,0.7137491503,0.9651355489,0.4215620910,0.7184089899,0.7171283551,0.3543641417,0.1030079414,0.5083264261
1.5425603490,0.4685130306,0.8184454851,0.0961244275,0.3533930753,0.8403094825,0.4459087240,0.5000955119,0.7354538539,0.5725602942,0.3985252595,0.5242611495,0.7741353672,0.5319324196,0.3506838530,0.5551991094,0.4569597728,0.8920801603,0.8186522347
1.7066044696,0.5953287843,0.2768093684,0.9957491756,0.5085182137,0.7325364366,0.6631601106,0.0433891720,0.9685269714,0.9511745033,0.5675181245,0.1370399183,0.9276162134,0.8294342703,0.9020381819,0.1435113189,0.2456783731,0.7472422563,0.3106639246
0.5924398392,0.8185303152,0.1947896811,0.1124654441,0.6818252431,0.2210301010,0.0488035188,0.4627134864,0.6157917084,0.2728592980,0.2515196156,0.9490288735,0.3878552687,0.3900377350,0.2619773022,0.8441040551,0.7211224206,0.2412652907,0.2614175147
1.6579372925,0.6498890118,0.6028733616,0.3015056949,0.8350805962,0.7328395226,0.8885513045,0.0962975341,0.4511555439,0.6801694345,0.5903143094,0.2921557716,0.4611968600,0.1152937241,0.8000809926,0.0853821957,0.1046450084,0.3624556906,0.3133733524
1.2198389892,0.6950053040,0.1874360440,0.2766841672,0.5600157233,0.2369634582,0.8062199629,0.9785279229,0.7871963308,0.8885608440,0.2979954997,0.0159709840,0.0497216107,0.6539811932,0.0386972777,0.7308403644,0.5484140104,0.4639672287,0.7083793062
0.5827197611,0.0791782056,0.3942342100,0.7451994125,0.8509648122,0.3451771152,0.0755006209,0.1728940589,0.2585083508,0.4434888530,0.1292095711,0.1235599603,0.2609838163,0.4816975021,0.2147290736,0.1667478219,0.6543457825,0.6912851611,0.0779710419
0.8504717470,0.0438646012,0.7586529137,0.0159804295,0.7174296798,0.4403574038,0.7896860379,0.2058708488,0.9740669445,0.3052080707,0.3220149714,0.2167572069,0.0603651261,0.3434863101,0.6540185245,0.6722809259,0.2729703061,0.5932464819,0.2966210886
1.7326822311,0.5662356243,0.6974627819,0.3273751409,0.1598422290,0.6302794498,0.1497032432,0.3122921203,0.6769254566,0.8567841772,0.5320392422,0.7418178304,0.5862230892,0.7215104243,0.4216209916,0.1088763789,0.2635695111,0.1733819428,0.7878792127
1.5588344779,0.5241556202,0.3186182877,0.7388698388,0.3856531599,0.8388070969,0.6267131633,0.5318312709,0.2039645317,0.9962109864,0.8440781169,0.0233140549,0.3606880752,0.3068404940,0.2723326944,0.7057146733,0.2589198427,0.5925868214,0.2157519527
1.3021523594,0.3047145422,0.8990756492,0.0494585400,0.0413255943,0.5707181243,0.7857648209,0.3108632118,0.0177275696,0.5097473860,0.7972171628,0.7925461532,0.3689802614,0.0264531624,0.7164663762,0.9271770256,0.5664955394,0.3035915282,0.7897294953
0.1046169079,0.9795506850,0.1283224383,0.7688034521,0.6480142527,0.1273935340,0.9986679678,0.8647395116,0.0825602087,0.4076269300,0.8262249264,0.0133528529,0.1009353526,0.8825684741,0.2426351980,0.9775289145,0.5791652316,0.6678522408,0.5073882944
0.7946126333,0.4115910456,0.0881948059,0.1802964450,0.8566100401,0.0209027291,0.6337516428,0.2875956332,0.3465332675,0.6233479022,0.2933262809,0.5331203003,0.0309949005,0.2919389396,0.3496945378,0.8521604653,0.4712464183,0.6496862776,0.3740529651
1.1700373840,0.2561697047,0.4576870850,0.8452636896,0.7490071504,0.7791459787,0.5760023564,0.4618739798,0.9921138614,0.7782154695,0.0169730899,0.9174120336,0.9252914864,0.4703649232,0.9456845600,0.3908908896,0.6175347353,0.6472170277,0.0824249558
0.6694462968,0.1291716865,0.2663867424,0.2438227147,0.5949290499,0.0555404520,0.5775892782,0.3181904392,0.2256154652,0.2040257682,0.3361657835,0.4028904868,0.8854731668,0.4131023442,0.3041892523,0.6033710572,0.0791637384,0.8732846337,0.6887363935
1.3580207286,0.2694017502,0.6630215719,0.7928939468,0.8872910368,0.7164505291,0.7743163177,0.1409762572,0.0112697056,0.6578335433,0.1397124192,0.3974759149,0.5035623100,0.5073140856,0.4486588720,0.0718442033,0.1099948574,0.3807816144,0.5966355735
1.6488620241,0.3746582862,0.7085040035,0.6066890333,0.9095247225,0.4896551241,0.6711516757,0.2169986716,0.7986221788,0.6963436205,0.6810771107,0.3043923841,0.8469010041,0.2614883230,0.5143719434,0.1717658962,0.5414517826,0.1056669831,0.9538171996
1.3618460022,0.6209598516,0.1812279709,0.2163827595,0.3046442495,0.3968695530,0.5587767793,0.1825543346,0.9661175066,0.0963112814,0.8134674782,0.8799460975,0.3161578477,0.1044559795,0.3352043979,0.9819382967,0.0999422024,0.4002241580,0.5326037670
1.3787308848,0.2035105709,0.8422853169,0.2997183733,0.2496437516,0.7542899706,0.9012150154,0.9366677027,0.9850580020,0.2294508516,0.5036116728,0.8136637373,0.8746485278,0.9851069959,0.1831615893,0.8695146090,0.4906581536,0.8688467580,0.1917301418
0.7945853724,0.7922695350,0.4366313550,0.1927869662,0.6393976393,0.0377690237,0.1339448840,0.3342919082,0.2068443651,0.7772012888,0.5210430338,0.0163553039,0.3005147344,0.8413328383,0.5275454590,0.3158801563,0.5743779325,0.0934968503,0.5968039574
0.7920826382,0.2738989768,0.0173909888,0.4004150733,0.4919342269,0.2059630151,0.4718838340,0.9926707499,0.3876957505,0.0205632395,0.5308377612,0.3531287546,0.6837300861,0.8700623708,0.4472059835,0.4836602371,0.8159607577,0.4606425167,0.6225173033
0.9236051130,0.0615122154,0.9184329175,0.6355310058,0.9310929206,0.4657455610,0.8358266214,0.9990331618,0.5502274821,0.6704260945,0.0939426937,0.6361390125,0.7764341385,0.3701505946,0.0157825723,0.1768749081,0.5598289533,0.8723315431,0.7241709049
1.4382997216,0.4384336629,0.7771572051,0.2231118800,0.4273473490,0.1304552852,0.0187429039,0.3042434518,0.9068492161,0.5477366135,0.5732014480,0.3505577671,0.1802490009,0.6519070647,0.8820621861,0.7613309356,0.6105952725,0.6316844337,0.0702121445
0.4902606039,0.9651047756,0.3975561193,0.8934423200,0.8760069196,0.0058473595,0.0673744388,0.7351375596,0.0071705064,0.2992381059,0.7111211286,0.8922575276,0.4348534202,0.3608531894,0.3058167659,0.5475319365,0.3079674813,0.4976581141,0.0856531379
1.4363056206,0.2025033233,0.9514133557,0.5277727039,0.4413540151,0.8454859228,0.3888086668,0.4326334403,0.7263990844,0.4991244715,0.1109587512,0.3980855105,0.2678244469,0.9240863043,0.6437559175,0.4458862692,0.4331484654,0.7187746680,0.0885842860
1.1560985980,0.2480075478,0.4630263571,0.5008466952,0.1756073152,0.2541160425,0.5180279802,0.1174217454,0.1439001094,0.0023859940,0.8815511909,0.8039646041,0.9224362582,0.5318219439,0.0578609083,0.3035846398,0.3223103106,0.5818337583,0.5999164316
0.1897718897,0.0402102914,0.0017146394,0.5651790433,0.0069364501,0.5962870597,0.3842548345,0.9956464474,0.6728016860,0.1187229774,0.4511155305,0.9695714734,0.4558032331,0.6486139528,0.2592151329,0.1551160754,0.5439124597,0.4731854614,0.8345315297
1.7206531680,0.6395148991,0.6028681471,0.0046466001,0.9752893082,0.1879174786,0.8805871318,0.7424651121,0.7387683256,0.5242910938,0.0389266272,0.4832592594,0.2185910290,0.3570972745,0.6536348411,0.8980678210,0.6986529126,0.2600741968,0.0236734796
0.4511780466,0.9217804882,0.4605910721,0.6769617353,0.4540025433,0.8954856429,0.0866863042,0.9157195063,0.5504575589,0.8384203340,0.4595303560,0.0827788818,0.9134020543,0.7296950139,0.2219935700,0.7581860223,0.2460829191,0.4601681791,0.1396323173
1.1907214446,0.5486118430,0.0130006844,0.0878330203,0.4824181459,0.2526621629,0.7164291662,0.8356588004,0.5292723762,0.6678425961,0.9170657272,0.2394539953,0.7393192662,0.3836475991,0.6784384188,0.8697395652,0.1264540635,0.6669136844,0.0553095516
0.6657549496,0.8953341544,0.8905768604,0.0393160846,0.3189820437,0.2850491163,0.8880461717,0.5739494856,0.2607132448,0.4548876182,0.7776998518,0.0376971381,0.0415497731,0.4172813152,0.0462303084,0.8212952525,0.8617972029,0.4989143332,0.8577490755
0.8750945439,0.1784258542,0.3072962866,0.3901176585,0.4510701465,0.2411723513,0.3593246342,0.3629635022,0.3617077460,0.0012219164,0.3911237046,0.5842353427,0.0090238659,0.4965973567,0.2380613347,0.0473128693,0.4232506163,0.1825062626,0.3849800143
0.0150036897,0.9743920850,0.0572663380,0.5492090483,0.1435759283,0.2251674374,0.2559179113,0.0864369804,0.0298506975,0.0605751576,0.9535597564,0.0236653225,0.3117079305,0.2182215421,0.6525848542,0.7609617800,0.9502884660,0.8123164184,0.0752817719
0.8886384654,0.1746775005,0.4589910146,0.5034413257,0.2305794885,0.8045804099,0.5991057134,0.3655918948,0.7128399039,0.5564506943,0.5371347776,0.8891151649,0.1762836168,0.8794183536,0.0914465686,0.8468581585,0.0652736194,0.9027379492,0.1211581830
1.6617399343,0.3939862565,0.7104077267,0.6560121471,0.6849926256,0.6533864970,0.6965292646,0.7566222242,0.7135005661,0.1732847905,0.5663699085,0.4893339895,0.9885037825,0.0187437930,0.6449183939,0.2962159512,0.8481643400,0.2036821574,0.1689873462
1.6246261048,0.4894883019,0.6282733183,0.4911576763,0.9979142089,0.0290992289,0.9402194277,0.5346729955,0.3553292976,0.8710241707,0.5230374617,0.9770702058,0.1736215200,0.2407586089,0.4021427420,0.7120541306,0.1570135809,0.5851604185,0.4153246399
1.4257221892,0.7172199485,0.5738940529,0.6563233054,0.3260263188,0.4457964861,0.1073218906,0.5823940950,0.6969157405,0.9247482396,0.5874903880,0.3217181030,0.0793472976,0.9918383959,0.4321961774,0.0268250600,0.7864826538,0.6363837843,0.0390560296
1.5988202035,0.5141604373,0.5526997365,0.6256053049,0.8280454519,0.3488152270,0.8488482721,0.2237507809,0.2100803228,0.9190582942,0.9125464387,0.9787542431,0.6526114700,0.9901771827,0.1954432522,0.5958194617,0.5342877117,0.2297230931,0.6979303169
0.2516164037,0.9745558115,0.3561814993,0.3656824011,0.7281101581,0.6531474645,0.4537733596,0.3483419299,0.1540104395,0.1032218398,0.9658338213,0.0447864827,0.0508833955,0.1770420575,0.9874873899,0.5372275877,0.2489341382,0.1298793694,0.1380925420
1.0599453667,0.2585305776,0.2289255151,0.9262168539,0.8812077774,0.6179425247,0.7418801070,0.7390895956,0.1170478501,0.9655155169,0.5806257792,0.8925475234,0.4642010225,0.5031289323,0.8863746010,0.2699436078,0.3040605558,0.7100829373,0.1682027324
1.2195490811,0.3231755634,0.2090933608,0.8023202535,0.8917735553,0.9598470033,0.8910361326,0.9714384751,0.3503930626,0.2090635489,0.9190583605,0.3243876896,0.2756636786,0.5536386516,0.8400671492,0.4649006542,0.7453247640,0.1582306347,0.3093382871
1.8659096451,0.6709160255,0.9588205988,0.1141778332,0.7387491090,0.8054058757,0.3216637879,0.5734574966,0.5737535485,0.8650139537,0.5185229505,0.3059507031,0.2216095051,0.1526206790,0.4801162206,0.4871103781,0.2052181884,0.5475326292,0.5714970353
0.6047404861,0.9864899590,0.7025489151,0.1012196756,0.8642730663,0.3233283062,0.1953749134,0.5371042112,0.3786244838,0.0610960745,0.8547156386,0.5128431931,0.4750394387,0.7049993822,0.4054521699,0.1177231090,0.4938174027,0.1571346513,0.0631902483
0.8744178486,0.8810487708,0.2257280402,0.9118998696,0.7572792784,0.9633037368,0.4466012495,0.8235258988,0.3256467249,0.6696246774,0.4227786138,0.0228352519,0.0545233197,0.2033908954,0.3671881128,0.4009442395,0.0228282891,0.9885778492,0.5743192391
1.5932705149,0.6646753833,0.6141393644,0.2719904401,0.5045679066,0.5137967162,0.5488386929,0.9392647417,0.2465916497,0.9412386721,0.4180930596,0.7893969813,0.8011099504,0.2719961821,0.6275462065,0.9890913092,0.4340271510,0.0151478377,0.7187605448
0.0937172441,0.9721724886,0.0183693140,0.7377865552,0.2359398225,0.9606422262,0.1959037737,0.1490160162,0.9805970749,0.7570266346,0.5061843697,0.0907689730,0.8692699474,0.9126411259,0.8976149162,0.2391977583,0.5442718768,0.5601283925,0.2392934521
0.1263689668,0.9263817443,0.1445098551,0.0031354346,0.9511217477,0.9031743678,0.9105521632,0.0629806524,0.0121352798,0.9421092322,0.9917822543,0.0946200632,0.6935125272,0.3305173533,0.7566657627,0.3656742934,0.5359234844,0.9819467841,0.5353865361
0.0606941134,0.9660307660,0.0759610605,0.3462565981,0.8503182550,0.9915069923,0.3873628623,0.9277512703,0.0281807489,0.2265846459,0.9470031470,0.6828221389,0.2313603291,0.8956672693,0.2867274628,0.6117433074,0.5596958882,0.3724992449,0.5221887760
0.7379770341,0.9126245035,0.8589113850,0.1257463341,0.5425459200,0.5545441287,0.8255768966,0.3837986523,0.0999478040,0.3131730585,0.5536751283,0.1661023092,0.2314319581,0.7826836630,0.5637747546,0.7566164493,0.3694345212,0.4444484403,0.2250506784
1.5409530854,0.4657341422,0.7617511379,0.2660894939,0.4381162109,0.3106513106,0.6294660393,0.9308361602,0.6850585119,0.4578637653,0.6514048256,0.3924018815,0.0012750943,0.8575895170,0.5256102724,0.2432972994,0.0280797871,0.0048933569,0.1978710608
0.5703282715,0.0003534028,0.8793774297,0.7155279547,0.0390808438,0.0763164196,0.1433536502,0.2482994796,0.7392014420,0.5484690137,0.6237144547,0.1066235115,0.2634678464,0.5418020164,0.9483381317,0.2585357602,0.8835389244,0.2926756982,0.2698246692
1.3751512172,0.5296918372,0.2441428035,0.4394172029,0.2829015252,0.6542410411,0.2430768954,0.7052730061,0.8301640170,0.8875722453,0.6293130477,0.0491968986,0.8591490284,0.9816950647,0.5744959573,0.7117025634,0.9112139152,0.0203055130,0.0894856490
0.1585372915,0.0288027220,0.2136564085,0.0991150934,0.0030535048,0.3116537887,0.4829660736,0.3839622769,0.5414235655,0.4094289983,0.0631996808,0.6503600928,0.9672085455,0.0989241163,0.1399857265,0.3771278717,0.3661680931,0.1190366440,0.2571631551
1.5373261208,0.2721071510,0.8448974561,0.2218525274,0.2825233818,0.6305278573,0.0424846988,0.0574805180,0.2163737042,0.7295842940,0.7937917441,0.3753668064,0.2358812957,0.6834805340,0.7568967599,0.3382812046,0.6852409615,0.6124039917,0.6336775072
0.3705699722,0.9953514508,0.5236362564,0.0669778536,0.7038112814,0.6384344842,0.2789216213,0.6906457110,0.3027671888,0.0805431525,0.6981165875,0.1806920875,0.5695859810,0.1669043590,0.1052399408,0.6918390888,0.7113874290,0.7313141844,0.1290889805
1.4607737440,0.3815589673,0.9781917555,0.2905078528,0.0502562861,0.4144572543,0.7224526552,0.2122091960,0.6782447517,0.6927588366,0.3096070274,0.2355576152,0.3223623448,0.9927668175,0.3727916922,0.8212119044,0.2048020580,0.2487403325,0.2821722842
1.8044817795,0.6134592941,0.7961541773,0.5273864765,0.2154823294,0.3799710278,0.0122741341,0.2612109269,0.7321930011,0.2362626358,0.1561884443,0.4219753202,0.9501919817,0.2366582015,0.4096865375,0.5006253527,0.0662373638,0.7361916011,0.6217080123
1.1613564569,0.3705643736,0.0413510918,0.7464572524,0.6259638172,0.9889386092,0.9425201007,0.4101888996,0.6143603149,0.2280224461,0.7574006825,0.9311738941,0.8279961044,0.1806672283,0.7257730725,0.4905789124,0.8622916918,0.2604558292,0.2975835660
0.4554902531,0.0025951458,0.5412538616,0.6101106516,0.4953921321,0.3529407164,0.1197557811,0.2297920092,0.0455108118,0.2428012451,0.4312153282,0.9068200222,0.9861825554,0.8357030462,0.7188545399,0.1046869359,0.4237437018,0.8776292149,0.4244200195
1.7201143772,0.5684683224,0.6338073398,0.7161777786,0.2411449144,0.0712773754,0.6858684187,0.1468065441,0.1246208924,0.8581786729,0.1382483535,0.9012576349,0.0431027402,0.2061576676,0.8105370525,0.9874513637,0.6610047813,0.6527902002,0.2683524662
1.3707294141,0.7501708070,0.3759347714,0.8210498515,0.1176315756,0.0395341460,0.2435353254,0.2151677977,0.4225915734,0.6718967487,0.3809567454,0.4402519369,0.9325415420,0.2424444199,0.6907851398,0.5791251594,0.0903116040,0.7028843785,0.3918695719
0.6705645002,0.3516661944,0.0371733597,0.1904804044,0.1763498073,0.9390426136,0.5209383143,0.6035673503,0.5534443834,0.8469716641,0.1133033555,0.8251761916,0.4364690361,0.5869517338,0.5463081625,0.9380211171,0.6162185360,0.3337240361,0.1064055670
0.4136068922,0.0309317149,0.3729259270,0.6157828442,0.9808641631,0.0721235054,0.6510548224,0.0797194809,0.5476302822,0.7945462018,0.5541614264,0.3609710486,0.8240070285,0.5600337554,0.9367046592,0.9028033994,0.3639400634,0.5393382071,0.0884452035
1.4189813308,0.6291718658,0.1828675021,0.6036648659,0.8545667133,0.5795615250,0.3776563441,0.7574821697,0.9875544960,0.2277380181,0.7893993204,0.4824091498,0.2363484965,0.7937429085,0.9293637025,0.6720447692,0.5686915468,0.5485961284,0.4270310491
0.6572791820,0.1344133247,0.2606134585,0.5088510189,0.3738965308,0.3526154115,0.1342514817,0.8549338970,0.4687248394,0.4244226854,0.5310452890,0.0357816847,0.1380234307,0.7017612729,0.2420567214,0.7680692903,0.4089221028,0.6738954306,0.6802609391
1.5278508077,0.5385266081,0.4166799701,0.4251239440,0.9579451992,0.2223559651,0.6230138591,0.2416038210,0.7745299734,0.4933871926,0.1504843394,0.6344461577,0.8860253332,0.2465984046,0.8858109372,0.4666287060,0.7946464227,0.3053461705,0.6006319275
0.7898058130,0.0603650171,0.8278975360,0.5479188929,0.3757037655,0.3221691520,0.3735405741,0.4231627084,0.5307450860,0.2072859106,0.8247415562,0.5166961421,0.3686441694,0.8973383185,0.2531584911,0.4214593380,0.2530253311,0.1399146520,0.0427728290
1.3812273249,0.3015624976,0.5998863651,0.1289714690,0.2991667320,0.7875816953,0.1008238440,0.6457306728,0.2340232082,0.4044606139,0.3593974510,0.8718066360,0.7358850208,0.7499961341,0.2402077880,0.0044059776,0.8991554605,0.9678477552,0.1778591609
1.2552131483,0.2624561336,0.5331438569,0.4502393655,0.2304719914,0.4445087716,0.8808214199,0.3391783246,0.6247742368,0.3016757629,0.5498465764,0.8880287864,0.5209169674,0.6257202993,0.8725753190,0.0616827529,0.9979718495,0.4779298720,0.7996749511
1.6709704415,0.4680785791,0.5631084685,0.7610182731,0.2500477751,0.7396290763,0.1146940981,0.9021187792,0.0213233005,0.1179559928,0.5566870657,0.2295421540,0.4454441760,0.0367564639,0.0096483974,0.0351648710,0.3439490437,0.9932294488,0.7033044236
1.8700918419,0.5888486600,0.8697563051,0.7055631858,0.3241665329,0.0778002442,0.4247699693,0.4772673840,0.3237652861,0.4938370119,0.7245315638,0.1902957888,0.6686873360,0.9860048125,0.8427501516,0.8561214858,0.5250783238,0.2557068891,0.4966002580
1.6231667227,0.6759655008,0.5872141946,0.4629741674,0.4449506377,0.7519175768,0.6436799031,0.4298274555,0.6541062665,0.4181517936,0.7580798472,0.3801948699,0.1501438939,0.6218600525,0.4683424161,0.7936180343,0.2168000368,0.2079082348,0.7608344630
1.3548643236,0.5161085676,0.2239960250,0.5191824308,0.6260429064,0.7604858991,0.4496976880,0.1399013777,0.2708454629,0.9927741917,0.9828250648,0.5795121296,0.9018131107,0.0953172616,0.9277953060,0.8933687430,0.3188514462,0.9690309072,0.8393924847
1.1149644125,0.4610708725,0.2877564394,0.0275483545,0.8843407365,0.2219486298,0.9614171559,0.5468175898,0.8395867303,0.3432136389,0.1663093869,0.1318629696,0.0109723764,0.7436537257,0.7169399635,0.0630810666,0.2175545045,0.9963075839,0.9384131466
1.0151482484,0.3584394090,0.2819051733,0.1452052438,0.6340297034,0.6971896074,0.6255973919,0.9360481230,0.3837029458,0.6272110013,0.6422088543,0.3008926404,0.0044871008,0.7859964787,0.4964704440,0.3637783772,0.1144282360,0.0854656695,0.2240610703
1.6984004595,0.6965225986,0.4591568222,0.9884485810,0.9520133376,0.0278906755,0.8379017352,0.2855746571,0.9935826783,0.7773418453,0.7484834406,0.7021782956,0.7085155025,0.0941772963,0.8564022728,0.8265713806,0.8593864919,0.6034003530,0.1397602470
1.4469673175,0.4617678145,0.6399834808,0.0981178907,0.4902632140,0.5717000167,0.6807683821,0.2973308721,0.3760667692,0.0978430386,0.7457938134,0.0270741076,0.4808064672,0.0543087673,0.0924175940,0.1713465054,0.1279092547,0.8301913761,0.5468151295
1.5898385064,0.6578799260,0.5898247994,0.1776662125,0.6029006911,0.1165953386,0.6130295059,0.9492799963,0.9708985857,0.8674250411,0.7454746795,0.4158057064,0.6686373858,0.9600671801,0.0489164633,0.0362296648,0.9495625334,0.8262136161,0.6663815317
1.3813405138,0.7284758382,0.8517558652,0.4547626527,0.8903608749,0.0879634328,0.0930883108,0.0859950707,0.1423213980,0.6054673543,0.5433445743,0.5499113434,0.0247831696,0.8143743127,0.8921284375,0.1353701485,0.9674676873,0.2431735066,0.7477000822
1.7396699470,0.3751706323,0.7887580762,0.9162466223,0.8969278434,0.0431644063,0.4418697062,0.3536142291,0.6659941095,0.8352561622,0.1441614944,0.0569012421,0.0264652825,0.3419609634,0.5239147177,0.4129146394,0.5710833781,0.3610851329,0.4268203160
1.1893963632,0.7245175402,0.2773415563,0.6276266015,0.0458285088,0.5168083598,0.1413166944,0.9066014504,0.8336567056,0.2190636409,0.4457659691,0.1564201357,0.8617680193,0.8468080182,0.1310458957,0.2341525860,0.6109119236,0.3844691350,0.2819017753
0.9371282723,0.1287494400,0.6153542337,0.1965793254,0.7468023009,0.4281411748,0.0934989790,0.4852617997,0.8919967720,0.0722175657,0.4643534982,0.3805815522,0.4204728110,0.0550255092,0.9071918289,0.8572515111,0.1003409784,0.8237109044,0.7572118078
0.8319679200,0.8633994139,0.9384613532,0.0469747841,0.1430756430,0.7913039817,0.8142550449,0.7963562735,0.2796018859,0.0800409951,0.6777215790,0.9806460126,0.8594108311,0.1309542085,0.6939299483,0.9943423348,0.0400193160,0.7390039870,0.2831991226
0.9287427890,0.2929967263,0.0379483445,0.4023005315,0.1543568335,0.4084948257,0.3723986126,0.8659276554,0.1737843326,0.5517642093,0.6848962743,0.5706915101,0.1102138120,0.2533931872,0.2063476434,0.3196396536,0.7013150739,0.0027253738,0.7499637013
1.5776857402,0.4294092644,0.7653111810,0.4671925833,0.4954711176,0.7216607188,0.8422694402,0.4467515916,0.4654679198,0.2770681721,0.3073521663,0.0958192564,0.4162585464,0.4281065924,0.3703341618,0.7820259267,0.8030601553,0.9666258417,0.4886315252
1.2118734058,0.2154797413,0.5899009097,0.2103668843,0.5862660821,0.4226540478,0.0082513856,0.7531798946,0.1977637145,0.0800420380,0.8708367136,0.4711452695,0.9586076989,0.5031720963,0.1518577833,0.2781376418,0.4225762936,0.2151521939,0.8634415415
1.0541768733,0.7806966368,0.6865170198,0.2733976383,0.8410600020,0.9782971662,0.6903966379,0.4337918299,0.3918030314,0.2937495044,0.9652022022,0.0945461082,0.7454879306,0.0028992007,0.8211693226,0.9663883531,0.5532007924,0.9801062325,0.9529043611
1.9450675248,0.6235476076,0.9427239759,0.6812136473,0.0367123807,0.5364945933,0.4824037017,0.6789775896,0.3987239786,0.0263350645,0.6141759370,0.5280449599,0.4895914179,0.3837553609,0.2787038543,0.5379127416,0.7373964363,0.7795717336,0.7924490864
1.6473108378,0.6126358898,0.3160082462,0.8318546597,0.7642629613,0.3424438725,0.6485385147,0.0089306667,0.6605078507,0.9672524440,0.9357811046,0.2551374065,0.7027090415,0.2135765666,0.8398917022,0.3725705695,0.9391376331,0.3033006969,0.8168429180
1.3622007270,0.4176812460,0.6864840086,0.3147447466,0.2932489509,0.2030127571,0.8599038408,0.3303944613,0.8664805916,0.8616805033,0.3447536197,0.5879264404,0.2917561292,0.9872796752,0.7803961732,0.2275201333,0.1449390677,0.5980276435,0.0326242123
1.6161052786,0.4607753045,0.2807375157,0.9432145872,0.2438624804,0.1338286128,0.6070528419,0.5827872455,0.2853302467,0.7003177346,0.5610196449,0.9743132810,0.8646643633,0.0304039397,0.8607801384,0.4508134114,0.2004073656,0.1798901382,0.6259816788
1.5598087911,0.4459250794,0.3480226425,0.7888615163,0.9671584576,0.8911689162,0.0952426131,0.8524476003,0.4736582499,0.6425855933,0.2446378138,0.9161745457,0.0562199402,0.5380149652,0.1969185611,0.9377359494,0.3249657433,0.9552078529,0.6292684042
1.1310214821,0.4866613140,0.1959375358,0.0065621818,0.6951052443,0.3299091292,0.0735882496,0.1245547015,0.9662413002,0.2865786191,0.7626843406,0.0515712204,0.8149425101,0.2348827053,0.7507205522,0.5932327464,0.4920456033,0.6730097341,0.8229364591
0.6666676086,0.1618145429,0.1573172640,0.5785734096,0.7384157593,0.0230851060,0.9962286645,0.7978795258,0.0279639742,0.8663698939,0.6225901845,0.2351643651,0.3684420106,0.8923868743,0.4460364926,0.3777199199,0.8064363849,0.8611479162,0.8526596153
1.8391776385,0.5653182808,0.7926217239,0.5565249180,0.5793246672,0.2372951927,0.8075598795,0.5748057601,0.2192379375,0.7942829989,0.7904660386,0.7131150814,0.0443794392,0.7636106737,0.0622471230,0.1913611811,0.3670135936,0.0539124239,0.2996223915
0.8760002644,0.8462195330,0.6110466034,0.7964509945,0.8867459766,0.1587823150,0.6182628754,0.4060052721,0.5044181656,0.5587854945,0.9297183613,0.4509087252,0.1768942952,0.8951666325,0.2175255455,0.4577449843,0.4747529301,0.1530205110,0.4058795372
0.3101883166,0.0680461389,0.0567858511,0.0268308338,0.7545310469,0.4699519079,0.0870843095,0.2556829907,0.5724343726,0.9226787484,0.5517839452,0.8485674327,0.7564488383,0.2307026372,0.9902034913,0.3151251105,0.9202601134,0.7210137531,0.1766601812
0.9262611989,0.1257486826,0.7839642767,0.9943363300,0.3965173126,0.1490551790,0.6819835324,0.8982107615,0.9991285220,0.6748670686,0.6388533819,0.0278921336,0.8235095506,0.0237660210,0.6558367367,0.5560802717,0.3087773790,0.5804097851,0.3029886569
0.9539875265,0.2047229124,0.3589898014,0.9801606655,0.7699512559,0.3420708327,0.9364501410,0.0025299275,0.9379083672,0.9331249261,0.0712521360,0.1021617345,0.2440249373,0.9129563759,0.7551954572,0.4451616985,0.1592383344,0.5007182561,0.9543607033
0.6185959984,0.9881616289,0.8131230054,0.3724568449,0.5425075726,0.1359357210,0.9500631323,0.2688040648,0.9087051433,0.8047341549,0.4866378475,0.3203622750,0.5095488691,0.7947696548,0.9643613110,0.2613241716,0.5752450511,0.3263025182,0.8999115808
1.0902962475,0.2545495354,0.3223953992,0.7303763129,0.7798588284,0.6827782577,0.8390136216,0.9506118324,0.2274305908,0.9826604461,0.1493853350,0.4751551561,0.1396499203,0.2601080880,0.6976949283,0.2385036329,0.3869668088,0.6387560359,0.3673459396
1.2478726077,0.7667795034,0.5893825992,0.6911813733,0.1022795221,0.8253222429,0.7243446513,0.3518157248,0.6327857670,0.4283336334,0.1522341981,0.4652119358,0.2750135956,0.0678909103,0.7836288160,0.1508799965,0.7616092094,0.4622066817,0.1305703139
0.8153169659,0.7699793847,0.1620761548,0.1957511682,0.2261975473,0.6201872293,0.7494172338,0.6882353707,0.6599404740,0.0672192977,0.0260582911,0.7936601570,0.7083255280,0.5531859790,0.6976780296,0.8283512028,0.4917817919,0.3933769622,0.9618263934
1.3869351497,0.5007048987,0.0396619526,0.8789689479,0.9990013240,0.1780079834,0.1752533745,0.4731422600,0.0044888908,0.3530564555,0.1881933987,0.7806265933,0.3190004904,0.0595520616,0.8561482232,0.6015168395,0.6382121535,0.5954354997,0.3291887268
1.5978311088,0.3929473194,0.7387149802,0.4541619122,0.2701269197,0.9825248483,0.6468815641,0.9189617944,0.4453660140,0.5103313029,0.1580014224,0.2375333123,0.3725272749,0.1385888277,0.5782014191,0.8179381576,0.2955434816,0.1933295625,0.2033176953
1.0979971746,0.1986342629,0.5606947777,0.4507196889,0.2223582987,0.2824592159,0.0915686906,0.2214307168,0.7989457119,0.3366492128,0.0379753558,0.5569481620,0.5231054617,0.3617133272,0.7944469662,0.0204203522,0.2975124531,0.0201686217,0.1229408216
0.5557079322,0.8919446465,0.6382214997,0.6622509307,0.3435502296,0.9589823965,0.3227832603,0.3566784173,0.6130488064,0.5042263306,0.1055004105,0.1087523183,0.2841553790,0.5730226704,0.7703174253,0.1310388652,0.3887005303,0.8251659709,0.1708216184
1.8683873623,0.5765638369,0.8256442554,0.9932320684,0.0676778852,0.0688414323,0.8915358857,0.0036367002,0.0891798285,0.5483880219,0.1448935898,0.0304441745,0.2772681399,0.6637533697,0.8900061733,0.3896771020,0.8118658837,0.4428005438,0.4895236490
1.6421733238,0.5100832384,0.4937908103,0.8157101940,0.2586616669,0.7602373248,0.3933703546,0.1571227371,0.3981313622,0.0990691803,0.9427170799,0.6728367955,0.9083154456,0.7388365831,0.2545462558,0.9123634371,0.9737981416,0.7806164704,0.2947711568
1.4885615556,0.3987398010,0.5190478908,0.9467818210,0.3708941124,0.7474641608,0.8951423517,0.4314763279,0.2037414749,0.4693350144,0.0346054179,0.7046660230,0.1002339867,0.9839712074,0.4849327753,0.5393144949,0.3982611225,0.7448579090,0.7808962938
0.4541661530,0.8773381952,0.4435767685,0.5406867878,0.3748514391,0.8904767568,0.3437480074,0.3984054005,0.8742061971,0.1249717222,0.5899708292,0.5250968280,0.3140021132,0.2144327594,0.0596388169,0.2211489628,0.5268712705,0.0674886151,0.0033758129
1.5059434401,0.4690612507,0.1767288506,0.9326992326,0.0421495261,0.7317907524,0.3381855650,0.4671295337,0.4667639392,0.9411512720,0.8034162913,0.7898142637,0.6103017653,0.9994650612,0.2190519981,0.5995073378,0.8678449876,0.2716399698,0.8403601243
0.7389948584,0.0457288495,0.8217107853,0.6688037796,0.0227510676,0.6483954730,0.8454714421,0.2678643591,0.5770028121,0.8658722034,0.2322353686,0.6591741335,0.8488554403,0.1657650103,0.6448063953,0.0929272563,0.5170907248,0.7610675014,0.1574652386
1.1045270269,0.4438775329,0.1084796660,0.4298786357,0.7602284425,0.5153240822,0.2232761483,0.9928481856,0.9085504974,0.0634155418,0.4594566124,0.7177710591,0.1758215321,0.9998352311,0.1460828159,0.8587936707,0.1686918880,0.8528794290,0.3619794826
0.5959173823,0.1781610398,0.0038204606,0.5350820767,0.9739053332,0.8845588223,0.3512375005,0.5716177360,0.8023614860,0.8256051987,0.9462802408,0.5650743454,0.5854023223,0.5265388999,0.4756164406,0.4073521518,0.3194463092,0.6349128462,0.9169191896
0.8322346193,0.2590872130,0.2340333332,0.0671757924,0.5352672945,0.0124009502,0.0787783616,0.2051207742,0.6972240448,0.6591486895,0.5938817847,0.7989834040,0.5284720589,0.8871900009,0.4742342081,0.9970061656,0.9882465801,0.8600763355,0.3418836813
1.3772469872,0.2494446493,0.8510687175,0.7674211244,0.5811137082,0.0161087965,0.3190349283,0.5241813813,0.5237594410,0.4075742074,0.2818451485,0.5566456863,0.8993335082,0.6810963541,0.9572651325,0.1129986203,0.2366761898,0.5973124762,0.7058373221
1.0980608563,0.1603496785,0.6586291589,0.3314938144,0.7676726345,0.6829185659,0.4051810214,0.1539751903,0.9750722947,0.0661068340,0.1066507784,0.5445637233,0.0166269599,0.4834916553,0.9553857815,0.9365808033,0.5389241568,0.3756701048,0.0360908743
0.4899591871,0.8589302587,0.3750812884,0.0759977256,0.5296783843,0.1403636292,0.4157326151,0.9015332231,0.0335212371,0.4456656319,0.9445868548,0.7190361608,0.1465758535,0.3354860329,0.5135610574,0.8594596967,0.9364305668,0.4645511642,0.8899636583
0.8459287325,0.1951143318,0.1479886039,0.2105754842,0.8048852009,0.0776268249,0.9061163584,0.3235422108,0.9214715542,0.2021403618,0.7721863218,0.5572689517,0.6953839959,0.9613782764,0.7376180510,0.7215223197,0.4171512454,0.7607534674,0.2184265460
1.1407409118,0.7638273832,0.5867198935,0.5479083100,0.1220662805,0.2404136562,0.1318906951,0.4981618120,0.6987241914,0.5316790993,0.5016100303,0.4392965042,0.5275707532,0.6241632748,0.4354035005,0.9196464110,0.9196350486,0.2710824025,0.6480616418
1.0816188794,0.1716098458,0.6227110969,0.0877051578,0.5103922785,0.1570488097,0.6851952516,0.7678068903,0.2548874707,0.5921314803,0.0394592339,0.4259714456,0.0667622023,0.5089867589,0.9872523088,0.4886910548,0.3760784108,0.5821481497,0.1506134103
1.0254844808,0.1497203246,0.6984781463,0.4448219090,0.9227540674,0.9218917376,0.9191981201,0.1714852172,0.2056104303,0.9267239093,0.0283375352,0.5783131603,0.9230927815,0.9133372892,0.4623729940,0.9918968468,0.6498672462,0.8365811669,0.1747204415
0.4996250295,0.9923317000,0.7478094728,0.4159626600,0.1576957134,0.4519423460,0.4099231502,0.4738715519,0.7153548605,0.5983562873,0.0401969841,0.7426678808,0.6402350604,0.0752437089,0.7771234049,0.4412946870,0.2868244616,0.7615296621,0.5251794506
0.6232879485,0.0390873557,0.7910007578,0.8822289399,0.7285748166,0.4262429045,0.3844799358,0.9400910586,0.7063351628,0.9543185144,0.7014151974,0.0585988690,0.9567793212,0.3929823853,0.6071938977,0.7293316635,0.2196946162,0.9236336519,0.8024322484
0.8568857821,0.0975157134,0.9661681971,0.9583081988,0.3791585653,0.0552710784,0.2720834549,0.1052414331,0.5690965911,0.4498213942,0.8603780783,0.4833052324,0.3974421773,0.5312978805,0.3010527607,0.1993711579,0.2814705604,0.3377313359,0.9001425269
1.6722993500,0.3129105327,0.9108475259,0.6869309767,0.4646163917,0.4343844302,0.4112867136,0.1528103555,0.2866468135,0.1844420925,0.0643899206,0.3260878142,0.3428294802,0.1522634276,0.5942383473,0.5317299200,0.4938041458,0.7741680740,0.4497143549
1.8063748586,0.6855368531,0.5630879950,0.8555516264,0.7865831857,0.6482753890,0.9086646063,0.8157764883,0.5522076229,0.4503396845,0.7909657435,0.4633294719,0.4681583231,0.9349587359,0.7274639237,0.7959897577,0.1340377370,0.6135955628,0.2674859727
1.2221987298,0.7463239064,0.5587945356,0.1057361729,0.8580715207,0.2852426552,0.8061783003,0.1992855654,0.0482181017,0.6187083431,0.2398905168,0.5711103391,0.2126554900,0.6375538892,0.2058037998,0.4914820805,0.6710059133,0.0046727053,0.0538998243
0.8125948894,0.8012796580,0.2808345628,0.6332445865,0.0036647107,0.6521594256,0.1518927469,0.1559258544,0.0952611653,0.2706647552,0.7100237701,0.3292884089,0.5191689429,0.3613042053,0.9150658455,0.2915958967,0.5814562306,0.2078174553,0.1534219780
1.2191366306,0.1500894760,0.9693583449,0.6716031368,0.3565190451,0.7530609730,0.6183245802,0.8929271480,0.9608410731,0.8710471369,0.1540328207,0.5046868707,0.0132355523,0.6456651789,0.8611834083,0.5511835066,0.9113645140,0.4272820372,0.8127302558
1.0107773564,0.0516981299,0.9454623306,0.2349152401,0.4001112337,0.7842808705,0.1546691265,0.0467724406,0.6854702940,0.8650230762,0.7787071756,0.4428402198,0.0858977162,0.2452513199,0.4628184186,0.0086272519,0.5712485847,0.3086279492,0.0445835611
0.8749791854,0.1982032275,0.2323988406,0.6520199125,0.2169902290,0.9534971916,0.3150653435,0.9463650933,0.1661726972,0.8101587160,0.6459224780,0.9680080436,0.3949787926,0.6357039050,0.0485560079,0.4860920541,0.6153786169,0.2808673961,0.0808423518
1.6866084346,0.5386326168,0.8071110335,0.0834584925,0.3325744022,0.0971885544,0.6758339179,0.6314228188,0.3122565991,0.1106177155,0.2288712041,0.3495651497,0.5554904876,0.5030553014,0.2464416874,0.9007394804,0.8348758482,0.0847140748,0.8780285558
0.6098499674,0.0548212233,0.5204863878,0.1981436076,0.2882822970,0.7499990125,0.4091919703,0.3799948519,0.5195206292,0.2242706975,0.2314213238,0.8113649385,0.7177553767,0.6737605248,0.3342455861,0.5283609775,0.7687386368,0.9616302559,0.5586313690
1.5632256966,0.5553724770,0.3839891183,0.5785659899,0.5897191096,0.2640713099,0.2032224662,0.5774251177,0.8600398706,0.0481432231,0.6730406296,0.7755662417,0.8149493703,0.4136585893,0.3270689888,0.0723941685,0.9437886024,0.2119571964,0.6188715565
1.3558268980,0.1718310675,0.8576767209,0.2697848570,0.8563220018,0.5958428328,0.1910896217,0.0548509729,0.5807064642,0.3488307321,0.5514311565,0.2542669079,0.9878330078,0.9848672538,0.2197008179,0.4075963078,0.1438780199,0.5491447286,0.9641817634
1.7007490566,0.5270167309,0.5281146445,0.7190762752,0.4570851784,0.8467752411,0.3067412657,0.8124177980,0.3312361674,0.1745945550,0.1316082505,0.9563456645,0.5175886514,0.9410641471,0.6816522527,0.6620371112,0.5424437074,0.3434626775,0.2652140764
1.1536607208,0.3006155811,0.4655670489,0.3020153480,0.6282890528,0.8699624486,0.1970371733,0.7383680584,0.4562738368,0.8447064438,0.0613914113,0.6992023629,0.6040597089,0.3098476850,0.3486547277,0.8719247106,0.1566135820,0.2955100187,0.8203412577
1.5992170340,0.5029067455,0.6902063903,0.4868562023,0.7714993648,0.0175146538,0.3174922545,0.0031429967,0.9387482948,0.7306310217,0.7426235282,0.9283835275,0.7832544864,0.0463622185,0.8503865618,0.3034511335,0.5113053290,0.6351205355,0.8363897639
1.5020453224,0.4953366611,0.6160391233,0.1615013487,0.8866746004,0.0845930122,0.1968541904,0.0195661322,0.4740191267,0.7389875915,0.1175779281,0.5609565289,0.7168471876,0.7881598612,0.8602232740,0.8295358315,0.6957829115,0.8715927576,0.9741899981
1.2010921182,0.2000620292,0.6953007814,0.6648203051,0.1768482789,0.7456310374,0.8559129539,0.4327235826,0.4572132546,0.3962609527,0.6158032875,0.7051683796,0.2198745390,0.8614640250,0.8338658805,0.0754061902,0.8125754097,0.2954817221,0.4536502235
1.3016283502,0.6654368262,0.1818114681,0.6096219034,0.2789892233,0.1314856758,0.4176111369,0.9535104777,0.8438749553,0.6406450546,0.2481389001,0.0450556769,0.3086552026,0.0513214507,0.8717754848,0.8997703411,0.0077808081,0.5753074600,0.1275207023
0.1559460135,0.0253421269,0.0522333624,0.5302988138,0.8180657414,0.8626949547,0.3110673956,0.0259820685,0.9501723073,0.7346317039,0.1794856927,0.8606535257,0.7644498804,0.4962108242,0.7626278313,0.3463989709,0.3964588111,0.2379546425,0.2590691612
1.6493084526,0.7032170490,0.7898472307,0.5657638618,0.9839049304,0.7228149070,0.3088659379,0.0752356092,0.1671020553,0.3773648705,0.7488487312,0.4717493997,0.9097279533,0.8832012195,0.1286574195,0.2807602288,0.5994967972,0.0976514283,0.6055569557
0.6094610349,0.8534666747,0.4859824693,0.6472721229,0.9098650522,0.7508926336,0.2539508706,0.1309348561,0.4419214187,0.9747885445,0.4536124362,0.4437847267,0.7176673313,0.8700205619,0.5413619172,0.4950207243,0.4776780588,0.9119809781,0.9488273076
1.3240232542,0.4207407746,0.0189192178,0.8841423010,0.2960023404,0.8194811852,0.0891668682,0.7717626587,0.8093009008,0.4889459071,0.2637131629,0.6594709751,0.0758238410,0.4870751111,0.3642059103,0.8209601155,0.7658002684,0.5880000997,0.7672942537
1.6886805632,0.4194023855,0.7341608216,0.8234463185,0.8804812823,0.5368710792,0.1395654472,0.3977831169,0.1174853003,0.6091696707,0.2948570974,0.6769874585,0.1606325236,0.7849838551,0.1005826826,0.4435422034,0.8239625409,0.1092262054,0.7467080672
0.9056821640,0.1330016131,0.5196131924,0.0436945861,0.8380005320,0.4346985439,0.2440825495,0.8628975168,0.1893346569,0.0452420025,0.7620744402,0.8627724149,0.9267807902,0.6285999850,0.1954675676,0.6875678936,0.5550533410,0.3740021140,0.1419370201
1.3294080782,0.3451363554,0.1309796732,0.9331852448,0.0355016768,0.4576667259,0.1449281123,0.7381478385,0.6501842655,0.5050074692,0.0759996634,0.5771073314,0.7262932444,0.8286835199,0.6009920791,0.3758572357,0.4198500491,0.9506819075,0.1616750229
1.3480724057,0.4400941532,0.7284040538,0.0052860058,0.3014352111,0.1013658682,0.9320991494,0.0313072010,0.2081642087,0.7174457097,0.9748947036,0.5766830144,0.5115589665,0.6383766434,0.5334407410,0.9832038229,0.1735922152,0.9918979134,0.3927368820
1.7281614495,0.6460402923,0.6570665367,0.7444008763,0.6371373158,0.5519864546,0.3969580144,0.5579242188,0.6082345113,0.3070956832,0.4574545196,0.6754418093,0.4696166505,0.8146893707,0.0582445919,0.6022992564,0.0878181095,0.5282502906,0.3964705062
0.8390218020,0.7935844051,0.6712702622,0.1136178674,0.2816217507,0.4618554375,0.4561196101,0.6959359234,0.7264946763,0.1754945246,0.9248548324,0.3603035954,0.0771694647,0.8338024668,0.6468392629,0.7988143603,0.4931191879,0.2381538159,0.8665638071
0.6488416149,0.8397137057,0.5218425241,0.1177085642,0.6022994588,0.2359512976,0.9784409557,0.6883208384,0.3425252611,0.2956582183,0.6117077319,0.5812096208,0.3673268715,0.6655994403,0.0239555813,0.2776524685,0.0890385708,0.2681668237,0.6133357608
1.5443605870,0.3099736594,0.8099799019,0.8973461578,0.1630527057,0.4929499807,0.9184413525,0.8841091228,0.2881631643,0.2435422873,0.8354080716,0.1086762536,0.2677631997,0.8364108746,0.1086263715,0.4020281187,0.2595731409,0.4310386286,0.6675286306
1.4587104773,0.4353977380,0.7671063312,0.3866879178,0.6030731553,0.7109407046,0.6984701665,0.4074753911,0.5061039491,0.7823815885,0.1738643221,0.3589295411,0.4706620401,0.9513838746,0.4871123217,0.7855065048,0.4683647497,0.5317377761,0.8952718989
0.4141009729,0.9079481448,0.5681301719,0.3499509123,0.5786637510,0.4598613596,0.1743426352,0.6206237427,0.4488766557,0.0835199793,0.6940947238,0.9896310755,0.8305903701,0.1329724969,0.3360070961,0.9451985746,0.1580317366,0.2614049534,0.1974910056
1.5804589731,0.4774727499,0.8225992207,0.3962941095,0.0926843191,0.2146462234,0.5890693765,0.9782406193,0.4173017499,0.9592738859,0.0991463846,0.7377452927,0.3261171127,0.5517618700,0.2520222921,0.6980317563,0.5042624131,0.2399129069,0.5266152834
1.0545110859,0.7985624788,0.8260626578,0.4628675636,0.0531983478,0.0634415464,0.9785439803,0.0072440342,0.2950071888,0.2315570725,0.5549747166,0.5916056859,0.7644207650,0.8426165579,0.2533828963,0.5654169156,0.1716903676,0.0580709762,0.9155831322
1.8143480952,0.6621525470,0.7779008616,0.0032362410,0.4155790110,0.7794797062,0.8568547801,0.7384816474,0.4737509114,0.4851752103,0.0050960877,0.9885474397,0.4925957427,0.7152687128,0.6609538564,0.9611831021,0.5585514034,0.0121672842,0.1983224875
0.9704256926,0.4377893945,0.3189128264,0.2216183934,0.3331076340,0.4876947921,0.5973560480,0.6667464024,0.6320423302,0.7710079451,0.5188970871,0.6030833948,0.0839779291,0.5515267683,0.1950782343,0.0383943026,0.6071288053,0.2873298023,0.7850088177
1.5152612046,0.4194155826,0.4352207138,0.6516866533,0.0617887627,0.8449122226,0.4299127495,0.0325371090,0.0839766461,0.7444072261,0.7017047204,0.3938286321,0.8607106328,0.1948786678,0.3949564493,0.3139749561,0.0158509379,0.7493695217,0.8017700059
0.6814623340,0.7384125005,0.0223203774,0.0792296824,0.1547440948,0.3532259630,0.0352585044,0.7396339703,0.8362128491,0.6783258533,0.3726080830,0.9358497579,0.9762086556,0.5781661034,0.6109873560,0.8691778849,0.8032738264,0.2076402704,0.5717417550
0.5539759649,0.1118615911,0.3123908046,0.4074876275,0.7345371875,0.0756895051,0.9492719031,0.6530105087,0.8673360059,0.2580948123,0.4593206179,0.7707076888,0.0518129678,0.6375334240,0.3689143518,0.5583539335,0.9776259279,0.8597521721,0.2824407671
1.3277319462,0.4205580657,0.2658924519,0.8372913825,0.0419302397,0.3067526413,0.7479042483,0.7603825222,0.2356598466,0.4208555701,0.2763223652,0.6759517105,0.9200646369,0.7162326696,0.4510547532,0.9023156384,0.6249190574,0.1200252743,0.1268808236
0.4419066171,0.0435965199,0.3418780243,0.0830677163,0.5414070304,0.4652340094,0.8790089498,0.4191618442,0.8718262200,0.6362200637,0.8783653891,0.2621228888,0.9806828106,0.7719710507,0.7501055586,0.2426135337,0.3630790497,0.0954837124,0.0074080531
1.2582958453,0.5276940417,0.2057040379,0.3817129697,0.7376097840,0.6443638528,0.0655397941,0.2718243087,0.6443800243,0.0494594994,0.6607032203,0.1451873007,0.7931417603,0.2964845983,0.8870869247,0.2082204276,0.5358320075,0.9708523298,0.3306825642
1.5563524676,0.7216450530,0.6678762133,0.7574488206,0.7951223742,0.1425169349,0.9913562918,0.3170396256,0.3930217608,0.7006235278,0.8308296886,0.9705061910,0.9168211651,0.0483315087,0.7085108824,0.4787719588,0.3657123770,0.8408243966,0.5477199510
1.1628170147,0.2156517376,0.6296027619,0.2781635071,0.9567453886,0.6134602598,0.5921560412,0.7462213344,0.9525199905,0.7878051168,0.0019322830,0.7733522344,0.3757675851,0.1486829761,0.3412929986,0.6178618840,0.3289940604,0.5384134131,0.2453708454
1.5454635992,0.4895751288,0.7753296176,0.2403264429,0.0017832372,0.6788808300,0.9866728711,0.6301924709,0.2440496086,0.6022130647,0.7352556437,0.9077991871,0.2907595752,0.3143163823,0.4259033327,0.3790532573,0.1761001812,0.6871825318,0.8571378392
0.7732556290,0.8561554590,0.9406794060,0.1273674079,0.7335268069,0.4966324564,0.1323569618,0.9863223128,0.3099714981,0.6592288264,0.7239811300,0.5174372770,0.6965222911,0.3901093652,0.2541462569,0.1074790666,0.3894912245,0.2986003887,0.6495661680
0.7152524013,0.3611522875,0.1423917649,0.1068526843,0.9375304259,0.1149075689,0.4683610722,0.4189219891,0.4725691819,0.2608210411,0.4177245664,0.6535014346,0.3677741919,0.9467131518,0.4313518101,0.5330067475,0.3910433951,0.3842840504,0.7658227403
0.6753426962,0.0042342328,0.9968496353,0.7215834330,0.9372048848,0.4520788908,0.1924122999,0.3405139841,0.7725694344,0.1530574086,0.5506394128,0.5377515388,0.9855960650,0.3816636050,0.1979159751,0.1804418645,0.8003572150,0.7276393028,0.7298125506
1.0583695934,0.6753596233,0.0231101460,0.2933278795,0.1816272451,0.9471654606,0.0089040327,0.0482941926,0.2601329357,0.4904089948,0.1797332816,0.9534087536,0.3035766290,0.8212576495,0.0920753404,0.3696846506,0.2269862714,0.2211865400,0.4514647998
1.4695953320,0.7126591251,0.5941341068,0.5557277930,0.6419089972,0.8223356925,0.2558145364,0.9000723855,0.7245068813,0.3676009123,0.9635217364,0.9603507158,0.9111927861,0.5729519149,0.7002653266,0.2086811094,0.4189126725,0.9888455960,0.7749819125
0.7439548106,0.9076358795,0.7364396917,0.7765523080,0.2238720687,0.2248483514,0.1205978515,0.2145087086,0.3908391350,0.5605928981,0.3996624063,0.8201147128,0.1662001369,0.0040100146,0.2611533018,0.4671809744,0.0191197504,0.4817233880,0.4690899279
0.2351345333,0.8450510136,0.0514736661,0.2102409369,0.2925229673,0.6005663825,0.1836341735,0.3574649284,0.3744483468,0.5360940735,0.8521321185,0.9399600978,0.6456178352,0.8274312618,0.6797529905,0.6986246867,0.9288954843,0.9057816091,0.7057043110
1.7233119851,0.5158809840,0.4799897078,0.8373345937,0.4372623654,0.4954710963,0.1269424408,0.5157179815,0.5756732630,0.6934786395,0.9357605490,0.3434106783,0.1545518621,0.9433481115,0.5869988268,0.5692756540,0.2462038209,0.4662134104,0.3819533443
0.8330773973,0.9398939578,0.3012604118,0.9970312027,0.6626480141,0.3806490548,0.9390187172,0.2704764229,0.1782595649,0.5776695070,0.3245059787,0.9863446637,0.1583686296,0.7907433493,0.3882238437,0.8986547745,0.7026553974,0.0155899612,0.2569557025
0.7240003475,0.9394202327,0.9671806016,0.0097657611,0.5964906953,0.6412202349,0.0187473702,0.8682475717,0.3122412841,0.2701473711,0.3814981194,0.0431652440,0.1841650022,0.2029184485,0.3017923062,0.0711810661,0.4051802808,0.8746448292,0.7110259422
0.1547220123,0.8753137674,0.0478962667,0.1644152170,0.7926352254,0.1190631985,0.3162443940,0.2837161994,0.4213895006,0.9921045217,0.7675787721,0.5237653157,0.9119026881,0.9464876280,0.3807463123,0.5076289837,0.2714639317,0.8336652320,0.5040189574
0.8762526345,0.2221909994,0.1174942285,0.7860595474,0.5073850351,0.6409850120,0.7379773306,0.1471201227,0.8963767450,0.8589704121,0.7830257593,0.6631874347,0.7180836519,0.1010018482,0.7781685132,0.2799137671,0.1968954727,0.2114239112,0.7012542309
0.6197578066,0.7745227987,0.1116823919,0.5330472208,0.3374891629,0.8816699063,0.1115409199,0.1040490430,0.9474906464,0.1760825171,0.7199513132,0.9426384172,0.3236925687,0.1039713475,0.2135947831,0.9146144420,0.0969343778,0.8165627041,0.0129500240
1.7764467027,0.7015026286,0.9794753406,0.6820775367,0.6578083812,0.8308289561,0.3017851965,0.0936755238,0.8187284239,0.0205124305,0.5308058190,0.4382755532,0.6738013914,0.7974705395,0.8733837262,0.5184098136,0.2149686058,0.5168290632,0.1248633353
1.1851034164,0.1822210711,0.7960961742,0.5211945561,0.7978480357,0.2894699123,0.8007785950,0.8778386636,0.2943435333,0.1704880806,0.0884198491,0.6066203244,0.9226606218,0.5788439858,0.4447787413,0.2102355389,0.2304444644,0.9059571975,0.2545029860
0.9596786422,0.2013789049,0.3456677882,0.7370360608,0.9142072606,0.4432271223,0.4780022378,0.9322193193,0.8447807412,0.2789838672,0.7495386212,0.5097984505,0.9369692314,0.3932402429,0.3642070679,0.1420997390,0.3481884774,0.6810664110,0.2922598920
1.6311789723,0.5524649836,0.6853770933,0.4568158357,0.9231995178,0.6706427229,0.2005298167,0.3144440435,0.2752099350,0.5056468963,0.2484385339,0.5958010869,0.7989322248,0.5604021032,0.4362712379,0.1802105813,0.7260782869,0.0886271925,0.7950702448
1.3500044439,0.3124642965,0.6203659274,0.4268261030,0.2427857793,0.9940409602,0.6727499193,0.2013254774,0.4418304987,0.6819613232,0.7743647096,0.3899666816,0.2108516830,0.5491509862,0.0998675444,0.8150058815,0.9201482833,0.1310601207,0.9067334024
1.6414148662,0.4012094789,0.4731221667,0.9722986342,0.6464516953,0.2685098001,0.2069933460,0.4366004136,0.4105087417,0.0844405519,0.2766893568,0.8129204478,0.8784073216,0.9557922573,0.8120926043,0.5477977128,0.0453325405,0.3154641424,0.6374802740
1.2731029423,0.4578697866,0.3817921438,0.0846358351,0.4896214771,0.1228710122,0.3676077160,0.6762114237,0.9737930523,0.7957278063,0.9775111524,0.4086574020,0.9241806852,0.8393263345,0.8762746357,0.2003602407,0.6490780617,0.3507812096,0.9603145437
0.4008577240,0.8270132923,0.1783054784,0.2715012170,0.7660038652,0.2323461838,0.0933335055,0.8501099767,0.3889941476,0.4453175343,0.0558341823,0.2543034916,0.4091934254,0.1852008698,0.5972214444,0.6892926641,0.3722548646,0.9205028870,0.5286798902
1.4577058483,0.6865907147,0.4373226226,0.6440135260,0.3346998195,0.5585935734,0.3548257354,0.8368665460,0.1897570064,0.0690211839,0.1020059547,0.5461734971,0.8599380688,0.2963379505,0.7655551536,0.8751041469,0.4715967607,0.7790733855,0.7548123583
0.7063047248,0.3748357986,0.0158840837,0.1170999808,0.6748082502,0.4718274001,0.9512707516,0.8305261405,0.7862597619,0.3177313422,0.0739343598,0.3917565713,0.0648554297,0.5253909550,0.3000536238,0.2265853586,0.8737064671,0.2467393782,0.9103814090
1.6764535928,0.4208148197,0.7016719528,0.9580125590,0.8384750328,0.8809100210,0.8629127750,0.5362631581,0.8438171459,0.4493471623,0.6942571083,0.1082934451,0.7826905384,0.2994385305,0.3983275637,0.2483600214,0.2431752227,0.4378895996,0.6810228056
0.5554934073,0.9504505731,0.6023533154,0.3771324241,0.7428963290,0.8694917613,0.8827486754,0.7232768942,0.3025144799,0.0713909830,0.4873234153,0.0804876673,0.4416350212,0.6279470983,0.7553386509,0.3152559410,0.3936060946,0.8500447403,0.2809425554
1.0111722909,0.8802396866,0.0795454412,0.9870276947,0.8886717924,0.1341439417,0.8634148652,0.0156702308,0.2808159277,0.4371183000,0.6336010778,0.7914101455,0.6119465820,0.3613172103,0.9246419970,0.7072227131,0.2540981992,0.7467489188,0.8830176693
1.8623950841,0.6333674937,0.8411334491,0.2799712966,0.1278186275,0.5970426465,0.6576196369,0.5029640538,0.8541347762,0.5739706729,0.7516358579,0.9425128869,0.2746250129,0.5739659919,0.5274540412,0.3828771645,0.9171071934,0.9507808292,0.0739445809
1.6755415189,0.5877165803,0.5645462957,0.0714855155,0.2648746908,0.6574462746,0.1885709899,0.9252577958,0.3287700252,0.4557288579,0.6909895942,0.0152042817,0.0741470486,0.1044953088,0.5628409517,0.9551864031,0.9186436190,0.3060840250,0.5523135751
1.1381210089,0.1834947890,0.5774794906,0.2084036123,0.9126978912,0.6240028731,0.3094140216,0.3014131817,0.7957726359,0.3921469541,0.5495490396,0.1540521070,0.4375362013,0.0942512259,0.5423745109,0.9157855606,0.3889039021,0.8303670279,0.9951120526
1.3050672928,0.7563546800,0.9929855959,0.3750887435,0.0099347869,0.1798479596,0.1691708113,0.8201074727,0.3407576972,0.1851447952,0.4072680970,0.6054458437,0.1750993536,0.2119103123,0.2237304570,0.2422122200,0.0701686371,0.4772585672,0.1771275306
1.2480425107,0.2619019969,0.6347102007,0.8702232967,0.0878286066,0.3046734213,0.8050729858,0.2716045394,0.0771059508,0.8536589107,0.3511187462,0.5021380102,0.0341575239,0.3767416249,0.9420727622,0.5145789483,0.5994432866,0.7316524831,0.2583309076
0.7989945301,0.1942668596,0.0869397952,0.7125983071,0.1655539821,0.3457430285,0.9213692314,0.9567819790,0.0407398906,0.1939696666,0.1725178095,0.6480811660,0.7322110144,0.2655641847,0.2542217781,0.5807320140,0.4577440229,0.8164887411,0.8703323623
1.4359701976,0.2180079576,0.9985825600,0.7220424107,0.8693708877,0.9265311418,0.9742529025,0.2544914423,0.4609298225,0.3304001081,0.1519274475,0.2254108881,0.8788500037,0.3961620056,0.8366840761,0.6677786341,0.8507345449,0.5855785041,0.4869117462
0.8426471334,0.0335357326,0.8240040088,0.1928969918,0.4524301001,0.9904011633,0.3412778294,0.7737078261,0.5368163684,0.1030542814,0.3005293535,0.5037216299,0.5296706561,0.4191138967,0.9132614447,0.9323595896,0.1365995091,0.1746111095,0.6915354585
0.6428363263,0.8981190362,0.3310417220,0.8446923331,0.8464565035,0.8665123158,0.4775492795,0.1267883170,0.1527074890,0.4829488763,0.6870116370,0.2701324960,0.3939749144,0.1546212114,0.0136052825,0.5678391127,0.5970608929,0.4547991225,0.1013671671
1.5804774173,0.3396087134,0.8169532348,0.7768100195,0.5930156727,0.6904770944,0.4544852647,0.1231532027,0.8507968839,0.8249051535,0.7496372515,0.9973222070,0.3589583050,0.1543707086,0.0361554434,0.0648612006,0.5882765502,0.9821859583,0.7203304065
0.6645044259,0.9448647753,0.8039050998,0.0720683279,0.3561364900,0.6735353561,0.0212264324,0.9558762674,0.7367721247,0.2533438308,0.3463145135,0.2891062975,0.6515337051,0.2817019075,0.1651093143,0.0450896700,0.1585652958,0.2816308636,0.3973122641
0.5093022645,0.0359812645,0.4455492627,0.5667961573,0.9199208238,0.4148378482,0.7441527559,0.5056404646,0.4285378032,0.0477560187,0.6261532868,0.8115751946,0.1118238279,0.9837673042,0.5097249258,0.9783175782,0.6184142862,0.5158552840,0.9008475143
1.4593504438,0.6394238320,0.2966191428,0.6900401237,0.2615696341,0.4755663763,0.7206032956,0.1271047434,0.9986409112,0.9325635753,0.6077560534,0.5214465818,0.1416094325,0.4723081195,0.4645052971,0.1780528918,0.9269033765,0.5636721876,0.2037344593
0.5046546296,0.9668570561,0.8057291377,0.0015892844,0.9696683163,0.8247057797,0.7241599296,0.2807205616,0.8021576325,0.3789128548,0.7858407503,0.3982928399,0.0597112130,0.1113454655,0.2475876487,0.2517032757,0.0847016320,0.4386128479,0.7186425731
1.5415302793,0.6555841419,0.3026405788,0.2217284856,0.2160613842,0.0404954555,0.3306945514,0.8578961818,0.3700459998,0.5897909962,0.1997863871,0.2518095175,0.4733609052,0.1276193724,0.1819662245,0.1414311572,0.6777054035,0.9694242242,0.2669560286
1.0690682786,0.3356594033,0.2737190662,0.3124507483,0.8196765339,0.3901481653,0.1351107260,0.9489177951,0.3109445064,0.6179063938,0.4594033636,0.0314750737,0.5433479740,0.2609059864,0.3093664633,0.6078427072,0.4354189163,0.8358879219,0.7405892465
0.2882343848,0.9169213480,0.3740759138,0.4960651894,0.1378807813,0.6579647650,0.9854340087,0.9654937594,0.7582593224,0.6847319425,0.7545449872,0.9054677599,0.4089773835,0.2660224021,0.8353916164,0.4459782464,0.0722868606,0.4889364095,0.0110449971
1.8961357450,0.5158804639,0.8154341112,0.8130061828,0.8221210233,0.0378283196,0.2616504215,0.3945374768,0.5703307868,0.8850880004,0.1080564153,0.0186326878,0.5577450322,0.7714413317,0.9415575470,0.6609465822,0.3485943233,0.6252960597,0.7639427945
0.6038122467,0.8039520701,0.1406538684,0.3872321284,0.0052086723,0.9121273283,0.1179745653,0.2902553073,0.8115734113,0.9850571432,0.9266140894,0.2982886846,0.6427056411,0.5760140989,0.3934906897,0.8625020962,0.4205114550,0.1365171870,0.0560434833
1.7093715794,0.7238916925,0.9203473315,0.2685402769,0.9683802457,0.4220691423,0.6163639224,0.4199574385,0.2432610438,0.4076650301,0.9874395194,0.3173515550,0.2364121281,0.6396747615,0.7182322414,0.0642574494,0.5553562441,0.2179399010,0.1979003041
1.6196109767,0.4414352565,0.6942822275,0.5660052346,0.5573339373,0.4189397442,0.8829699766,0.8472484184,0.8788648777,0.5649966419,0.3044856549,0.8608320328,0.4700441801,0.8302104735,0.3092922225,0.5241956909,0.1509890307,0.1832169890,0.0060349864
1.3634357443,0.2985059767,0.6255260334,0.3714671695,0.5893565544,0.1037548652,0.0686782114,0.8312760473,0.3606577114,0.0883139711,0.0170478869,0.2992938766,0.0289268969,0.1741330188,0.4936656549,0.2729597267,0.1390437400,0.2904135819,0.4257853344
1.2671431202,0.7799477224,0.5382881175,0.7590533287,0.9289888833,0.6849439406,0.2583493005,0.4973256920,0.8830939466,0.1960003932,0.0671538020,0.7899384754,0.8856472583,0.5393962464,0.3565089829,0.6344461019,0.9402411628,0.5241121427,0.4526976950
0.9385637686,0.1645410043,0.4233713844,0.8233597673,0.2283116821,0.2096687737,0.1959881769,0.0733065545,0.2732810282,0.2038525217,0.0114621313,0.9715494291,0.3688210132,0.9513961647,0.5183941814,0.8666508077,0.7819842874,0.3205191177,0.7336900399
1.4133635792,0.6565986480,0.2510351087,0.2589408251,0.2676448996,0.8143114293,0.8541475322,0.3979022515,0.7078427998,0.6048873057,0.0829193359,0.3441845773,0.7579672946,0.3657924557,0.8302152825,0.1593439016,0.5785255599,0.3801379345,0.5839453801
1.5071825198,0.5656497550,0.3907895248,0.6047481699,0.8802244039,0.0230096031,0.7373968659,0.2051232925,0.8787349838,0.9898955836,0.7021475238,0.4773323562,0.9611335950,0.6337320023,0.5115474391,0.0771561461,0.4559621665,0.1534322821,0.0855166907
1.5376808242,0.4031370103,0.5064333819,0.7369004336,0.9320254081,0.0499527414,0.8637551275,0.1731871798,0.0198821975,0.8078403071,0.6835483561,0.7738000034,0.0527035956,0.9524443240,0.5852295931,0.6831943264,0.9529536346,0.8079910989,0.1574931596
0.6527439606,0.8170288323,0.3416122066,0.0068260655,0.3586875464,0.6944180959,0.4703071537,0.1465211093,0.7866892769,0.1535835141,0.0742210721,0.8321431387,0.8361037915,0.7463985917,0.7197850335,0.0157054516,0.3538942603,0.6136071961,0.0973031503
0.9011230918,0.8402261897,0.8538234530,0.4547214719,0.4976423165,0.0989507147,0.7546809236,0.7884927720,0.2157573936,0.4943691693,0.1587869567,0.2434190169,0.8549456516,0.4866998874,0.9601835593,0.3347736589,0.2598857047,0.7725398707,0.1614809010
0.3398671207,0.8459761815,0.2047557886,0.4054320229,0.7216500417,0.1719348441,0.9291881753,0.0429461279,0.6927642076,0.2921712005,0.3091690133,0.2752184654,0.1494252776,0.0964797948,0.7398734971,0.6996095634,0.8132592805,0.3315681588,0.7224161946
1.4375781537,0.2196883848,0.8769724202,0.5672748032,0.9907348211,0.6513042708,0.5407785478,0.9221572830,0.6007652312,0.3388163870,0.6850840618,0.5260415549,0.0408809407,0.5732329951,0.8947201587,0.6838890873,0.3094002267,0.9229206135,0.1204014375
1.8836670191,0.4772878570,0.8835830809,0.7354539727,0.9654008315,0.4462868708,0.1698073190,0.1932096188,0.2871591857,0.2949219972,0.3131755403,0.9584763774,0.4074945957,0.8867805119,0.0559925544,0.3234070272,0.8650908860,0.6825713569,0.1944339232
1.6947183823,0.6550449864,0.6453091892,0.0259077429,0.0074439257,0.5135379935,0.8745776387,0.9389121768,0.6260043107,0.1019792351,0.0784693202,0.8791389524,0.5672399508,0.9733932044,0.5443548597,0.4617967878,0.4749942707,0.4973748889,0.8018847571
1.1639102426,0.9011048634,0.8342157549,0.9376242087,0.0815273358,0.3830865040,0.8725726787,0.8380150316,0.4558070011,0.0232764437,0.0151585303,0.1325449359,0.4196576095,0.8929133464,0.5731560642,0.7306177827,0.9294226557,0.4827818512,0.1138306977
1.3267694456,0.4073164441,0.7930356741,0.0499429594,0.6325116498,0.7085139173,0.9874393299,0.3420216184,0.9564487841,0.9437931909,0.7930200750,0.7493555529,0.6440437980,0.4581026660,0.2013891220,0.1160916632,0.8198975699,0.5564973314,0.5437836809
1.5451704092,0.6932203852,0.6635119460,0.0660935639,0.8945169699,0.9710150138,0.3335080768,0.3164323588,0.0196999261,0.6135539523,0.2008468074,0.3614375081,0.4914808017,0.5276356856,0.6593202689,0.8033691058,0.8856756321,0.2652697222,0.5050828493
1.3899179611,0.7591239573,0.6294733857,0.7521782853,0.0133160404,0.7400718969,0.8834616944,0.7429606003,0.7230273642,0.8141000766,0.8620787926,0.6974517709,0.5836642718,0.1163728522,0.5838992170,0.5101463978,0.8392413928,0.7745109365,0.9755256702
0.7868469371,0.3688543705,0.2129310125,0.0867912093,0.3791614352,0.8378971690,0.9556506973,0.7993168841,0.7226176673,0.6884469290,0.4999307588,0.6457068952,0.3588720207,0.0084837139,0.0924799684,0.5520564245,0.1329138365,0.2042352511,0.9360281767
1.8530976648,0.6148802095,0.8842258666,0.4173238435,0.6243804303,0.3256025348,0.3939180691,0.2124825939,0.7464089679,0.0449341443,0.3508709441,0.6087268500,0.3356872486,0.5563985839,0.5728086567,0.8512061984,0.2291260151,0.5504051023,0.8361431497
1.4521762381,0.4357554537,0.6509130256,0.3816261315,0.9733359494,0.1104936589,0.9945160513,0.6515392753,0.7176784659,0.1607042053,0.5760148220,0.7356797337,0.1273161860,0.7007505855,0.8826138438,0.4283221371,0.2101311846,0.9572219070,0.0201063274
0.4702099044,0.1132106321,0.1130139211,0.3351806269,0.9641185977,0.6634236022,0.9150701077,0.3503457830,0.1610121185,0.8607263105,0.1764846526,0.7856299560,0.6305052072,0.9093937485,0.9993478260,0.1210970776,0.3616960413,0.9262136913,0.4367376126
1.4900004742,0.7171356514,0.6614003290,0.4506490145,0.0786562458,0.3528028145,0.4734845694,0.4234010590,0.5198139553,0.6704505844,0.3678532216,0.9210367654,0.8434558862,0.7813812710,0.4440433337,0.7330822537,0.1474198903,0.7081499835,0.4312332753
0.0403907153,0.0100236734,0.0030561286,0.9196657886,0.3190455854,0.5660230336,0.9936227823,0.1503872608,0.2365156484,0.2221053360,0.6857471778,0.2341198117,0.3901172041,0.7945529406,0.9535718258,0.1258378451,0.9058869815,0.1051859563,0.8663742647
1.7021709603,0.7281806650,0.8726320415,0.7159276364,0.4202889495,0.3496248798,0.2746695094,0.3054318074,0.7134905119,0.9160141743,0.4207547804,0.4670172840,0.2653561420,0.3081518929,0.7299570619,0.0255450454,0.5420539156,0.4607779467,0.2527313797
0.8728736794,0.3397390614,0.0435928712,0.3624589762,0.3427102577,0.7075510851,0.2812679954,0.6913674688,0.7779050036,0.6338121858,0.4249037940,0.3123239178,0.3315201288,0.1639476094,0.3225001572,0.4921233970,0.2275548506,0.8783603000,0.3030783923
0.7637518793,0.0418555132,0.8664017898,0.6182725639,0.4057726827,0.1965275692,0.6627422496,0.1082642187,0.3840602848,0.4455425052,0.4841735396,0.1591416712,0.3890978500,0.0903298103,0.1821933112,0.7041996871,0.8573186392,0.9765819150,0.2112921659
1.2734345154,0.7017149043,0.2959582123,0.3115731077,0.8431189129,0.9835392985,0.2618331706,0.9761868234,0.2668163149,0.1895104716,0.4867950071,0.6597590789,0.3108431409,0.4142413726,0.2191035731,0.6864221946,0.0113171263,0.3012453268,0.3838191004
0.9313169065,0.1377624768,0.6089958395,0.0086212092,0.5463784930,0.7108684958,0.6941397508,0.5420186468,0.0466092543,0.7947867635,0.7901155741,0.7190721354,0.0063849956,0.7151101582,0.0649962099,0.3936262274,0.8408965789,0.9710373274,0.7179417521
0.4665665678,0.9427058545,0.0695850572,0.9328042217,0.1518665176,0.7020359511,0.4588418165,0.2170668224,0.1023764576,0.1781443625,0.2463373252,0.8737435922,0.0010473512,0.7944821412,0.5279304178,0.3551924897,0.1750625447,0.0128221228,0.6110606956
0.9656569818,0.8196644692,0.0318845258,0.9174967203,0.7683406789,0.0952931156,0.1751643108,0.4500716172,0.4748343591,0.3509227364,0.0903410077,0.5516921628,0.0642610770,0.7033810054,0.3373707285,0.9953287418,0.4387692557,0.5785162699,0.2123926892
0.9287162390,0.8150147951,0.6046140431,0.2730835737,0.0239828288,0.0658009702,0.6839409218,0.0153041232,0.5160045256,0.8985414600,0.2663003744,0.3999439062,0.4418824384,0.6861961714,0.0865976255,0.4253197012,0.1666598469,0.0231114020,0.4726150784
0.7364594667,0.9285662574,0.8192508110,0.7637964465,0.3415309749,0.0255361508,0.5646243425,0.2731353122,0.5785136556,0.8412933505,0.8069811813,0.9930768825,0.0384296570,0.8728790189,0.3223657404,0.5259462102,0.1577645728,0.7271963487,0.5382431640
0.6422267046,0.9781691120,0.9592482734,0.3219560441,0.5560931646,0.5329812965,0.3242449672,0.8091947312,0.5520567872,0.0746643895,0.3247424750,0.1794132774,0.5364131717,0.1682269965,0.1176182755,0.1262236530,0.9424993509,0.8854723068,0.6655238840
0.1013609369,0.9419089758,0.0542462944,0.1494536953,0.5774837310,0.0153043670,0.1230492175,0.3398236019,0.9965963353,0.2386583986,0.1837165703,0.9175318288,0.7491636388,0.6336184075,0.6322695079,0.3380156475,0.2908457515,0.3601609048,0.3842111929
1.1725373398,0.2717362872,0.2675581265,0.7832054284,0.3852051497,0.9974750480,0.1827768520,0.5585935544,0.5359751767,0.9040854693,0.3521069359,0.0884735044,0.2528023481,0.5043319519,0.2964120183,0.2460381849,0.6397256954,0.1461172814,0.5740923120
1.4106183261,0.6710376975,0.3574049870,0.0207089712,0.6754569442,0.0132513837,0.9984054601,0.4918843801,0.2459848012,0.7714347372,0.5293137333,0.7012162654,0.2366090536,0.8873376149,0.8466271006,0.1755656994,0.8729121899,0.0242350984,0.3495315252
1.4238996195,0.2791677634,0.6147191120,0.7989524081,0.1800052710,0.3983844158,0.6729560919,0.6275292282,0.7377514676,0.0391812731,0.3856894712,0.5929887343,0.7478421142,0.0655836906,0.2011558883,0.4882889950,0.5111943638,0.5321957632,0.1258003120
0.7580163383,0.8068275831,0.4367717920,0.2498175792,0.9705375098,0.0144412995,0.0299615366,0.0634506841,0.3527167858,0.0753958061,0.7291225468,0.8331069859,0.4186591423,0.5636891394,0.0505717180,0.7970426778,0.8064530013,0.8871613396,0.8815936283
1.4831539457,0.4913621011,0.4845210423,0.1959682220,0.9358903423,0.5602185190,0.1865004638,0.1326406352,0.5400517575,0.0665678447,0.0499020974,0.9682953955,0.8049327651,0.3202532752,0.5535636818,0.6123834522,0.4074112953,0.9813288017,0.4971074904
1.4810158410,0.3850291078,0.5583608917,0.6954981986,0.6738757672,0.0664977691,0.4422051797,0.3880007833,0.6983316703,0.2127785416,0.8457546168,0.2440649639,0.4191304502,0.8556046372,0.8624120964,0.5611820006,0.0105216931,0.9530424726,0.2657409419
0.6049228023,0.0837501825,0.3822751941,0.4003349463,0.1763157891,0.3415660884,0.3159719937,0.1088517822,0.4627007708,0.4338460447,0.8020916389,0.3393762735,0.7848685227,0.7535410527,0.9905174796,0.6970210749,0.4017200928,0.7818515498,0.1287396079
0.9262589384,0.2683949764,0.0802602348,0.6531155478,0.9316999342,0.5864267159,0.2400241977,0.3537754115,0.4963708600,0.4317439478,0.9916250975,0.6170990635,0.1781765647,0.1498950115,0.7384406039,0.0530383680,0.9626207495,0.0301196575,0.2460329200
1.0947543967,0.1747892584,0.7445597739,0.6056459720,0.2263598746,0.0786370841,0.5504135982,0.1329821546,0.0361436774,0.7716005571,0.6703156773,0.4286444013,0.5130748681,0.5361293759,0.3229080021,0.4617800724,0.9479727892,0.1765093218,0.2881823938
0.8308634803,0.8441239912,0.9860394190,0.1404872402,0.6633413322,0.3803572301,0.7727716460,0.0833804037,0.5439947516,0.3770930417,0.0399499466,0.4873960637,0.7494448675,0.0393757677,0.4013201350,0.9990408947,0.7478000072,0.4724994302,0.6130974678
0.5876346367,0.1149374132,0.2059977152,0.5074750870,0.1196611347,0.0166568386,0.3518591674,0.0384831138,0.8353584121,0.4445638266,0.9018919419,0.7433653101,0.5717877345,0.6404402591,0.1120463544,0.0365133503,0.8813459859,0.9025401940,0.2489557138
0.6966354321,0.1119394813,0.3717503792,0.1978979299,0.2685359614,0.7693412540,0.8839095952,0.6291197620,0.3037349561,0.6666141357,0.9553731829,0.5600226595,0.2227698721,0.0407417001,0.8569653563,0.5245031204,0.6696378546,0.1544831623,0.9097149987
1.4510500935,0.5154499821,0.0751295826,0.8091932485,0.2177070161,0.0734127671,0.1319519401,0.0641035587,0.6273305024,0.3545372522,0.2752693302,0.7816713594,0.8279730564,0.2629783762,0.3766016766,0.7390900540,0.8616153423,0.3877855622,0.5353728276
1.1616571192,0.8641812121,0.6123904257,0.8911627065,0.0961269772,0.2190861484,0.7171448080,0.8136082024,0.8495626690,0.6666754246,0.4477699215,0.2506647320,0.7789956810,0.6011136355,0.8474654522,0.2150532227,0.7058075378,0.3839229476,0.2553762023
1.7202969328,0.5032878670,0.9079287526,0.4479791063,0.2779668544,0.6493014054,0.0873782978,0.6641435709,0.0888316143,0.8810049774,0.7602794672,0.3061626399,0.6675080939,0.0648728679,0.8982043287,0.7828252776,0.9808165143,0.6103607074,0.0373292286
1.5856860607,0.3549250836,0.7187152261,0.8372569406,0.3400608996,0.7952355838,0.4137736376,0.9225129617,0.0486623483,0.3214093723,0.7942622569,0.7738451856,0.5688150347,0.1616987986,0.7268623256,0.9432690653,0.7454658308,0.5590086626,0.1137465397
0.6790425548,0.9748663856,0.9717276935,0.3472502890,0.0657657715,0.0740107991,0.0730260619,0.2709986666,0.8202907047,0.2537298972,0.1763073142,0.3736996307,0.2418823480,0.0153574690,0.7102859234,0.7336831750,0.7536512529,0.9658022265,0.4698812029
1.3309261664,0.6792652373,0.2862077651,0.0688918124,0.3305080243,0.5062003327,0.9714987830,0.1149852087,0.6114689348,0.8484644395,0.5092878621,0.1975147225,0.0905638532,0.2365696215,0.0149515652,0.9568105190,0.0729279765,0.2501968916,0.9428927879
0.8100806189,0.8128729837,0.4286015561,0.6782909787,0.5545165168,0.0808260821,0.8639123593,0.8553923501,0.9135284474,0.2476936748,0.2901331053,0.0743544941,0.1523256598,0.6449846218,0.2768747901,0.1029293170,0.7212097543,0.2367307922,0.6983048031
1.1540681854,0.3132149098,0.2610003886,0.4099806320,0.8691955390,0.6883261146,0.3885415808,0.9967648273,0.5359314698,0.6177846340,0.0467334675,0.3389917186,0.8227480483,0.4102212232,0.7135044575,0.7037362141,0.5918805969,0.6296409893,0.1026280411
0.8751224760,0.0820243907,0.6768353739,0.2335807613,0.8149890121,0.4478977931,0.9050741846,0.1012410561,0.5063178147,0.6915596348,0.0988962763,0.4613952310,0.0622726709,0.3785874958,0.9834095475,0.2458368312,0.6789316117,0.4022579912,0.1180435283
1.2680481271,0.6986165453,0.2422667890,0.7277269677,0.1283502470,0.3830693340,0.1210832348,0.3633334919,0.7742022123,0.5010857838,0.6601698761,0.4151631554,0.9499255977,0.9711439413,0.9225522468,0.0060120609,0.4674116804,0.1369689806,0.5383158961
1.5732269180,0.2769954567,0.9024384594,0.6152697717,0.6402213476,0.3931706603,0.8385337554,0.6869460116,0.1050616312,0.1736671030,0.9913628194,0.6976579134,0.5895322042,0.8496305856,0.0935422795,0.8741350307,0.7740337489,0.5025882905,0.2318659151
1.3401024659,0.7399339385,0.7309609036,0.1529232131,0.7802720931,0.7687548406,0.4173255999,0.4951091202,0.1077808081,0.9390701932,0.8892143922,0.9958988067,0.9732036499,0.6847323204,0.5632507188,0.7821650793,0.8303599502,0.5975058538,0.8314090713
1.0170614952,0.2926886628,0.0164183496,0.9977157139,0.1926888419,0.2331688146,0.9038890160,0.7033691177,0.2385915350,0.5550984398,0.6685166250,0.9794849772,0.9028134072,0.7382258840,0.8581150524,0.4995155169,0.8467852444,0.4468183063,0.0752048024
0.7071705762,0.1709046167,0.1135430445,0.6142943116,0.8857255158,0.8940367528,0.8081963893,0.1182314251,0.9087193050,0.4898912498,0.6162820929,0.7760339451,0.4402568737,0.7209933694,0.3626500266,0.5699196047,0.2165023932,0.2893668257,0.5915055095
1.1969513473,0.2202216779,0.6267693016,0.8854200184,0.3697114595,0.0376106812,0.4254735913,0.7893370250,0.3965782835,0.5786607976,0.1737409773,0.1038311167,0.2091220127,0.4154297130,0.1437750939,0.4246671092,0.0953292686,0.4763084784,0.7193098507
0.8680842141,0.7678283183,0.3523447242,0.3798243059,0.4507067134,0.5612197096,0.7147616228,0.8356288855,0.9766964965,0.3884987170,0.5236446408,0.8841164454,0.2667663374,0.0542199783,0.3891216148,0.7194932028,0.6526489419,0.2456522486,0.2829868817
1.3427253221,0.1850012751,0.8783210790,0.1092718147,0.3190830684,0.5521661153,0.4242962893,0.3234448103,0.1064733096,0.0274785025,0.3239360591,0.7973405104,0.9999631408,0.4063361042,0.2879973914,0.4627409394,0.4571158582,0.2190391433,0.1240315903
1.9371213854,0.6336252753,0.9322731134,0.5243079419,0.4682488301,0.7387116514,0.6517851165,0.3985255676,0.1946573358,0.8251829620,0.3424821752,0.8621064287,0.5742608319,0.0520990526,0.6212787927,0.0230971894,0.1166978801,0.5682409823,0.6267669142
1.1378368634,0.4465151170,0.3111249208,0.2656336331,0.9230831171,0.7665664394,0.4016548849,0.3994551890,0.2675830778,0.7079531201,0.3219119866,0.1951283356,0.6867151093,0.3654260779,0.8001460054,0.6080089325,0.3522374608,0.8758059784,0.7096912903
1.0897139632,0.2828600786,0.2028285473,0.9351465542,0.3128104048,0.4424139449,0.8767975885,0.5843183486,0.0223225896,0.5217336986,0.4881253548,0.8636798779,0.2331981691,0.9677961754,0.4553967018,0.3001411340,0.0629138801,0.4030289836,0.6002924845
1.8384633982,0.7162661127,0.9826310763,0.7481601867,0.0968753156,0.2565314431,0.0187524469,0.2668257741,0.8204401464,0.1143212976,0.0969149254,0.5864610882,0.0504206605,0.0509690727,0.7652091970,0.1333035453,0.2301896777,0.4276881259,0.7173593279
0.2943514853,0.8603681873,0.2543883125,0.6200743638,0.5980508766,0.9817954595,0.3634460080,0.3196753174,0.2485219989,0.9485471951,0.0337720416,0.6284474599,0.8026696777,0.5163753802,0.0218580878,0.9817850177,0.2343283201,0.8934685950,0.8544350605
1.4774121263,0.6224945631,0.3486125127,0.1421021765,0.0738288643,0.9615077491,0.4963831952,0.9007833379,0.0714264830,0.2950050162,0.6261046564,0.3198320814,0.9785603002,0.6821557367,0.8583825996,0.7425098707,0.8188230748,0.1296844183,0.3139057516
0.6058339614,0.9351631977,0.8838722886,0.1322807904,0.9836160927,0.2409114249,0.5274005431,0.5660689469,0.9708614733,0.9625031525,0.3614423337,0.2260675829,0.1920170400,0.2493984754,0.3885034077,0.1671605642,0.6171971100,0.2624660783,0.3752448524
1.7229103147,0.4756877200,0.4792832323,0.9217184378,0.7096497010,0.8627638458,0.2797529963,0.5688058462,0.9775907415,0.5631058166,0.5515055748,0.3242029042,0.7005703712,0.7983516274,0.5354240094,0.3811080567,0.1344001801,0.6036783789,0.0161137378
0.6257656851,0.9061074069,0.7394349646,0.4704199250,0.2459187505,0.6894053556,0.6804363061,0.5850012645,0.1049114629,0.2257654809,0.6821496123,0.5635118591,0.3438062617,0.0430384711,0.6120961544,0.2933522062,0.7344816482,0.9087492135,0.1489699368
0.8913895166,0.1782646723,0.3807722068,0.6210664699,0.6533723510,0.8903594003,0.9946765482,0.6093020878,0.8397610165,0.9342291051,0.5772551490,0.3670937447,0.5221850441,0.8494966746,0.6839647690,0.6721376330,0.1629027636,0.5867649914,0.3112662546
1.0760331138,0.3339737151,0.0554687572,0.6542536601,0.2285038008,0.7720205348,0.4590660513,0.7789988872,0.6397905529,0.5757606543,0.2214904639,0.6373502609,0.7594200903,0.8166784222,0.0095235137,0.1152047448,0.1926581367,0.9901278521,0.2170185202
1.3518315972,0.1749792093,0.9989988415,0.7297941814,0.9965118405,0.9349161605,0.4059600193,0.7182831931,0.2258274468,0.1904525805,0.1162200096,0.0448816561,0.5367188097,0.3281504078,0.5535617777,0.8180766349,0.8278235474,0.1939314213,0.7600569567
1.9047610540,0.5989650420,0.9975448803,0.1783714232,0.1786951836,0.8890382654,0.4732980736,0.4535522931,0.2808787245,0.2090960811,0.7808941681,0.8262194663,0.4608534675,0.1158550937,0.5296205971,0.7160493604,0.8800687156,0.6426796035,0.6616582439
0.5249702905,0.0006372257,0.7254640790,0.0087798501,0.3335009910,0.6548363756,0.4431368816,0.9373728652,0.4645068620,0.2262895902,0.8325765267,0.5015550312,0.3968421307,0.4414328415,0.7242946077,0.6358514323,0.5773847224,0.7829740065,0.0562206572
1.2524222502,0.2201605359,0.7219593567,0.6929094502,0.8463888283,0.8719250885,0.7096032762,0.6718134232,0.0384073155,0.8656818494,0.9215957714,0.9606763403,0.5862042442,0.5016228103,0.6721785987,0.4308036626,0.8555985797,0.5557186236,0.9907853423
1.4791801561,0.4475741771,0.2665980225,0.7444059422,0.4575776353,0.8391008261,0.2967912506,0.5070477478,0.7651947952,0.5490989651,0.3145294229,0.5393900451,0.9304614281,0.4045991065,0.3783917998,0.6359009771,0.2201152153,0.3376493830,0.3539458326
1.2235696965,0.5137416004,0.0152448800,0.5830672977,0.2327404026,0.0637961152,0.3437332279,0.0736133578,0.2646572802,0.7886633013,0.0528731758,0.5403863586,0.2055753377,0.8223030018,0.7161383785,0.9745752758,0.8965085749,0.4150466226,0.2435057569
1.5306823412,0.5449106927,0.1119471846,0.8462684194,0.5147650593,0.1230087659,0.6725440125,0.9708677907,0.4281578876,0.9411265540,0.5762001953,0.6000630048,0.5326405825,0.7143154259,0.1835037615,0.6624141490,0.3424483441,0.7661304358,0.1177022617
1.4238884665,0.5963743269,0.2060464080,0.4986738928,0.7467803989,0.7233576930,0.5170037546,0.5216046030,0.5035019325,0.2488737542,0.5275991703,0.5653658503,0.7186653166,0.2989781978,0.8387484746,0.3124429002,0.9889112597,0.3801237474,0.8634015941
1.9312256113,0.5617440415,0.8477937156,0.8193559469,0.7692851099,0.2884319437,0.3976149744,0.6143405768,0.3707766190,0.4378105497,0.3098595325,0.1096566727,0.8826587479,0.6804020612,0.8965124135,0.9207507888,0.9406556449,0.1984376622,0.8623135424
0.7576710418,0.0726101958,0.5337065108,0.4529422535,0.2434023573,0.3993553854,0.4686524900,0.2382076692,0.5683743791,0.8879070102,0.5808184438,0.7544126914,0.7012951065,0.8162924386,0.9574671252,0.5553544762,0.7682056935,0.2905477095,0.3170637014
0.6986452602,0.0409408016,0.7702988540,0.8211103687,0.0093499362,0.0059837872,0.5818918385,0.4581969065,0.9927041333,0.8505081402,0.5871944169,0.2728539999,0.4186013126,0.2400635198,0.9433970264,0.9254875594,0.6562495460,0.6957644238,0.3239286561
1.3292216306,0.1821557279,0.9244990640,0.3902802850,0.3317348978,0.9701345764,0.3815269094,0.3560176141,0.5338522140,0.6627877644,0.6358917488,0.1329392336,0.0714899770,0.3360940001,0.2133348751,0.8867610389,0.0852869085,0.7517367813,0.0592580523
1.4907201029,0.4031123732,0.4290772193,0.7830542843,0.1401469444,0.8418386872,0.7817020072,0.6771779976,0.1377277887,0.8088373253,0.8698748758,0.5727641331,0.3006573118,0.0313022634,0.4590419339,0.1153236989,0.9080705758,0.3065671693,0.7097008733
1.3262007058,0.4126573429,0.8626693708,0.2096358775,0.2752710260,0.8014523234,0.5848385910,0.4039376064,0.2406796942,0.5671316618,0.0219511702,0.9840553344,0.3703205865,0.6295780704,0.2010012296,0.2762714501,0.4337067005,0.6290757165,0.1248930589
1.4382913388,0.7212089654,0.5801053310,0.4710225464,0.8821412591,0.5848952986,0.6261040159,0.9455182787,0.6222189331,0.1528461229,0.3406236527,0.6772449163,0.2205628614,0.1381325441,0.4186619424,0.5498412078,0.3320567016,0.0057934964,0.6096177051
1.5047484072,0.4908974548,0.2476535732,0.7066632413,0.7724442625,0.1202517653,0.2461118466,0.2037584212,0.2802813310,0.7497451237,0.6269185926,0.8288501008,0.7769368637,0.5916986523,0.0697017665,0.7608824875,0.7355877229,0.1426983406,0.8505746441
0.9276042656,0.4197743958,0.2131268848,0.1187401928,0.5786708088,0.0971667531,0.2482194840,0.3534271700,0.0646269791,0.1273981677,0.3147162094,0.5621839706,0.6740393378,0.7711105082,0.2360320191,0.3269022127,0.6902262303,0.6969094714,0.7772838607
1.7395230873,0.7033938420,0.9429972852,0.4198267001,0.7257827803,0.1537504894,0.6747817061,0.5751472692,0.2681310272,0.8732525532,0.5831101481,0.7041471432,0.3033344970,0.3537786388,0.3519473409,0.0159352134,0.7942134143,0.4483360349,0.4360991866
1.3974729987,0.5453680881,0.2390270145,0.1659873510,0.0853006770,0.5142745937,0.9321008085,0.2085805791,0.5273475609,0.3895430258,0.6729157116,0.2529382622,0.9623386631,0.9565651943,0.8867871520,0.5068262886,0.1961836696,0.1438188381,0.0904959194
0.3381705923,0.9739011931,0.4052684010,0.0502016627,0.3942503458,0.4218248763,0.4629972575,0.0271597720,0.0700579497,0.4439104317,0.0983665304,0.7895678392,0.7193411409,0.6609694341,0.3970153810,0.8810794003,0.3281656560,0.3651138343,0.7962249532
1.5952960010,0.6421956127,0.1949434609,0.9591774425,0.1845509503,0.4077651901,0.2461587708,0.5891647071,0.8415446020,0.1050761036,0.2920391042,0.8888763681,0.5833257624,0.9987131931,0.7256762602,0.5291886077,0.3181797978,0.3118101519,0.0800443832
1.0588509098,0.8573425775,0.7565152272,0.8409218253,0.3392295046,0.9518760739,0.0522034634,0.9172990834,0.0128709724,0.8706547326,0.5138880418,0.0773061274,0.7217841304,0.5756559245,0.9542017924,0.3707050238,0.0705894136,0.9711856476,0.0899703151
1.9597709733,0.5759324347,0.8974252827,0.3282053978,0.3670898935,0.5996179831,0.6561005687,0.8103693309,0.6067819279,0.1770489691,0.5883421999,0.4852433003,0.0986853384,0.0570170827,0.0188596172,0.8624832033,0.0317172376,0.5018711520,0.2646494874
0.5903372249,0.0679804808,0.4300101392,0.0552332391,0.4147617727,0.0972016418,0.6274237456,0.3687276569,0.3788674044,0.5048970429,0.2417656808,0.2391910165,0.7982444024,0.7860430034,0.5982548260,0.9194821727,0.4791289652,0.7699947394,0.8971296534
1.0953837570,0.3913647955,0.1569483720,0.4418959144,0.7128041604,0.4625382266,0.0181442224,0.2380428857,0.5781759785,0.5523332820,0.0349699082,0.3616852752,0.3963561574,0.2078656415,0.9519172950,0.1219129344,0.5211230132,0.4596754160,0.6036462611
0.5941385847,0.9873851519,0.7989236365,0.3453537811,0.6049339187,0.1262360430,0.0609241317,0.9383258726,0.4923661001,0.4969648986,0.1310350017,0.8099429916,0.8420494431,0.2767217365,0.5327262032,0.3562816815,0.9544617299,0.2427945844,0.4705072249
0.3738866815,0.0549848612,0.2071411633,0.3980126572,0.6188988817,0.6795145542,0.8085036332,0.5616626594,0.8588716576,0.6123300279,0.1731488711,0.7632532668,0.0197295013,0.2091307377,0.8927573677,0.5015575235,0.7642413103,0.6276437644,0.0924254897
0.9852187212,0.2587710442,0.1928679838,0.5982133403,0.0915614125,0.2463221797,0.7877345562,0.2880372390,0.0249482728,0.9731004050,0.0227146329,0.9534262440,0.6427496904,0.3769358829,0.5943117537,0.3283457789,0.7214589566,0.1387153550,0.4771826749
1.3065845501,0.2051727425,0.9025957819,0.8218219604,0.0205375750,0.9299930158,0.3223167362,0.4711808891,0.4624912251,0.6087476181,0.7243217353,0.1294585607,0.0508482992,0.0040176024,0.6436475012,0.6927373864,0.2480884692,0.6777377176,0.3881314785
0.3485453786,0.0142378175,0.2874732442,0.9894065042,0.6259271306,0.1652026188,0.9013164096,0.3256016220,0.5169349785,0.8515439735,0.4051582510,0.8906497851,0.7570106138,0.0448960867,0.3270935948,0.4843256729,0.5863085536,0.3593007414,0.7870252027
0.7652680058,0.8206156279,0.5900305617,0.5441436769,0.2308259278,0.5850278149,0.6299607346,0.7968252523,0.3650938016,0.2549654684,0.4815507941,0.9512019916,0.8867429898,0.8249818320,0.9035446928,0.7213102770,0.1096323428,0.8074799194,0.0219761620
0.6851920458,0.9073179905,0.8703366882,0.1384504507,0.8402365370,0.0400706639,0.3880181683,0.5690798225,0.7916132415,0.3986530958,0.0272988732,0.6693431895,0.6033774928,0.6755228777,0.6322270345,0.9281685476,0.7100199393,0.1685616800,0.4345135669
1.4731551496,0.4493721027,0.1641582671,0.8961605915,0.5251077373,0.4315021380,0.3966736908,0.2188226448,0.5552134186,0.8461159013,0.9316107265,0.9960667782,0.7500007499,0.4494125024,0.8933552722,0.4123513780,0.6828892603,0.9616353619,0.3911833993
1.6211936829,0.5319106105,0.5706920227,0.1485272563,0.7458192295,0.6144861845,0.2878496045,0.4605792467,0.5208350848,0.5463453055,0.2853706841,0.2565761209,0.7451615337,0.8425003375,0.1965237644,0.4207609727,0.1382021095,0.8384887288,0.3367944644
1.4808444355,0.4728080887,0.6662342853,0.0704604029,0.1335007126,0.2060677028,0.5264183630,0.6882909906,0.4515172759,0.0485288365,0.3450961879,0.1492276892,0.7306246462,0.7463241035,0.1533749326,0.0542824598,0.7943726454,0.6986700983,0.6107322602
0.8600702014,0.7985134846,0.4864908713,0.6312486856,0.5645923068,0.8426743686,0.7840651548,0.0044976484,0.5321483026,0.7765428943,0.7609980562,0.2871898466,0.7572991392,0.7215313281,0.8635026521,0.4490800431,0.9262375771,0.7592184800,0.9886208963
0.9030986243,0.0821421655,0.8719973387,0.7262822963,0.1395455108,0.7667507811,0.1777493493,0.4434465092,0.8566907162,0.3400974159,0.7510063717,0.4067404926,0.8625819166,0.5423157638,0.6527550871,0.4236729068,0.6441938363,0.1112513816,0.9758260282
1.6722658727,0.3535036926,0.9109005486,0.8282194306,0.1791370671,0.8415754021,0.7004957179,0.9971997089,0.7205527007,0.0854373355,0.7521367837,0.6317333001,0.9966915583,0.2062734077,0.9152536431,0.8890166587,0.1442745822,0.8958100864,0.3650795413
1.3232016056,0.4401009483,0.0374320017,0.7834635454,0.4678930235,0.3112898638,0.7172339230,0.5136481083,0.3096459504,0.0078659673,0.7484694755,0.5236998666,0.0009587425,0.2311021617,0.7996608633,0.1652811531,0.0718935927,0.4080467702,0.4141186895
1.1539176784,0.1262233857,0.7269973034,0.2728695275,0.8905207690,0.8554893618,0.4748407809,0.0955406060,0.8522210734,0.0954125401,0.5153649801,0.5564210045,0.5594195291,0.8478377946,0.0751309459,0.9041020758,0.4933773984,0.5816860361,0.0239092755
1.1365210797,0.7890942533,0.9341720528,0.0845264336,0.8149992766,0.3940738841,0.2552285946,0.0410102688,0.8716832595,0.1989263367,0.4237979357,0.1051448705,0.3549077625,0.0602764075,0.9004629690,0.7177624961,0.2028603577,0.8112734534,0.5698424206
1.3629117052,0.3590908887,0.3260477153,0.7784870884,0.2428870238,0.3088096757,0.4419457287,0.2635452190,0.2118199244,0.4804355508,0.8816021902,0.5258421031,0.6917957508,0.2096266717,0.9206187370,0.0292793433,0.3454689736,0.1985717583,0.7750996200
1.4913309048,0.2707585876,0.8926354305,0.6217108686,0.1985544309,0.3767657149,0.2070423749,0.9015567865,0.1617408790,0.9588915955,0.8963489107,0.7891798194,0.8385432779,0.0991209686,0.9021175196,0.3449927581,0.6184060956,0.6979540577,0.3218482167
1.3071609734,0.2490041338,0.6284823114,0.1598458879,0.1442523290,0.2792895372,0.2319141537,0.4990077137,0.2226050590,0.3891228652,0.3942853556,0.2679987133,0.0821383233,0.9983218456,0.1050580808,0.2381054163,0.3115174973,0.9915224831,0.9165723248
0.3636986099,0.9974033094,0.4711997824,0.2145959948,0.3942063224,0.4861984520,0.0743296338,0.9301007521,0.8871926187,0.2178932540,0.7107707915,0.8354220128,0.3189651353,0.1743531159,0.8860478799,0.4079984916,0.3306936518,0.1949450456,0.1921557564
1.1757258719,0.7328021690,0.3823902916,0.4910110779,0.0403698406,0.1439838652,0.4477376101,0.2720327563,0.1459773573,0.7667038403,0.9938663087,0.9551622877,0.1853803887,0.1484656853,0.1864194326,0.1915389602,0.4712432705,0.3698399898,0.3751137055
0.5445683822,0.9344318807,0.5770138857,0.4276751111,0.5593078503,0.8445011157,0.0118681808,0.0777809405,0.6762985348,0.9205950192,0.3367910326,0.0272655334,0.7355574810,0.8364267869,0.9316811335,0.6244109265,0.9594118353,0.1252738152,0.9583971795
1.1748326564,0.2285607764,0.6074404367,0.8590139000,0.6148704162,0.2256128765,0.5783677762,0.8674387151,0.0759905382,0.0625251613,0.7857662130,0.1056170808,0.9608169953,0.0991875087,0.2318145409,0.3158728245,0.7304411650,0.4812334677,0.4445536297
0.8746928825,0.8690655144,0.0042685795,0.9475141941,0.1777377236,0.0628079686,0.8388267114,0.4666047464,0.7275961000,0.1049065160,0.3353573010,0.9713322861,0.7565888755,0.4794319780,0.3976105222,0.5302436658,0.4408755338,0.4736405263,0.2233352753
1.7051341493,0.6382519177,0.5837657925,0.3025553560,0.4382581957,0.3318044596,0.6591806614,0.0146998549,0.2413976357,0.6017473500,0.0511739811,0.2950965488,0.4507985675,0.0233744305,0.7566343958,0.5484195772,0.9546573161,0.2507550120,0.1734094814
1.6278660723,0.5751967009,0.2637219013,0.7983637323,0.7032421994,0.0707076588,0.2525578741,0.8177259613,0.3577719502,0.8110811265,0.5535175292,0.2081466240,0.2443903256,0.6758193897,0.2933356594,0.9232191045,0.8115092495,0.0095140278,0.7454170777
1.3171410980,0.2046300591,0.7939678159,0.2022756487,0.0959849595,0.6680513944,0.5154970305,0.0267716320,0.1187058413,0.3070157159,0.2807506125,0.9626886498,0.8617038945,0.0452619127,0.2022723971,0.6993039230,0.4396408288,0.9968573430,0.9464242870
0.3880413496,0.0739121851,0.1893705438,0.5715851193,0.4370959702,0.3845911755,0.0926792969,0.1079654508,0.6716183471,0.3940720696,0.3456321339,0.8164195089,0.4182709891,0.6940465251,0.2379465130,0.4552477173,0.7513731224,0.5847164753,0.7334627777
0.5938912642,0.9847566403,0.6634613086,0.2004996661,0.0911383500,0.5148257272,0.6003983602,0.0970333092,0.1689829988,0.6332743855,0.5698498980,0.5466371104,0.4380822526,0.5032722034,0.8952628854,0.8142597184,0.6934341048,0.7796065361,0.7653207130
1.6898683346,0.7157335949,0.8610666185,0.7010129852,0.1037180461,0.3498272331,0.4036981666,0.3566871468,0.7541464574,0.9701660342,0.4174923009,0.6885546667,0.4758746980,0.6948972846,0.0231624574,0.3163658647,0.3815648749,0.4612499212,0.7378525143
1.7169810392,0.6670477105,0.7670289451,0.2922008670,0.1062362961,0.9935685604,0.0759659021,0.8949897176,0.7250394693,0.4351460050,0.9435785553,0.3609738675,0.5941813936,0.5460851968,0.3114850519,0.0526480992,0.3690446099,0.5142222194,0.0649347024
1.0468331732,0.7991570131,0.0344537469,0.8908818450,0.9209575701,0.5832885146,0.4955510749,0.2962629426,0.1680194027,0.4320065441,0.3475346213,0.9825064405,0.7143434422,0.8500805196,0.4399980305,0.3648302413,0.4572442304,0.6940575034,0.1354494609
1.5781631639,0.5379810530,0.1404112523,0.8495080402,0.7956692095,0.4298649163,0.6360484184,0.8464746921,0.6847323406,0.9796436735,0.0931313909,0.2744464764,0.4987022270,0.5882220784,0.7815969099,0.0012494364,0.6106210363,0.1706471703,0.2344419835
0.5785832639,0.1468758917,0.0266765726,0.9735367792,0.1889587283,0.0447688351,0.4769314408,0.6049405648,0.1423722352,0.5907305845,0.8702683612,0.9483598632,0.5252457633,0.6558524175,0.8444065268,0.2260710130,0.1238573838,0.6664806219,0.2092025344
1.4414179566,0.1817478245,0.9768463762,0.0277429957,0.0610199009,0.1035726344,0.0952671382,0.0515786830,0.1092059627,0.1001528135,0.7673102077,0.4390150688,0.0893204519,0.8849686885,0.8351708457,0.2608083882,0.1583895270,0.4479521433,0.2234657102
1.3311576102,0.3039698805,0.9950691807,0.0286104023,0.5544494240,0.1316157587,0.6982145653,0.2146748425,0.3456638222,0.9653699071,0.9341260382,0.7751788909,0.0617721996,0.1798670991,0.4842036752,0.7667590405,0.7119003948,0.7698467798,0.0180757758
0.4900470796,0.9062628323,0.5800745039,0.0650160686,0.9008440783,0.0852970800,0.0857475512,0.8932469678,0.2669294732,0.8705898718,0.1128045368,0.3059548875,0.5051870535,0.3598421445,0.0584936284,0.2625200862,0.8573205037,0.3599972166,0.5356342888
0.6613296139,0.7808621273,0.1820953794,0.0221359136,0.6988068179,0.4907128403,0.8808187346,0.1724026147,0.6495888959,0.2099207831,0.7380614302,0.2155973896,0.6136758522,0.2833233225,0.9174994633,0.8370664945,0.7624881409,0.5217552612,0.5319038710
1.4748753967,0.6875541739,0.4928988349,0.0797606906,0.5413959537,0.7647145569,0.4346106799,0.0501841197,0.7685157443,0.7484923685,0.0643279616,0.2585711118,0.4833312519,0.8629614926,0.6537803718,0.7649527290,0.4636456439,0.1548308156,0.8069143866
1.7473107952,0.6476757018,0.6182567263,0.8801816527,0.0028204554,0.8064465621,0.7038104665,0.5023263148,0.5037040269,0.1166989989,0.1026971173,0.3052822703,0.9486685552,0.2802247122,0.1989631479,0.2537261383,0.3465978375,0.7080907087,0.7265142375
1.1273943929,0.3437752741,0.0324461580,0.9832043364,0.6115144545,0.9156213219,0.5618193358,0.3718696306,0.7379401721,0.0158471635,0.3801276269,0.6440956649,0.8614697895,0.3194220136,0.8904026877,0.4649018881,0.3970137198,0.3969436097,0.2126958725
0.7562175193,0.7823840614,0.3327029160,0.2246024578,0.9722853300,0.4270308201,0.7427893087,0.4964142197,0.2408474595,0.8299370733,0.8871225569,0.3647772359,0.1684871327,0.0079438399,0.3958886735,0.6333887284,0.2018794930,0.3542256891,0.8750824721
1.2647696225,0.7940697176,0.6579169875,0.8060402624,0.6298960389,0.3074079186,0.0072517680,0.6636564738,0.1813071526,0.3660178348,0.2901376000,0.0807059885,0.2915347918,0.1893746261,0.0195939742,0.8069791388,0.3115866431,0.1301998395,0.9817707581
1.7284161700,0.7013415788,0.8938758425,0.6452746869,0.4888794891,0.8575899802,0.4930178449,0.8063529955,0.9942648449,0.3673741407,0.1994212972,0.8794801408,0.5906510900,0.7850928283,0.4512469219,0.7552549633,0.5598650157,0.4901971025,0.7676332020
1.3969712310,0.5431392707,0.1759753505,0.6669787991,0.0395342371,0.5054876186,0.1495260573,0.0012195244,0.5010057066,0.8029992935,0.7801852513,0.1784748058,0.3366829280,0.7809684732,0.3508399055,0.4705035403,0.8365792588,0.0363526581,0.8323498257
1.3715942697,0.4133570957,0.7532701485,0.1126839143,0.8060363000,0.9587549240,0.6500994769,0.1248943222,0.9416006139,0.2512339046,0.4414276000,0.3923122835,0.8619196737,0.4322618810,0.1444754663,0.3760774991,0.1629791778,0.9775629958,0.8929788967
0.6615644778,0.9089924715,0.6812455221,0.7801272837,0.7024608671,0.2366933204,0.5443240545,0.3317059054,0.7057195465,0.6433993235,0.5677774282,0.6199232750,0.6259849495,0.8058400878,0.3719191022,0.0465379230,0.4808743493,0.0488322858,0.4309276081
1.5670111575,0.7061456071,0.9501341771,0.4279227078,0.5494194552,0.5068323643,0.5072552308,0.4641521244,0.2829660847,0.4427004686,0.9900436594,0.9794919318,0.7651945745,0.8274144099,0.9809396514,0.5800657553,0.3150700022,0.7376553947,0.6816738610
1.9174802122,0.6104792505,0.9493722664,0.0962165222,0.4325006346,0.2328716064,0.4048806251,0.7506608296,0.2844215066,0.1189399180,0.4713974079,0.7123714814,0.5814241181,0.6467941378,0.2548901125,0.0344186588,0.8531255505,0.1239302516,0.5093368023
0.4943786211,0.9635118575,0.1349366521,0.9503291449,0.8407565498,0.5686739694,0.6527935822,0.8173436069,0.9712022549,0.3666729102,0.8302946849,0.8590207565,0.4837895345,0.2960743825,0.5277338168,0.7362565630,0.6654070875,0.2740852688,0.7396498868
-0.0909722581,0.9519074704,0.0037869286,0.2643658066,0.7530299625,0.3226994308,0.2892143042,0.7329537348,0.5764674159,0.0080400611,0.1630091106,0.1701685065,0.1584282464,0.9319594239,0.0382902192,0.6869823754,0.9834866495,0.9600096756,0.3585064681
1.3124472632,0.8391857433,0.5200962734,0.9421933249,0.5209955490,0.2718042503,0.7422823455,0.8202715978,0.3274039407,0.4184248730,0.7160619640,0.9723802170,0.6135666997,0.0456141353,0.6612214021,0.5926135049,0.5145853052,0.0844591898,0.7268071237
1.4441078271,0.5701578495,0.4034474822,0.4112072210,0.4193427668,0.0039395975,0.5949290431,0.8183037677,0.5843484403,0.0119488049,0.7572201792,0.4030308133,0.3252262187,0.3532475451,0.1764254860,0.7506811446,0.9824973923,0.4312670432,0.4235069305
1.4891629860,0.2615185380,0.7847441801,0.4893519867,0.3547293974,0.4557846752,0.3907515799,0.0828569240,0.5366678597,0.3154636828,0.5097224908,0.4810369007,0.5763753888,0.5976810108,0.5428427878,0.0907097467,0.8912052344,0.9904945684,0.3372506590
1.0521274011,0.6586009391,0.0219136585,0.2184032488,0.1023056910,0.8197681584,0.0063394762,0.8427259142,0.9649568249,0.7240695383,0.8721169878,0.2510617530,0.2667623244,0.7642111705,0.4389098456,0.2450878022,0.9576782950,0.3488260565,0.8598695052
1.3229539645,0.4999524162,0.3370595874,0.3265997142,0.4562385582,0.2703068872,0.7154415156,0.1234452864,0.8890066915,0.0144773985,0.4220553014,0.5304989240,0.6871176483,0.7022017462,0.9591236287,0.3301110311,0.3231157298,0.4255056648,0.4533837894
1.2100303969,0.7788979766,0.6938741260,0.6335173221,0.6471387186,0.2029266276,0.7758776417,0.0999256098,0.5600299170,0.0819955861,0.1985060591,0.5461502983,0.3408244327,0.2011603202,0.2195443391,0.8854319995,0.3894123778,0.4397979416,0.9051487336
1.7532940931,0.5151153388,0.6040365385,0.8470217329,0.4422948075,0.7856002802,0.2545645702,0.1483895778,0.0668806611,0.4372840668,0.1392012179,0.8279617198,0.4574701206,0.7923052174,0.9741917062,0.5003478028,0.3411491819,0.1454737341,0.0352969461
1.2026907341,0.5779335741,0.0398437011,0.4709732859,0.8203639321,0.2013679572,0.3174312323,0.1527532245,0.7858545205,0.4452635637,0.1923627860,0.0972448843,0.2479301188,0.0999407689,0.0170411408,0.6447087804,0.5657177648,0.2699699739,0.8894742665
0.7274063526,0.8184895783,0.3342689975,0.6625558541,0.3278640776,0.9689159771,0.1482912341,0.9104198203,0.6564556675,0.2407235236,0.6514346220,0.0779642663,0.1460697850,0.0251659995,0.1323709971,0.7149269861,0.3470399243,0.4685810438,0.5292065197
0.6692031665,0.1632748155,0.1345239651,0.8392705187,0.5677626123,0.6557684571,0.7890658400,0.1558055516,0.0630805472,0.2353130706,0.3380485556,0.6208544301,0.3876472624,0.8370378962,0.8879383316,0.8433385623,0.0971214528,0.6380513152,0.0255009604
1.5542233250,0.2648326539,0.8802289199,0.4641323434,0.9426887718,0.0365713220,0.0749490748,0.2863371248,0.8025221871,0.3226462648,0.7119374167,0.3624051013,0.5841617806,0.6836871321,0.9259624492,0.7991308257,0.5940259820,0.2803475579,0.8162259712
1.1202804958,0.6939957248,0.2119158297,0.4176669337,0.4158408659,0.8949472297,0.3171531929,0.7699186134,0.4678411941,0.7758558901,0.2844117547,0.6901469821,0.5652115825,0.4216318018,0.2335217267,0.8805990669,0.1261003497,0.7217633967,0.0411002733
0.5541352809,0.9840201591,0.3014897676,0.9603226091,0.0645168518,0.6746253131,0.1295917564,0.2214655206,0.9045313329,0.7033795108,0.4394787004,0.9614824194,0.4003859956,0.4409725896,0.1179281016,0.0905436982,0.6181181467,0.9951262689,0.8049184260
1.2472079066,0.2169139627,0.8163037281,0.8481026718,0.6471818170,0.1707827590,0.0896896248,0.6770569589,0.2953333579,0.1453514251,0.2383930240,0.9547512154,0.3677473508,0.9015709464,0.4375515212,0.0989245876,0.8901133936,0.3384493196,0.1499854398
1.2629282573,0.5478647386,0.1250065054,0.4256775055,0.0808227741,0.1324959550,0.7503716147,0.8280660360,0.8734643266,0.9531460555,0.7674046140,0.2278305792,0.5865582374,0.0572812551,0.6716418935,0.0095189619,0.6053441479,0.0978299656,0.9756999857
1.6924340590,0.4718541833,0.5870613844,0.8007109050,0.5968583104,0.7558120418,0.2680340654,0.4997182692,0.9634205477,0.5179652361,0.1116906984,0.7233552098,0.0988022882,0.4437524987,0.6061498547,0.3450663251,0.0318390086,0.2305548035,0.0707308210
1.8595702808,0.6303369638,0.7085804338,0.9390307870,0.3497972483,0.7584998926,0.8320018506,0.1093638755,0.1775802019,0.3997559966,0.2145911562,0.8210080800,0.7398089078,0.8145202576,0.9259384986,0.9407267706,0.1619718935,0.9341007596,0.6546596580
0.8487580661,0.0788239308,0.8769663721,0.7267195071,0.7136405855,0.9891582111,0.3921327367,0.4167318814,0.3646774502,0.1180507285,0.3831438149,0.9139623170,0.8467135950,0.1596062209,0.3351855049,0.7639207203,0.5013072834,0.9039950603,0.1712106830
0.0346522738,0.0000602212,0.0596742084,0.9205193387,0.8196029736,0.5348030923,0.7465220273,0.1759580182,0.3737321203,0.8748002730,0.4672583670,0.1025098410,0.7807705165,0.3482087372,0.8253128634,0.1808992731,0.8583671928,0.5915271907,0.3681598442
1.7541663172,0.3682064711,0.8390475546,0.7359072365,0.1189523013,0.6237630331,0.9184249310,0.8378470707,0.8563247408,0.7673791372,0.1243741404,0.1036484870,0.7707876766,0.4975499812,0.0253460725,0.3570273680,0.0027910725,0.1039340457,0.8771095148
1.4496618841,0.3192603288,0.5419746007,0.9397810018,0.5182717848,0.5069909434,0.3340785073,0.4700820568,0.7392731729,0.0463420236,0.6222198878,0.4241492335,0.1435384655,0.2505941761,0.2115627489,0.5531689195,0.0015207832,0.2362666371,0.1745301005
0.2763107445,0.8838438413,0.0795601787,0.7738831985,0.2527928904,0.6376504123,0.1227450275,0.5429177449,0.6095994084,0.8602035703,0.7563649126,0.9061364572,0.1144443361,0.9459072612,0.9767012542,0.3046876112,0.0852895965,0.2451344091,0.2493210229
0.9747567848,0.1274434842,0.7321410221,0.7704667682,0.1834517851,0.5009313587,0.8270421006,0.1151220736,0.9495178521,0.6540361217,0.9901598360,0.5141994946,0.2798986130,0.4119171227,0.9239608841,0.4532691778,0.2280720746,0.8771881070,0.7408426205
1.3985766559,0.7321304267,0.7471367942,0.1992887134,0.7543479873,0.8051485110,0.3564746565,0.9719729144,0.5792431191,0.9768363231,0.4015531678,0.8501668740,0.1010192240,0.5755144335,0.7345788903,0.1298758339,0.8642642464,0.3387787517,0.3334342836
1.5514525279,0.6416719755,0.4249708849,0.2949717873,0.0349854591,0.5529975184,0.7434452575,0.3923129341,0.6083332078,0.1631443561,0.6137522071,0.0852010363,0.3075113431,0.5028571768,0.9160278350,0.8898725448,0.6973198762,0.9651169281,0.8805771855
0.5309971955,0.1384763637,0.0775427178,0.6457946543,0.6003924198,0.4641009260,0.9671747858,0.4739769423,0.1085336154,0.8023718012,0.2604302590,0.0320934328,0.0790735642,0.2060239754,0.8011902240,0.0475852515,0.0207353284,0.3646179261,0.2077761494
1.4650242278,0.6982765453,0.1896429252,0.8491203325,0.3420735429,0.9727467557,0.8581733018,0.7034834323,0.2288133744,0.9051167357,0.3630967346,0.4374761675,0.8219926073,0.5767582338,0.8111181295,0.1623264195,0.5194552846,0.6518097043,0.7238540097
0.3655290221,0.9447457163,0.4285766583,0.0648240033,0.0355550067,0.2971631290,0.5506233788,0.8323786590,0.8844447574,0.9517963354,0.8436061962,0.5765459910,0.0649838228,0.4934892896,0.2179272901,0.3395210948,0.7724649926,0.0441584631,0.1641415978
0.6676645956,0.7861257293,0.1760822935,0.5557088447,0.3648237685,0.4486978738,0.4738275934,0.4281967218,0.0361755854,0.1912962410,0.0991933424,0.1833050519,0.5609335795,0.4104028258,0.0270254510,0.2559939264,0.5356561439,0.5902126670,0.5379954733
0.2504545809,0.0394651000,0.2326964222,0.0406119687,0.7855326765,0.3536920554,0.1059157480,0.4172281120,0.2002466022,0.1575160824,0.4869736964,0.3439740860,0.8061462820,0.9551486958,0.0270102356,0.8558136521,0.7275726198,0.1215670142,0.3265146793
0.4671516339,0.0103024874,0.5812963260,0.3533988603,0.8981558434,0.3793904769,0.8988496849,0.8567421954,0.3719743806,0.0534958316,0.6355985972,0.6190043467,0.8303434857,0.1571669238,0.2856073950,0.3489256551,0.8251290381,0.3448708675,0.7081548056
1.3007498032,0.3104009921,0.5566981949,0.3472195178,0.4291064956,0.1188906329,0.4336094006,0.5331023930,0.2548146185,0.9541425267,0.0260064892,0.2066748539,0.1351493332,0.9817993546,0.3504287028,0.0296516567,0.1621964430,0.3312675724,0.4246588289
1.1749345709,0.5097643616,0.1163820825,0.1476702912,0.2927566140,0.7954279611,0.6878444190,0.8555579590,0.7438674596,0.8410242240,0.7303447526,0.2333879274,0.5586911255,0.9906033919,0.6140627976,0.2558898381,0.6111560471,0.2818368610,0.2968976171
1.1459179290,0.1776510984,0.6707716355,0.1158576477,0.6283595847,0.1205475484,0.4443492943,0.6397809156,0.8523596483,0.6269895664,0.0106935695,0.2462225019,0.7255990764,0.5310760206,0.0677452491,0.7313464132,0.3196222456,0.8591942024,0.3155866108
1.9619840573,0.4519615418,0.9462844268,0.9082782256,0.1870252013,0.5650887864,0.8570661802,0.5745785079,0.8260431127,0.2803011732,0.5221826682,0.1131219322,0.6326678654,0.4288452016,0.6979131796,0.6499577164,0.3745901705,0.6356024120,0.6967277833
1.0415086471,0.7994565362,0.8266138881,0.1352205872,0.0954983376,0.5943004444,0.9004822839,0.5734846769,0.2009896564,0.8415293909,0.6105640555,0.6585971795,0.9037954895,0.0853296705,0.4358395830,0.2713980489,0.7193493685,0.9366524971,0.3923269328
1.5918386095,0.3117036401,0.9480705581,0.2769186099,0.6028462135,0.7693627778,0.3087922482,0.8588815044,0.1741789323,0.1798007830,0.9739399504,0.6160664213,0.3551930303,0.3730859004,0.8482058126,0.5417911197,0.6833727581,0.7586275571,0.6966118095
0.6423418419,0.1702988659,0.0231769635,0.0830630318,0.3080748252,0.6905060890,0.7717372522,0.5240012170,0.7700068483,0.0496717654,0.0971232650,0.9054057393,0.7197157609,0.7386922882,0.6145399503,0.9646704714,0.0280608954,0.6421392222,0.1686646946
0.5737133388,0.9450171691,0.9276812858,0.3830657195,0.0229048354,0.7901665934,0.3620135836,0.2009271504,0.6890085034,0.3134126297,0.3204336388,0.0023443606,0.5937098635,0.1493686723,0.6929415057,0.4426169592,0.0191564821,0.8106620098,0.6523687701
0.6117097497,0.7940217747,0.1519545859,0.3744098199,0.4194575461,0.0728440554,0.1142074027,0.6414282814,0.1304825223,0.0253224004,0.3871329868,0.8177351159,0.4605550565,0.3492311180,0.1892169618,0.4506009878,0.6129578745,0.9818569358,0.0766089912
1.3189543949,0.4289511732,0.2801037976,0.5361833422,0.2483363599,0.8380302335,0.0457614891,0.7845522546,0.5378885097,0.5757877925,0.9143974617,0.3760242270,0.3380928853,0.3052059877,0.2511636996,0.3901363598,0.8131833990,0.4182126733,0.1112609146
1.3545258497,0.7800233886,0.6992467033,0.7472385409,0.8395717025,0.0404455410,0.0562950649,0.4710961654,0.3188601009,0.2308649350,0.1710306461,0.0675203034,0.7885528290,0.4828258940,0.3170534586,0.7547298855,0.7319212191,0.7994881030,0.9287661813
1.0456235820,0.2248000815,0.2622160254,0.7100968694,0.8681233383,0.6194801081,0.2651237665,0.5468883537,0.1365109985,0.6562398232,0.5269728654,0.5018997499,0.4028989009,0.4780771329,0.7461206539,0.3224823876,0.7834899080,0.1135404852,0.6356566973
1.5374941152,0.2708213259,0.9373230043,0.9477445197,0.1132509503,0.8981239622,0.9684846941,0.3949903138,0.3843547568,0.6689444328,0.1716888994,0.9918896553,0.3215058152,0.3216664137,0.8186108066,0.5635996754,0.7874405231,0.5744484952,0.5985535362
0.8923143947,0.3245320864,0.0864479905,0.3659016719,0.5605612213,0.2363255925,0.0984073239,0.8008959662,0.1014222344,0.4069471869,0.3320819881,0.5975829744,0.3227756395,0.2610175268,0.4582483785,0.4262157641,0.7309190131,0.6854191773,0.2918357907
0.5381339374,0.9881404600,0.6279922113,0.7271576504,0.1351227002,0.8425444574,0.9649610408,0.2520925393,0.1990004964,0.7806828989,0.2591178374,0.8304420242,0.1618016709,0.3111630983,0.5819376087,0.2207428152,0.8136843574,0.7351970466,0.9428937804
1.8770126246,0.5089213993,0.7728817221,0.9528538653,0.4020312435,0.4899793553,0.9942575529,0.9116098033,0.7764089736,0.3092094767,0.7581232067,0.5548771431,0.9319962576,0.5597271359,0.9743438394,0.9974259920,0.5764412505,0.9909783845,0.1175729194
1.4959035273,0.3196875504,0.5219011667,0.5257621070,0.2207633410,0.1250827462,0.9696840170,0.2419416499,0.8382106914,0.9219936666,0.7903748597,0.2593614740,0.7041109327,0.6205280954,0.0670350263,0.2731008108,0.2794531551,0.0958883264,0.6111099220
0.8817444974,0.2164973125,0.1936686866,0.4102908896,0.1729233151,0.3854596165,0.4039912041,0.3431376347,0.9328489277,0.0858302832,0.2152053700,0.9404989354,0.8995184393,0.7391323685,0.2010916384,0.8861229284,0.2784735598,0.0741708218,0.9003817737
1.3893448952,0.2566537516,0.8447776553,0.7258224432,0.4845916844,0.8605898397,0.2072715354,0.3108003712,0.7048301236,0.3415663823,0.8933236857,0.8524436134,0.0707322326,0.7615673476,0.5280619205,0.4917751359,0.8207913636,0.0660196210,0.7791083056
1.2399401529,0.1724344793,0.9155345573,0.9978775724,0.3483158656,0.2308286916,0.1571789513,0.4287209821,0.2406210386,0.6164392780,0.8852353413,0.1029814048,0.0107942047,0.5460156045,0.7365240244,0.0654026365,0.9300213456,0.4157631101,0.7038423218
0.7455349341,0.8044469051,0.4225583329,0.5291679410,0.2251410586,0.5554265597,0.2221630871,0.9686220463,0.7648763139,0.8283925095,0.8654947262,0.6244055751,0.4862197274,0.0485168496,0.5502579234,0.9049088894,0.3412086345,0.0681906314,0.8824818574
0.9881749012,0.1740285238,0.6487795567,0.7592660484,0.7725282326,0.2823734543,0.6045393740,0.6934595624,0.7624945344,0.9508768802,0.2807779173,0.0453871879,0.7315839196,0.9368107598,0.0139223902,0.2870560826,0.1142601950,0.8985903098,0.8125320378
1.6049663714,0.3639439432,0.5950559342,0.8942269817,0.9714237588,0.3086229980,0.8041143328,0.5644184709,0.5627520350,0.0842872967,0.3721401243,0.3661179470,0.7009027221,0.6710753217,0.2143435352,0.8714908029,0.6763910460,0.4026385485,0.2818875216
0.4504251738,0.9551089336,0.6136272207,0.5998889158,0.9265910301,0.0723463606,0.6691763436,0.1302439507,0.0558817155,0.5640551701,0.4017175649,0.7636904156,0.0824232111,0.5566181092,0.5781772785,0.4044697194,0.7307407164,0.5406188828,0.6732722371
1.3838850465,0.7459612925,0.1023873966,0.9468200278,0.5543436657,0.2412164915,0.8979336425,0.2176008389,0.6841413241,0.8587334203,0.9805735801,0.4698642759,0.4627029269,0.7049763976,0.4284668589,0.6621139058,0.5384557541,0.9577355866,0.5493140532
1.1738355173,0.2547292595,0.4381552153,0.9107156469,0.4928819413,0.1913476408,0.9475917726,0.4946496314,0.2166010921,0.4726514524,0.2849106979,0.5541023041,0.5074545562,0.7466842283,0.3137135422,0.7569028948,0.2583205192,0.9876227868,0.9860653458
1.6083220179,0.6641703254,0.7099151130,0.3095932312,0.2427381901,0.0350235479,0.3327453466,0.9418616442,0.7122380024,0.7885518708,0.2528446479,0.3340567638,0.1650604825,0.0059154803,0.9472891599,0.9011084197,0.2914824909,0.0549237372,0.5269501815
1.7846917128,0.5765953855,0.6685326344,0.9002459506,0.7838315418,0.3544925450,0.1570528749,0.6738935560,0.5468596659,0.5472970974,0.3393740692,0.5940999767,0.4362274142,0.3774240928,0.8146662613,0.5897805292,0.6389594194,0.1547072061,0.0248616282
1.1007883374,0.2538184173,0.3169340587,0.6650068776,0.0791011336,0.8625034287,0.3986002503,0.5281915758,0.0762615222,0.0408138159,0.7783779176,0.1078017025,0.6084897921,0.1076494021,0.7946394889,0.6032941563,0.8550128127,0.0411909464,0.1444172885
0.8749798087,0.2353199879,0.1384799838,0.5205742756,0.2207643385,0.1546541580,0.5952911617,0.7024219628,0.5266025956,0.2608869983,0.9342262580,0.9861712757,0.3430648128,0.4627974544,0.4874647577,0.4135542472,0.7563417357,0.1423273505,0.0131293258
1.7740272426,0.6652518943,0.7242262849,0.7013311238,0.9845913040,0.1174305030,0.0499395505,0.4853789989,0.6034710503,0.8720750345,0.0946709000,0.2592693926,0.5463693024,0.9524280832,0.0355923382,0.7775681554,0.8161838528,0.7652466220,0.8510004281
0.4532843601,0.0081797634,0.6691375250,0.5938273659,0.0866189911,0.9871461034,0.0125604450,0.5809486845,0.9400598063,0.3756281475,0.8404372096,0.2933981478,0.8731038833,0.6236398735,0.9311572731,0.7729941300,0.5660552131,0.5088013226,0.3308409400
0.8766501752,0.7312421714,0.0293413061,0.3545494239,0.5108280603,0.1822137238,0.0358730097,0.8762737967,0.6474603670,0.0700721716,0.8926286374,0.6350016031,0.3962784722,0.2137094654,0.7173963867,0.3929519271,0.3212639565,0.9040668438,0.4547138040
0.8278258833,0.1511912727,0.4381638684,0.5917387670,0.3079847158,0.6521399688,0.1930411554,0.7465426489,0.4765014883,0.9253053951,0.5917487622,0.7695164904,0.6310214119,0.1236401209,0.3673140905,0.5422481152,0.9537108622,0.3141534781,0.8043317397
1.7664796267,0.5756467557,0.9238613307,0.0184053588,0.1414904804,0.0430622452,0.1160610425,0.7009267665,0.7647036806,0.7561017976,0.8489422876,0.5285279983,0.5586459859,0.2308299423,0.4265620011,0.8885449446,0.9943314885,0.4778986147,0.5863838618
1.4125809280,0.7467329355,0.2746067060,0.9481077881,0.0540801180,0.1407323045,0.4067502343,0.2051463562,0.7303529985,0.8252196349,0.5821300678,0.3405803259,0.6241446851,0.2766090533,0.9514698346,0.6932318803,0.2631472686,0.7063460122,0.9603276490
0.2906905048,0.9971171471,0.2681366621,0.2159346236,0.1113770953,0.9927228382,0.2814336662,0.1429659195,0.4835984897,0.5238425691,0.9612457036,0.8870797622,0.1229816940,0.4036230764,0.7635202340,0.2784076740,0.2252642439,0.1896332885,0.1576713432
1.2033798162,0.1960970586,0.6981743331,0.9099804091,0.5488485058,0.3115711364,0.2559725991,0.4352765121,0.3334481893,0.3063159536,0.3596609139,0.5784205005,0.6596475201,0.5028289504,0.4597845339,0.9185337165,0.7668293736,0.4928085971,0.7418792454
1.6888229603,0.6040741346,0.4080717328,0.9643490048,0.5340585644,0.3448836228,0.7447702009,0.9460000399,0.4606009684,0.7527576493,0.3584677384,0.6437313588,0.3409538352,0.8481643639,0.1539051413,0.3271058923,0.3192756627,0.4503541640,0.7446773783
0.6610022686,0.9829345555,0.8297507052,0.4078759963,0.1137748139,0.4984480713,0.9637205125,0.7872120068,0.3573318991,0.9764953996,0.1440718885,0.7756157616,0.3967975900,0.4931000104,0.1747338206,0.0318143907,0.7733380112,0.0617652244,0.9475147663
1.3895618157,0.4749891501,0.7130208935,0.1021723815,0.3499357294,0.0826627481,0.3808511069,0.1489902369,0.9653367008,0.6732537287,0.4633164742,0.9256314336,0.7700437278,0.0514186416,0.9630190334,0.1159337079,0.6167998879,0.4751728662,0.3357701884
0.1625621335,0.9841379911,0.1804230123,0.3616840017,0.1512537005,0.9741934871,0.7023793881,0.4805480898,0.0755760412,0.8248841526,0.0331581130,0.9238055886,0.3164982218,0.7047005387,0.2669085512,0.7188845369,0.7146228248,0.9606892136,0.9150523247
1.3305741282,0.6846721892,0.2337720287,0.5661306291,0.9865163910,0.5482346737,0.7764919694,0.1581079696,0.8506945041,0.7759123213,0.8106349343,0.5943099013,0.4271666326,0.1477708663,0.5075238695,0.0430480906,0.6563180256,0.4569311047,0.4181942086
1.7819855710,0.5042838884,0.4757476259,0.8800049084,0.8950225829,0.7622121737,0.5050039596,0.6029728120,0.0145504524,0.8554445403,0.3389333872,0.1500207457,0.1589143996,0.3438436088,0.5014704954,0.2432820267,0.7746033730,0.9523226332,0.7031461638
0.3941252299,0.9333051730,0.4722371431,0.5610616755,0.0914956806,0.1557890164,0.4863944293,0.0108646817,0.0555396023,0.8824659187,0.7863518233,0.4504518853,0.3145208855,0.7418406173,0.8681686468,0.9008064256,0.4283968312,0.9376004886,0.9184943587
0.5215951958,0.0825510453,0.3720185442,0.3392341793,0.4214914376,0.6342279009,0.8285159982,0.1986208838,0.8578767892,0.7518054751,0.4548419503,0.9748937121,0.8438259031,0.0465537277,0.3335449739,0.1036360597,0.4639460939,0.5955036453,0.4670939040
1.2419144778,0.7096409984,0.1574181125,0.7000323258,0.9446144221,0.9437571933,0.5630801754,0.8761877753,0.4061428636,0.8736976178,0.6142245544,0.7752951832,0.5947016727,0.1135937882,0.2221444714,0.8521487354,0.4246207808,0.9633499557,0.0953857887
1.3869238282,0.5563393396,0.2531105130,0.4017089882,0.6474704965,0.9756394332,0.1946254595,0.8669196231,0.5623125180,0.2265735499,0.8593305594,0.1095643234,0.0800300229,0.7765630348,0.5975950072,0.2159673848,0.7885378973,0.2684775480,0.3359675367
0.2402581564,0.9346520881,0.0770066432,0.8090961645,0.5950855584,0.6095277628,0.1095596402,0.2690966617,0.5483938234,0.2342729465,0.3155668715,0.1571618424,0.4144490578,0.3029015413,0.0943884074,0.5233097238,0.4510164565,0.5423502807,0.6837693158
1.5337527339,0.8718970917,0.9566879203,0.9985218221,0.9233030899,0.4539758254,0.1730391796,0.3457240173,0.2773783282,0.1328917358,0.1873101015,0.4038037563,0.1315953674,0.9538417281,0.4331266221,0.9578028064,0.4259383952,0.3404311901,0.6376640780
1.7985842859,0.5747368330,0.6767558883,0.2526446082,0.2667124255,0.4575046233,0.0798073886,0.7063536424,0.1584228910,0.3132221219,0.2812874925,0.9304853604,0.4289668316,0.0477725526,0.4590430437,0.1975453395,0.3269470149,0.5577843975,0.5250807294
1.4069947158,0.6631129164,0.3809504977,0.5275099594,0.9994886013,0.4210498981,0.5486548147,0.2805717922,0.2137504320,0.2186560395,0.3628615626,0.0635398629,0.4265826764,0.4566489274,0.7339878333,0.3452873682,0.2837579006,0.9122202384,0.7792523930
1.8524586572,0.5460931965,0.9341859211,0.6534240170,0.6549071955,0.5525841977,0.4604847055,0.1320190415,0.5524165918,0.8751041894,0.7774305940,0.4962027817,0.3742343981,0.4007148823,0.9185974870,0.6767839168,0.9677426504,0.2470641192,0.6260907846
1.3289209070,0.4910664797,0.3309754017,0.4095066325,0.2113668960,0.9491277737,0.7498394804,0.5893285747,0.0797404789,0.1699378534,0.7290736125,0.3721064523,0.4940223508,0.5998262675,0.5629384382,0.7459885718,0.8826527297,0.1321815295,0.5523900847
0.4711108906,0.0356988308,0.4575251336,0.4274608627,0.8189923485,0.7170816341,0.7304115938,0.4826234861,0.4096498868,0.4149033714,0.6281067496,0.1362608090,0.1361807327,0.8324439220,0.8742852970,0.6192572211,0.4301123637,0.5620360898,0.5922666897
0.3859681412,0.0746695227,0.0351673039,0.0221583093,0.1096735758,0.3714951107,0.8894420790,0.1992210195,0.6198050562,0.4835479438,0.8288743681,0.4747273961,0.8751093228,0.7082270103,0.4120770532,0.2600085522,0.0089724466,0.2904566202,0.4466162183
1.1214509442,0.7055083405,0.1305174554,0.3324523188,0.9195795743,0.4717462745,0.3990160068,0.9038011208,0.8251618293,0.0884184311,0.6741038812,0.1400563684,0.5118411491,0.0944054575,0.5067297302,0.8725482719,0.3725951082,0.1430815656,0.5558227104
0.5564146974,0.8365463040,0.3270122008,0.3115544634,0.8657031590,0.1680370150,0.3374358470,0.2100149745,0.7807002756,0.0035340247,0.1409927116,0.5388172586,0.6124065971,0.3143076704,0.0899090159,0.8932871554,0.4086405568,0.7258487229,0.2795735327
1.2164882518,0.5372646565,0.1572887129,0.1064823751,0.9565565375,0.5716349215,0.1166647551,0.9159175609,0.6662359980,0.0558118765,0.8880076819,0.0295164369,0.0712887846,0.9625315579,0.9662240063,0.5668793379,0.6336932467,0.1741383645,0.8903011858
0.7897337534,0.1554733406,0.2670729609,0.7886948174,0.3877809591,0.5373451461,0.1164931894,0.8119693981,0.4309081060,0.5697461559,0.7343482067,0.8028664258,0.2316761559,0.4142338439,0.2939234030,0.8108151510,0.3221561160,0.8440235209,0.3763972649
0.9514909672,0.2198198855,0.3617269612,0.2592264201,0.4794852833,0.6183443414,0.3434140839,0.8319122465,0.4982600259,0.7737224292,0.2632530233,0.0752570215,0.6875530685,0.6326731388,0.9389063789,0.9859439793,0.7214038404,0.3122753627,0.3966047330
1.3029293102,0.4147280898,0.3734206864,0.7183483420,0.7802551178,0.0139467935,0.9734659272,0.2422910669,0.1098047486,0.4357340268,0.9962261986,0.6850149825,0.2971341211,0.3986494322,0.8188960644,0.3895298319,0.3486785384,0.2638666726,0.2173367857
0.7402055174,0.7930252539,0.3580203440,0.1719819339,0.4579990630,0.7534432148,0.7223748213,0.9880548292,0.8469303346,0.9739516365,0.3266072736,0.9218213750,0.6288243223,0.2489574037,0.2962066078,0.8636874952,0.2844489489,0.0473060992,0.9491940839
1.2044166605,0.2785323313,0.4456334283,0.2024799847,0.4314195905,0.3346169803,0.2255091455,0.5204501358,0.8051034540,0.5747995353,0.5943207623,0.1603211261,0.4107952782,0.6118811999,0.4282029535,0.3722628013,0.7821836185,0.2032572906,0.6807939712
0.9637992213,0.2216007265,0.3035716065,0.1212661291,0.1064582503,0.8393495045,0.9039605001,0.1066988550,0.6134821849,0.0355632715,0.8399936184,0.3190867783,0.3544524477,0.0327879874,0.6764826700,0.8115911600,0.0687860704,0.4937063498,0.5561286940
0.6985420468,0.0581533976,0.6228350325,0.6568332624,0.9029356938,0.6496677880,0.6929739326,0.3884598887,0.2830174380,0.1442301010,0.5918183705,0.5335535203,0.8378403091,0.3401303911,0.0953368712,0.2608532458,0.4948629794,0.5444146196,0.8665584462
0.9384216659,0.8785069995,0.0665054700,0.9653136244,0.3394868390,0.3863494271,0.0780569922,0.1544610453,0.0653769124,0.4554320345,0.7602659021,0.4298147469,0.8524524028,0.8928987061,0.4641392733,0.6377311362,0.9982732798,0.5122606639,0.5362749211
0.8739262810,0.2377783884,0.1069429537,0.6640068654,0.5727076211,0.2205524323,0.6941148201,0.1411203753,0.7587474089,0.0077328930,0.6940664894,0.1356679425,0.0204491551,0.4440011417,0.2757120961,0.7789745503,0.6336866644,0.0735079732,0.7976381791
1.8632771704,0.5716255641,0.9566756371,0.9057448369,0.4933404992,0.8462331549,0.8145718370,0.2647483764,0.2249786554,0.1497848324,0.0995440730,0.2600589115,0.1170164183,0.5146986542,0.9322443472,0.4737100351,0.9531470846,0.0095002815,0.2293492297
1.4185149739,0.6745190554,0.4084733408,0.0397311996,0.1230817993,0.5063013945,0.8801045269,0.9566185228,0.3672859002,0.3486949116,0.7131033286,0.1554846986,0.8061999143,0.3643248993,0.3104040592,0.9130097354,0.8330120010,0.3372980587,0.7609352472
1.4094962609,0.5083155091,0.4336318212,0.3523005293,0.0014440665,0.3714395524,0.2986553557,0.5710306089,0.0454755443,0.6523176743,0.9717947926,0.7549277281,0.5280315928,0.2898825098,0.4022114723,0.3805303135,0.3310559779,0.4645830156,0.3064166007
1.6916146476,0.6504898076,0.6537953984,0.7323009900,0.4698010922,0.8456338798,0.6312756631,0.6340198289,0.9736904761,0.4588637140,0.4302252001,0.2269134398,0.2950202664,0.2086030148,0.5582051880,0.0249788195,0.5440056411,0.9216094887,0.0393097643
1.5609386204,0.2948738058,0.8887892684,0.5901927567,0.2493504380,0.3641914770,0.4814495352,0.7727162001,0.3896436516,0.6709052678,0.0504530382,0.6855363762,0.2875828171,0.3345147909,0.2360742569,0.4770668346,0.9028844781,0.5257039833,0.5899398932
1.8306576503,0.5821151568,0.9567690965,0.5109332044,0.1723752686,0.1328988751,0.9891414973,0.1651804128,0.4642093981,0.3918746889,0.0124439967,0.9066370531,0.9816029817,0.5511191125,0.6376131506,0.1142128309,0.1969458055,0.5447415911,0.6020945840
0.1588289309,0.9377613024,0.2747259429,0.1811760797,0.4120148564,0.4895788608,0.0189576408,0.4889625260,0.8303428551,0.2713921741,0.5141878855,0.2203551791,0.4824162148,0.2649411687,0.5631986007,0.0513705286,0.5965720129,0.8080529813,0.0428920163
0.6667708382,0.9851769233,0.8765651057,0.1429590374,0.2565900605,0.1435767203,0.6668657049,0.9317154380,0.8000119172,0.4979499797,0.6771424588,0.0023976931,0.3642816520,0.3547427660,0.2884867827,0.0169147804,0.4555732450,0.4100419462,0.0757833020
0.0702282887,0.0062605399,0.1161552955,0.9590025137,0.4150017216,0.4257629696,0.4836837362,0.5578304576,0.7011581719,0.0446203093,0.0333755465,0.0386329686,0.9298961224,0.3230798049,0.1174722469,0.4082886864,0.4965878469,0.8564818716,0.7954858560
0.6093315701,0.1266178743,0.0951436456,0.4462178099,0.9763395991,0.0905470464,0.2903819499,0.1840829409,0.4165192135,0.8555339233,0.5606565267,0.5934998298,0.0185557658,0.1701483130,0.5973797334,0.1499387540,0.2402801705,0.8478275075,0.7737336585
0.5062152880,0.0339672840,0.5834356687,0.8801782216,0.3960044135,0.7149774997,0.5858237695,0.8529743514,0.6023591181,0.1560842388,0.9324262726,0.3694055098,0.0436875220,0.0084557217,0.1792506754,0.6265097360,0.5706430942,0.6217561175,0.8235098767
1.2978128569,0.2033124141,0.7272077899,0.4723306774,0.9855106247,0.6143455971,0.8190210181,0.2390084358,0.1084220803,0.0609724326,0.1862484563,0.0191519351,0.5709344145,0.9997663972,0.7900185437,0.7273550065,0.7774506834,0.7767377941,0.0108137388
1.6632052144,0.4223796256,0.5044872136,0.8667193354,0.0693471653,0.0823382582,0.3696596322,0.2185717012,0.1605418369,0.6695950669,0.8192538716,0.4638796751,0.2006276680,0.5452291940,0.1160949015,0.8914337754,0.4436251938,0.7286596063,0.2445148582
1.3275138183,0.7460556385,0.7347731274,0.0045417772,0.2395343598,0.8657007375,0.9957588811,0.3418962240,0.7574915602,0.7308895785,0.1383467549,0.7336211005,0.2248946489,0.1031157165,0.0844003375,0.3965780952,0.5773689367,0.2110415624,0.7411970822
0.6129644656,0.9531973329,0.9390336507,0.5753043992,0.5467888573,0.8375093649,0.4629969014,0.1345711408,0.9544470985,0.5629762413,0.2339256943,0.2024253477,0.7105540589,0.6866617262,0.0431816185,0.9748452051,0.5582045098,0.8384933589,0.2574390319
0.3326097189,0.0682594475,0.1136911889,0.5904480605,0.1720505814,0.5188204459,0.8835464798,0.8642151196,0.3581761998,0.6132668799,0.1620541156,0.0428932913,0.1739966112,0.3654937649,0.3239371271,0.0531460617,0.1229304754,0.4407346689,0.0206065759
0.4526410339,0.0289478676,0.7238970807,0.8266119518,0.8893880762,0.1176744329,0.6054461442,0.7796085064,0.4479884305,0.0637325630,0.9564656571,0.4048542432,0.9212508855,0.7645356932,0.5296653633,0.1249724425,0.3161682774,0.0192183128,0.0990745576
1.5140940499,0.4617050589,0.3061155302,0.7552971041,0.7183937677,0.9705942343,0.3934405911,0.5638173791,0.1275362201,0.1648294463,0.1874418010,0.2110444761,0.0435954905,0.5460440423,0.6042280201,0.4738835925,0.1607905823,0.3993912625,0.8022224861
1.0513014384,0.4318014669,0.2947256470,0.0334433326,0.3728409442,0.0054975288,0.1508467573,0.6033109697,0.9979932247,0.1027367255,0.6741098257,0.2675545179,0.3324030179,0.9418306316,0.8623696786,0.3222822940,0.0202493193,0.7009604238,0.4472750562
1.6536558544,0.6518792542,0.3666334375,0.8255369071,0.9744636394,0.1098479993,0.8139787377,0.0120014138,0.6739629858,0.0883700568,0.8203783742,0.3688626351,0.6746471770,0.2013626212,0.6962117786,0.2821683555,0.3112120075,0.4171402433,0.5252905651
0.2630828026,0.8555475374,0.1616700566,0.5955675035,0.5975053037,0.3187770627,0.9745126765,0.6230869245,0.3629251282,0.1439292309,0.7568620002,0.7825043310,0.1283187824,0.9484189801,0.3126209462,0.7253252053,0.4549665912,0.1391083030,0.2638581720
1.1437627779,0.3234854178,0.2435724307,0.3660540478,0.8039934706,0.4496308275,0.3810969267,0.3992067234,0.7611912676,0.1573369454,0.4533711966,0.6320899971,0.2836224836,0.5244895029,0.8084273184,0.7824518737,0.9606225373,0.1778379970,0.8847371129
1.0285127175,0.7706033596,0.5646665003,0.1237875929,0.6401194206,0.7436791260,0.9566441402,0.6428839937,0.4766001228,0.4070736770,0.0213575638,0.5944623862,0.7124530086,0.6912390385,0.5227657525,0.1195504389,0.0807465604,0.9246401865,0.4851067837
1.7907692638,0.4358660992,0.7502717753,0.7842417580,0.1343508730,0.0327086918,0.3811306268,0.8239028678,0.9601093998,0.4619799958,0.4061390198,0.4909064853,0.7242869439,0.0900404233,0.0434389856,0.4738645099,0.3555038283,0.9410394356,0.6666644657
0.5866729520,0.0750243905,0.5130383209,0.2739692887,0.3477392687,0.2890666854,0.9376402282,0.5176969441,0.2357988287,0.1776379476,0.1194938074,0.7763632037,0.1656598348,0.6220895501,0.0755458662,0.6488028435,0.9132466648,0.9142405386,0.4502453849
0.6651667201,0.0675230131,0.4160947985,0.1494906737,0.0493341082,0.2434687216,0.3417591629,0.8259987440,0.9835921925,0.0937608099,0.0891157761,0.0273111602,0.8542662672,0.9023791777,0.8743502945,0.5447493690,0.7867197512,0.5990545011,0.5892272295
0.8728896713,0.2182724454,0.1957423050,0.6717682818,0.0650216522,0.7735580245,0.7283491681,0.4004008396,0.5885327306,0.8274647305,0.1778936243,0.2518508391,0.1223167467,0.0808441754,0.8226058529,0.0307295305,0.7847912656,0.3454389720,0.7389679302
1.6076625277,0.5522963528,0.5863758902,0.2347081863,0.4975138608,0.5178025882,0.2977877909,0.0153004578,0.4830204750,0.0107061744,0.6991495027,0.0815655398,0.6826494347,0.5818496401,0.4457027958,0.4181098592,0.8970665815,0.0571563200,0.1787807825
0.2590744796,0.8451115375,0.1247342859,0.3420356578,0.0542471119,0.1398601316,0.8479082204,0.6382966946,0.6807179759,0.3551720187,0.6279203745,0.6651584854,0.7643425627,0.1399036086,0.5713381825,0.1552629615,0.7913222949,0.3719915593,0.8995440453
0.4652228334,0.9203386331,0.5935094757,0.0298627071,0.6143439905,0.0261520414,0.6875246936,0.4142591685,0.2826936819,0.6933744726,0.7140915592,0.3147215096,0.4891724898,0.3542879196,0.2363540403,0.3365365333,0.1987412542,0.0464321102,0.3682809481
1.3982041285,0.3173235447,0.7450555923,0.3576407119,0.4965893854,0.9345383427,0.5254134732,0.0817724647,0.7027452588,0.9348500224,0.7815185736,0.3455673957,0.3289858934,0.1364284927,0.1636637044,0.2359429619,0.7257647765,0.8411005473,0.5916226396
1.7347102333,0.4337919373,0.6427096048,0.6778121851,0.1163423282,0.5595728833,0.0161003591,0.5690021648,0.4615918057,0.4739620235,0.6540898637,0.5157108146,0.3528530412,0.1782433519,0.4606668676,0.9699746437,0.9976365697,0.3114513262,0.2180904598
1.2038320506,0.6573531217,0.0188366419,0.3166007981,0.8960791496,0.1546764860,0.3457678467,0.7015188481,0.5627430271,0.6520621684,0.3818164929,0.5504420723,0.5161025981,0.7678926941,0.8235614582,0.0232449324,0.0543660355,0.4027177595,0.9565457433
0.5951667213,0.9637236866,0.8021015543,0.1631133952,0.0898375758,0.5211512116,0.9619575527,0.3917954521,0.8659311712,0.5150411563,0.6720103102,0.0577264874,0.2472660881,0.1924292120,0.5336273161,0.7990176578,0.6029558635,0.7005314142,0.9494125504
1.3782324046,0.3926286670,0.8304165155,0.3080427238,0.0379871302,0.2918818768,0.9198598665,0.7655143154,0.4517774527,0.9780401800,0.6809750799,0.1260299777,0.8299553249,0.2805514232,0.3278099698,0.6404553975,0.2308622249,0.9271139130,0.9363408477
0.7836223387,0.8439249726,0.1085873403,0.8376059047,0.2667075351,0.2927874742,0.6377199651,0.5143743055,0.2461958828,0.3445913385,0.8887437502,0.3716866393,0.6238801811,0.7494957889,0.6746321195,0.1712604714,0.7536395029,0.2165463197,0.9837143826
1.0902800324,0.2218366414,0.4586373685,0.5758141704,0.0795944183,0.1920117145,0.9013694553,0.3657740118,0.7819323701,0.8588427622,0.7418620529,0.5313151184,0.3340016298,0.2024149024,0.4727514870,0.6251243125,0.7788693492,0.0549904085,0.5358817260
0.2667730450,0.9870729343,0.3552343642,0.3603987342,0.8753857732,0.9990440440,0.3407327784,0.9631292990,0.9555041982,0.4853491024,0.4323961604,0.1874109837,0.1585956911,0.2301684546,0.8132762845,0.2838774296,0.1227239859,0.1627676663,0.7517106466
1.9376249438,0.5224136601,0.9564296788,0.7026273924,0.5138127323,0.7077537691,0.2673001166,0.5242634531,0.7913244805,0.3973192091,0.6189386226,0.8433143846,0.0762376504,0.5753896410,0.4812172208,0.3821644167,0.7300742225,0.0959978880,0.9089175916
1.1957201931,0.6448043725,0.0344450360,0.0933114412,0.7630724491,0.1419911189,0.0346500230,0.0325601643,0.5059110713,0.5121510037,0.5572984899,0.3635072541,0.2823335577,0.2666417487,0.1696284196,0.4777519267,0.9179802979,0.7032418779,0.1240411643
0.8864993302,0.0542641217,0.8154634109,0.1281139244,0.4381654310,0.2796953686,0.8642444602,0.2383424690,0.9487652862,0.1860267347,0.3034681805,0.4472806831,0.7223729321,0.1327672990,0.9409650011,0.5694416937,0.9647610163,0.2365439722,0.3244469696
0.5849925978,0.0986696223,0.1971852482,0.7830156056,0.8883842856,0.9544551275,0.7939023572,0.2008752479,0.2520738831,0.3703514585,0.4842209068,0.3425696465,0.2874840293,0.0077985757,0.8438363489,0.9949700526,0.6809267799,0.0319387306,0.4468396152
1.4391020852,0.4911362429,0.5193298602,0.0126887948,0.4929468186,0.4964051272,0.9106635672,0.3604235024,0.9297467976,0.9191638333,0.1698566905,0.5096895819,0.5357017223,0.5524464193,0.1691890254,0.7814715474,0.9110474194,0.5198811836,0.0331672376
0.8156985924,0.2428854175,0.0968293317,0.2474031419,0.9838057368,0.2707512384,0.1666724404,0.4793488750,0.2180128655,0.6273266116,0.0049636259,0.6286610035,0.1286130291,0.3817876321,0.4209993432,0.2356866397,0.2831274763,0.6829088377,0.9790591619
0.5048306352,0.9713148037,0.6245077193,0.2704598773,0.8477283168,0.6666889561,0.8225584494,0.6469238108,0.2044945102,0.9423593476,0.9728730257,0.7909285775,0.3793305902,0.3799124092,0.6427241971,0.8751862554,0.0423185430,0.1720225521,0.8015030152
1.7571032814,0.6233623760,0.6273093821,0.5894710524,0.1448794011,0.2769916587,0.3037180916,0.3843916697,0.7032889741,0.5131195977,0.5098887689,0.6815299896,0.6305133390,0.5797101062,0.0059171537,0.7042844012,0.0338905728,0.2668423818,0.7393330937
0.8918658089,0.1608690237,0.5160682771,0.9635106744,0.9435616888,0.6275885135,0.8612965769,0.8586546125,0.3274796258,0.7196719561,0.5514707307,0.6398103363,0.8428890016,0.7999287576,0.4540039592,0.2288227234,0.1179672265,0.5607549966,0.1930346790
1.6356417297,0.7234924488,0.8424515662,0.6935537604,0.3909298050,0.2828508900,0.6605602741,0.7037220107,0.8683488417,0.2191948989,0.6746737660,0.8691330164,0.7135768819,0.4020654075,0.4965562359,0.6975650540,0.6350404563,0.1610917864,0.2106840357
0.6768547527,0.9767705066,0.6353641244,0.8350675005,0.4158520015,0.8827593950,0.5243832991,0.8850359400,0.5032261454,0.7253955984,0.7671413459,0.9917186629,0.7828837847,0.1558609643,0.1686317685,0.5042688092,0.3258052818,0.7518862837,0.7277319161
1.2133878980,0.2158355661,0.5606318287,0.3770452766,0.0663449597,0.3749016547,0.6511930719,0.9849650413,0.4016017394,0.0022649025,0.0393367370,0.4915789185,0.0574202295,0.8509515230,0.6658232869,0.3892475870,0.4687058083,0.9971518049,0.4490102833
1.2717925496,0.1640187939,0.8387458925,0.6269616383,0.7846149939,0.0438106600,0.8471522798,0.7337698471,0.7235614124,0.6066554393,0.2998903508,0.7835277793,0.8082386468,0.9439964500,0.7577651117,0.0943541302,0.5600817742,0.1893150219,0.3168710781
0.0016651985,0.0078300907,0.0167177152,0.1959263007,0.3415983727,0.8970944984,0.2723670527,0.2167787522,0.1821174616,0.5872432125,0.9957086020,0.6439665260,0.7213964554,0.8528796447,0.4933199235,0.3519683380,0.3073996325,0.4078832089,0.7056784647
1.2464546166,0.2593212924,0.5278431274,0.5019089201,0.5888491406,0.0985770323,0.1838305508,0.1559910924,0.3701955480,0.6505783927,0.3252192830,0.5071692573,0.1994427924,0.1754535523,0.1227366266,0.3985955274,0.6972334658,0.9151692469,0.5863543120
0.4476373778,0.8145632527,0.0948766075,0.3519299396,0.7010100919,0.6923989151,0.7924565992,0.7045741371,0.4508571397,0.2401103117,0.5195856385,0.0757298657,0.2906896991,0.1639360129,0.7465165438,0.9407239455,0.2007614590,0.9526724271,0.6252602323
0.6829169199,0.0334799821,0.8655027374,0.7954257305,0.8746395319,0.8899556526,0.3676255453,0.4748967515,0.7448692260,0.8001585271,0.7376392272,0.5737052546,0.2520570161,0.9475189158,0.8352319444,0.0605247806,0.8050044217,0.1993980057,0.5302110448
0.8246468301,0.2888973611,0.1071005795,0.1802526903,0.2205946291,0.7605278597,0.1536251080,0.5427777549,0.2925233518,0.2100872423,0.1729319000,0.9323759597,0.2492195675,0.9056853459,0.3336725707,0.0223905671,0.0039626995,0.0069914934,0.5752699490
1.4992227610,0.5621584013,0.4464951153,0.2966827713,0.0751713564,0.5940863401,0.0448471832,0.0589804909,0.6315755900,0.3801086759,0.5016158604,0.3599527532,0.7522892883,0.3083086851,0.9825346250,0.5614710417,0.2097599351,0.9327163656,0.1463355955
1.8469241351,0.4114934029,0.9311120049,0.8028202013,0.2650836330,0.6162804383,0.8647808451,0.5347186839,0.5754573130,0.2457344540,0.0402105232,0.2642589831,0.2424825744,0.1361334141,0.2203706446,0.2012941251,0.6105725743,0.9543871890,0.0606757797
0.6571292703,0.1222391410,0.3863853155,0.9078531702,0.6702952060,0.2137032412,0.2073883562,0.1898832686,0.8118487837,0.6345339138,0.6158070339,0.6528358039,0.1123364422,0.6142784292,0.0905218452,0.6825151010,0.3739347845,0.8066387341,0.2683942772
0.1979166411,0.9910019013,0.1524871129,0.8347863584,0.2401330941,0.7889610314,0.1822020167,0.7470043932,0.4078203680,0.2369898240,0.8208110219,0.1348217227,0.2632565559,0.5028285396,0.2649215558,0.2138169765,0.4189173796,0.7318432940,0.0010519856
-0.0456339810,0.9683717477,0.0539745804,0.2675793997,0.6549490954,0.9960835430,0.1745218200,0.6926876340,0.0438452844,0.0491802129,0.8886223037,0.7418900894,0.6665770013,0.1486902873,0.4364732840,0.5683635467,0.2921538663,0.0674299593,0.0135219165
0.5290928546,0.0174377725,0.6421340794,0.3011189906,0.9507808056,0.0141778850,0.8955477926,0.8977246527,0.4645916038,0.7862747628,0.0855862056,0.6144473700,0.2111735878,0.2544050458,0.3151525326,0.0189817171,0.9493967911,0.7772076129,0.2804289781
0.7036117531,0.1730827908,0.0951214456,0.5210948667,0.1341936672,0.4491659083,0.8430463543,0.2971838719,0.8639266640,0.7073436304,0.8959608973,0.0596555108,0.1670036873,0.8073077026,0.7756842989,0.2498675038,0.1611219875,0.3524146584,0.7328585371
0.4050770227,0.9087036488,0.3613494236,0.6063488019,0.5696458185,0.9821105006,0.8196948308,0.0750390105,0.6958057066,0.0838281402,0.1698784676,0.0593816615,0.6762753205,0.3251249723,0.1058972763,0.2925621554,0.7460777415,0.4785373728,0.6355505854
0.9264066407,0.4853707285,0.0175932497,0.3236893898,0.7663513487,0.7734940174,0.2867136384,0.3634710919,0.5432077819,0.0081416895,0.3762342915,0.9838088635,0.8890781680,0.7404856042,0.0074259402,0.5171409513,0.2523496875,0.9309729816,0.5671176543
0.3687020785,0.9260836494,0.4730312860,0.4911813705,0.6649845709,0.8604566878,0.2740150365,0.8943320812,0.7091966079,0.9478269546,0.1452196868,0.3823643688,0.9012166296,0.4859395124,0.2244418881,0.5811741344,0.0791087554,0.6819821665,0.7700913914
0.5044734335,0.9785831592,0.5950538953,0.0732799267,0.9819932855,0.1032262533,0.1634329660,0.6012134962,0.9123503319,0.8299058221,0.7883823379,0.4688921191,0.6817904984,0.6479409587,0.9142816623,0.3622605369,0.3566235389,0.9466004883,0.7283905043
1.5975569941,0.4744378829,0.5285717084,0.6293245215,0.9050135138,0.5252911843,0.6828358166,0.7507905577,0.6608487751,0.6722946088,0.3748431632,0.9932329441,0.3288919129,0.2285577386,0.5550582922,0.2118856022,0.8794627172,0.9493908060,0.9120848283
0.9211444803,0.7376080063,0.0597198054,0.7136376831,0.6190202175,0.5267572433,0.5782278250,0.1713052591,0.8025865718,0.5168961316,0.7707340353,0.2280879333,0.0941527601,0.2053276565,0.1083240843,0.9020657234,0.7735258204,0.0027808335,0.3387517381
0.3436654065,0.9277442856,0.4273804053,0.4199609548,0.0232349158,0.5801417703,0.2914599091,0.1980212808,0.3050852480,0.3564031027,0.8451654285,0.3538408154,0.9239248122,0.3204463333,0.7943023311,0.2558003184,0.7322060286,0.0623379852,0.2563814611
1.8689427358,0.4885080813,0.9426489738,0.7202178310,0.6484199979,0.5424608336,0.0708945894,0.4240085695,0.6039834220,0.5513609298,0.3803350669,0.0108408593,0.0926396647,0.7420401884,0.1743603638,0.6827259619,0.5823111203,0.2578616678,0.9915664215
1.2702288815,0.5189440836,0.0943351863,0.4896825213,0.3813909293,0.9139220226,0.1618440723,0.1446096908,0.9545020075,0.6570930157,0.4871464452,0.7554267511,0.5959793069,0.6234680980,0.8582164684,0.3718003559,0.8141648744,0.0210817700,0.6134705557
0.5121130731,0.8412464746,0.2510531340,0.6242957306,0.3136944543,0.5521352639,0.4385662522,0.2274977590,0.7589982172,0.3426955439,0.5902338452,0.7546171916,0.9358763355,0.8972568665,0.7771633574,0.4360592207,0.7306727558,0.0158821350,0.9587767647
0.6748453900,0.0558526746,0.6421252215,0.0512452596,0.4677745281,0.1437906673,0.3478183028,0.1066331667,0.9809123370,0.6837148894,0.4032940194,0.7408229099,0.2809739832,0.9699759181,0.5521573392,0.2398827667,0.1110335321,0.7960086092,0.5844940850
0.4756373412,0.8264743253,0.2462061437,0.3031699567,0.7449558013,0.8466210506,0.1675310853,0.4041447622,0.5381952530,0.3576268618,0.7146291362,0.1629154639,0.4655732656,0.8339166942,0.2692658141,0.0319919234,0.9277795959,0.2706984681,0.0761867735
0.9105253359,0.0559382723,0.9801739416,0.7169100820,0.3061645950,0.2376922428,0.4509124137,0.1015845612,0.6237867543,0.7553890551,0.8782927936,0.4967587985,0.7525466262,0.1128794800,0.4384035820,0.5265793234,0.8528731931,0.1373297788,0.8552341198
0.4345466145,0.8390044567,0.2622181042,0.3780297252,0.2239383347,0.3613320037,0.0937689358,0.6491620359,0.3037112976,0.3581258369,0.4876605701,0.6602441620,0.6921525541,0.0366750539,0.3201845908,0.1068827570,0.7372294724,0.1509342151,0.9212380469
1.4760915508,0.3011442492,0.8780679816,0.3369522783,0.5278047250,0.8031141270,0.6712547872,0.1451137436,0.1080742290,0.4077291474,0.6584344873,0.2536653621,0.2643394433,0.0234543572,0.0696528491,0.6901811013,0.5172985444,0.7610760291,0.6002525555
1.2319902402,0.1777025018,0.8079199713,0.3270445830,0.4117600528,0.3928325948,0.9004068386,0.3897661487,0.6134181943,0.1613624144,0.5018872768,0.1764346830,0.8917891807,0.9947153197,0.3093280382,0.4066649372,0.3381214309,0.5206883286,0.2421586063
0.5887695047,0.1156268891,0.0482399140,0.0608176320,0.8562660928,0.3300958333,0.3143589521,0.5625266763,0.4407762716,0.9903882179,0.2271720431,0.6556830836,0.7483255103,0.4930632339,0.7778263336,0.4329685667,0.6130988061,0.1000391450,0.5307840886
1.4924997601,0.3498601102,0.3844365048,0.9717819594,0.3611888112,0.5090194501,0.6283532262,0.1638680098,0.3219466366,0.9282895731,0.1845676609,0.2615081447,0.3546452594,0.9888035491,0.6766915180,0.9463239443,0.9348894396,0.6436898943,0.3186545002
1.4529424624,0.3051403191,0.6721152088,0.4424574361,0.2293408621,0.7856914875,0.8145705384,0.2553354977,0.4415053167,0.3038043024,0.4537022332,0.1443360886,0.4088426226,0.5995662925,0.9946636885,0.4421379999,0.0005793726,0.1105709371,0.8831809083
1.4844612088,0.7448576753,0.9504681545,0.5656508246,0.8305439475,0.0395620157,0.9456406036,0.7833881123,0.3832139074,0.3516704792,0.1810561364,0.6484620813,0.3368977900,0.8481774886,0.0153623538,0.1528240228,0.0551573931,0.5048433522,0.4509252064
0.9448967989,0.0798586842,0.7792980362,0.6857126848,0.0375253431,0.8297578200,0.1574369676,0.8534010211,0.4497035849,0.1551866019,0.7610473351,0.2294409277,0.9305887510,0.1289956752,0.6790662868,0.2674367621,0.2764615888,0.6438982461,0.6575795402
0.0090640893,0.9874217907,0.0790450976,0.5359152083,0.1669478922,0.0962851619,0.5235592392,0.4400059183,0.7508931723,0.3994487899,0.9435084822,0.0041553547,0.0582934824,0.4632258784,0.0822770672,0.7308946897,0.7533395413,0.9337092595,0.9378459908
1.5015752970,0.4782049197,0.3011994705,0.8526964434,0.2929571991,0.4304072549,0.5594122721,0.1699706397,0.5280508637,0.7630176748,0.4087586797,0.6144151357,0.6363902987,0.5808774325,0.2137504339,0.8056020089,0.3092803981,0.7377699888,0.1420434811
1.5365906606,0.4551400137,0.4224546298,0.7732885485,0.0541110918,0.4836533803,0.9820454858,0.8811222337,0.7533863858,0.2792872844,0.4732449518,0.6892768559,0.7667308382,0.3652458439,0.9088296378,0.5426138843,0.3308694309,0.3736755368,0.6494295520
0.8921301496,0.8665919544,0.7515278159,0.7833384989,0.8817409009,0.8266167666,0.2593053019,0.1344025495,0.7908387757,0.5620670968,0.0849961783,0.8354189618,0.5515366759,0.5703430818,0.9366979075,0.2278111863,0.5827538300,0.8814121199,0.5834718697
0.6094235035,0.9885125787,0.3550218489,0.9544802731,0.7653544010,0.8387857829,0.7810235716,0.8438694647,0.3215259999,0.8668271346,0.2153026777,0.3960460684,0.8935537867,0.0604507769,0.8403502861,0.2221797725,0.9988323704,0.5303481799,0.4099418737
0.1255267201,0.0179573907,0.1191851612,0.7769719544,0.5999334413,0.7678901512,0.5989218725,0.2973344166,0.3673162438,0.4168463793,0.4770946466,0.3149733320,0.7853738247,0.3699944176,0.1547205932,0.0632863799,0.9345307683,0.2626607075,0.4853182650
0.8726978103,0.8935487614,0.9017830251,0.7651902541,0.4321936269,0.8693689178,0.4677280346,0.6378338317,0.6564049374,0.2838565167,0.7968567554,0.5490563833,0.5454821465,0.6672482660,0.0385898915,0.9533593120,0.7990982591,0.7558905053,0.7272360438
0.7706011986,0.0260852903,0.8677809650,0.3979700331,0.4305591888,0.4770978597,0.4889919660,0.5405900345,0.5755411221,0.7107943557,0.2129644937,0.1212080885,0.0282229016,0.0878798673,0.8908882882,0.2913806907,0.8626953647,0.8273980509,0.9764888425
1.7713754407,0.4723126843,0.6449474740,0.6672048848,0.8957253722,0.4788940960,0.2330284553,0.4100242875,0.7556699045,0.5639208586,0.0756293339,0.3229108760,0.8313918892,0.0077066949,0.0525781148,0.0649636782,0.3838231904,0.3665181619,0.2847656422
1.8942476667,0.5182483056,0.9560042567,0.6985243714,0.9203380886,0.3229559052,0.2576672429,0.8796775632,0.1109615492,0.6579674498,0.7701034795,0.6335586352,0.0516708666,0.3205511057,0.0442850512,0.9401044296,0.8462838270,0.3346348215,0.6154197436
1.0823903574,0.1917788417,0.6013377348,0.6424483157,0.4895081459,0.7822152169,0.8847090418,0.6933200325,0.5434761284,0.3274412894,0.2205348394,0.4718822963,0.7659701492,0.8425209678,0.1223788863,0.0250615722,0.2619890714,0.4620041574,0.8787967844
0.0698914533,0.9975843964,0.2310291943,0.6244164434,0.6330488480,0.5214649826,0.7351981975,0.9240856696,0.3526502805,0.5249216721,0.0635095082,0.0597839267,0.6088059818,0.8231016056,0.7577343797,0.3370568526,0.9865075925,0.1171425134,0.5792305921
0.9806059310,0.2810014281,0.1218959907,0.5847597833,0.1046724693,0.8538760325,0.1612148189,0.1919329690,0.9348627464,0.4945334570,0.0645272739,0.1289207331,0.1154841023,0.1642759659,0.2362345614,0.5698145974,0.7899310961,0.4259226230,0.2329426611
1.3702363029,0.2167747714,0.8878998384,0.8403547808,0.0706008399,0.9217236420,0.8983704386,0.4900787142,0.9836549344,0.6627194152,0.8969281874,0.1006236111,0.6361194681,0.2978019920,0.7164965981,0.3026872266,0.5694349661,0.0819174678,0.7863264016
0.7744965897,0.9420575878,0.6502730757,0.8906691641,0.9007590981,0.8293329814,0.7170139802,0.1872115029,0.7084268371,0.8991150653,0.6202752920,0.7819838637,0.4835853010,0.4912829237,0.1594897725,0.0555864470,0.9766198670,0.3156008721,0.6380192577
1.8554144296,0.6281493005,0.7467511378,0.8422150535,0.3493385986,0.7689487833,0.8373421554,0.4939728381,0.0166606891,0.6537464341,0.0408084788,0.3342426002,0.4779990823,0.8751125338,0.2765253013,0.9430431730,0.2998250349,0.3330910157,0.1970784763
1.2430872348,0.6689593724,0.0683289763,0.6530076687,0.2522903754,0.1093646773,0.3570489009,0.0705413926,0.3501771518,0.2079874753,0.4434498109,0.1460869215,0.9111097272,0.4045290121,0.2641889083,0.1120494176,0.3599474931,0.4129434744,0.5556419639
0.9682825752,0.7190985858,0.0261184697,0.4133824832,0.4144080598,0.3582718208,0.9740534227,0.6473085648,0.1351578169,0.1218614817,0.8223419248,0.2965766792,0.3654605938,0.3414497910,0.2055021673,0.3905091244,0.3359173313,0.7850366428,0.9149317577
1.3377435446,0.7414875492,0.3078935996,0.8268246791,0.2178253665,0.2734929560,0.7182488417,0.4313576419,0.5188252290,0.8762464993,0.6913894272,0.5931595258,0.6224639741,0.1575362605,0.7015583970,0.4902710038,0.8796308313,0.7617422699,0.5853332252
1.0695056233,0.4710957359,0.2413890988,0.1200723373,0.1267747099,0.0110417252,0.8707968316,0.7032973281,0.3170981979,0.4902365551,0.7182524279,0.9565568428,0.6648274771,0.0837886277,0.2201297597,0.0024912590,0.2776330903,0.8855866997,0.4780671727
1.8382432574,0.5002043743,0.7403327879,0.9078782562,0.8060091140,0.7010143366,0.6625045587,0.7706183548,0.8514396544,0.2159680994,0.1992526140,0.2618668959,0.8940309798,0.6885812922,0.6204590408,0.4659642614,0.4618046826,0.8553924508,0.4508898521
0.6454696887,0.1540249514,0.1841487914,0.5737668009,0.4482904394,0.4247471073,0.8919200071,0.5256701566,0.7106273298,0.4194364049,0.0019164241,0.6931134946,0.0920235881,0.7390277270,0.8645512586,0.5792312775,0.9878656985,0.2441254730,0.1858274956
0.7258665468,0.9542586574,0.4800298250,0.8838953648,0.2210749570,0.7273495880,0.0782424138,0.4295132855,0.8015354595,0.3633757018,0.6263217776,0.6766058361,0.7016675520,0.5584358684,0.5193215537,0.4596511779,0.4797772829,0.5066862548,0.3904125365
1.4512593802,0.6330392655,0.2838160811,0.4229680764,0.0176027407,0.4929430498,0.0593479108,0.6624637803,0.8119140590,0.6888470003,0.1783045748,0.4548353246,0.3440582925,0.4790646448,0.3938464168,0.2202965676,0.7580612431,0.8021085979,0.4874839872
1.4442838708,0.2070817255,0.9219556724,0.7799417083,0.6825559260,0.5147841769,0.7793897132,0.7788442254,0.6272869821,0.2148230117,0.8063514813,0.2313940248,0.5728854277,0.1565271352,0.1202030766,0.9984716058,0.4084074414,0.9695986439,0.4302284051
0.3947247625,0.0496764270,0.2686331166,0.7550995529,0.0887749198,0.2825441921,0.7300675242,0.2849451142,0.9799574645,0.5904930142,0.0822776956,0.9309195873,0.1095309217,0.4370451384,0.1303656419,0.9565355923,0.4578549613,0.6167684600,0.3714442394
0.0832027524,0.9884550967,0.0795790287,0.6604627578,0.4560784086,0.8005384707,0.2222449382,0.7563635720,0.6622751254,0.0418135567,0.6074485744,0.7409472943,0.8876154194,0.1563088711,0.7672308625,0.7918293462,0.8143683775,0.2901569631,0.2194316450
0.6745070248,0.1327338971,0.1378704424,0.6046139174,0.4681842666,0.8763266283,0.9633419290,0.3894753226,0.8622070101,0.6792572571,0.0697318672,0.2693048772,0.9571477606,0.6061737786,0.3342639816,0.4584847064,0.0768867849,0.8906613342,0.1688657597
0.5554264388,0.0992262869,0.2530466859,0.6789643015,0.6983483059,0.7737418629,0.7425940544,0.0425871019,0.1313765627,0.9002083855,0.6023185274,0.4282305909,0.8976286515,0.0298117807,0.2281600912,0.6933385883,0.9686313237,0.6910028128,0.2831782512
1.7031531273,0.5165890845,0.4512357074,0.9512156125,0.3465273305,0.8865027468,0.7216398073,0.3075130112,0.9773002748,0.4120264560,0.0065363395,0.5198558972,0.9625378120,0.8224419841,0.5359220380,0.5431970627,0.5414102928,0.4894126091,0.2840742870
1.7447900835,0.4734667912,0.7567653908,0.6143932537,0.7202005728,0.4422354559,0.1163232054,0.4442364822,0.7183818221,0.0366669735,0.5474164062,0.9242252304,0.9375106120,0.8119211816,0.5680004753,0.7419639752,0.8415502267,0.4053180472,0.9350667712
1.6254691353,0.5658859229,0.4543350513,0.5630343401,0.0312033361,0.4115924928,0.6288289537,0.8014022743,0.2004994412,0.7109144530,0.9936709098,0.4391711841,0.3414518847,0.7253249549,0.6830971131,0.6991936237,0.8906953852,0.4887259986,0.1084738460
1.4042928813,0.4304234336,0.8318075992,0.3366782570,0.7420717817,0.2385401070,0.8320908224,0.5975707758,0.1139682493,0.1439291735,0.6681569582,0.2549027305,0.6144809507,0.5632638300,0.7568420127,0.1583951259,0.9239889424,0.4441929218,0.9247860342
1.8158362523,0.5608234720,0.8960860880,0.2823089417,0.8135215233,0.8565761299,0.1765728729,0.0989655354,0.1860422223,0.2440753659,0.7385643201,0.0531552717,0.7445391635,0.5385887920,0.6029496948,0.0020502411,0.3798220992,0.1668030945,0.9069849200
1.6635267117,0.3920509484,0.7579230485,0.5351670313,0.7584386251,0.5151024894,0.3730396269,0.6619172397,0.5075285822,0.1060558609,0.3310643163,0.6402486401,0.1948141159,0.9899248053,0.8670651426,0.8031106389,0.5516010805,0.1137840593,0.4443294561
1.7530167428,0.4495085329,0.8876976430,0.4972262950,0.9296121781,0.4558117835,0.4351330510,0.8204589265,0.2731095014,0.7783845763,0.1294786833,0.2465100853,0.4242101913,0.7839296665,0.7510316591,0.6314567371,0.6485870672,0.4007025635,0.4559739588
1.4797741120,0.4488742708,0.8312035668,0.3001597280,0.0827278272,0.1524008949,0.3639231886,0.5117832440,0.3893107020,0.0766499895,0.4925463073,0.5395111076,0.9891861978,0.0423786006,0.7653338620,0.2444110902,0.0723407224,0.2155252770,0.7213346069
1.1299762753,0.7773642629,0.6671628026,0.3255541078,0.2098079735,0.3427813416,0.1277909461,0.2613760127,0.5308515410,0.8047636893,0.1083230916,0.5061690325,0.7387839017,0.3515944582,0.7706098303,0.1085703719,0.9280229560,0.0142591745,0.9185615128
0.8727551176,0.8181444488,0.9514240602,0.5085829520,0.3990327522,0.3514571219,0.0182148203,0.2031643910,0.0670813695,0.4506525539,0.9680716143,0.0032031709,0.7063969856,0.0646654467,0.9883330097,0.9827356445,0.8346069545,0.4480012216,0.7357395507
1.2750202726,0.2683939984,0.5316995682,0.1180816017,0.2023425572,0.0742318261,0.7490858327,0.2644946395,0.2499677277,0.0285131554,0.3992227114,0.4285039667,0.1080704095,0.2450184279,0.7732182401,0.0238675663,0.7020459722,0.5364287693,0.6100389742
0.5617812661,0.8786054702,0.5636087581,0.4801058715,0.4801701991,0.8421320742,0.7963195541,0.3122505018,0.2451416161,0.3066451097,0.6614556851,0.3338034930,0.8595585257,0.9818951232,0.6400342926,0.3158311810,0.8745600757,0.7189516488,0.7913553862
1.3702909134,0.6435430970,0.2183681127,0.0088354606,0.2287555746,0.2122632040,0.4295219855,0.2655021289,0.6884019034,0.0168730089,0.6969097903,0.8675999438,0.8389637944,0.2315772758,0.3313295926,0.9535728228,0.2359527249,0.5859889920,0.7460493068
1.1189242556,0.2753465442,0.4381108346,0.0811661941,0.4696017908,0.8905768284,0.4601410058,0.3917914735,0.1281273057,0.0930084184,0.4777800933,0.9798934104,0.4432272898,0.9926942287,0.7506836292,0.0467516691,0.2655015170,0.1450546018,0.4296590174
1.2564597376,0.6573219766,0.1576953025,0.4835819822,0.1597200855,0.3282823153,0.4013235012,0.4486238064,0.5754115697,0.0858254832,0.9766059183,0.2849338108,0.5893570863,0.7563472825,0.3731408413,0.0797148200,0.1005164423,0.7039793716,0.3603197186
1.8541455720,0.7679360486,0.8673846301,0.9966968451,0.7789766378,0.6795507514,0.4569246163,0.4746007556,0.3706437914,0.5735226346,0.6600405281,0.8755625407,0.8238188029,0.9759096315,0.5143708562,0.4240126088,0.2540167356,0.8186686098,0.5050923027
0.4622877313,0.9113649167,0.5700770628,0.1807475816,0.3835939317,0.4534082936,0.4560306781,0.9683065018,0.3792647622,0.9023521690,0.2275348186,0.1759706167,0.5545960237,0.3731701395,0.3108390523,0.2448794426,0.0468041491,0.1800309438,0.9629000701
0.9370808427,0.4394136259,0.1658162034,0.0052278098,0.4925179033,0.5618795729,0.6873216144,0.2718516977,0.8298449367,0.2021769430,0.5327494264,0.5625635854,0.2160041779,0.5621775787,0.2087044072,0.1869126296,0.8548762426,0.6751842647,0.9157077576
0.9271789009,0.1648969403,0.6787436257,0.9713592439,0.0418822219,0.9828086377,0.0508182933,0.8624735753,0.1604118738,0.2414966155,0.0757369624,0.4779640013,0.4514026229,0.4154189872,0.9889190668,0.1895157923,0.0881076898,0.1255313893,0.4182237450
0.3888297966,0.0757477420,0.2511950852,0.0580444713,0.4139025141,0.2151168114,0.3983360765,0.9934698322,0.6601953819,0.9170862992,0.0842760484,0.0730348479,0.2195711094,0.6535409066,0.9855753278,0.1747279734,0.1879181148,0.9912072931,0.8709406788
0.9537731918,0.4246642820,0.2416895244,0.2852270891,0.3389844026,0.9326982688,0.2547359235,0.5171425232,0.2579563482,0.6327270234,0.2045282161,0.4851719945,0.2092871977,0.3634441747,0.7805579474,0.6424949276,0.1726374578,0.3379559617,0.4865428064
1.5143262442,0.6547854408,0.4727521913,0.2525041892,0.7638240382,0.9959002625,0.5113672676,0.1642266053,0.8081258477,0.6256454569,0.5100177606,0.6766932895,0.3077620401,0.1119875017,0.3628880133,0.0019950835,0.6770694263,0.4030169711,0.2447218748
0.6366174285,0.8913178087,0.8866620082,0.1451777485,0.3791726685,0.2958136328,0.8755046806,0.0106586114,0.3660031694,0.6435965693,0.0756505569,0.5276460496,0.2985639828,0.4020014700,0.1452912506,0.5453717476,0.8969679781,0.4686426860,0.9707148364
0.5318489514,0.1142268993,0.0948533362,0.8975002682,0.4302615811,0.8694151301,0.2850178154,0.0181652453,0.4289734488,0.2589458114,0.0149259605,0.0515070058,0.5731144705,0.0283257945,0.5234459242,0.1679971844,0.2217048847,0.3503190840,0.0837841515
1.4276978098,0.3538035673,0.9461845687,0.1566022841,0.3389769105,0.9888427419,0.7254642722,0.7651827988,0.2177428008,0.0190981197,0.9289864993,0.3463465234,0.5586270631,0.5163129853,0.3193532501,0.9842822285,0.9386472531,0.4863113795,0.6773740641
1.5014375813,0.5008852876,0.1226298097,0.8082687292,0.6437421880,0.5123468204,0.6250775525,0.0391727852,0.0977083928,0.0103086412,0.8360680711,0.7454271692,0.1428953951,0.8438234166,0.2094180761,0.8278998749,0.4627185838,0.1761185261,0.3070989522
1.4105724588,0.2320516863,0.7605274404,0.0835030303,0.0269667657,0.0974013959,0.0334464073,0.3955687632,0.2080906760,0.7382013956,0.5252225288,0.5447914834,0.7873730780,0.9406044627,0.8551559257,0.0966253199,0.3010752946,0.0246066110,0.1893721439
1.7385344935,0.6015603396,0.6911768615,0.5835107883,0.3143208334,0.5391383561,0.1910746129,0.7915610878,0.1164176495,0.6387775515,0.7842233731,0.5618663531,0.1820733643,0.6070556760,0.1195014779,0.3356883644,0.2864467809,0.5722064355,0.5336081199
1.6252057949,0.5674055168,0.5124548908,0.1530799193,0.9583768276,0.2964655831,0.5898164828,0.5278715516,0.9392022314,0.4002502890,0.4691853763,0.7651365572,0.8477739253,0.8234808926,0.7171377714,0.0596114658,0.1322872777,0.0133966176,0.1642445115
1.6867451477,0.6792962461,0.9117898194,0.4947221972,0.0209772204,0.2131140734,0.5745059630,0.4643358477,0.3971340277,0.3554776125,0.2903907201,0.0137984751,0.2351479586,0.5552563185,0.8391154154,0.4459336813,0.5805381165,0.5727033181,0.4091781532
1.6296208701,0.6307691327,0.5575039873,0.1704587502,0.9257075666,0.8630308084,0.7105751709,0.8192132371,0.1065226620,0.4490342232,0.2176557704,0.6072767735,0.4148261834,0.0668102685,0.5273941488,0.9851271162,0.8032624889,0.7300051017,0.5692862427
0.2767378425,0.0222177865,0.2319676980,0.8028403499,0.7384674757,0.2438518434,0.0866123618,0.3169695167,0.3694744953,0.1394134523,0.8025123443,0.4360084259,0.0473111295,0.8063609160,0.3968024699,0.4255334872,0.1517153986,0.8667601288,0.0193411926
1.3785840156,0.3706842009,0.8951546222,0.2164098961,0.6245206332,0.7691562460,0.6195998616,0.9934878507,0.7616026602,0.3038995757,0.9006773605,0.6210905669,0.0558149328,0.1310275369,0.7175675162,0.4839345185,0.7732900862,0.2851119207,0.7648087250
1.6889943949,0.7360532350,0.6065625330,0.9963049429,0.2227758854,0.3482578640,0.7707652900,0.8042551835,0.0454549086,0.4528566870,0.8738682930,0.0289559583,0.6855538905,0.1232754752,0.8418816803,0.0695005131,0.1879434269,0.2897140773,0.1114991261
0.4095760886,0.0560102177,0.2341965562,0.4963509675,0.2788332435,0.5443606190,0.2116123062,0.9194832731,0.3357484197,0.1179489216,0.2681742619,0.5274011183,0.9553148088,0.2040941702,0.3530952824,0.0414042018,0.1297182431,0.4384296136,0.8631270166
1.7081382166,0.3930330645,0.8135574965,0.8032106600,0.6010280799,0.3700179725,0.6662823930,0.0440116295,0.3379688367,0.2133108230,0.2960452873,0.9025061181,0.5257607181,0.7872022963,0.4052837482,0.5195584542,0.7568932349,0.2810881713,0.5366338186
1.2997606234,0.3584692673,0.4398136118,0.5072403585,0.7416182233,0.1719678703,0.7090310962,0.9765801275,0.3024357434,0.7705477657,0.2426327647,0.2350564510,0.7727781764,0.6169012720,0.8740974940,0.6126084130,0.6914655339,0.5430456228,0.0849007694
1.7307738189,0.6566040719,0.5134591163,0.9288756081,0.0883762647,0.7008435787,0.7190833264,0.9740525190,0.7054434597,0.5552795145,0.0399898335,0.5595950728,0.1877934443,0.5244566533,0.2174870227,0.1631803785,0.7085335704,0.5854269679,0.9041060869
1.6400950859,0.3928031273,0.7913458728,0.9123771603,0.8616265539,0.1418841044,0.7498998192,0.0990088189,0.1753661221,0.3642599255,0.6352700344,0.8033706934,0.4319256786,0.9746854144,0.4535042710,0.1876727461,0.7679168503,0.1964823074,0.9507495060
1.4955897580,0.6740359161,0.4363658524,0.4503838942,0.2756294488,0.9140563636,0.6255854356,0.5286297923,0.5360274509,0.5971497075,0.4717258240,0.1122497246,0.7799183087,0.0061709545,0.8366900197,0.6557676343,0.8121144413,0.5762569431,0.1059772059
1.2727444548,0.6787158273,0.1144453135,0.7148335231,0.7616088484,0.1394699668,0.6415830601,0.6602436322,0.1389231883,0.8042109727,0.6749955225,0.3721918396,0.9952777947,0.4800409149,0.9796831985,0.0691357924,0.0801208026,0.9968119723,0.0702296042
0.9395087649,0.7246626743,0.1207759897,0.2147830219,0.0726619144,0.1626582349,0.8209741620,0.5292083369,0.9479337343,0.8975639792,0.4373375793,0.8496190589,0.4199684998,0.4028681405,0.8088278155,0.5246588639,0.6264950744,0.4766417634,0.3777847696
1.7221094295,0.5017689141,0.8858666177,0.0384208491,0.8030617764,0.0265919133,0.6080468027,0.3004632871,0.7876168754,0.7698938842,0.2821867772,0.1883910733,0.5135305788,0.3720276029,0.6741978043,0.1595189108,0.0124038771,0.9283148099,0.8116976140
1.1313023127,0.7570528169,0.5055434936,0.2007515846,0.2800996166,0.7584501762,0.9462633119,0.0880036523,0.0433889941,0.2943011812,0.4117816412,0.2557817673,0.7888357610,0.6135303786,0.6910018799,0.0255470466,0.6699398251,0.0530817124,0.3122932246
0.2096484129,0.8659402072,0.1178582535,0.1489782805,0.7907712385,0.6135800693,0.3392322605,0.1622655042,0.3778428055,0.1591964841,0.6895801321,0.0486466561,0.4833643683,0.8324771609,0.5832181494,0.2742153389,0.2548141461,0.5398810583,0.5796585690
0.2596176185,0.8807722327,0.1070573574,0.6136992291,0.3420350499,0.2264317589,0.2624254483,0.1680007219,0.3243872869,0.1492501843,0.1653686346,0.5140312945,0.7761933935,0.0727860137,0.7728587144,0.4976232626,0.1886617185,0.2810512079,0.7656322847
1.8179559840,0.6229151056,0.8712180266,0.3059552143,0.8454713374,0.1720037731,0.1051707127,0.0785890208,0.5624696652,0.5746226545,0.0712460647,0.3275647702,0.0871517602,0.5267959843,0.6316976746,0.2645941489,0.0559635526,0.9283899472,0.9662105422
1.5343506937,0.4004399474,0.5354673709,0.5467974048,0.0651874292,0.9114894803,0.3403631126,0.5731415954,0.5711601607,0.5409606571,0.7755693297,0.0775148873,0.4590203589,0.6713898234,0.7024700575,0.9856344170,0.0330693996,0.5702611876,0.3140868902
0.2690748373,0.0363669948,0.2364425778,0.2156246297,0.6387950932,0.3518353646,0.4559968614,0.4899875112,0.7868887903,0.5150154943,0.6753295859,0.8796228879,0.9950761297,0.6513169572,0.3624949142,0.7174273971,0.5080672769,0.3095236779,0.3537199453
0.2378960711,0.0039540092,0.4112137648,0.9976810279,0.2466704214,0.6624369791,0.7937728626,0.8048768011,0.4667974421,0.5462537897,0.7354772576,0.9991546995,0.1674850506,0.9591249519,0.7534045397,0.7897138737,0.7671692919,0.0168474551,0.5889503670
0.6234701171,0.8799294887,0.3905721037,0.7779479950,0.5958809814,0.5676774856,0.6720280120,0.4593706860,0.3924631988,0.1911905616,0.0273325811,0.8139063330,0.3849237469,0.0917582238,0.8027444157,0.2907920594,0.6318997629,0.1930855663,0.5408561372
0.9352911896,0.0948880834,0.9543701370,0.7850465635,0.9154486472,0.2646632455,0.8169455536,0.8061262964,0.0687254099,0.0300070556,0.5968966017,0.8633630742,0.2317695960,0.4682525423,0.6100882633,0.0478782837,0.7826409450,0.3397007904,0.5613631659
0.9179078623,0.1114805050,0.9269679843,0.9076944542,0.3539003182,0.0927012001,0.9104448436,0.1157312939,0.7401637137,0.3099745872,0.8064867397,0.4376170445,0.7854827808,0.3323796376,0.0042213486,0.3196618649,0.1216638601,0.4657006321,0.9424063880
1.3828518569,0.7375983951,0.5137984007,0.7876583268,0.1628299587,0.9490957803,0.3108790558,0.9483948870,0.1412723172,0.9640447798,0.2787097103,0.5220753790,0.5102862965,0.1481597340,0.5395783398,0.7099055160,0.3532134276,0.8707838726,0.1054075734
0.3798280298,0.0649150647,0.2553457630,0.8668364942,0.6258100081,0.2716282469,0.4082562898,0.1194898188,0.1863690402,0.5088734859,0.8759626651,0.0439025296,0.1331082799,0.6170802452,0.6417413643,0.4738229678,0.2298974284,0.2362313710,0.6629386155
1.2937085561,0.6570988902,0.1484214901,0.6770541799,0.7335383008,0.6880147952,0.3401216736,0.1571930483,0.0650158740,0.5817036341,0.2951234244,0.5236656952,0.9982241774,0.9168979516,0.7976161736,0.8560069354,0.5697257619,0.4885275761,0.0520379991
1.0124273422,0.1875196334,0.5577059960,0.9001711547,0.7804913885,0.7538288963,0.9359311308,0.1684135566,0.0518366280,0.1680545535,0.9328191200,0.9775046236,0.6993737485,0.9661449803,0.2933078425,0.0693674004,0.2142881899,0.8481940571,0.4393497289
1.0945192317,0.4524400921,0.1704415216,0.1648787523,0.8796056554,0.5755174628,0.8977268444,0.4030023387,0.2763838765,0.3122948973,0.2544764088,0.0431945758,0.0197903417,0.2007652850,0.6794551914,0.6787190979,0.5866334701,0.6139038893,0.6025216957
0.1281499988,0.8617218685,0.0368217211,0.2572303032,0.7359304016,0.2235118968,0.7817103459,0.4464845894,0.9966969170,0.6370608084,0.0403883388,0.9755962042,0.4142456935,0.8362419445,0.8213688240,0.8556814432,0.3928018498,0.5203946539,0.4719173163
1.4209911028,0.5416938137,0.4217950132,0.1501881268,0.8159925702,0.3275221776,0.3940362621,0.3580866198,0.1619526270,0.5918469242,0.0450342246,0.5501121980,0.9154460385,0.4330863603,0.8503514938,0.0709401400,0.2835298655,0.2572582202,0.2685515827
0.9057426961,0.8285552609,0.4402192375,0.7569395493,0.6567948568,0.9163950484,0.7243175529,0.4306867331,0.2999372773,0.0197477760,0.4182712558,0.5935239093,0.4932449438,0.0893076847,0.5988060028,0.7516651222,0.4905539524,0.7599501057,0.5257376277
0.5831948852,0.7923533849,0.0502107532,0.4535945751,0.4774609839,0.0680988570,0.3958432394,0.8031131994,0.3641719885,0.1002515539,0.7051204557,0.1660004603,0.0529835605,0.9223763367,0.1172878634,0.4218496579,0.9366486440,0.9104157134,0.4964058288
0.8332677273,0.0623002759,0.7863321332,0.1225102617,0.2263117423,0.3697831811,0.0506045534,0.5012141436,0.2373501182,0.1554533078,0.7845268942,0.3651156254,0.1783975474,0.7835537245,0.3090736095,0.7944336709,0.2571840975,0.1040537973,0.0050673360
0.6320513201,0.1025635221,0.3831343799,0.8870971050,0.9848256377,0.0483863534,0.9779616633,0.2327484049,0.6633948594,0.6206975178,0.6442958353,0.3317529336,0.9540788357,0.4301847165,0.6669789145,0.9410690461,0.1589572523,0.2195945009,0.8717706459
0.7323856806,0.0835445595,0.6263923333,0.6800124620,0.7106428545,0.3937588591,0.2020820912,0.9174600563,0.9167558371,0.3595056722,0.9008671781,0.1713006082,0.8275272203,0.9543339381,0.2882293674,0.9521952783,0.2126639354,0.9444406845,0.3335602370
1.4122547070,0.6363439742,0.3236472584,0.5655155222,0.9055942840,0.6276805661,0.3832756407,0.6714060865,0.8356110898,0.5914385493,0.2888146015,0.6852887737,0.7775180193,0.3667099743,0.9070590488,0.6242387884,0.7252163115,0.2359269062,0.8510728569
1.4172594727,0.4882695050,0.1045823039,0.8747235236,0.7103749548,0.0541954826,0.5572960730,0.7757606563,0.1230749977,0.4572011085,0.5868522187,0.5109926019,0.6753621832,0.1369032660,0.5694154477,0.8146958357,0.4606396044,0.8698363568,0.2077256855
0.6369716982,0.8402562047,0.4491325482,0.4659389344,0.9182911468,0.7200000061,0.2444433945,0.4180292198,0.6175381725,0.7162251758,0.7263804505,0.1964788830,0.1045183140,0.5553476283,0.6521615604,0.8508807910,0.2257592150,0.4232995403,0.9054897260
0.9514472391,0.1417695853,0.5554245541,0.6380254788,0.8837923461,0.3534232868,0.2025275003,0.9962219682,0.8394617521,0.5163698101,0.2925640428,0.8814879883,0.7214831090,0.5142904314,0.1040994483,0.2694612267,0.7930628062,0.5669535165,0.8318119069
0.9557498245,0.1846684067,0.3819469890,0.3798925544,0.2683503289,0.6990343653,0.7134112311,0.8660982357,0.8732820747,0.5385001258,0.3579135211,0.5564317136,0.9169848525,0.2988880494,0.3012257240,0.3119645064,0.2916119703,0.8640998723,0.0076847969
0.4186416114,0.0666961232,0.2151644185,0.9011427503,0.9702913998,0.0047895186,0.0220093599,0.8295404955,0.2609189587,0.5393314829,0.7524401865,0.0408979564,0.4591435440,0.7509523688,0.7595585772,0.9331505966,0.0983371900,0.9442869668,0.0304426176
0.2770679002,0.8621883433,0.2194445707,0.2406726915,0.8445373582,0.5387937223,0.2179079977,0.1444368443,0.3995490261,0.7736198386,0.7537435231,0.9398695800,0.9152462382,0.0973273027,0.5391990317,0.1505381235,0.0957155773,0.5237697479,0.9346840925
1.5945328122,0.4902796053,0.8592237218,0.0175116529,0.0750981215,0.0631809279,0.0897643340,0.2975203733,0.7169361863,0.1013979047,0.4193653657,0.3228285784,0.1583526301,0.6915920389,0.1959140616,0.2881661424,0.4309035269,0.6456076005,0.8792848018
1.2007431510,0.7336544106,0.0811621049,0.7497174170,0.6559167115,0.3697473313,0.1569574039,0.1564591731,0.3209436389,0.1724412209,0.2923107634,0.4832630032,0.3012520097,0.4732779314,0.7081136879,0.1313345650,0.4008583054,0.8390917640,0.9861006272
1.6840273811,0.4561357070,0.8774687121,0.4775224426,0.8972298764,0.8637638088,0.1764898369,0.1508601811,0.8913285565,0.5239277780,0.0515252542,0.8811064525,0.2420814432,0.4128568878,0.3586432683,0.1572009526,0.5883663062,0.1784017103,0.1336686047
1.3423778734,0.2193532682,0.8839634851,0.8451665963,0.9317029991,0.2147925258,0.6918389282,0.4845455978,0.9902619549,0.8616786479,0.9229887631,0.2139621681,0.5669333294,0.5145224619,0.8830179352,0.0984541357,0.9481580993,0.5174352132,0.3422761895
1.8142917923,0.5906396068,0.6498593843,0.2217431471,0.0119112717,0.0374355508,0.5158859978,0.7142915427,0.7285785595,0.7426623607,0.5645538352,0.5562496553,0.4612211232,0.1613571318,0.9466142929,0.0204121590,0.9085369564,0.8668549968,0.3783095338
1.1361584121,0.2287400528,0.4020823938,0.8262690954,0.7547170485,0.9935201143,0.6734010784,0.8280611452,0.6373267147,0.4959806080,0.7358322073,0.5256474740,0.9164127061,0.4934179875,0.4129263630,0.8299116412,0.5339275189,0.8220591905,0.3797209978
0.7102042989,0.9301241946,0.6605677732,0.8467610046,0.8932111007,0.5579627150,0.4246804234,0.3522651234,0.4665751155,0.6978623780,0.9724924735,0.0094431662,0.2130004301,0.5716727742,0.3774650097,0.8939507852,0.8285265952,0.0819080230,0.8229299841
0.6399047508,0.9157989125,0.4352311036,0.8327178184,0.7644511450,0.0320287359,0.1755318974,0.3537232916,0.0263760033,0.3223947610,0.6995018289,0.6854602497,0.2455623293,0.1814507974,0.8448900482,0.5147964875,0.7712556551,0.6465563913,0.9303791641
0.8205461389,0.2134231417,0.1504299319,0.5679011855,0.0294564534,0.7298454358,0.5472625181,0.7187162061,0.4985920949,0.6854206036,0.6545333310,0.5573949654,0.4136651573,0.7560199291,0.8515811403,0.3130756241,0.6242855339,0.7389591644,0.4610109305
0.5468920095,0.9055719310,0.6809843884,0.4878197583,0.6427303023,0.6588649820,0.0297434260,0.0518785281,0.0680305387,0.7825696466,0.3193091057,0.0400370726,0.7022937815,0.6605175517,0.1778689320,0.1522182405,0.3134284580,0.4140327047,0.7751112734
1.1974306689,0.3160607257,0.2970429221,0.6323761745,0.3398263146,0.4073193073,0.9726286042,0.8852179224,0.1955786305,0.2368089401,0.6884555161,0.9579890424,0.6456836448,0.3074486749,0.7948458489,0.8248021070,0.8774186092,0.3713021668,0.2981834294
1.0157348891,0.8013040628,0.8448954150,0.2476467422,0.6892352562,0.5405832248,0.8873376405,0.5512268686,0.9384674395,0.0358975955,0.3985447539,0.0000650714,0.6353195320,0.5229501828,0.0860496827,0.6018159597,0.1990780891,0.8751360453,0.0737028479
0.9753341918,0.0561390510,0.8388815371,0.3142765187,0.5768849281,0.1308921450,0.9655918141,0.3619564298,0.1434805365,0.8823455830,0.0657654155,0.7541612471,0.6664524073,0.3954748704,0.7940225958,0.9293267451,0.4579857408,0.1403734602,0.8847173723
1.0319027447,0.7943097102,0.7351610909,0.3532318377,0.3160051467,0.8857821861,0.4604382470,0.4299763614,0.3876961227,0.1381056467,0.5058476318,0.5318552513,0.8073700437,0.0019588690,0.9879322917,0.2336698936,0.2352422779,0.8210400461,0.3488547388
0.7204546768,0.0070638211,0.8611840900,0.0588920916,0.2650612837,0.4341538447,0.0149193197,0.8974030979,0.9524889779,0.2281827959,0.9529066145,0.2002237525,0.4594218447,0.3417035942,0.9639577839,0.7239221916,0.9117424433,0.1558904152,0.0216492554
1.4907035129,0.6396666504,0.4011455303,0.1095674357,0.1652544106,0.0104884838,0.7997896747,0.7382368280,0.0038592057,0.0808643172,0.3381792958,0.3389482682,0.4610754636,0.9166549391,0.7078202139,0.0479809022,0.7037552468,0.4114898600,0.3878055598
0.8205007811,0.2122944138,0.2219816977,0.2377708756,0.7285057848,0.1107965168,0.5319515986,0.3663050847,0.1298979326,0.6071195467,0.8712464455,0.8888934857,0.4271741777,0.6097582814,0.5602555536,0.5691535637,0.0116959857,0.4398889933,0.2041187753
1.1541415191,0.4304566353,0.0795352418,0.6168648494,0.5008845265,0.4985142690,0.7323253555,0.0371600142,0.8565472484,0.4003031097,0.7430020697,0.7675184950,0.9414548967,0.8732369874,0.2079054550,0.4870153621,0.5892784150,0.5048403714,0.9951717867
0.6830944122,0.9463005164,0.9878480868,0.1446037219,0.5829073313,0.2712124567,0.3462947892,0.6519801053,0.3722101796,0.1779688369,0.5486644818,0.7617652947,0.7848682969,0.8030744323,0.9302089758,0.7378367347,0.1292177230,0.5783021956,0.4694670835
1.3624884206,0.3132763946,0.5636993505,0.5631535080,0.5499891709,0.1656326276,0.7796860403,0.8241254048,0.6356501350,0.0325652641,0.1909355643,0.0210451803,0.7138247223,0.1304770625,0.0707490840,0.6508884866,0.1365634474,0.4996844509,0.8135061340
1.4341273022,0.4711548807,0.0726782694,0.9152032635,0.5192844307,0.2028166187,0.6325971536,0.5641678606,0.8036085871,0.2944943922,0.3641704966,0.5349509197,0.1366358571,0.6359966880,0.9412226945,0.5391128889,0.0389652308,0.7579315796,0.4714404145
0.6595027406,0.7556603141,0.0374359537,0.1229500482,0.5256342538,0.3500966759,0.6236411036,0.8721376268,0.8732191550,0.4693278993,0.3145005895,0.7131179445,0.4859955644,0.3953949351,0.4330290250,0.9682611376,0.2647737018,0.3964978545,0.1347861173
0.2323538656,0.0409654382,0.1199462608,0.1747276471,0.1858372799,0.3546171854,0.6536828001,0.4045410314,0.5969622924,0.9078282833,0.4687878120,0.2330574693,0.7749161106,0.4435817493,0.9482485805,0.3716003365,0.6014259533,0.7734913585,0.0725342334
0.9437787305,0.0741990836,0.8814469798,0.3093686372,0.3332962780,0.6971226970,0.8355532304,0.5861988311,0.3654805771,0.3476137242,0.0784637607,0.5541748625,0.6605029037,0.0881106899,0.0013409678,0.7514968097,0.1791740364,0.7162818490,0.7987694579
1.4927943203,0.3540513065,0.5858588667,0.9986556651,0.6661417553,0.9535318737,0.6412393081,0.4459605480,0.7166654023,0.2670270223,0.1015882824,0.2939509740,0.1832903848,0.7388547937,0.4789381980,0.8821330560,0.6938940592,0.5826906782,0.1096988434
1.6055251294,0.4639553114,0.6610301150,0.5193967078,0.0244457636,0.9980873223,0.9425761951,0.9540355880,0.3739564213,0.6245774586,0.8870594770,0.2095822690,0.1831312439,0.8726283391,0.2382343782,0.3000502202,0.3063628375,0.0113553001,0.3811056144
1.5491902585,0.4130352597,0.5368516256,0.8872522844,0.1583737527,0.6531616150,0.0918335300,0.4672784964,0.3159364885,0.5507552924,0.8611017081,0.5263116802,0.5973968246,0.5410544687,0.1541731034,0.7518401735,0.3974291634,0.0486822096,0.6777166592
1.3297989793,0.5542856241,0.0754601112,0.1133316167,0.9505977862,0.6821466361,0.8995195489,0.5079666345,0.8348142520,0.2141939152,0.0433101416,0.2092138176,0.9415419234,0.5860136184,0.3599466425,0.3011058025,0.0288694525,0.3226999643,0.0721825112
0.9591700442,0.2040640437,0.4229707786,0.0151718808,0.5448994028,0.4730572652,0.5861005688,0.3590806757,0.7652921854,0.4074926021,0.1496693036,0.6543285139,0.5750907336,0.6659038565,0.2637495779,0.6678184974,0.3818837713,0.4447980345,0.3331945875
1.7836069054,0.6825691553,0.9144555760,0.3721857447,0.1698653347,0.0465758378,0.0602300664,0.2339197240,0.9849677807,0.0060523361,0.5449668857,0.7323598069,0.6203687167,0.6250735986,0.5145571141,0.2945511746,0.2578093478,0.7280901434,0.8116378613
1.4731118550,0.4071105449,0.4032824822,0.5948886488,0.3064041285,0.7757447881,0.0918182385,0.8587973223,0.0185677785,0.5448984279,0.2970935998,0.1671809726,0.3501578638,0.5687521731,0.8124933196,0.9775379312,0.6678211444,0.4352907783,0.4667995844
0.9768104577,0.8740732635,0.1033936687,0.9687278446,0.5911930528,0.6777049869,0.9506609047,0.6876677909,0.0858857076,0.6427380217,0.4944333062,0.4059198121,0.6173185243,0.5081074248,0.6948076413,0.8365468130,0.7035659081,0.2990982946,0.8276336879
0.3215344004,0.9770810791,0.2995917393,0.7493318569,0.6553461695,0.9120736897,0.5457135154,0.9952767226,0.2234339334,0.8338711444,0.8738172185,0.9165610679,0.6976390186,0.6635164851,0.3890680765,0.5746849062,0.3588720330,0.2649494415,0.7213260625
1.4856443372,0.6906907285,0.4838917113,0.8033534886,0.3938517938,0.7182357939,0.3714701752,0.5632650485,0.2039500586,0.9624018379,0.9100041690,0.5984005366,0.4285370221,0.9441903531,0.2888442433,0.8204623524,0.9634130732,0.8700041783,0.7297690693
1.2384024355,0.7446003801,0.7136111004,0.2554180225,0.9435076100,0.4355249427,0.9798105073,0.6875050507,0.8222865662,0.3463019927,0.9898287742,0.4953159809,0.2542986128,0.7852335408,0.6679360287,0.2738205108,0.7476546158,0.6274027592,0.4531505763
0.7082479916,0.9570715310,0.8173314206,0.7897485308,0.3493633518,0.1547102610,0.3865317968,0.2655260721,0.7658845044,0.0621672708,0.1546676468,0.0467965750,0.4658893434,0.4375042141,0.7813896320,0.6019602329,0.5369653269,0.6790723978,0.8159891058
1.4869217342,0.5590927941,0.3727166487,0.3284194089,0.4402546361,0.2447086878,0.3967864520,0.1142777753,0.6135536314,0.1215562500,0.9133844849,0.2112466442,0.2539596361,0.3334611091,0.4564782230,0.8419780005,0.7074287118,0.3053240896,0.3860953989
1.1509512591,0.1176144386,0.8440215102,0.3855693320,0.4401263360,0.5069479273,0.7426244555,0.2973254538,0.3304158958,0.9396391737,0.9870013699,0.7709127643,0.6346742080,0.8077081749,0.5217785775,0.8260046583,0.8777540446,0.7812830906,0.4203959308
1.1885578949,0.3803074009,0.2425397877,0.4659922087,0.0845773096,0.9157023101,0.9356109639,0.4351041245,0.8488577111,0.6081126650,0.3584140389,0.4231607893,0.6835291273,0.8623897086,0.9052997008,0.1129883653,0.7543618977,0.0255981083,0.5479619626
1.1206765920,0.3118928144,0.3828967285,0.6045919368,0.0514340084,0.8682498993,0.9105156534,0.0003221786,0.7378216741,0.8122219889,0.3886021126,0.9721062179,0.2186412528,0.2347396567,0.1743595976,0.9457045566,0.3661750945,0.3601086181,0.9986945939
0.8951116589,0.8450544366,0.8001858196,0.0514878942,0.6032990113,0.4443303814,0.3770961164,0.9501915896,0.8700154696,0.5998846150,0.3244479739,0.2622152634,0.1358401153,0.0365527150,0.9814661810,0.7543264911,0.2255850267,0.1353375316,0.1096962633
1.4444716320,0.2944633507,0.7211950055,0.2667165948,0.8459923598,0.7093000038,0.9334224918,0.4005344455,0.6766452153,0.0266678149,0.2639705770,0.7939344287,0.5078400458,0.5911951915,0.8810980097,0.4664223943,0.2329622349,0.2328210903,0.4695686117
0.6602631572,0.8970936973,0.8103246843,0.3245061022,0.7640932855,0.6287752073,0.8112979298,0.7092163501,0.8384602363,0.4021811093,0.2358216590,0.1527130961,0.8401306356,0.5816401156,0.4531946649,0.9354926078,0.0633950018,0.3469801656,0.5886512857
1.0682283996,0.2691004156,0.1392993943,0.7839876134,0.5146600853,0.9625778525,0.4238133100,0.6981182943,0.4376509490,0.6350237493,0.2683850502,0.7741679105,0.7914830858,0.6361231212,0.1797366018,0.6160860116,0.6762354243,0.3231706719,0.8340583126
0.1051344835,0.9637797155,0.1063937769,0.6663128064,0.9370562372,0.6126169015,0.0103781569,0.5495481370,0.1862697581,0.2741080527,0.5869408752,0.9709547102,0.4545863688,0.5379152661,0.5048987595,0.4781624258,0.9540399716,0.6030663197,0.8229265136
1.0673496439,0.3176139136,0.0209501261,0.8120752714,0.8174364418,0.0110266170,0.4533123566,0.5405257993,0.5361696437,0.3001090697,0.4741346808,0.3868580282,0.3696284947,0.4774294928,0.9210829919,0.0660070903,0.7106506460,0.0578337187,0.0117428583
1.3555407047,0.3374656478,0.8512481575,0.1344638025,0.5166105984,0.2255814742,0.5042615703,0.3074604355,0.5368678742,0.7716110781,0.1327122791,0.8996599848,0.8769770389,0.5352973445,0.7922044002,0.3129321838,0.7928898725,0.4162172885,0.0241696065
1.1716028659,0.7655176707,0.7020464927,0.0550443011,0.2659020379,0.7706358379,0.7929273718,0.8324877516,0.5339939275,0.5031579813,0.4252949567,0.0461182616,0.4684294388,0.4515583758,0.0691994095,0.5217973735,0.7209730502,0.8890626194,0.0856497936
1.3283342846,0.2808743497,0.6994280597,0.0748788698,0.9731891606,0.2971399795,0.6898117446,0.6023638478,0.2713177107,0.3609063280,0.2323330133,0.7241942466,0.8942459893,0.6214899323,0.6022083245,0.4756976280,0.5225893180,0.9764724077,0.0089946336
1.8587307523,0.5752388347,0.9958744305,0.3981079381,0.3254240263,0.2425373966,0.6143650013,0.8905719554,0.2200502165,0.5537332911,0.5825895869,0.7081893722,0.7343483417,0.7704360853,0.1652634541,0.7720142500,0.5762749663,0.5553804114,0.6526578999
1.5497902546,0.5596394774,0.1408237254,0.9041236244,0.4687461365,0.3524159927,0.5997568714,0.1510676133,0.4289802345,0.3063015293,0.2865244403,0.2425130010,0.5227807743,0.2499908523,0.6684031611,0.5858430961,0.7320833831,0.8410017355,0.0030170377
0.0892962524,0.9679984176,0.0838371309,0.4546807834,0.2626325545,0.0301654492,0.8768304155,0.6094612427,0.1210622167,0.6257091628,0.4067994843,0.1257163019,0.6414878429,0.0038611839,0.2284486878,0.4090177027,0.1712629999,0.7936875678,0.5755446616
1.1307077322,0.9858421321,0.9695647936,0.9953534431,0.6535360778,0.5845337415,0.3524461709,0.3914400903,0.9281099659,0.4169450692,0.9060991478,0.4376687757,0.3009890754,0.3269404970,0.4653470157,0.2997689893,0.7391617294,0.2083448780,0.5781985299
1.0664738953,0.8091630289,0.9731004200,0.0763208364,0.1355195938,0.8879126054,0.0251999735,0.7146844158,0.9280923672,0.6032894214,0.6734906584,0.5330019217,0.7696578966,0.3629944802,0.0586910086,0.0563273506,0.6518701471,0.5872267659,0.3481426092
1.5633051603,0.5228721480,0.7045778892,0.3822696299,0.9611348482,0.0643042446,0.5922655768,0.2119014830,0.8022964647,0.5129976818,0.3654583130,0.0904450284,0.7822559354,0.9975828560,0.4874954295,0.1931736981,0.8787652814,0.7768711912,0.3494719374
0.8796447813,0.2068260724,0.3369754045,0.2238544707,0.5210144873,0.6701831501,0.2783438886,0.0524701970,0.8819133292,0.4364516048,0.6677327489,0.2196979113,0.3154315258,0.0885156754,0.9187346133,0.4905515482,0.8133037246,0.2628646545,0.6569969466
0.8734827453,0.9149746199,0.9200874389,0.8265378631,0.3843322293,0.5907133770,0.1848626003,0.5739544030,0.5959278538,0.2900514357,0.4255552118,0.3018775043,0.5960735628,0.8171276361,0.3788622817,0.6568476310,0.7142931793,0.2387575919,0.0028275270
1.2692169746,0.4735242678,0.0996513625,0.6632466248,0.4460165892,0.6890392908,0.9909155537,0.4493683336,0.2922715529,0.5414487243,0.5221879054,0.6425720085,0.9192895377,0.5400068062,0.7052445535,0.5650659118,0.9586376065,0.6480414697,0.9081037676
1.8273279521,0.5775277078,0.8489653854,0.0143850490,0.1319593055,0.3467902081,0.2410953259,0.1247941179,0.1491941211,0.3577779989,0.3479348034,0.1730040084,0.9230347918,0.8622080568,0.0477333870,0.0652150030,0.6521309452,0.0267404029,0.8722218442
0.5796332250,0.0939199117,0.3845953260,0.9154648800,0.1883763400,0.4874659402,0.7578422155,0.0722530526,0.6749362537,0.5749641248,0.6588958630,0.8147274143,0.6617074837,0.9642672751,0.2517543327,0.4611581628,0.7535460350,0.6674975730,0.3896272658
1.0027273542,0.1104273024,0.7092524426,0.0500477809,0.7869064773,0.3941834107,0.1173262813,0.7255666184,0.2888377286,0.4598822527,0.1671313180,0.0184855013,0.7270454141,0.9344701191,0.8271405123,0.2886938524,0.6876944374,0.5475415297,0.8285878072
0.9859565111,0.9322233812,0.8493001820,0.8921249293,0.5881183664,0.0519782755,0.8620069503,0.9984536996,0.9742866900,0.7555652938,0.2753821365,0.6431641539,0.6287881560,0.6733540280,0.4510162310,0.4727482244,0.9500758277,0.0448423333,0.8930381462
1.3315333033,0.7644604026,0.5806386137,0.7207973678,0.9562732270,0.7728209145,0.7092171492,0.0483212661,0.9008225386,0.0719175792,0.9966112962,0.2579675335,0.0778916663,0.6191457326,0.2496332525,0.3039939875,0.9946449513,0.9552560501,0.0237111912
0.5364156927,0.8829997362,0.5160306681,0.5911111352,0.5267080745,0.2083010570,0.6148135363,0.2042807264,0.8252366687,0.4881002880,0.3212767631,0.0935314952,0.6845438141,0.7210174094,0.9691987875,0.6839478205,0.4197114840,0.9844552554,0.0512708959
1.3676092807,0.5746704193,0.2477657378,0.4165794233,0.8745914499,0.7664403277,0.3287915334,0.8446725050,0.7131909642,0.8332824569,0.8924057502,0.6906693165,0.5629178197,0.6560622708,0.2362054974,0.1252667732,0.3236389263,0.7639673356,0.6781348538
0.9150052679,0.2213823044,0.2867062849,0.7672206498,0.8700423392,0.5049647902,0.4996974975,0.9165416886,0.2396163524,0.3793911939,0.2110685190,0.9343455010,0.5421032210,0.5974605213,0.1482094760,0.0723300461,0.9225057689,0.8670888976,0.5319259169
1.8727151274,0.5737039067,0.8773537431,0.7785796286,0.1716286511,0.0637502481,0.3977756129,0.4239413016,0.1986540422,0.8161407761,0.6888584097,0.4599475641,0.0980695449,0.1168612559,0.5884422530,0.8769582739,0.4120558973,0.4616933725,0.7532196874
1.4504823882,0.5164991486,0.2866161187,0.6137670871,0.9311395695,0.3143832001,0.9387379586,0.9684269726,0.7534100762,0.2341089283,0.9573742014,0.6997021215,0.1081618392,0.3848449097,0.8254054392,0.6815942473,0.0746641296,0.8051303200,0.7925250442
0.3732475166,0.9221043234,0.4005314176,0.0587533924,0.4259759109,0.0548296808,0.3941884375,0.6018910356,0.4492890107,0.0655479070,0.0443381739,0.3340250584,0.3038121093,0.9855586183,0.5765038720,0.7936878642,0.1356840090,0.0606797370,0.6402085352
1.6089066149,0.6284713698,0.5800074075,0.3192278538,0.7500272157,0.1056360898,0.7740596631,0.0532073762,0.1433372387,0.3725726692,0.6864382916,0.6856296517,0.9245976142,0.1286590215,0.9797396209,0.3727101926,0.7592320210,0.3033586314,0.7376158427
1.3245548593,0.3702092311,0.5975711360,0.1686134362,0.3628561454,0.8681432250,0.0059461029,0.3257150154,0.5147373285,0.9157895495,0.3196158993,0.3676048420,0.3464792680,0.2558875183,0.7448166731,0.7474507059,0.5024731018,0.4793902313,0.1115820268
1.6628488352,0.3293828906,0.7654486866,0.7982800131,0.7474450927,0.5666001990,0.5087289587,0.7869216322,0.9313848963,0.6203172593,0.0646592193,0.1718873461,0.7281681182,0.1670276617,0.5811176650,0.5762612919,0.6194761410,0.1110564235,0.9794802566
1.8441109799,0.4506383084,0.7501892671,0.7287595954,0.0790254490,0.8408213001,0.2837253901,0.2758961990,0.9824435129,0.9771593033,0.6445537784,0.5164161237,0.7660450143,0.1656552232,0.4838885952,0.7236318003,0.7853105178,0.9414201304,0.9759560971
1.6022810659,0.6293264591,0.5307779230,0.7024167648,0.0502535224,0.2185061114,0.0124777376,0.5711732035,0.4760871445,0.1719953538,0.4616556888,0.9988295456,0.2433253360,0.8023772292,0.9366473771,0.4406428141,0.0188593795,0.0462675838,0.3931308481
0.6826229372,0.1267454668,0.2662626150,0.3862189762,0.7223606495,0.5160915936,0.2287209489,0.0364396250,0.2390126497,0.4006219521,0.5729908192,0.9518106665,0.0961154788,0.4263390294,0.9592791471,0.6373271790,0.3687417136,0.7684508453,0.7034216591
1.0241305661,0.4869631161,0.0087897251,0.0518692935,0.0101864582,0.7490620831,0.2429433694,0.3890421125,0.0866958273,0.9273979956,0.2282377701,0.1792471150,0.1195705169,0.4393488849,0.9789580893,0.0658922079,0.1140726077,0.3858867075,0.8765535132
1.0628341577,0.3391059347,0.2347996153,0.4277213476,0.1682157797,0.4799256765,0.6519922610,0.7886989870,0.2061758605,0.6128656573,0.0770560445,0.5777339721,0.5288108972,0.7755822790,0.7272092162,0.3410465197,0.1817601763,0.4905298847,0.4517717929
0.4963282173,0.1144013696,0.0386535046,0.7071598987,0.1232031017,0.6539312146,0.1874519952,0.6961634842,0.5183453369,0.5217315392,0.3519844263,0.9596457043,0.2059619733,0.7643496024,0.8852614675,0.2182796076,0.3171622577,0.2619320285,0.6073081436
0.4373482503,0.0643403251,0.4188465257,0.9869294804,0.0771670482,0.4102746113,0.3341263377,0.6997626421,0.6816436481,0.7185238042,0.5388627646,0.2357626939,0.1011528271,0.3370926241,0.6834094156,0.9491290345,0.6199668906,0.6045941378,0.3412975294
1.7700514586,0.5723966573,0.7905331046,0.1091742358,0.3761105002,0.8062452854,0.3672870914,0.2491752408,0.6035982234,0.2674613848,0.8739633281,0.6798499763,0.5993450077,0.3757772050,0.6697627825,0.3257352738,0.4734017023,0.8657373019,0.0543413123
1.4817246350,0.3093721330,0.7576326146,0.3845700218,0.9246558449,0.6343640758,0.7912978472,0.3376137275,0.1509165045,0.1114437160,0.4326763326,0.0085618816,0.8953576953,0.5155758731,0.5847503953,0.9008759676,0.2294194900,0.3671075289,0.7566482819
0.7163818295,0.1714948113,0.1787086188,0.1809886086,0.1104352408,0.6736705902,0.5298812302,0.2513117672,0.8016559899,0.7153421511,0.4347485792,0.9992861102,0.5040174299,0.8238900265,0.4038165241,0.1601623434,0.2053976130,0.0844378166,0.4513891755
1.1257914595,0.3021616579,0.1748698332,0.4578068388,0.3071306085,0.6912179770,0.7547381467,0.7349264938,0.6032409509,0.4739151394,0.4346922009,0.7716502723,0.6736251026,0.1071600471,0.0925032792,0.4368492137,0.0500352004,0.2201117597,0.0027405789
0.9383180429,0.1885191096,0.3596070285,0.6805026919,0.3498682373,0.7073453558,0.6685169346,0.4251433093,0.0626352658,0.3227652760,0.9794952941,0.5689187686,0.0669709880,0.9878909143,0.7439577545,0.5284159626,0.3878257248,0.5972347564,0.5224080862
1.6327111467,0.6744490331,0.7380273217,0.3612770265,0.8132460615,0.7295620267,0.7743529626,0.8165457199,0.5646040358,0.2283293042,0.1408908930,0.9249222322,0.7856031081,0.3778360816,0.2931522147,0.1190304867,0.5851200372,0.7337238033,0.3645328759
1.1201854606,0.7791659212,0.8439311855,0.2065928628,0.3499004853,0.2127155230,0.6807397824,0.4198103896,0.1826552663,0.7938595830,0.2505995145,0.6714673110,0.8016614405,0.9728607490,0.7470204929,0.7317476347,0.3310332574,0.9063224445,0.4639974035
0.2246068537,0.0391634381,0.2456266894,0.7959718021,0.3585969435,0.4081811687,0.9969070039,0.3643516262,0.1504211332,0.4274264179,0.7703121277,0.6922291703,0.8774917352,0.1008705323,0.5779111302,0.6604756595,0.8159479135,0.6177827098,0.5156874727
1.0558334883,0.2533175776,0.4655333068,0.2030617087,0.8190472373,0.9739229870,0.0429666565,0.7259069896,0.9691125955,0.9858480312,0.6994014042,0.9801273801,0.6173829328,0.2128959208,0.8957740143,0.1512046934,0.2816641583,0.3123627159,0.1206445582
1.5692388314,0.4720239910,0.9995713291,0.0159728738,0.9134722572,0.0471014064,0.6029503093,0.0676571714,0.2352988210,0.5157304802,0.4002579757,0.0291028383,0.0471953571,0.5477834648,0.9391513938,0.2582425342,0.4475277452,0.3874941652,0.5789754146
1.0346268623,0.2082975472,0.3452821054,0.3873409305,0.2784412095,0.9844525959,0.3880201876,0.9732973383,0.5051608160,0.3216209169,0.8907501796,0.5931495068,0.8109397412,0.3765335260,0.3429391501,0.1682880215,0.0230699886,0.4566826744,0.9614626259
0.8770953335,0.9497500819,0.5268906180,0.9966330120,0.8282495967,0.0069498506,0.3470564874,0.9526006991,0.3206032389,0.5008539255,0.6677341493,0.0202224528,0.3119341245,0.5647147860,0.2173678019,0.3879700135,0.5891821419,0.1080707217,0.0831410532
0.4729551942,0.9232110100,0.4081565174,0.7528251211,0.4052789010,0.3293647042,0.4180511318,0.7319388501,0.7632929740,0.4556939366,0.4110366775,0.2115855135,0.6622720616,0.2835085766,0.8435848720,0.2943160265,0.6369414698,0.3680168169,0.2098076539
0.7283150525,0.1690852488,0.2376074758,0.1908691832,0.7217258388,0.7812996983,0.4839935456,0.0685100532,0.4685796303,0.2269420872,0.4066421644,0.5793647957,0.6814428178,0.9708172304,0.8921186982,0.0644933106,0.1875107358,0.4760652648,0.6178271270
1.3443191483,0.3492819745,0.4298045110,0.5520349609,0.0168574308,0.5631787134,0.3722440566,0.2401329369,0.5311924718,0.1622669428,0.7624651045,0.2144219509,0.2164764498,0.0255879914,0.1337550651,0.6083820819,0.4696552029,0.5882458737,0.1662997433
0.9269992891,0.9647250354,0.5777301617,0.9510931321,0.7933776475,0.5845516941,0.5669740603,0.5355323142,0.3890410475,0.9698374602,0.8793517406,0.7102471155,0.3296925393,0.7151187542,0.9013335954,0.3333049070,0.9324741998,0.6245907298,0.8819605535
1.2396913933,0.7687499847,0.8663069923,0.0309120545,0.5715474047,0.7900054553,0.4358993148,0.1054882959,0.3823308280,0.4659167179,0.1738887328,0.9058319786,0.0370919145,0.0266545178,0.4907549906,0.3279477219,0.3062104278,0.6724188260,0.6738867086
0.8129941104,0.1097053294,0.5499400046,0.6823631557,0.3531119094,0.5692769884,0.8428615185,0.2645171140,0.8576737287,0.5603554625,0.3162483241,0.4732419078,0.1731374523,0.0326989451,0.1036024964,0.0412131042,0.1056737342,0.0890070459,0.3865471911
0.6835992400,0.9630230594,0.9173022320,0.6683344677,0.4018458167,0.3869353556,0.0079707859,0.5540710923,0.0806712980,0.6940030799,0.5815277564,0.6867005200,0.5187948159,0.4969780965,0.8206255821,0.7312983674,0.2692901653,0.9061686131,0.1601096549
1.6445701306,0.6403199010,0.5395801904,0.1238508239,0.0415076274,0.2843569069,0.6753587538,0.7460154186,0.3175999633,0.0849737089,0.6272557044,0.0223470665,0.1289534766,0.5396003044,0.8942759522,0.8107478136,0.8013272288,0.3758229316,0.5300255855
0.4934122044,0.9757907292,0.5445044385,0.5929779580,0.9764204352,0.2075818933,0.1839845051,0.6902040932,0.7585496609,0.5235878019,0.8567959754,0.3245641908,0.5154090633,0.3907720217,0.6329124499,0.2948671572,0.1312006121,0.4108140506,0.9101552171
1.5519190921,0.5755976529,0.2267676719,0.8512310055,0.8988270651,0.0575040507,0.8229749290,0.8126515715,0.8620389956,0.7487630370,0.2083159303,0.2016290786,0.1708430720,0.1625758281,0.9349285096,0.5103146702,0.6725812493,0.7360612571,0.4857079321
1.3866887592,0.3712145892,0.7644955522,0.1780856271,0.3859437461,0.4343021326,0.9518769031,0.5085756633,0.7077380751,0.0117721007,0.9920660884,0.8417261668,0.6949129487,0.9403628458,0.9234691912,0.2181131131,0.0069679533,0.5281182904,0.7772200685
1.4776540663,0.3634129647,0.4313660451,0.8336085880,0.3789137797,0.7408482832,0.1356760805,0.0575622636,0.7825223806,0.7552132063,0.4171682178,0.9001000501,0.6692032085,0.0967107456,0.9403493890,0.7469925133,0.4981855940,0.2967221070,0.4880723691
1.6676519093,0.6941810367,0.8745655378,0.1902239305,0.3828302362,0.5891113002,0.1204109671,0.0278354078,0.3478000554,0.0530541801,0.2205364393,0.1702059275,0.3611009000,0.3863222573,0.8930870992,0.7383029595,0.9367626298,0.1523215103,0.7390020736
1.6271306217,0.7100288266,0.4710109540,0.8102999933,0.2729908860,0.3590671625,0.0745618446,0.1829557574,0.9156136888,0.5787512439,0.6713016431,0.8858288414,0.0130251441,0.6274062449,0.6086128973,0.2245784186,0.5969926216,0.4441581790,0.8955603930
1.7220437183,0.7020400915,0.9319736347,0.5885779547,0.0083851973,0.0191789799,0.5199155040,0.0256141934,0.9473761994,0.1926658230,0.3801953351,0.6133962235,0.3394572285,0.6704094717,0.8070884272,0.3345603299,0.7031389980,0.9672520651,0.6923624879
0.3051805485,0.0386265843,0.3657563930,0.0143027599,0.7349328828,0.8517283782,0.2499874447,0.7351285769,0.1553769825,0.1900313587,0.5582475253,0.0596841644,0.0857794208,0.9224282741,0.1518867306,0.3295749387,0.6844076372,0.9823959333,0.6068575038
1.2760686196,0.7157810971,0.3528917265,0.1303760693,0.5206669593,0.2391956820,0.6823164358,0.9479098903,0.1924793092,0.3436577028,0.8228583954,0.3083417817,0.3161049116,0.9583853142,0.1081049722,0.8443489049,0.6757876839,0.6576975421,0.2949311693
1.7283206737,0.5107870242,0.5015996203,0.9133140357,0.1322155784,0.8387458855,0.2785816308,0.2551005920,0.7072896626,0.7300953273,0.8545641327,0.7511773352,0.5600802096,0.1424302123,0.0080140277,0.4427993967,0.0022897737,0.7157843588,0.7296204972
1.1102955903,0.6857462945,0.1071064824,0.2064362953,0.0072390898,0.2771025566,0.6091349542,0.4837525119,0.1121408355,0.9794208328,0.5118241091,0.8376214811,0.6874125317,0.1343988106,0.9752425071,0.3173049979,0.7983850430,0.3639962429,0.6698348592
1.8026737724,0.6462362329,0.8583215663,0.0550628230,0.1250308752,0.1706799460,0.5697707313,0.1468690800,0.4490746586,0.7130497466,0.2882105948,0.1076416622,0.2880521192,0.6543201040,0.4267989729,0.2648575794,0.1286068886,0.3178629362,0.4288729292
1.4598879774,0.5472838902,0.0434651158,0.9285690564,0.8146439980,0.2634734439,0.4416257158,0.3203751391,0.0476142321,0.6645850211,0.9290199316,0.0479230039,0.8117962959,0.7994556299,0.4072385085,0.8838604941,0.1651657794,0.2834160746,0.8642086496
1.7931616070,0.4796664108,0.6804381197,0.8403672793,0.5258165576,0.2699561001,0.9190907330,0.3898848574,0.0909519375,0.3819684125,0.9197149676,0.2095915322,0.3953693994,0.2032946130,0.3068711655,0.1974424373,0.1238504723,0.8257762774,0.1095290554
1.7183266339,0.4322779563,0.7646850247,0.7004829224,0.0505860168,0.1245603576,0.9324706736,0.5951782304,0.2202458761,0.8151012483,0.7753037390,0.9131149099,0.9857726470,0.2933284955,0.4042031889,0.0235252771,0.9704199363,0.0861402953,0.1804617264
1.1885636332,0.7016503277,0.2366710937,0.3872042916,0.7843203778,0.7438716829,0.6686727976,0.7465326595,0.9663623717,0.5757574228,0.6129910802,0.7189611474,0.9847516707,0.4903087025,0.9988067389,0.4254642992,0.8452997602,0.7074389632,0.0118260938
1.7982875560,0.5561448198,0.7440209301,0.5244333812,0.3243096849,0.0700310068,0.0796719001,0.1820612524,0.3381502405,0.5724065891,0.2765244338,0.6649094244,0.7318880358,0.1734799705,0.6457282213,0.1402794151,0.0051781943,0.0168993315,0.2208856190
0.2625517144,0.9683152773,0.2743158000,0.7335404091,0.1171404556,0.6897879795,0.9771368871,0.7459884694,0.7398568013,0.5008176590,0.9485384380,0.0637542950,0.8224336274,0.5355590113,0.5369497288,0.3211939265,0.0038291715,0.9881872801,0.0164567576
1.7779159081,0.6089059708,0.5714413204,0.5785622435,0.5890911002,0.3382223030,0.6434527099,0.9442941916,0.6204889816,0.2610713188,0.7450728136,0.2369404792,0.0025000982,0.5435116663,0.8910555615,0.3160791956,0.9434360313,0.2901658509,0.5980341780
1.6548640910,0.6992242253,0.8539111168,0.2964864921,0.5313754235,0.3927582704,0.5985088385,0.7901327360,0.5742820252,0.3416819580,0.0099049190,0.4854958067,0.8507769644,0.2967652310,0.6064330772,0.1844831413,0.2441765117,0.1353856264,0.9957841298
0.6316727072,0.9000844795,0.7013642224,0.6782252231,0.5992402572,0.4879326414,0.6707480098,0.9855099868,0.0378796750,0.1728833035,0.1054124680,0.2876889282,0.5533704842,0.5614609713,0.4355045047,0.9785950112,0.0691259840,0.0088793366,0.8964496186
1.0300246938,0.8237643134,0.7011938862,0.7677648313,0.1544216534,0.8260598583,0.0867571059,0.9519500352,0.1842952853,0.9926611291,0.2161053033,0.5889153411,0.0113665359,0.5672566260,0.9079408836,0.4634143659,0.9776179305,0.5574432998,0.4084423620
0.9029342595,0.7417699435,0.2043595155,0.6086532085,0.0855227028,0.7696919117,0.8686165012,0.9019311902,0.1893847184,0.4063786189,0.2999291824,0.4944758558,0.6947534054,0.2167187068,0.8929975003,0.3081718456,0.9924288767,0.4580305987,0.0462316051
1.1162367576,0.1461829835,0.7785990817,0.4468248275,0.8571882780,0.3572203032,0.9320952940,0.1371529210,0.7919847509,0.1307321744,0.0404901377,0.5910948801,0.0451263771,0.8468844659,0.5122777022,0.2484604896,0.1566124656,0.7505151034,0.2448753017
1.3211650064,0.2766867596,0.5854207957,0.9206213827,0.3559261133,0.6799566852,0.8223150895,0.9996845730,0.4664057689,0.5795985104,0.2288897926,0.4530263759,0.6246942718,0.4825381567,0.3933921837,0.9358873182,0.5024327863,0.4231060979,0.6174419478
0.5313854625,0.8668106597,0.5819418966,0.5441906251,0.8334654175,0.1291108707,0.3779109838,0.6293759663,0.4792420382,0.8105692485,0.8467516846,0.4653854275,0.8796772337,0.2814355959,0.6423237686,0.1274323581,0.7572190901,0.5572016243,0.4886377966
0.4067321547,0.1085136692,0.0018076317,0.7733057888,0.1108000101,0.0128904778,0.8264461083,0.8566752672,0.5540851883,0.3513861142,0.3926887197,0.8135045945,0.6601808323,0.0965667171,0.6763431261,0.6409227663,0.3654560096,0.4350402046,0.3756786860
0.2446056220,0.9590270733,0.2925879807,0.7013308268,0.7487992901,0.5250478964,0.9555327538,0.4501826904,0.5066300536,0.2913700352,0.2027940527,0.8923947222,0.6001580319,0.3514631920,0.2033819855,0.7868713406,0.5930569263,0.7092915084,0.6718015048
1.5395642740,0.6020493188,0.3559671155,0.1868975070,0.2182537635,0.7205210114,0.4804554778,0.9308436812,0.7283137301,0.3705180983,0.1169622417,0.4318707872,0.3751909716,0.6406356670,0.3155158804,0.6295205631,0.9135879537,0.7849147751,0.5455177776
0.5049130778,0.0647014371,0.3873803477,0.6009243005,0.8518773797,0.3635043484,0.4984753734,0.5425962840,0.0431995134,0.3949748365,0.0890464656,0.3186167519,0.2175192204,0.2145543902,0.8737647046,0.2482954902,0.7828921240,0.0770079631,0.7465226201
-0.0207768372,0.9424958509,0.0113765747,0.0972184568,0.5939497142,0.2772073018,0.7847523323,0.3212399187,0.6475086269,0.2103525558,0.6692305719,0.3248481047,0.5561338325,0.6832435339,0.0762766185,0.0563912628,0.1029468697,0.6969595500,0.2422701660
1.6499356856,0.5471812194,0.2896171846,0.9160049663,0.8448466821,0.1480315626,0.1795783638,0.2557353366,0.4318548492,0.0999304810,0.8074994344,0.0906562314,0.7014746017,0.6097853347,0.9855192540,0.6599795721,0.3248058467,0.8442200413,0.3693724650
0.1288059437,0.9529798511,0.2992790108,0.2135998865,0.0752053553,0.6638715451,0.2630688906,0.2851612824,0.3338164274,0.8818641703,0.8341261199,0.9014609329,0.7208604091,0.5280059424,0.5948055317,0.9552977215,0.3949204455,0.3671359640,0.3053486238
1.0544064423,0.6894261107,0.0027193366,0.4898646579,0.9825843241,0.9309942471,0.4750877429,0.1601752938,0.5502920151,0.1237042865,0.0245922980,0.2012345834,0.1380782044,0.9167670294,0.7719612376,0.7036927765,0.2587195287,0.1999922366,0.6811762291
1.1839711584,0.7399301101,0.1402762769,0.7501452404,0.4459413663,0.4640015932,0.3473090565,0.0940878774,0.8856231963,0.3013311228,0.4084168317,0.1031866454,0.1792880933,0.2548941620,0.8833921196,0.8828142948,0.8262202910,0.6769156959,0.2835003242
1.2841975322,0.3224612154,0.4961064451,0.0058241477,0.8902173326,0.4030180342,0.7677333107,0.1621717679,0.5064129706,0.5557516862,0.7860996628,0.1808069373,0.4892660118,0.9411909409,0.9170291552,0.6765067138,0.0976839943,0.0480211781,0.9715226019
1.2377503304,0.2706281025,0.5537805838,0.2926184798,0.6300564032,0.0531285020,0.4526654152,0.1812978714,0.1866115386,0.4667385343,0.4721563533,0.2865545480,0.1570220469,0.5839243644,0.0150830187,0.3977407413,0.7748833754,0.7591317672,0.5856922951
0.9734780970,0.3689985975,0.3115807428,0.2503622021,0.0224935208,0.0153138316,0.2182473209,0.1452357771,0.7594801118,0.9225646004,0.5395822591,0.2001979815,0.6323352466,0.5242870259,0.3029678855,0.5261681839,0.6952939503,0.3601572123,0.4911509447
1.7021622562,0.6467006509,0.6473987481,0.0846764296,0.8022503204,0.4117835632,0.3451799077,0.9146204762,0.1672296268,0.5538873536,0.7848478341,0.4276921509,0.2725954648,0.4435119181,0.9481449209,0.9415724465,0.9915121818,0.2989601701,0.8588743217
0.8949249728,0.8182947646,0.9205399203,0.4400810879,0.3729676217,0.0937622223,0.1909763675,0.3927237323,0.3087046964,0.9033065625,0.7884641252,0.3377001571,0.7002321380,0.2918150560,0.9940855975,0.4336464430,0.5615610209,0.1225559404,0.6992169512
0.2437223957,0.9605868598,0.1178855565,0.8381121695,0.7479752705,0.9551454427,0.1051501605,0.8168142717,0.6549853438,0.3496469935,0.2032064848,0.4520656887,0.3134130112,0.2217829543,0.2298629416,0.7772647667,0.6387353191,0.6511007929,0.3295961467
0.6261004629,0.0524945001,0.6363786938,0.6146859802,0.9749777327,0.0163640888,0.3552307050,0.2215191497,0.3065024428,0.3805064308,0.0080006767,0.9954430814,0.5948774036,0.2542590216,0.7159380245,0.0706109756,0.2794706154,0.6195840860,0.1459211766
1.4413825247,0.6405546006,0.2788524879,0.5776985811,0.6136055991,0.8644320144,0.9528146543,0.8894046582,0.7531754385,0.7943063759,0.6892757821,0.0051499902,0.9878314784,0.4362967965,0.3159796185,0.6161952444,0.5615560196,0.8955862234,0.1715114203
1.1405251831,0.7395348866,0.4835898717,0.2697505378,0.1945775296,0.0325447245,0.1617825396,0.4717847188,0.0057577762,0.5580001252,0.8561000867,0.0967933568,0.8342988869,0.2562286842,0.6935103787,0.5528483777,0.1986801359,0.6365272121,0.6148044590
1.0560487001,0.1162686296,0.6714286906,0.7298485173,0.6514302849,0.2991900863,0.5145711258,0.2550586698,0.8155233918,0.2849129906,0.7032318236,0.2568636689,0.7297180674,0.5050282158,0.4981092159,0.0419009696,0.0522091989,0.8203006866,0.8858484205
0.6527375913,0.8634902350,0.6280030278,0.1531464586,0.4049487412,0.7874346163,0.9825381362,0.5313458631,0.9424211929,0.5550400506,0.2121673132,0.3187765885,0.1824414561,0.2891678721,0.5119092599,0.0619232410,0.3146218079,0.9251832864,0.3007438666
0.4713774881,0.8530832866,0.3455459228,0.1042246434,0.5489347196,0.8976396984,0.4221016280,0.3341415755,0.4037622419,0.9378486058,0.0633149492,0.9036178345,0.7541737204,0.6911012308,0.7105078138,0.2378658252,0.7997478654,0.6883628112,0.0556419220
0.3475659134,0.0640013873,0.1724399458,0.6774874355,0.9753614729,0.3544463185,0.9225219051,0.1029236470,0.1741890757,0.9620536172,0.0446696936,0.0282241745,0.1628963470,0.9760563954,0.2485932689,0.3818260068,0.9659214684,0.3463608935,0.1730648497
1.7363022593,0.4003853040,0.7925639416,0.5732229052,0.7393838169,0.6107228272,0.2443669392,0.5180030206,0.6986283807,0.7038716324,0.6790469013,0.9938335147,0.7705157775,0.8610216071,0.9612406980,0.8997727622,0.8271268021,0.9059562875,0.9620433015
1.6523422315,0.5792008192,0.6667895932,0.1061592204,0.5590542806,0.0174328839,0.1451792139,0.1929171096,0.6666312357,0.4656274968,0.5231621669,0.7980941187,0.8475822232,0.4250481283,0.6267550247,0.3427064947,0.2797852686,0.5030416075,0.9848186279
0.6640538086,0.0556845693,0.5557515894,0.4064941168,0.0141657235,0.1016637240,0.8058370417,0.9314159955,0.5389862341,0.9435761149,0.0509188644,0.4199784833,0.3728800484,0.4048026751,0.7390142845,0.5467771402,0.1370554170,0.4409160000,0.0527337687
1.2463575691,0.6769710132,0.2364690891,0.4390193323,0.0631968448,0.8428572081,0.2869682652,0.9747397179,0.3433080270,0.8592887589,0.7957344195,0.4560754049,0.1917046445,0.4449136042,0.8638855623,0.3357115172,0.3242638728,0.4687943637,0.6120239180
1.5715135809,0.5307493910,0.3182137135,0.7326078819,0.0530957418,0.6344975687,0.9626734944,0.2848633059,0.6728406471,0.0329108651,0.6227221487,0.0163271509,0.2607590650,0.7110454418,0.5077175302,0.7464359662,0.6908854673,0.5489042641,0.1220231473
0.9944766086,0.1717102085,0.5833332104,0.9355398269,0.1502619651,0.9490468119,0.2126279530,0.1466804032,0.6042657794,0.0154644434,0.5045798306,0.1868294083,0.2470940215,0.4969124277,0.7795119166,0.3057048143,0.1295266548,0.9851139714,0.7863747546
1.1745903928,0.2885408168,0.4210054756,0.2028740557,0.2490417153,0.1628483741,0.5529708961,0.7215847232,0.0876611853,0.6933317460,0.9618936940,0.6109044850,0.7503766093,0.3337060278,0.8051980353,0.7243771465,0.9381542839,0.0477159891,0.6917886106
1.3769310020,0.6814155664,0.3245498128,0.6206381382,0.4692072088,0.2502768893,0.3419328278,0.3287160980,0.4061251371,0.6544994237,0.7944988543,0.5891347990,0.7042409218,0.4473691274,0.3790831488,0.5935162775,0.1867137129,0.9763104210,0.3333668349
0.3714431693,0.0318386523,0.3976432963,0.3556457005,0.6208508285,0.0100805425,0.2471801147,0.6571808148,0.2027716275,0.5149663620,0.3325353702,0.5120865276,0.4488950510,0.2573266583,0.0957846232,0.2922043233,0.5192281743,0.6957338982,0.1772243399
0.1391456252,0.9032234724,0.1889466391,0.0554361684,0.0596404021,0.4816533330,0.2834790028,0.2474071863,0.5624953318,0.8353058461,0.5717204376,0.4970885831,0.7284514391,0.7978451364,0.6081948069,0.0870250177,0.7824581216,0.0127057461,0.3568252491
1.4005268488,0.2461665881,0.7695842662,0.4008218536,0.3182413849,0.5745671711,0.7975264988,0.7536419025,0.2458870950,0.5373128179,0.0429682512,0.9869537000,0.4611998392,0.7944771584,0.2807301700,0.3713175129,0.6898253866,0.9153749372,0.6218089908
1.4042946502,0.6529378822,0.1432406917,0.2982331912,0.0621785016,0.4497172061,0.4486191002,0.7647778699,0.1177886961,0.3690233033,0.1803266250,0.9033460148,0.1445231085,0.9354995391,0.5138281294,0.6827024182,0.3783828096,0.9354997025,0.0286879110
0.8077569106,0.2066999916,0.1191099577,0.3379364301,0.8702971890,0.9780306320,0.9027849254,0.6933007701,0.0380393067,0.8652902409,0.2969210789,0.0435108801,0.9908549345,0.5756698541,0.0413060365,0.2554160499,0.0478006847,0.3495033191,0.4688930197
0.8055116965,0.0921505776,0.6205051881,0.5369992861,0.6817017728,0.1219990576,0.1237381772,0.2459464242,0.3219359395,0.8894942401,0.3335420803,0.0903936762,0.5937078397,0.7014613927,0.1042206843,0.1327812032,0.2059702142,0.9423480802,0.7189438237
0.3383255061,0.9851353127,0.5425231976,0.3833712707,0.6929157123,0.1357190651,0.0642706341,0.7465115130,0.3393702893,0.2142020551,0.5745466474,0.4680795252,0.4414133233,0.3229810015,0.4370391754,0.8002517372,0.0677632809,0.6561890767,0.5975038095
1.6907807480,0.6851269972,0.9599821392,0.0114777551,0.9170980949,0.5977324412,0.0026239633,0.7887604322,0.3709861589,0.5321049889,0.0058894630,0.9090499483,0.4935248325,0.7584589090,0.5882027044,0.7863818568,0.5371261643,0.3779121408,0.4768159036
1.5035586321,0.6817491408,0.5586189002,0.4721100109,0.2349121585,0.2804246377,0.5259288264,0.1536055726,0.3775842221,0.4907798385,0.7225818908,0.1752411244,0.7848818634,0.0550953942,0.1000017296,0.3770079471,0.3091048933,0.8645394903,0.7266393272
1.2402972671,0.1438792326,0.8885205647,0.4819748908,0.0600531250,0.0900558786,0.3730936830,0.1328936440,0.2273375697,0.6250000115,0.8695555061,0.8803911781,0.9186468643,0.0249153065,0.1458256902,0.4316956763,0.4183166316,0.3376697079,0.6972302709
1.0955622667,0.2241170202,0.3873765416,0.8544562504,0.9412511286,0.7399743915,0.9548741860,0.7018185776,0.3941467465,0.2420234001,0.4520025168,0.8591217689,0.1661494667,0.6302464391,0.9063294904,0.1772420387,0.6057495392,0.2038738948,0.6778580903
1.5271977686,0.6935235889,0.5485854071,0.3480906427,0.1676506996,0.1775721511,0.6902783898,0.9885662932,0.0736476642,0.5192803374,0.7083137044,0.3289460300,0.2453184729,0.6498939751,0.6085291405,0.7857123423,0.6203960419,0.7954767666,0.7954584940
0.1158474152,0.8940856521,0.0694246026,0.0562385684,0.6669442853,0.0534179535,0.5238303082,0.1595955446,0.0136016257,0.2234424829,0.2548226037,0.2866578041,0.4348810636,0.2040688676,0.1213720680,0.8838967746,0.7950429777,0.5584279574,0.1837750954
0.4424686870,0.7922433435,0.0024705948,0.1696093468,0.9224810908,0.9613492761,0.8100958936,0.7559010937,0.4220833947,0.5552463101,0.2640061839,0.1776071701,0.2211855621,0.0358133510,0.7549204733,0.6202188363,0.2627702642,0.5873158698,0.9750459068
1.7272621300,0.4805835047,0.6196709363,0.7546722271,0.6342886088,0.2681907320,0.2372660755,0.0397251679,0.5954015121,0.5027195338,0.2151842876,0.9329355921,0.4019435979,0.2374009613,0.7757624996,0.1711785354,0.3840498107,0.9716058887,0.5106098092
1.7834476671,0.3875097358,0.9615211234,0.5938325319,0.5201329955,0.6288482825,0.6123928783,0.9730914072,0.7292312585,0.2111689596,0.5338695865,0.2848233494,0.4287345030,0.8723069794,0.1912968641,0.8471698290,0.7224111639,0.3150142821,0.9873559343
1.3484962128,0.7611293074,0.9374014371,0.4484374073,0.5162835109,0.8416946422,0.4361926122,0.5997401626,0.4495626720,0.7395123744,0.6462383056,0.4673443242,0.9886486400,0.6098026549,0.5981483676,0.0757029269,0.3904748197,0.5069297146,0.3956594000
1.1758125455,0.8328047736,0.7817369834,0.8184733675,0.7389087956,0.6142739036,0.2590572454,0.8206631206,0.0117854115,0.4908686463,0.7764131149,0.6963150979,0.6732449120,0.9436529172,0.2195568650,0.9224494000,0.7755565614,0.8898869695,0.1190321121
1.7884995728,0.6878811301,0.6381507021,0.9535376105,0.5699683064,0.3691621117,0.8327894233,0.3899675630,0.6428181367,0.0874675800,0.3253450234,0.4873497216,0.4661817889,0.1409690882,0.3619113412,0.6389954930,0.2952983962,0.7608743037,0.6987999530
1.9401954320,0.5876917664,0.9882564738,0.2791500557,0.9260582855,0.0201659926,0.7374499420,0.8997379805,0.5687112659,0.8239175332,0.5701896011,0.9614044293,0.0068736029,0.1203052574,0.1449434059,0.0208499888,0.0101742246,0.0466150263,0.0816323453
1.6533160499,0.5751617975,0.6378946555,0.1933979784,0.5543674302,0.5715023798,0.7133134715,0.6462078631,0.0685885914,0.1530060746,0.9262879808,0.3084923002,0.0876826997,0.7638140640,0.0017778407,0.3292402742,0.0555606823,0.9245758089,0.7872975242
0.6055680354,0.8588082998,0.5596142266,0.6259984595,0.8254193850,0.5268266449,0.2979475761,0.3620797273,0.3450029507,0.8134477648,0.1754136016,0.6617702351,0.8066058788,0.2599595058,0.6092796334,0.4897499010,0.8356057755,0.7736925812,0.3404902992
1.7803647645,0.5890280348,0.6176304987,0.9768367131,0.6389194944,0.5197507042,0.1191284645,0.2256792646,0.1507590732,0.3698914131,0.4122225332,0.6548350866,0.0059335936,0.0297541599,0.2295396162,0.2140807417,0.7529137420,0.3926619049,0.6562236873
0.2591944449,0.0610884895,0.2927984861,0.8919027227,0.5255621208,0.7905313148,0.1552980371,0.5138563874,0.3094402789,0.4055218993,0.1290314148,0.1889564994,0.7975326244,0.3500260382,0.5685582957,0.9204475848,0.7620105296,0.9810945996,0.4779660771
1.7665411098,0.4729737710,0.8936324456,0.5300135898,0.3109951184,0.4160846716,0.4064131928,0.0486046239,0.6745615054,0.3911721637,0.3705761149,0.4413667457,0.7019642543,0.5942791646,0.0843694891,0.6374854172,0.8635467651,0.1936159279,0.0990281540
0.9719947583,0.0868964155,0.9538431999,0.7843036817,0.8871084233,0.3445911859,0.6189958409,0.9875714988,0.5278517128,0.6939966843,0.6543790820,0.0242091633,0.7420154098,0.6415632585,0.9440038032,0.2171850327,0.4351905949,0.0473289727,0.5482662612
1.5315546042,0.8024427161,0.6547526140,0.9242273382,0.9918343572,0.1075309843,0.5387261692,0.5886800169,0.8725842511,0.7774938231,0.7830100884,0.3220488360,0.2820708915,0.6643819904,0.1927025028,0.6198075066,0.0243911055,0.0225469856,0.4718567016
0.7228635688,0.7688439325,0.0369288726,0.5588432752,0.4975943689,0.6498262874,0.8520340505,0.3664858877,0.3947980213,0.1812380540,0.8702386214,0.5207252382,0.5800327203,0.9734106437,0.6522219317,0.3287237703,0.5402633434,0.6179293479,0.2731314007
1.3203304983,0.3753081004,0.8677284564,0.2141786537,0.3160491319,0.6582089356,0.3008490063,0.6689430229,0.2016898162,0.4390152595,0.6102219073,0.3591623436,0.8997631806,0.2151081034,0.4399687650,0.4742823773,0.8510627018,0.5690387996,0.3816147338
0.5206114525,0.9931396719,0.4384861823,0.2125100211,0.0988531561,0.8255521361,0.8473226210,0.0815738995,0.3869699981,0.3672280986,0.6117212620,0.3077648058,0.9104932348,0.1838785270,0.0930197445,0.4621479603,0.0402352738,0.3362722786,0.3896180599
0.7627297369,0.9455677208,0.2117159750,0.9873956941,0.2716070959,0.6830029998,0.3685425065,0.0812397951,0.5829577344,0.3431245907,0.4252197413,0.0690800437,0.9036702359,0.4902223079,0.7740898247,0.7604689444,0.7943574245,0.2967677530,0.2002674626
1.2556290080,0.4621635828,0.1364708939,0.5514241273,0.2733628763,0.3419690674,0.6326726201,0.4352572525,0.5108643334,0.9486707374,0.0774968762,0.1836885851,0.7247738639,0.9662719263,0.7967943224,0.5407433144,0.3532004209,0.4269118848,0.2431447485
0.6819101197,0.1435741942,0.2629047183,0.1734125305,0.1890814289,0.0320313502,0.0936711926,0.0254225224,0.4105738064,0.8958708408,0.7648734474,0.8277141366,0.8280466142,0.4935738137,0.6293221147,0.8262710361,0.1743555037,0.1550492308,0.1320617556
1.5755452394,0.6453704574,0.4000900253,0.3806248196,0.8563924829,0.9821243012,0.5887120020,0.4838186943,0.0401049593,0.3671289270,0.8827344152,0.4433320712,0.2649632434,0.4695230657,0.7146322574,0.5497648796,0.3809577645,0.0610410713,0.9404054411
0.3208047816,0.0548132157,0.1283173868,0.2963530240,0.0327774834,0.5989864320,0.2981257435,0.2155562713,0.9923530550,0.2039176918,0.7190188340,0.7618277451,0.6232136090,0.7536366190,0.1905641216,0.8368133428,0.8754336954,0.7936940301,0.8834902945
1.1553198001,0.7325740755,0.3598216070,0.2396219602,0.6958744858,0.7319714112,0.1066917466,0.7449625635,0.1497976214,0.2813962292,0.4093065485,0.5022637210,0.3233106735,0.1795297710,0.4822905198,0.5235912885,0.7568287581,0.2417840811,0.7152147507
1.1759095029,0.4217475158,0.1004022737,0.5954098086,0.1346611494,0.5088948988,0.8428285909,0.5247586539,0.0349240158,0.2433880372,0.4189329810,0.3482155400,0.5317986410,0.1296467344,0.0090960430,0.8096967609,0.2731167178,0.1686043914,0.6607855000
1.3826424784,0.1390643982,0.8865717069,0.1302571478,0.1732696577,0.0701449525,0.2712348359,0.7797231714,0.9507130377,0.7253403227,0.6892597556,0.5187800404,0.1499898879,0.9232923615,0.8086421803,0.6770276712,0.4889865560,0.8457828241,0.6300218797
1.3724575445,0.6612325537,0.3188683751,0.0467347203,0.4437169201,0.1229416070,0.0183175553,0.6931703432,0.2654737482,0.3236064957,0.9723943141,0.4018620809,0.6075472975,0.0498248395,0.9526417691,0.8767246899,0.4519313477,0.8363451242,0.7698097369
1.6886928979,0.5125141927,0.5081672106,0.9493848434,0.2169725206,0.9277838087,0.2577801497,0.4828940873,0.4776139732,0.2951321982,0.0340793600,0.8812106472,0.7800386301,0.1026850248,0.5045558277,0.2432842986,0.2775856118,0.3500190399,0.1046270885
1.8174759344,0.5469638077,0.9558276513,0.1333920073,0.9414326292,0.1884642961,0.2849333163,0.4512579847,0.6805444670,0.7199477775,0.4698271976,0.7743168369,0.0506244720,0.3371774852,0.1255539015,0.0474403148,0.3199993674,0.5274297067,0.4473375368
0.9626375905,0.0554863262,0.9225171426,0.3781883819,0.6154722244,0.9874596107,0.4817849346,0.4340249846,0.0745151563,0.4614573910,0.1058891609,0.0967791611,0.3516593204,0.0657704326,0.3866695993,0.4512207729,0.4221048775,0.1950022377,0.4403648524
1.1678020042,0.2757498859,0.4537365450,0.0610410666,0.6050314705,0.6938084390,0.6090692910,0.6494444406,0.5053202594,0.5015680533,0.2661489372,0.0563326757,0.0196335026,0.7203675831,0.7602395758,0.5531826631,0.8056067485,0.1270886789,0.9211185789
0.5878688801,0.9089239448,0.4099521400,0.7987503407,0.8196331037,0.9694279369,0.9224638557,0.6780198733,0.6588537131,0.5548272483,0.5893062895,0.2315224677,0.9700958318,0.4932201633,0.6802362452,0.1469826467,0.4884453154,0.9654237153,0.0362848103
0.6855954283,0.9275775968,0.7064939923,0.8269437810,0.0777061475,0.5043807979,0.3174845924,0.1066209888,0.2440194756,0.5143191676,0.6281186027,0.8427714748,0.6030977082,0.1041671574,0.7985152664,0.2963476205,0.4307498797,0.5851350094,0.8896228383
1.0553706763,0.1394385721,0.8589864623,0.8476237858,0.9246105960,0.4140474248,0.1493358968,0.6847185025,0.3632554892,0.0542725510,0.1472001568,0.4488421912,0.3909275357,0.5241051437,0.8836587298,0.7353977426,0.4158681907,0.9528244248,0.2866032100
1.7579144629,0.4121901924,0.7063116631,0.7854770138,0.4890479925,0.9213896168,0.2949039364,0.3393485897,0.4579858993,0.8139641057,0.7767558963,0.8736831235,0.3579750826,0.0991023332,0.1573120298,0.3289915666,0.0381923106,0.3169565190,0.4078771720
1.0608722408,0.0936170794,0.9901461537,0.5846365622,0.5247095713,0.6635371625,0.1083269834,0.6466585833,0.6934187737,0.6442194401,0.5936323348,0.9892232109,0.2576127302,0.7078606837,0.2870040068,0.8101551245,0.3548256210,0.0776921493,0.4661825669
1.3165474065,0.1956369485,0.8017118033,0.3962940647,0.1592119591,0.7439679430,0.4202645671,0.9854475951,0.1032150344,0.1588876766,0.2536627871,0.2698963856,0.2229144067,0.1116397650,0.5705630755,0.6258044812,0.7223833428,0.9514496505,0.9014108020
0.6981857050,0.0704516006,0.7015175980,0.9859424080,0.8964505905,0.2533654798,0.2928579459,0.8901347428,0.6972971334,0.5208231731,0.9715813355,0.5089093682,0.1647430067,0.4910334120,0.4515006942,0.1721142994,0.4464415133,0.3028713787,0.8479231101
2.0202429650,0.5929407661,0.9251251307,0.7671692680,0.6160258518,0.6583474447,0.4215095564,0.3332468837,0.9113922414,0.2590434108,0.1086930879,0.0546127049,0.0814275590,0.2572095596,0.6413134203,0.5474883899,0.2683580469,0.5842303649,0.1554991613
1.2684723905,0.7139742781,0.5371119695,0.1826270251,0.9030160045,0.2812162595,0.3727702048,0.1367265041,0.4965721790,0.6509332690,0.3762881424,0.2158595169,0.7337781028,0.6159017666,0.9922914183,0.9461293929,0.5059752820,0.1154752178,0.6166315468
0.8565222962,0.0415689960,0.8888410441,0.6373550318,0.9475414362,0.4378959244,0.6023110607,0.9287768161,0.8142569026,0.7821704096,0.1629391703,0.5288783665,0.0998928334,0.9768325143,0.8132725991,0.3318053956,0.8952288367,0.8816591536,0.4947353730
0.9214380953,0.7216677198,0.0818249553,0.0262587476,0.8554962473,0.4094789118,0.5303419024,0.4726295940,0.4114346482,0.4448888002,0.5410205397,0.6300064395,0.7536211809,0.9872378650,0.6719147969,0.1738396351,0.6389975270,0.3624754712,0.4814111834
1.5392213682,0.3699924058,0.9897946520,0.3042934628,0.3376358149,0.5946046225,0.6950491652,0.3058720286,0.9950795217,0.3185671725,0.2234449714,0.5763345467,0.2825141844,0.7361984142,0.1937885316,0.3236478407,0.1541069812,0.7692989053,0.1572217174
1.1054651140,0.1327144422,0.8829184237,0.7431014913,0.9548529608,0.2140275254,0.6837868132,0.1096097368,0.5447325562,0.7239988849,0.0504414098,0.9856643503,0.6883540254,0.6046530123,0.1473855718,0.7035532772,0.1262928771,0.9723551934,0.2167621933
1.6510939087,0.5322981367,0.3196049608,0.7729511996,0.3617913598,0.1360439203,0.6445774241,0.7381477066,0.6490694996,0.4384943896,0.4772011186,0.3329236601,0.4182902445,0.2252314922,0.6186827995,0.0866588852,0.1931052836,0.3235937699,0.6913137152
1.4717701758,0.2585286961,0.8193297776,0.9063659165,0.1309684706,0.7865769295,0.2324393446,0.0444628961,0.7158944616,0.8263823247,0.6642568467,0.4557053703,0.4621846798,0.0683588000,0.4978229244,0.4147914947,0.3332047050,0.3263762654,0.1048296316
0.8079348501,0.1371261116,0.4168762362,0.1051993308,0.1706623693,0.4635578150,0.5949451811,0.0271144152,0.6437988733,0.9384488745,0.0755788456,0.8323493588,0.8876667001,0.1922314533,0.4522771502,0.7732452405,0.4273382137,0.6584804877,0.4652285923
1.1610639515,0.1569351026,0.9054316573,0.8783896981,0.0381308205,0.2739841933,0.2483891382,0.6835531167,0.5393903341,0.6299108384,0.7404243853,0.3530539340,0.7865751153,0.0415305240,0.7724317791,0.1105204100,0.0380041737,0.7342411633,0.1463286588
1.3101823373,0.2661705595,0.4947571390,0.8541457233,0.3451388530,0.5446940679,0.8176576988,0.2052055227,0.4955553845,0.8455330531,0.8332011541,0.5818976379,0.5920724385,0.2813346410,0.9680069697,0.6095700369,0.0657894969,0.8448478525,0.4040492699
1.4759020882,0.7285665965,0.4873818798,0.7883920052,0.7004660096,0.4713986513,0.1962485674,0.3801980597,0.0089426276,0.1766121312,0.3287566695,0.0323850229,0.5181397074,0.7059199723,0.8246180596,0.8663985685,0.5629354608,0.7140801324,0.2185067248
0.7678617889,0.7859551188,0.1837840696,0.6834203272,0.1308460952,0.7087878751,0.6941663827,0.5464265765,0.5575549925,0.9339718976,0.3470867132,0.6184160290,0.9560876759,0.4121789452,0.9163428625,0.0419834483,0.1978614547,0.5179241656,0.8155931073
1.8302763769,0.6132125736,0.7553513070,0.1258210433,0.1622971134,0.3021973161,0.5422005302,0.1502422231,0.8128073392,0.7604266601,0.8619418099,0.5541221650,0.9685261112,0.4632708781,0.5834242344,0.3338826549,0.3318276084,0.0654772515,0.5147764856
0.9451635021,0.2880649956,0.0137548876,0.7710444592,0.6124027988,0.3864705403,0.4504051995,0.1486206928,0.0140343409,0.9722044921,0.3736621252,0.8816620568,0.1522534537,0.3481322649,0.7721866921,0.7730754088,0.9316931745,0.7636114121,0.0593537733
1.5499211361,0.5473522533,0.5740672473,0.4071578190,0.7224258032,0.8705408171,0.2394202989,0.2122744474,0.2254406803,0.8478249539,0.7303450525,0.7181490932,0.4223605594,0.2485133589,0.9123717294,0.9467387432,0.8248765178,0.4865990612,0.3613072779
1.5638815894,0.7100427765,0.8383279584,0.4472045580,0.0450603915,0.3102342112,0.3772363156,0.2454226430,0.2409212061,0.1416359365,0.6346852224,0.2422115221,0.7833088717,0.0347082891,0.9855737529,0.1874718557,0.8451634684,0.3546012897,0.3041205427
0.4420218450,0.0293903177,0.5391981333,0.8287143459,0.4929158410,0.1639529206,0.6727646700,0.3955177257,0.2519576899,0.7350758572,0.0405017229,0.5504053628,0.4411261468,0.6827056867,0.1949923558,0.7960463250,0.7219341374,0.0471079719,0.0152026820
0.6348916888,0.0823776840,0.3886815333,0.1591565302,0.8393329788,0.6621040710,0.9835173191,0.6716320451,0.3632434349,0.7015234046,0.7774913724,0.2419977820,0.3962366497,0.5695017518,0.3760531810,0.4722587577,0.2731540884,0.6906702186,0.1428839719
1.7761764111,0.5067498749,0.9191330390,0.4655184006,0.9150679742,0.8367947132,0.2159521044,0.9115903234,0.6854318684,0.5916568070,0.0257962238,0.0345649015,0.0453449559,0.7095123999,0.9218248755,0.1152292094,0.7261160215,0.1511118164,0.2394506078
1.7700596848,0.4308103603,0.7790701044,0.7762471692,0.9611456799,0.6509839412,0.1930624566,0.1784779373,0.0831761506,0.3977420782,0.4057497650,0.4641077786,0.1176558774,0.9667365718,0.4292409887,0.9919769620,0.7348030934,0.0750905105,0.8711238617
1.9454473651,0.6231683128,0.9454072222,0.9867360002,0.5153837964,0.8289186923,0.3663485073,0.4341551603,0.0781132504,0.2280715229,0.2655768904,0.2820268700,0.4872872411,0.4237692354,0.7644889065,0.4991905659,0.6402104591,0.6429996907,0.5529514033
1.3155234858,0.7127153888,0.2473978884,0.7694381942,0.3845353073,0.0052842842,0.2528160109,0.0914869146,0.3793637714,0.4358387549,0.7250198531,0.9762143123,0.4960955721,0.9742585636,0.9967921358,0.0572112041,0.4735488312,0.7036405909,0.2422894368
1.5694187178,0.6530096614,0.4811862173,0.3001972499,0.9277860520,0.2811675261,0.9694111079,0.7896217199,0.1609062819,0.5292627683,0.9332624139,0.9387637982,0.4055732210,0.1987393956,0.9462704565,0.4842538741,0.1985340193,0.4922982540,0.1437901329
0.6885177411,0.8671558301,0.7906567186,0.3084533543,0.2906586372,0.1041314280,0.4034544627,0.1983500756,0.1780978785,0.6292831816,0.4216748809,0.1520881583,0.1611140288,0.1389982399,0.1983522285,0.4681854110,0.9233451073,0.1354171380,0.0496075779
1.4372969541,0.7131858218,0.5951703644,0.4668001101,0.6373667286,0.7184311260,0.3970984755,0.4650326452,0.7808679393,0.9255572049,0.2529567791,0.4949934159,0.0776295724,0.6093587954,0.8035175192,0.5352046274,0.2165592197,0.1134476881,0.8468618545
0.9678431466,0.7359677666,0.1844847388,0.0725077390,0.3713251964,0.0363500690,0.2572969372,0.3819034882,0.8751991547,0.4965158695,0.2065159051,0.6546870317,0.6981641808,0.4833895909,0.9151855122,0.7653107780,0.5235025759,0.7381481754,0.1485220439
1.4621801623,0.3012299028,0.7047399050,0.8304112594,0.5767112879,0.6158042702,0.7320579075,0.9342905615,0.1287706101,0.0727772514,0.1142964111,0.3183695689,0.2931454915,0.9471649717,0.9047060156,0.0198590566,0.0291610344,0.4282512526,0.7952999402
1.6190101771,0.6823923645,0.3302997248,0.9881754513,0.8766025887,0.8922399329,0.0326130951,0.3607329993,0.9980892590,0.3519529531,0.1000495979,0.0889309889,0.7286042302,0.2349326071,0.1645203018,0.8792860485,0.3179689307,0.4183944169,0.8231900014
1.3401810759,0.7186743355,0.6073521396,0.0474446207,0.0303620832,0.5703977637,0.3855102471,0.7389757200,0.0055783553,0.4259263205,0.0930796928,0.4612961206,0.3726588254,0.9988645744,0.5333486533,0.0500167198,0.5983772914,0.5362163826,0.4719450278
1.3580115008,0.1620984278,0.9321230148,0.6484327199,0.6957900608,0.8148293656,0.8667944564,0.6772327643,0.4237413904,0.3624968666,0.4890085541,0.1905486147,0.1425949542,0.2852763403,0.0029218582,0.2677842670,0.5745026423,0.1891019048,0.6502838314
1.4021654720,0.2725449112,0.6706130036,0.4317284456,0.1774166193,0.5385153993,0.5717658869,0.2618998097,0.1702430953,0.0466466796,0.2343110287,0.5925127718,0.4024176179,0.6358230582,0.2953585625,0.3296179632,0.6600773218,0.0175074237,0.2814785126
1.5539883229,0.4876880724,0.9039663059,0.2497622680,0.4537296652,0.2684555762,0.3152204967,0.9688150682,0.5277996875,0.8595471362,0.6477091309,0.8435996953,0.2132901210,0.2338816781,0.8048459069,0.8271149619,0.6158453638,0.4237524570,0.7603442271
0.6185962824,0.9265146045,0.7835394436,0.5506201898,0.5605195496,0.0885600048,0.1100964082,0.4074428090,0.3471306137,0.5773511452,0.5697746887,0.8677977074,0.6684078481,0.1231965901,0.2183168333,0.7206478590,0.3085963768,0.9219893757,0.1957519365
0.1924292608,0.9112886822,0.2237401712,0.3168740290,0.4028127763,0.6142150481,0.6527616633,0.0361826077,0.9920823507,0.4104791417,0.1542252305,0.0779206433,0.5107680865,0.5672490987,0.4489928709,0.1436699768,0.1611496396,0.9855778985,0.4945792044
0.7750436607,0.1717659973,0.1591157883,0.3732020768,0.2996560863,0.6865079585,0.8172620072,0.8193596465,0.7977588633,0.9972340617,0.9323104297,0.3189431773,0.6396332198,0.3563925917,0.0618195902,0.2498692849,0.5432738099,0.0232682085,0.2220190386
0.9777710796,0.1420230991,0.5956805481,0.2385126767,0.0811770639,0.4976621915,0.4452364764,0.2591703168,0.6417859780,0.8575804897,0.0082126573,0.4595434335,0.5044495318,0.9967265504,0.4062606249,0.6155608556,0.9206646476,0.4432985675,0.2987167489
1.2758345801,0.5568411105,0.1612498497,0.4619740373,0.4888451451,0.6647072314,0.7610514740,0.7646099762,0.5601637875,0.9546332605,0.6450704803,0.9377179146,0.5929870938,0.0093248494,0.9092932949,0.8620384700,0.4066647956,0.0443878441,0.2556997858
1.3007931224,0.7668080266,0.1014167699,0.9324433239,0.3533266580,0.6833263630,0.0020278523,0.0579109868,0.9640221588,0.1549364316,0.6791284181,0.0824492422,0.3202995770,0.8148681926,0.3752884137,0.8749671684,0.3875701853,0.5008679752,0.7340309159
0.6746836456,0.0567311533,0.6542794588,0.5425342592,0.3002470960,0.1229255334,0.7612914182,0.8803791735,0.6848544960,0.6573628291,0.0364669593,0.5512875380,0.1267594371,0.7683232860,0.0013328964,0.4979736980,0.4253888299,0.1708331624,0.6668104906
0.9564509147,0.1229974299,0.7863274866,0.6942698128,0.6635171771,0.5484151996,0.9273012156,0.9535573192,0.4486297842,0.9055781200,0.4843665956,0.4788599554,0.2722189952,0.9929910188,0.1332358494,0.0594322811,0.9694354081,0.5389380414,0.6452843292
0.9771106137,0.8009151459,0.6609701621,0.1698319020,0.8868500021,0.1615462885,0.8861580355,0.1830822783,0.2818471313,0.5784160569,0.4998328402,0.0914980232,0.0640461162,0.5551587639,0.4354500068,0.5597512515,0.3419591273,0.9746171659,0.8249571734
1.4840941266,0.3856459081,0.4744437369,0.7399309967,0.5430168652,0.4860840899,0.4509754040,0.5224493352,0.6449158732,0.3510141415,0.5886321556,0.0693838765,0.7170888333,0.6368169247,0.1759289295,0.7981305972,0.2338346147,0.0587085628,0.7352398074
1.5620201814,0.4741558093,0.4490891469,0.7974920550,0.8195509027,0.1847760465,0.8182202552,0.4493857119,0.5856090690,0.3205846952,0.0806778650,0.3615948980,0.6616799711,0.1002917033,0.5576172452,0.3160729615,0.7050969595,0.6645973645,0.8060388242
0.5967150116,0.8563714559,0.6842737203,0.4967759915,0.6553787154,0.0989032927,0.0697430801,0.5210920256,0.3011806888,0.1148117591,0.4210787095,0.0229213423,0.4818104865,0.5629693227,0.8048174398,0.1265949568,0.3030930801,0.1943478891,0.8187102208
1.9134663275,0.6028328688,0.8520964387,0.0894073691,0.9336404592,0.3467883876,0.0310038275,0.6558138704,0.9547937051,0.0590504916,0.4441162740,0.4673591085,0.7683572421,0.8112590868,0.4847721413,0.0486270776,0.4384643729,0.7431852469,0.6292422883
1.8235204125,0.6883945897,0.8171799001,0.7453089707,0.8278643220,0.7582454553,0.7274824026,0.9365016782,0.9940757172,0.2242039250,0.9324998104,0.9630740316,0.4087368892,0.4095289489,0.3025575427,0.5106237724,0.0884506537,0.1259431274,0.0639185076
0.9171362754,0.1906040580,0.3064530280,0.6271933174,0.8053514586,0.3162172963,0.8195791195,0.9067149258,0.3737813100,0.7113180650,0.7735565866,0.8594409815,0.4401136318,0.1676810248,0.7984682675,0.0449264630,0.5068360552,0.4324316302,0.0231637331
0.5455474435,0.8288033175,0.3637329156,0.4159226846,0.5812552422,0.7783428919,0.3374516012,0.9029730348,0.7374990769,0.3994703516,0.5327477757,0.3335406843,0.4609431696,0.6472102099,0.3020970050,0.1739159240,0.1955733544,0.9133955809,0.0282505079
0.8973032911,0.2286585671,0.3199100221,0.0729865480,0.1823190894,0.1912483556,0.8682373769,0.5209152727,0.6464234296,0.4288855306,0.2035584380,0.9264281186,0.1437168865,0.3467851006,0.6960995008,0.5603388226,0.2046487399,0.1112815373,0.4292319103
1.0562930838,0.2186348192,0.3304881549,0.2830855743,0.0121714407,0.3364051752,0.5341416353,0.6077813725,0.7125839412,0.6643795841,0.9464022985,0.9835042290,0.4400088853,0.5449556755,0.8766025469,0.8469317178,0.4916861787,0.3990429200,0.4156752368
1.4108402483,0.2641757039,0.8274782993,0.9857981834,0.0894159319,0.1973438731,0.7898058034,0.8698116427,0.4159853756,0.5930379287,0.6545931304,0.4545383395,0.2218813261,0.1667446748,0.6121425831,0.0146526969,0.6124466481,0.3421188063,0.6747506418
1.4381095147,0.4249709035,0.2190667591,0.9101117272,0.6451857777,0.6240241599,0.2025625227,0.6533898166,0.6059371044,0.1001069935,0.7564227753,0.1665934785,0.9027548834,0.2508496705,0.4615674109,0.6833537892,0.3981268228,0.7647125732,0.6411574803
1.3709167252,0.6537082514,0.2230765775,0.5300876657,0.2805441104,0.0946418123,0.4900456254,0.1000984328,0.9825605887,0.4918978447,0.5387420220,0.1546438611,0.4365540696,0.2818745122,0.7860659231,0.6996195570,0.5977191759,0.3818795792,0.3956975068
0.9332836390,0.1703682425,0.4401096065,0.4188095637,0.1746699425,0.4311826223,0.2235967372,0.9592231734,0.2100695617,0.3109658373,0.6436538372,0.3710734243,0.7865148924,0.6036333048,0.4705249854,0.9077452543,0.1078858039,0.0699090309,0.5630189987
1.2185957050,0.8450671900,0.7870403905,0.8442671607,0.5321591199,0.7867515441,0.2429937892,0.5835170537,0.3025865209,0.6511438813,0.8579038685,0.4063554471,0.9164102560,0.7536371456,0.0692275579,0.5670263576,0.7894765948,0.7154222919,0.2016278279
1.7677449271,0.5254335007,0.6884700365,0.7561780142,0.7633145930,0.8583698472,0.5396917016,0.3246335375,0.2919000516,0.9243328233,0.1189226206,0.7128825782,0.8693921229,0.7196540120,0.8454830033,0.2322551476,0.0261881045,0.6433164221,0.8696205356
1.3024686400,0.4612543816,0.2041914128,0.6693708682,0.1765281903,0.5466732408,0.5021933539,0.2931791137,0.4987614699,0.6022392791,0.5811153557,0.5123016836,0.8537327217,0.7795202077,0.4233831653,0.0846127971,0.3073030750,0.1914831846,0.3400577632
0.9290529236,0.8229430172,0.8209135043,0.4627017864,0.7837389110,0.2302907229,0.8319461861,0.3887583945,0.9751144492,0.0920626824,0.9012448525,0.7859097381,0.9363619853,0.5798129165,0.3147336023,0.5821296949,0.2284824227,0.2311645370,0.8142020916
1.2321196624,0.6555804550,0.0271501765,0.2438347267,0.4392311919,0.9600377254,0.4762670922,0.8408409086,0.6236492486,0.7359732981,0.3618362875,0.4745989464,0.2802631430,0.6965577758,0.1235720644,0.5631734506,0.8728032535,0.9310935486,0.6435579081
0.9870406688,0.0588069987,0.9469239217,0.2893670891,0.3975433067,0.1215904483,0.2796279838,0.5416083350,0.0982664183,0.1171832391,0.3167536245,0.9640713774,0.0507517230,0.5542661769,0.0115318608,0.6497763779,0.9975733591,0.0413031537,0.2521543183
1.4911403746,0.3612851670,0.8554254877,0.3957268258,0.3611004239,0.8639122905,0.3191895878,0.4106974139,0.9114642320,0.2526148807,0.0703378321,0.4947902533,0.7055229693,0.1480211855,0.2867203402,0.1267888966,0.0935976736,0.5135052202,0.2020802919
1.0010489465,0.4243705566,0.1087564319,0.3891737871,0.0407182005,0.8629992367,0.1932223859,0.9954242682,0.2650663986,0.5965652246,0.2980469352,0.0393030892,0.6332175202,0.8411501318,0.2167372624,0.8740410716,0.6314297661,0.5410762808,0.8334628482
1.3742302404,0.3223914136,0.6408979769,0.4722490368,0.6229238662,0.8565801307,0.8068452961,0.4625933676,0.5904521622,0.1453722883,0.2008969021,0.8666528876,0.9462891949,0.1156363690,0.6113071072,0.9172525181,0.6127395107,0.8123110948,0.1960188122
1.5883980705,0.5624420413,0.3856839373,0.6705765944,0.3029555761,0.4831473219,0.8867327393,0.5372010249,0.4354202636,0.9085740439,0.1501125817,0.6348982831,0.2962361766,0.8667052865,0.6091550707,0.1586191997,0.2531673549,0.8708820567,0.4571283842
1.3068347413,0.1621484285,0.8812770935,0.3268553318,0.0269548294,0.9354942892,0.8809339516,0.7466691285,0.9060419662,0.1306827913,0.2944644191,0.4199165474,0.6929596401,0.2256856240,0.4561115455,0.9856532891,0.8540972138,0.6773012577,0.3876848998
1.7085007074,0.3483877232,0.9545950608,0.8537211079,0.9482511805,0.7177981807,0.7573324699,0.6865908238,0.6076178385,0.4826224464,0.8911415124,0.4325691626,0.6560423100,0.4965532047,0.5813441189,0.0208163137,0.4453234914,0.6959561543,0.0522866074
1.8615905015,0.6953783247,0.8007697025,0.8835319993,0.4328906730,0.3536088702,0.9013510114,0.2517250657,0.0173175243,0.7462070859,0.9659209174,0.7452767451,0.1006988367,0.2174168860,0.1480202289,0.8798156490,0.7659772069,0.7098279956,0.1199556318
0.2897701055,0.0156462815,0.3671047675,0.9820640825,0.0663079446,0.8483639247,0.4587159681,0.4154559628,0.0259652444,0.9374619270,0.1992916023,0.3372456929,0.7840351310,0.6761649335,0.1027861123,0.8317629059,0.3012845633,0.2734883273,0.5689391304
0.1985083687,0.9742920171,0.3080813109,0.3689718422,0.7396459423,0.1222255483,0.5746650960,0.8003657218,0.4680381729,0.3848096355,0.6899286305,0.2676159196,0.0112150004,0.5844870928,0.6532050803,0.3653031279,0.4731625769,0.7375959839,0.7255757639
1.3623306302,0.4989115175,0.4069831039,0.3252476827,0.4607350652,0.7683791931,0.9916295431,0.3935130050,0.6368792489,0.5811842139,0.1962528784,0.9322641398,0.1201203091,0.0618677405,0.4553709814,0.9947753507,0.0372104410,0.8145778084,0.9472054739
0.9803672601,0.1250674615,0.9403373498,0.9822452860,0.5525771451,0.6862272306,0.0614486706,0.3190649666,0.4709214217,0.0065051537,0.1683688480,0.7905181868,0.3764190725,0.8536283227,0.8624227801,0.3268488646,0.4206123464,0.6376051052,0.9468269869
0.7814506975,0.1895636086,0.2217244908,0.6495022567,0.0863473360,0.9522494424,0.1433351905,0.4605812083,0.4821685195,0.7319008622,0.2661197020,0.7134934550,0.0416321498,0.4285808165,0.7683163566,0.9691408595,0.6442274822,0.4997743766,0.9143617206
1.8535302883,0.4563666455,0.8905533594,0.6674714142,0.2445159414,0.1410034153,0.5434971370,0.0572862484,0.4254447281,0.3913946317,0.8752548494,0.0350813475,0.2251887013,0.3510821279,0.4586082643,0.1693455987,0.8391084721,0.8949294199,0.2941463223
0.7965499819,0.8018249556,0.2742822482,0.7102712411,0.6473510820,0.7909711730,0.4525626270,0.3932782949,0.5631145955,0.7830715266,0.9388842897,0.7255543962,0.7734141200,0.5065883735,0.1575771433,0.5048546030,0.0264203637,0.8523197169,0.2923400241
1.0193688138,0.0929125129,0.7916481485,0.3846589587,0.0876801418,0.1039531758,0.6970077996,0.0137985085,0.2352396008,0.5480087454,0.8629564615,0.1129725972,0.0247900296,0.6405932351,0.6870807933,0.9060839212,0.0666675290,0.5470970359,0.2036317500
1.2545600335,0.2473013853,0.5989704145,0.8176665216,0.5830162973,0.0740600884,0.8672538238,0.3115924233,0.0683686787,0.9827193248,0.1336775871,0.7073506695,0.7438890134,0.7042877015,0.8970731543,0.1199926370,0.2148094063,0.6602554156,0.8521545266
1.3747146238,0.5788283391,0.0964701144,0.3922041303,0.5410319647,0.7450364756,0.3223676106,0.5481808524,0.6743122558,0.6343005587,0.0671593212,0.7670163538,0.6215652649,0.7255186997,0.3334697166,0.2293861087,0.1658803182,0.6076327311,0.1557822205
1.5688945296,0.6953287591,0.9256213620,0.3120092760,0.4787080988,0.8634578082,0.7565319783,0.3267856337,0.6529153972,0.5333524440,0.0573704577,0.2792055641,0.0323628897,0.6029402211,0.9200329584,0.9567951036,0.5133330792,0.6266408567,0.7247364523
0.9551314630,0.7960013519,0.5802490943,0.5348362874,0.9019838295,0.7560519190,0.3099332823,0.5852999854,0.3841948306,0.3538226654,0.3761673421,0.3159175616,0.2648981238,0.5520305982,0.8750903141,0.6101081317,0.7628731509,0.3762850522,0.4519288329
0.5855936449,0.9856833790,0.1835479522,0.9860186931,0.7414240332,0.1980415143,0.1519989763,0.1847161893,0.1218035534,0.8441472361,0.2271741679,0.1566113585,0.3298105568,0.2892821552,0.3084454889,0.4689351439,0.8662865823,0.9510811042,0.0367624278
0.5631851295,0.0681557967,0.5043419888,0.0769126419,0.1386437449,0.4422108470,0.7197300545,0.0637633083,0.3911726612,0.1020515967,0.4573882268,0.9830855875,0.1771566968,0.0021279885,0.2248425754,0.6949937869,0.4903438155,0.1251922834,0.6195893592
0.2248364662,0.0608491618,0.0762407497,0.8195999348,0.8049909253,0.3197847767,0.7819890332,0.3569717167,0.4779621652,0.0989300961,0.1193964434,0.3673949792,0.3379632561,0.5849032707,0.1208395126,0.6652687027,0.0087911803,0.3798925993,0.8441681707
1.1238106608,0.1872512784,0.5305347918,0.4282582255,0.6332475416,0.1062699330,0.3634438116,0.6113936101,0.5165236096,0.9387478056,0.1020396501,0.4830537921,0.8471593553,0.8074609129,0.1583117255,0.9800005715,0.8678629320,0.0653696632,0.8912655451
0.3038326766,0.0432748228,0.1560695588,0.6037223979,0.5587172259,0.9394397152,0.0515502305,0.0366386769,0.4037348430,0.8162423620,0.3527927089,0.1329398332,0.8458075680,0.3481993798,0.2291497214,0.7617911092,0.7089667785,0.9138698905,0.2700113189
0.8904522399,0.1414212792,0.3772292060,0.8462233796,0.7773496966,0.7384102957,0.2683859796,0.4825640033,0.6154278343,0.5225102288,0.5016752599,0.7764872592,0.2392915944,0.3219260719,0.9659402198,0.9663363930,0.5908086722,0.9830209494,0.2591117735
1.0532447097,0.2850509027,0.2034002515,0.7469031834,0.5597880863,0.1185235011,0.0342749580,0.6276224788,0.2863258447,0.8820426461,0.1344424817,0.5107872771,0.4579616113,0.8178883010,0.6793093775,0.4674752840,0.7896718446,0.2091726451,0.8861502736
1.8537922613,0.5974882124,0.7252950675,0.4887023400,0.9282233187,0.8256781365,0.4540283254,0.6443786961,0.3227241246,0.9906204531,0.7269123993,0.0007263687,0.7191979983,0.0033430324,0.5674055546,0.2508227112,0.7676611980,0.9758748631,0.7641743435
1.7037847127,0.6905699879,0.6663685769,0.7235199608,0.8125193274,0.7653105337,0.4470556414,0.5819866748,0.5328318157,0.5394529470,0.9936205296,0.5824642523,0.3707481347,0.0055102765,0.9467526348,0.7789055932,0.8250455596,0.1954927635,0.6040959646
0.5446032558,0.9874277314,0.6314794708,0.1924376147,0.2901033017,0.5806914605,0.9055652210,0.4518581130,0.6818803173,0.3059670028,0.1676416834,0.9182254377,0.9983337122,0.0797311895,0.7216152297,0.1146565322,0.8744534426,0.4421223407,0.8314834158
0.6914844441,0.1296289537,0.3051266349,0.8191043988,0.7255385052,0.8629057188,0.9134819978,0.7336210548,0.5041816184,0.5926194587,0.7132622785,0.3277398160,0.8579682029,0.0991649825,0.3149920603,0.0240770252,0.0847385227,0.3413580921,0.6148999043
1.6211394744,0.2981093588,0.9687038313,0.5242765111,0.6754405057,0.9252305407,0.0033983776,0.4134210961,0.0085938371,0.7967817393,0.3245484972,0.9772987751,0.3798321421,0.2905494558,0.4542727742,0.5054328241,0.0454109520,0.9358496145,0.2229419271
1.1159881273,0.4083493352,0.1040591542,0.4902552190,0.9959817837,0.6388686799,0.5218170086,0.2231726407,0.8262467383,0.9742031241,0.3237198850,0.4039233516,0.2569800576,0.1535238529,0.5472386800,0.2336466057,0.8224861630,0.5149849922,0.7034984261
1.7386907217,0.6732674819,0.7589254950,0.1857722485,0.6124006346,0.9001297174,0.6023595464,0.5411609961,0.9402531798,0.7150659932,0.9644381146,0.1441099190,0.9004222599,0.7458119022,0.2706134368,0.6215207960,0.0957995637,0.2514366783,0.9626645931
1.3758961367,0.4264897909,0.3688475473,0.4948535245,0.9685009092,0.7601431606,0.8287597422,0.0700232860,0.8646941799,0.4564576643,0.5812693629,0.7576058664,0.7414825554,0.8496288691,0.2754044926,0.7342778027,0.8143534951,0.0803392522,0.7769680893
1.3099960540,0.3079988728,0.3530663551,0.8565290663,0.6848644252,0.9908904313,0.3271983492,0.6306130190,0.5937604332,0.3579733575,0.4004252444,0.1678726488,0.2076594097,0.5024266686,0.5055511459,0.6972819923,0.5664828568,0.6305933114,0.9571052378
0.8497349306,0.0296921790,0.8977844806,0.3982895292,0.4009017306,0.9456325909,0.2718391508,0.1186675402,0.4221817650,0.3036159428,0.6049569364,0.0797969129,0.6813825079,0.1992358453,0.4648116541,0.1541876157,0.9979773235,0.7278047911,0.4542443036
0.4981027262,0.1273460648,0.1119861050,0.6613166399,0.1167648824,0.0895147611,0.3090200079,0.4307201585,0.7470767677,0.4303491487,0.3559993717,0.9663314201,0.0316067137,0.7551901761,0.6883464306,0.9427249822,0.3612763191,0.7641474984,0.7653585445
1.4554756143,0.5631402596,0.3839531389,0.2902295562,0.5759098121,0.1660059534,0.4679713078,0.8292523803,0.0001312190,0.3154357479,0.7850937395,0.6975042545,0.6956754092,0.1211452444,0.6801459550,0.4686696542,0.0735886047,0.4876501636,0.1338973499
0.6243600254,0.3431518156,0.0361084219,0.2146887186,0.0562694562,0.2602438052,0.3896301697,0.2501071708,0.0087892038,0.1624017019,0.8811386090,0.7325283168,0.3527208341,0.4520554543,0.5684508772,0.1447104213,0.8046845770,0.2276634840,0.1339730749
1.3272809508,0.3226570334,0.4637824311,0.4563355166,0.1942406851,0.5092684932,0.3355637613,0.7549350292,0.3158864926,0.4616968177,0.1320323983,0.0125120338,0.2278973279,0.9185685313,0.7977243078,0.9621993279,0.6356861178,0.0635805732,0.7664004779
1.0770685593,0.8312152742,0.9666683665,0.6230712360,0.2274468113,0.0304205638,0.1459245784,0.8438306904,0.1841468679,0.9496503948,0.2912124042,0.0999200728,0.0299628171,0.3145738265,0.0905157340,0.9202793195,0.1669148102,0.3247760987,0.5066575103
1.3248879900,0.3556752925,0.5803110275,0.0710018834,0.4530001252,0.2258094986,0.0105411771,0.8605598862,0.5764021051,0.8321553646,0.4192030697,0.7936847593,0.7512713059,0.8234949415,0.7022153195,0.3259207246,0.2659887661,0.5170514560,0.5371773623
0.9650902219,0.1699081885,0.4414745144,0.0913473127,0.9546528479,0.0027501421,0.5372713666,0.7846930025,0.7442183675,0.3589649435,0.9354366259,0.5157807361,0.6432479411,0.0694477142,0.1993890415,0.3776587539,0.0740556710,0.3241973177,0.0155953118
1.6142476291,0.6644810915,0.4751221714,0.7629918605,0.1473675521,0.7567082900,0.2412189284,0.4516818645,0.2327408233,0.0839633797,0.7795461105,0.8274926462,0.4241373341,0.8296164739,0.2676823163,0.7996451712,0.9191997348,0.7847749951,0.9970681343
1.2092438072,0.7137504242,0.4083153129,0.1163423469,0.4603507876,0.3770018575,0.7141813714,0.0501857844,0.6183547421,0.5686382537,0.6507105748,0.3187050145,0.8604448348,0.5104094008,0.9606297920,0.8896965532,0.5903881009,0.7950545892,0.2553035494
1.5818307818,0.6629917693,0.5006785837,0.4385648529,0.0164907637,0.5987430575,0.9088471901,0.2180764320,0.3547481247,0.2219144462,0.1387878724,0.2655259131,0.3895375538,0.4549857237,0.5372256006,0.6815950813,0.4963436712,0.6057300527,0.5079884160
0.8996822239,0.8916997487,0.9253438247,0.8116588497,0.2680279704,0.2519556102,0.5991550500,0.8040413534,0.6864448784,0.5159795862,0.5224814744,0.1973717239,0.2663216538,0.1695685632,0.8704637033,0.1525850525,0.2341140772,0.2274621441,0.7728016713
1.3500104728,0.7356352641,0.8301961792,0.1141900696,0.5958573998,0.2720839716,0.4859185516,0.2984087639,0.4820648622,0.2925095746,0.7047106903,0.4276137581,0.1966199067,0.3120089442,0.1736671710,0.1255926388,0.9222756336,0.0626812426,0.7231385472
1.0103063169,0.0406431061,0.9618864843,0.1606821022,0.1915528293,0.6824173822,0.5657441426,0.0851153832,0.2164669692,0.2537007594,0.0997666531,0.6674723333,0.1346626910,0.7031492689,0.1768262999,0.4804024429,0.0737024259,0.1002345423,0.8725457175
1.0392710962,0.7711565948,0.4941952317,0.5362957437,0.8878450191,0.5127461954,0.3580026684,0.6231604793,0.5240376332,0.0496746335,0.9361869188,0.8328985294,0.9353093628,0.2851516533,0.4388695074,0.5939548225,0.8050105346,0.8018974120,0.2863039436
0.9460808511,0.9338512184,0.5900292348,0.9465476191,0.7888384820,0.5496795374,0.5647203538,0.9314838283,0.2977393481,0.6760783165,0.5125767747,0.9183727293,0.3813222445,0.0913682226,0.6473751970,0.6113508830,0.7169979653,0.9796102308,0.6667902217
1.2242616418,0.6980779579,0.1913457903,0.3549823659,0.1141228121,0.2317630868,0.4893218932,0.5249467990,0.6808944173,0.9314039912,0.2940104843,0.4524015467,0.9448551785,0.0040495281,0.0356354568,0.8869659358,0.1335718154,0.5542685259,0.7045472666
0.5373088265,0.9500260028,0.7116010158,0.0059399281,0.9156754367,0.4270395319,0.5832021435,0.7926872710,0.5229948089,0.9620981868,0.8792497532,0.5796769833,0.2795858860,0.5007351943,0.7526014018,0.0012088534,0.0045415278,0.8996733494,0.0647634241
1.0906313852,0.1522046960,0.8162630776,0.9225169208,0.6956679987,0.0789965371,0.1221564474,0.1239659816,0.1365130965,0.8271777844,0.9371687954,0.4260687693,0.3084048171,0.6646485503,0.7566653957,0.6630174568,0.7514041190,0.2365900780,0.8693429910
1.2602951885,0.2640518650,0.5671313160,0.8948524090,0.2825656105,0.3865784863,0.8788961004,0.5563622081,0.7646841205,0.3663656237,0.8961990236,0.0594188939,0.7298903110,0.5425909864,0.7377697993,0.4256976647,0.0402236748,0.9996099523,0.0415750265
1.0965270811,0.2730117113,0.3438830785,0.7480617701,0.5065125362,0.9099287851,0.8694271575,0.0651990149,0.1567652054,0.8142533963,0.6813957671,0.4983331869,0.4273596558,0.6677230416,0.0218372852,0.3683527081,0.8512462358,0.5167485772,0.1575671090
1.4467257437,0.3624833546,0.5158829642,0.5465268397,0.3516309724,0.6510887258,0.0509851824,0.1396303590,0.2606252179,0.9307369617,0.9937670296,0.7222782753,0.9601150627,0.8704725134,0.7233584670,0.6198717066,0.3825691313,0.9781673996,0.4135727008
1.2485264727,0.7723842815,0.6746169241,0.7252673018,0.1400375295,0.0527302868,0.4935746277,0.0747185004,0.2753968373,0.9545424192,0.8702035939,0.9150935213,0.1401624380,0.4630397912,0.9261924818,0.0398062591,0.9895200654,0.1270724424,0.1159050409
1.2689719740,0.5166736858,0.1714908889,0.3012767431,0.8110166223,0.1275416562,0.4950049125,0.2975830484,0.6397197466,0.7474985319,0.6605890440,0.7381336468,0.9424132482,0.9598450893,0.1024637351,0.2418997122,0.6941286109,0.3661609140,0.5442792677
1.4853160907,0.7460068221,0.6888270160,0.7129172433,0.1720042502,0.3648244498,0.9614016053,0.6395296632,0.7475561600,0.2763805935,0.6667791219,0.7490739533,0.0027662457,0.4824259570,0.3481913981,0.8770381032,0.5550121636,0.3699271090,0.4975970634
0.6029737661,0.8499656845,0.5407676973,0.5500023083,0.4712164154,0.3153625145,0.0401467252,0.0819488050,0.8026515538,0.4754808293,0.3852742244,0.1620719522,0.5163019880,0.5410982208,0.1854018403,0.0156555656,0.8603076445,0.6252610616,0.8063966946
1.0576689332,0.3359883025,0.1794218245,0.4808471712,0.8729140427,0.3790251294,0.9827012567,0.5535530911,0.2734768233,0.5095969190,0.7117277406,0.6483012745,0.0392982823,0.1066112474,0.3979501178,0.8545625830,0.4260208999,0.2506580767,0.9251639220
0.3535458277,0.8440049938,0.1056980701,0.6219256951,0.4243177472,0.6049339344,0.9508161969,0.1090508210,0.5120741639,0.2026721237,0.0297100276,0.3884296284,0.0141634462,0.1107686423,0.3083404445,0.8527873387,0.7539378667,0.1868032935,0.4219333084
1.4968846856,0.1766401273,0.9133218230,0.1473231912,0.5171516094,0.1278446897,0.1874075987,0.9808263966,0.1950759609,0.1167358802,0.9616119794,0.4997884991,0.9959020572,0.9404396512,0.6563651265,0.8983697368,0.5429172753,0.1143578509,0.8164657783
0.6019987456,0.1259447887,0.1916333201,0.6071094547,0.3020123179,0.1104750964,0.1669822327,0.3600886563,0.3631623165,0.9554722312,0.3487492235,0.5354371044,0.3388277465,0.0347114089,0.8031118593,0.2549427558,0.4481662370,0.8407898228,0.4024104142
0.3521572843,0.9999693047,0.3624126664,0.4681902177,0.1186021856,0.7934793167,0.4343098706,0.1026985736,0.8682146379,0.9890211878,0.3867174223,0.5326951765,0.3558943036,0.2963578318,0.3097658660,0.5507892822,0.1124554830,0.8294485180,0.7762792385
1.2067852836,0.9077982026,0.8533646733,0.9193354824,0.1282012700,0.4643867516,0.0500898697,0.6997327429,0.6444134865,0.6547305670,0.3864941788,0.1847010220,0.9017800619,0.3814845495,0.5847541486,0.5667707329,0.6176931520,0.4000143730,0.2574339179
0.9582976982,0.2537895901,0.3114159013,0.0061287481,0.5770263368,0.7919609831,0.2892159028,0.5077512378,0.9751545297,0.3818502393,0.8909738891,0.0825358532,0.3599524731,0.4114014115,0.7772420131,0.3590389410,0.9196058878,0.6565148570,0.5454116631
1.7265233136,0.5758095257,0.5405972724,0.2452916144,0.9112613507,0.2592101110,0.1001085008,0.4093173995,0.6728061084,0.2327751937,0.3070161475,0.0829200315,0.2384510424,0.4227929641,0.5108155662,0.2513263937,0.3925109212,0.5748515015,0.4492928667
1.7026839329,0.7047229115,0.4292792897,0.9144008295,0.0564953107,0.5572213023,0.0127783650,0.8531298612,0.6662131248,0.8360726963,0.0240065345,0.0412655704,0.4618240160,0.3880004316,0.3362003156,0.8135875872,0.3919792419,0.7606271597,0.3262645960
1.1565597234,0.4504315176,0.3333784796,0.1189330146,0.9281493074,0.6374356818,0.2530328462,0.9733904860,0.5712419376,0.1478159152,0.1407535261,0.8015826309,0.7663907351,0.4715640842,0.6646580268,0.5348338987,0.5821674512,0.0460929324,0.9154468005
1.4412315087,0.6494691021,0.3384531802,0.0975172725,0.1533908372,0.3539068282,0.7036022658,0.3172902124,0.9281353513,0.9523099348,0.0699269522,0.7771893437,0.1121186606,0.8361592417,0.4466734671,0.9706184972,0.4447576616,0.3506188040,0.7495197920
0.2674922217,0.9876009808,0.0413055354,0.8832524766,0.1694170412,0.4303943495,0.0629192721,0.1684154886,0.6503504643,0.5676397401,0.3979724274,0.6571108535,0.8765821371,0.8123902271,0.8782124344,0.3055761990,0.2935780539,0.5874736082,0.6608116830
0.2845564567,0.9187921543,0.3563745002,0.6156322641,0.5283630667,0.2452486578,0.0862549612,0.2298973118,0.9466494926,0.6017336844,0.5924709516,0.0559313392,0.1437467547,0.3376313020,0.4585896945,0.7077582910,0.5414310493,0.0766326218,0.0421117362
0.3750136884,0.9045191908,0.3344631722,0.6138003670,0.1735469421,0.2318464132,0.9617021273,0.2269429292,0.1534561732,0.8195339008,0.0410533956,0.7403403093,0.9559082261,0.6167945715,0.7193904763,0.7345767551,0.2684216025,0.8940797562,0.1838245414
1.1337301831,0.2559689049,0.3679293769,0.7368354412,0.1172639294,0.9765612256,0.8655299672,0.1070448216,0.2538862973,0.4411807804,0.6309556894,0.7108616216,0.9160998945,0.9136426707,0.9388898456,0.4118550054,0.3415436685,0.2657666504,0.5164492115
1.2875092984,0.3861578915,0.0298244466,0.9144936865,0.2172309512,0.9412059675,0.7697759577,0.7515085911,0.7283122365,0.1523802267,0.1149362993,0.9754217008,0.6672795681,0.2411374818,0.9516605386,0.0772582509,0.7142963436,0.4263393811,0.8154480130
1.7203969800,0.5916023142,0.6930730870,0.8547537469,0.2904597932,0.9597334283,0.3381253435,0.5394264714,0.4713416916,0.1082447558,0.8554664564,0.6912132553,0.4970748986,0.3747215824,0.9108778311,0.0765755069,0.3900419271,0.0187825265,0.5609691594
1.1972376990,0.2292520485,0.5863504163,0.8955131519,0.5283386152,0.6013106886,0.3688152843,0.3954460002,0.1613891225,0.5192899694,0.3909248067,0.7055067290,0.0837330182,0.0349610654,0.4702297315,0.3220540534,0.7887820359,0.9236543040,0.2944255293
1.3836698926,0.3335011152,0.9214822608,0.1611792194,0.2069895041,0.4638543377,0.3459965649,0.5132128456,0.2120325223,0.4357995689,0.8306262710,0.9247941114,0.6141933276,0.2300761031,0.7054294210,0.3340402710,0.1651859692,0.3614572479,0.4590174417
0.4190030191,0.0251738220,0.6057045735,0.9379753646,0.7863829886,0.3848812676,0.9318707156,0.2270204411,0.6437180349,0.7592977312,0.9735687610,0.8948944595,0.6739350175,0.0310574733,0.9666776491,0.9791189476,0.6194871570,0.4740528169,0.3877609517
0.6568724152,0.1839069110,0.0189670146,0.3383634599,0.0735682972,0.1148099662,0.6517689908,0.9962557865,0.0387489816,0.3633052513,0.2299442482,0.6877853291,0.2478321446,0.7468705551,0.3012274291,0.0923157698,0.0022664336,0.9043845891,0.0322609050
0.6682292765,0.1866610194,0.0686630614,0.8187162867,0.7070716192,0.0955288276,0.9990720065,0.9341147726,0.6737467388,0.9378744181,0.0984175129,0.9298293928,0.1529305217,0.5644186033,0.3025154106,0.8524771522,0.5603803799,0.8207696752,0.6612414284
1.6860487304,0.4576089800,0.5550862335,0.6303242600,0.2660878983,0.4567759692,0.4793801679,0.7369924862,0.7704165270,0.5534453224,0.0154598786,0.8000528270,0.2315889398,0.4050172744,0.9054894802,0.7467619277,0.5784159390,0.7132442007,0.8640734288
1.7233908735,0.3442586689,0.9509995477,0.4861116176,0.9014726301,0.5075280193,0.1679556706,0.1587864146,0.0321335921,0.5475561657,0.6139973945,0.8036027486,0.4519086717,0.8595686099,0.5097783660,0.6278900146,0.4737648244,0.5692862628,0.9350938270
1.5846474544,0.6867352594,0.4825996521,0.7550925184,0.2352026240,0.2213901008,0.7699752973,0.1594895570,0.5920334772,0.8768816359,0.0191808296,0.0020314109,0.7903311684,0.1508418880,0.7146472656,0.7660488506,0.2243288330,0.0647401456,0.7343375928
1.2537688156,0.2057139323,0.5990996507,0.1888611498,0.6901164980,0.8525048799,0.2245840663,0.5559546470,0.3289195953,0.4515848540,0.2081855119,0.7797584051,0.0523102849,0.9170033903,0.8236583752,0.8344367211,0.4990018944,0.6232988159,0.9507854561
1.0262321424,0.3329336499,0.2996912329,0.3732740704,0.1338693412,0.1756722649,0.1565312529,0.0151470795,0.8750370027,0.9969914708,0.9545657516,0.3471121431,0.9395613299,0.1821589889,0.7399905207,0.7864878632,0.2019563303,0.0190394935,0.6578580594
0.6576394292,0.0416864018,0.6753187109,0.3033841484,0.4327491767,0.3443235631,0.0595181758,0.6037957851,0.3687210707,0.0303745605,0.8520311220,0.4708413314,0.3656872099,0.5079920488,0.5291547910,0.1831589164,0.8049921285,0.9272072792,0.6985352509
0.6755155427,0.1720697506,0.0193929282,0.4577691591,0.0187436998,0.0837265529,0.3939769479,0.8659061937,0.6298671776,0.0599014252,0.6831779357,0.4013664715,0.0553399576,0.7225806421,0.8790039965,0.3707731769,0.5138930287,0.9875131031,0.6221422177
1.9731458453,0.5397323200,0.9675254452,0.7282260385,0.3720274250,0.6534507983,0.4263666612,0.9691518848,0.0180953071,0.7475038505,0.1384650980,0.6565798593,0.8302022312,0.9836464333,0.5806202282,0.4812484774,0.4987318145,0.4962837367,0.2659266442
1.3958056576,0.5417877413,0.0453828521,0.7586021696,0.7492024481,0.7941731821,0.5514525212,0.1469426197,0.3690101677,0.6205868367,0.3929708080,0.6359920224,0.0609984142,0.7940818076,0.1528029731,0.1540526258,0.0845756694,0.2230642803,0.1372077107
1.2192285064,0.1882058826,0.7957499893,0.5502896048,0.6622589382,0.3530569052,0.2131433783,0.2761802936,0.3756942585,0.3948021001,0.0908521389,0.8613988590,0.8048549467,0.2398306465,0.3762233352,0.1301811522,0.0231837950,0.4448496180,0.8906952843
0.7039504245,0.9434869577,0.9595392164,0.3389044857,0.7853411901,0.3501556485,0.3548931529,0.3419771894,0.5327000810,0.6050773558,0.2795813114,0.3902076432,0.4563948174,0.3910540083,0.2256307409,0.1838737969,0.9042347501,0.2452078370,0.4568581583
1.2737193215,0.2965727672,0.3511124054,0.8840336949,0.4208975483,0.0571690345,0.1236683971,0.5496907669,0.1316882668,0.8398839923,0.1620727956,0.9390779722,0.5585209093,0.5002107310,0.8080482503,0.8503278973,0.5792946482,0.1254306256,0.5831741988
1.7029114951,0.5214342389,0.6854085413,0.6071454299,0.1258181789,0.4981193278,0.3080690895,0.6491351974,0.5313989277,0.2402562475,0.9070541921,0.7405465469,0.9014274796,0.0249389460,0.2815824827,0.6751336068,0.3793982781,0.9116897744,0.2168831371
1.0078000848,0.7091661077,0.0480861699,0.1824694351,0.1510468773,0.5050925743,0.9955677571,0.6304959386,0.5786291739,0.4322873850,0.5170007732,0.9987740150,0.1313788173,0.0542257215,0.6905982120,0.2044924875,0.7043597335,0.3741531574,0.9288557175
0.4750255520,0.8854141682,0.5951243857,0.1485017937,0.0007039701,0.3963048499,0.1178823674,0.2597521554,0.7564627746,0.7825413313,0.5975103955,0.2143655851,0.4195286543,0.0983413870,0.8534829584,0.2203724710,0.1622389125,0.9268357679,0.0731795928
0.9197470693,0.8247964445,0.9400243227,0.1360289233,0.2342086775,0.3640317347,0.2527351519,0.7921116690,0.6950025347,0.3831087535,0.6466953348,0.9991815287,0.6327879409,0.2991548645,0.7898228887,0.2764609606,0.6056159631,0.0715922531,0.4544923549
0.8686605669,0.1304654581,0.5016350604,0.1103345882,0.6991023682,0.1862311290,0.8713916238,0.8197305644,0.2247067447,0.7108362877,0.9886546257,0.6949474168,0.5684578250,0.8510260421,0.7291534780,0.8369790996,0.5578561173,0.9916843280,0.0865646333
0.3343494478,0.0974433971,0.0004147221,0.4787685491,0.8064725451,0.3462177359,0.2559048877,0.5752850184,0.8901049525,0.3762477124,0.6829539573,0.1046073222,0.9851681911,0.7293696888,0.0640043031,0.5505802129,0.6468689884,0.3077663741,0.4489945127
0.4548269229,0.8627591135,0.3254258312,0.3664106366,0.4784857533,0.7916772989,0.0861611997,0.0164924151,0.7994922194,0.4323348272,0.6359984927,0.7027402406,0.1467133257,0.0368955799,0.1463084074,0.7200972352,0.1453175774,0.0705074362,0.3661682014
1.4309467257,0.4461506291,0.2294788313,0.8411410047,0.5914358847,0.6035719696,0.4150026991,0.6605275799,0.0325976598,0.1822872806,0.3553943358,0.5256344689,0.5105419575,0.3841265019,0.6136661815,0.6661514993,0.1383707528,0.6057673320,0.5627184111
1.6855652349,0.3080655869,0.9230820205,0.6026565942,0.5534011741,0.8325167491,0.7137337113,0.7781776397,0.9135208962,0.4214857367,0.5900615603,0.6130219580,0.6875326701,0.4196037701,0.4902217297,0.8118860546,0.5905333725,0.1974235466,0.4401679315
0.3029558823,0.9177519650,0.3321730035,0.3899978045,0.4866766288,0.5095899726,0.2640487770,0.2701076612,0.0382480780,0.9085684503,0.9253927003,0.1752977455,0.7701583522,0.3858094676,0.0038809359,0.5356098131,0.8140510873,0.1279033121,0.3380506572
1.3687547746,0.3292606119,0.4734402050,0.9626232146,0.9642560585,0.3847192085,0.6696776886,0.8690048660,0.7891848407,0.7938352999,0.1787144750,0.2814147912,0.2861223697,0.6038185588,0.9330266941,0.0545270511,0.4877501770,0.0179289297,0.4030621880
0.8154947790,0.0693988613,0.5828539191,0.1505813232,0.8061721132,0.3474212142,0.3051022070,0.7754416829,0.3374290918,0.7010096279,0.9729472913,0.3443661461,0.0790354818,0.9662369266,0.7488815999,0.4043720587,0.4228150972,0.8716363832,0.2191750869
1.7154533421,0.5551522242,0.5928401280,0.8307441143,0.4522130039,0.6593200150,0.1334119234,0.5464979387,0.8198383562,0.2090498124,0.8953423831,0.3258294758,0.2753058368,0.0445243324,0.6609377850,0.2812945742,0.0947445047,0.8487731302,0.4426101635
1.1509289155,0.5400821667,0.0279890503,0.1177419766,0.6244552507,0.6856178582,0.5716175089,0.2956740046,0.2063310359,0.1877250620,0.8334533485,0.0146432274,0.7621336857,0.7935544313,0.7918016771,0.9989214040,0.3160283071,0.5629763085,0.5050516572
1.2264881134,0.1575766831,0.9189594257,0.7522603341,0.0353408728,0.6143423481,0.4521217707,0.9149704735,0.5056353487,0.7859780420,0.2841684081,0.8776576151,0.4011532531,0.2438329338,0.9678324066,0.8292459162,0.4384785839,0.0000984958,0.1340019257
0.6114181818,0.1526868261,0.2680604257,0.6616398360,0.4981671033,0.1464647173,0.5077200560,0.0673595505,0.9846667742,0.7863205795,0.2334059483,0.1724116251,0.4435640005,0.9098111196,0.9330067475,0.3254637925,0.5797722035,0.6438404132,0.1319823944
1.2670757362,0.4071217668,0.4034500403,0.1604016050,0.8979309971,0.8668008504,0.9456789703,0.6150511087,0.4721086731,0.7141381827,0.4562313712,0.1802854061,0.5748786788,0.4187325936,0.1403434587,0.8528039013,0.5667755279,0.1207824417,0.7055042609
0.5924251949,0.1345858014,0.2056649111,0.7638018620,0.9917704463,0.9656726664,0.2144134925,0.5310053206,0.2789528479,0.9211930077,0.9700371930,0.4134592365,0.4070894222,0.5242491485,0.7425927622,0.5983470386,0.2338428017,0.4553288756,0.1763768747
1.6204001172,0.5204578923,0.6377342346,0.5282126262,0.5586231494,0.4192219396,0.3606204696,0.1279210232,0.2899531496,0.9549566849,0.6458512021,0.9311939591,0.1551913166,0.3360605211,0.3978611372,0.9310660198,0.9639405915,0.6112261031,0.3646201043
1.2382488994,0.4495076304,0.3807471651,0.2084895462,0.2524247211,0.9700246234,0.1725884101,0.0207056750,0.4978186133,0.9479561088,0.9383895457,0.7348354564,0.3621535346,0.6699842793,0.1999281306,0.9108460031,0.7285541328,0.3469334708,0.7089458963
1.6389554428,0.6394908239,0.3817547432,0.9578790690,0.1315197102,0.3430701334,0.4655913697,0.5159080464,0.4078153476,0.1021559468,0.3689236461,0.9959289654,0.9461210633,0.9423519587,0.0851553627,0.3086336326,0.0080554412,0.9852891277,0.4043759445
0.6230648405,0.9633716848,0.8366956853,0.7852424143,0.6181506267,0.6600877320,0.4137962420,0.7148587429,0.6477215543,0.1300706941,0.6136454516,0.9499834704,0.2579278097,0.6615960106,0.5013611987,0.4838909569,0.4543392599,0.5523512090,0.7177678739
0.3986861735,0.0486221829,0.3859464552,0.1042862523,0.0068629791,0.9945431596,0.6830351923,0.2415770563,0.5229618716,0.2824835851,0.3799232127,0.2985759539,0.5072843821,0.6895239972,0.9450077049,0.0301065163,0.1219402919,0.4222007357,0.3645151380
0.1848814087,0.0438712307,0.1326831278,0.0115040426,0.3331949644,0.0324906018,0.0153052643,0.6476592096,0.7348032709,0.6356044573,0.8086891598,0.9812847490,0.9138990313,0.7734866130,0.0437467440,0.9061565023,0.1332554235,0.0113259856,0.7967731982
1.1839040910,0.3389883233,0.0311330472,0.8735493575,0.6916316788,0.0888767578,0.2553321312,0.8406361267,0.6628833522,0.5949386485,0.9153090524,0.7752132449,0.2487579015,0.6228173219,0.5262260184,0.0496177814,0.9028541493,0.9382321291,0.0260698185
0.8285538359,0.8895874602,0.8723327295,0.7893275828,0.7718766038,0.2587588798,0.3893475452,0.6307579175,0.1668036388,0.2188886633,0.9402858406,0.1540488314,0.9389353860,0.8060000519,0.5996151508,0.5545939173,0.0280954040,0.7596992503,0.1972076368
1.8217526192,0.6574519045,0.9031911060,0.1352177300,0.9927957400,0.2294521332,0.2645661523,0.1440446447,0.7551151241,0.2511191172,0.6477029380,0.4533203498,0.7763652677,0.4602900180,0.2232421217,0.1709769725,0.1010439342,0.5320354276,0.0587321364
1.1079721694,0.8020204947,0.6334328424,0.7302468306,0.3847416490,0.4734035591,0.9369338903,0.0261602011,0.9491775321,0.6604084998,0.9332732552,0.1467433277,0.6678036059,0.3706326880,0.8007919606,0.5425871963,0.2604454402,0.5266538121,0.6370405036
1.1194466493,0.1228994663,0.9136052031,0.6955936463,0.5152208643,0.0923961089,0.9831805896,0.4260741356,0.2663463707,0.0605664928,0.1589040943,0.2618240759,0.7231072236,0.6992570621,0.1708776583,0.9682280766,0.6868441997,0.5156181950,0.2629366035
1.7360625109,0.7011973083,0.9041799713,0.4089277497,0.4671401360,0.1940623349,0.6010076387,0.8630572822,0.3269844178,0.2681712448,0.0825342223,0.0929408284,0.5925096754,0.3224109423,0.7839879624,0.9415074153,0.6102160390,0.2384069383,0.3571610418
1.2589593951,0.7713446304,0.8296163916,0.6481467649,0.2473737703,0.9113756409,0.1072339294,0.1910917190,0.0697444728,0.6807677821,0.2338085712,0.2595995935,0.1741119830,0.5181402602,0.1732598734,0.2136907529,0.8312879756,0.2915786069,0.2887615100
1.0131269276,0.1113672304,0.9467330690,0.7928986366,0.7841878410,0.7444347378,0.9792355301,0.5724166454,0.0208868087,0.8405127994,0.6680021286,0.6875813895,0.3981431531,0.9845475901,0.7778570299,0.9351456785,0.8249102984,0.4830166151,0.8557245409
1.7072079852,0.6336859503,0.7246043383,0.0854586111,0.7654839083,0.6411579219,0.7389356172,0.4455138047,0.4371027368,0.5806656265,0.0412344485,0.8172795794,0.2848674064,0.0682132034,0.5436495850,0.3556331104,0.8755623197,0.1958674379,0.7748027166
0.4924187628,0.9131315945,0.5301783218,0.4458948302,0.1280959835,0.6055925416,0.1068913182,0.9450183386,0.0691487777,0.3020238689,0.2268895994,0.2694734204,0.4160152255,0.0523556473,0.8317852496,0.1496386853,0.6827760488,0.4725915557,0.6421360888
1.6846817334,0.6275890473,0.6302137621,0.6859313512,0.9094071174,0.5390190010,0.2301943715,0.0733074524,0.4243821535,0.5653274287,0.8444835509,0.1548254494,0.6477051351,0.0782665635,0.0866309060,0.6398357315,0.8673355904,0.7602578959,0.5265495422
1.6885078702,0.6121747221,0.5525344347,0.0216678825,0.1913777118,0.9239491990,0.2656469441,0.2208351236,0.5498457484,0.8248312825,0.3720079291,0.7516713154,0.4061122376,0.0521239224,0.3687927073,0.0328846956,0.6542612138,0.4023868796,0.6537051179
1.0629617730,0.7200964424,0.2171842543,0.1143186674,0.0902852943,0.4442353798,0.5322772183,0.2315105757,0.0344779719,0.2088257966,0.3400953434,0.3455911182,0.8285171004,0.4888626040,0.8580988577,0.9827281877,0.7949764759,0.5090350279,0.3574503002
0.5035780818,0.1175501548,0.0723192317,0.4725616634,0.7675810545,0.4815124558,0.9556281485,0.1678645995,0.7531688436,0.9673659079,0.0131348449,0.6798231204,0.6086448285,0.4210152117,0.2139438878,0.3089231249,0.7816825366,0.7656947704,0.5608126864
0.6007024375,0.8228878178,0.4667458382,0.6173380376,0.4533582531,0.3727871604,0.8037375656,0.9308372348,0.2628978502,0.5473592335,0.9131015414,0.1354877426,0.5128204546,0.0394698455,0.5359417773,0.7114741743,0.8541604371,0.7952099937,0.4906777220
1.3069758088,0.4873773957,0.0390123060,0.8551760573,0.6604063209,0.3250884654,0.8112284125,0.1449609440,0.9234337462,0.2115454070,0.4019921256,0.4489810418,0.8104859492,0.5570299934,0.9831794931,0.4827924342,0.9475975848,0.8926657979,0.8368460249
1.1022433625,0.4128608186,0.0652745045,0.4895630676,0.8486533417,0.0884328731,0.3930311088,0.7032129913,0.5516687787,0.5652767024,0.4892256748,0.7191846784,0.5872485930,0.0037778295,0.0322513767,0.2119613200,0.3954569570,0.1262172243,0.8979343147
1.8767931193,0.4385214892,0.9176357301,0.9126538454,0.1976696122,0.4684578398,0.5052115170,0.8593971694,0.3269359270,0.0838332887,0.0256840989,0.8653178891,0.4411237072,0.4386095782,0.2888197038,0.1774481922,0.1404556591,0.0630574059,0.4534172705
1.6104207150,0.5010020038,0.8640494514,0.1228569515,0.7102705757,0.9983979116,0.0193260703,0.2757107574,0.5513699366,0.7502219069,0.2057703517,0.6352605014,0.2192828794,0.3607867878,0.4978117794,0.1950199518,0.9964055615,0.3878800969,0.5157186603
1.2639444570,0.4708816265,0.3744736350,0.0308869507,0.4279618309,0.0442627835,0.8961339076,0.7015342245,0.8017549051,0.7792891403,0.7415579716,0.9864322624,0.1462915393,0.8121498598,0.9591846212,0.5455232533,0.9675953034,0.4086282042,0.7865506465
0.3331369482,0.8919907001,0.2813537944,0.3215813804,0.2759706922,0.2810938539,0.2982055981,0.4964673901,0.3895776733,0.0288699397,0.3021909015,0.2596826441,0.6133960532,0.1501130268,0.0659557793,0.3952629071,0.1175612445,0.2482877625,0.1599392844
1.8325292107,0.4507602957,0.8511153821,0.6636006365,0.1076201090,0.5430675858,0.5059540228,0.4754203170,0.0667339184,0.9010212630,0.8519514018,0.1248790652,0.7891642366,0.4401283542,0.9642865044,0.2652294975,0.8300023953,0.5883638327,0.2972223883
1.3263877274,0.2075632153,0.7689114589,0.4867531726,0.9424111208,0.1105032668,0.8499103483,0.4787231175,0.5843610055,0.0695565702,0.1331169243,0.0389168635,0.0617666929,0.6123586152,0.4133331503,0.9756903174,0.5576708582,0.1779381149,0.6408337479
0.9984563887,0.8041447668,0.5717071829,0.7274052535,0.7329831358,0.8677381806,0.4587057153,0.2212970986,0.6406654825,0.3178906913,0.5235503814,0.8405752650,0.4101938158,0.2533687102,0.8198448499,0.6443350868,0.3563073082,0.0289705571,0.8008972554
0.8323722011,0.1232067227,0.4985630384,0.1078340939,0.5751410691,0.0030632809,0.3611858091,0.4725251183,0.4935203293,0.9719895953,0.1827056333,0.8450254809,0.6534366770,0.0048803778,0.2755329623,0.4435348554,0.9070108263,0.9790306140,0.7049370161
1.7594308172,0.6165545131,0.4185427626,0.9154234360,0.1585042949,0.6267753718,0.9348646155,0.7442729721,0.6390270755,0.5031549798,0.0607096740,0.7883627822,0.0376836830,0.8828172770,0.3414543635,0.1099311766,0.2293173510,0.6196318138,0.8269632731
0.9305974867,0.1852324284,0.4463067160,0.1239340425,0.0501532223,0.9034871973,0.1920489383,0.4322307702,0.3732976682,0.6367625441,0.0352650739,0.2180748266,0.8210288479,0.8246153370,0.9993935457,0.5768234161,0.3107995612,0.6284160529,0.5533148210
1.5902525506,0.4754978720,0.5559462953,0.6125920323,0.4954483425,0.3326368986,0.1950507291,0.1526956189,0.6119156410,0.3947958315,0.7785061646,0.4948024168,0.0585282682,0.9526649570,0.2185196338,0.3520952627,0.6113001399,0.5756328936,0.6336178294
0.2418597928,0.8677434658,0.1732877192,0.6213618287,0.3182809337,0.8002931140,0.0685330924,0.2451302701,0.1749241361,0.3732717179,0.9146684996,0.5482849166,0.4783223858,0.4627511176,0.1865770605,0.8307747833,0.9205404825,0.9320048586,0.5495611448
1.1637050026,0.3395790642,0.0347914876,0.8142908403,0.0824685303,0.7891722165,0.6549445480,0.1682514108,0.0018807079,0.9701992530,0.2869431125,0.2194925147,0.5248648945,0.7095374003,0.6411018469,0.3115592821,0.7051299410,0.8942105519,0.6467137041
0.7954850460,0.0347213567,0.7995420772,0.1334053332,0.6751028069,0.0552525712,0.1252612024,0.1238719315,0.9443074873,0.0157311164,0.8140768074,0.3335961640,0.6219392918,0.1924065629,0.0462524085,0.6735086204,0.3487300694,0.4164317992,0.1503477462
1.5776866259,0.6892890288,0.3053590995,0.9427272414,0.4794148087,0.3398465890,0.7476757420,0.9753338373,0.5117657627,0.8063801867,0.0966599730,0.0602767297,0.6031355379,0.2958991870,0.4220788401,0.4474085164,0.0357780850,0.3032702195,0.6129711399
1.6035009834,0.3927269683,0.5745183353,0.6781236668,0.8201679447,0.6867479300,0.7858849749,0.0116371085,0.4351858667,0.5963623830,0.6675347465,0.8275245752,0.7497212946,0.9417215294,0.8993873249,0.1342448249,0.7799953944,0.0068923149,0.4316494305
1.5806678455,0.2913954418,0.7650818360,0.3740606599,0.1243087964,0.3343551190,0.5213162413,0.4575134448,0.4796969007,0.0973754056,0.0757443668,0.1947148202,0.5411992322,0.1196497054,0.8319345311,0.9013318833,0.7409277593,0.6600885299,0.8550783021
0.0809523854,0.9906021679,0.1375826491,0.6146609904,0.9116229720,0.2117473838,0.7490853317,0.5441382526,0.0468913792,0.2571589295,0.4313117647,0.1057721583,0.4009280389,0.7820559421,0.2463130026,0.1228107027,0.8071303798,0.7695689901,0.9634338055
1.9019012363,0.6554307484,0.9302570120,0.3651098504,0.1122860753,0.6520378247,0.2940735464,0.7618596717,0.3723975063,0.7869051962,0.1029482980,0.2125833869,0.0258877101,0.9961359510,0.6962679972,0.0993572889,0.9179113459,0.3695695386,0.5654408301
1.2718625537,0.7634307553,0.7782751373,0.2526708643,0.7834204492,0.1607637660,0.8530721919,0.3032244564,0.2844053950,0.8715658447,0.6703450791,0.7428168828,0.4294238861,0.8499629948,0.3992214514,0.2639149886,0.5572920790,0.7225826786,0.1663906424
0.5926578814,0.9899142174,0.4014028747,0.8939480299,0.3377657365,0.6257165111,0.2502813556,0.5430490456,0.2992697053,0.9493248711,0.7822083851,0.0779845087,0.5236864622,0.0372425866,0.9478929747,0.1964171501,0.6026193300,0.7530644631,0.2103560338
1.7260313963,0.6171711908,0.5281623877,0.7074743440,0.4608693742,0.9685168872,0.1708606778,0.2818081600,0.3820076486,0.0235644507,0.3932009824,0.4099408231,0.3233095095,0.4177376517,0.1123709908,0.6767781061,0.1150546902,0.9548920276,0.4661291562
1.4133393268,0.2618571176,0.8382533346,0.1229602469,0.7488965459,0.8175442015,0.5279674025,0.7625399400,0.4904529258,0.6444923492,0.6664461189,0.6575525530,0.3123068783,0.5137994397,0.8542795155,0.8559031607,0.7877746652,0.6912589750,0.0829995566
1.2501651587,0.2204897244,0.6423344471,0.1656061488,0.3288410603,0.2125100478,0.1270822548,0.2765729976,0.0493330769,0.6768838946,0.6789923159,0.8990171119,0.7003661250,0.0963399441,0.3631705067,0.7527554910,0.1196641810,0.2143575131,0.2400313045
0.9682472673,0.7396504389,0.2430765414,0.3233706238,0.4795676687,0.5801468919,0.7786843151,0.5222057457,0.5008778825,0.5280186471,0.1015749707,0.9701101218,0.9568087108,0.5597503686,0.0975788151,0.2287267491,0.1687560446,0.9014593241,0.3411148655
0.6033947290,0.8191912140,0.0781109116,0.7346047409,0.0951643916,0.3679295414,0.0108336178,0.8549591283,0.1788191437,0.8209807665,0.0780831435,0.9645207972,0.8412389338,0.1849671913,0.4426100362,0.4150957821,0.1685655760,0.6766045664,0.6280211251
1.6698560004,0.6950878138,0.4248616886,0.9560380949,0.0648559674,0.7288583970,0.9607300524,0.9088496979,0.6730266747,0.6356757587,0.0140051025,0.0585434298,0.7275407414,0.3045289851,0.3396942507,0.7351079589,0.1886542809,0.7175108252,0.4419232563
1.7960862525,0.3985355923,0.9470578302,0.5531221252,0.6306809140,0.9157435744,0.5689380172,0.6294357305,0.4714141719,0.6386598998,0.2516820649,0.1070336688,0.3718652830,0.9649043512,0.1585624123,0.4430038763,0.0672507308,0.7884228350,0.0614935104
1.1572113994,0.4673728993,0.0834156779,0.5667214711,0.0023716305,0.6914354433,0.7409970872,0.8538290905,0.5480887406,0.1512247116,0.4582906931,0.3655320141,0.0523319210,0.9962936503,0.3626879140,0.6590431588,0.5562218362,0.6745343176,0.6555832239
0.4010755665,0.8206041594,0.2136498707,0.3971163225,0.3131376378,0.8686407328,0.5858353833,0.5351153611,0.9147190433,0.9537702723,0.7487016350,0.7461887510,0.2102967114,0.8431355196,0.4580596495,0.5840103250,0.5663449904,0.0877065823,0.4431518884
0.3467386370,0.0220531688,0.4719531269,0.9548608151,0.3000329458,0.8128590237,0.4354803057,0.6821266509,0.9032457941,0.8652990083,0.3466847556,0.8280713489,0.2686307221,0.8226258528,0.7479731854,0.3380083888,0.0350196069,0.0369066029,0.4179402904
1.1818250908,0.7952282907,0.5315179411,0.7961764652,0.9899331341,0.1567403695,0.7040025056,0.6157676553,0.6888131021,0.5472988900,0.3171792941,0.6303367474,0.9762522650,0.8280150829,0.7875464653,0.9941673654,0.0779224823,0.4102036495,0.0469663448
1.5934237966,0.4571681461,0.4529041061,0.8774769964,0.4324484490,0.2979752775,0.0073057969,0.0614378255,0.2761907664,0.1892795455,0.2103555198,0.5824292643,0.5870101873,0.3947390668,0.3239132166,0.0858140590,0.6122826582,0.1854985565,0.6012744439
1.6834542196,0.5152380004,0.5578680201,0.6518753057,0.8162642137,0.6656633097,0.2970203187,0.8658142438,0.7676843008,0.7260875945,0.8286201295,0.7207881995,0.0796784671,0.7103280153,0.2302335323,0.8073503897,0.2737201390,0.6895910705,0.3224398070
0.9380533782,0.8171985547,0.7261225399,0.1551894039,0.6391572903,0.8248222431,0.9295477615,0.1207859068,0.4065864288,0.3986682064,0.8885545496,0.3686017492,0.8843981797,0.0679167459,0.1510812884,0.0596080846,0.7987182040,0.8588636188,0.9706440509
0.7658311889,0.8816848474,0.9532996001,0.0731535227,0.8701270882,0.3477424325,0.3752278965,0.4018871214,0.5713896757,0.2988377353,0.8051614736,0.0434829044,0.6389090515,0.9084098785,0.3140293874,0.7244408045,0.5637531475,0.6077710586,0.6348758127
0.7316174559,0.8604168624,0.9829343468,0.0050369818,0.6355208912,0.0274689704,0.1729049801,0.4238537211,0.6989500043,0.1675853743,0.3543898778,0.4684632350,0.2992390248,0.0050060902,0.8088882641,0.8544558884,0.2400354484,0.5813676309,0.4678256094
0.6322780119,0.9513660511,0.7686034203,0.3299990267,0.3396314840,0.1732465599,0.8445049205,0.7526272952,0.8209928733,0.7859093302,0.9008170785,0.8495498217,0.9029442595,0.7228950083,0.3552680598,0.4924442380,0.3449026437,0.7764819756,0.6175723277
1.2908787890,0.7294577194,0.4934998537,0.1710690883,0.5608668881,0.3427049489,0.3704468041,0.8617147912,0.5796788879,0.9921237837,0.6719645546,0.6845225049,0.0323565442,0.5379767949,0.5329859805,0.0955379766,0.6548813629,0.5218262649,0.3530202408
1.4060493437,0.4415527805,0.9605532310,0.2369788449,0.6147971848,0.4112004715,0.1371305801,0.4467305669,0.1079868241,0.9419619937,0.3893360744,0.7745142731,0.6697948655,0.3790395045,0.6989259902,0.6115749248,0.6886205009,0.1156718918,0.2497092618
0.6745744633,0.0419453457,0.7254582261,0.5283202852,0.2841741258,0.2640954989,0.8770829588,0.3991378867,0.2043310994,0.7763440854,0.6553627665,0.9192097573,0.4796680562,0.7344014875,0.5384568586,0.3506572727,0.4161401031,0.9435265375,0.8916089808
1.0660880566,0.8347066677,0.1426332896,0.9324812901,0.4944079694,0.0594848116,0.3859717838,0.5807343417,0.9859632181,0.5520696943,0.3336995788,0.5152333154,0.9314085890,0.7881945005,0.1660063188,0.0469664779,0.5112269863,0.5401497726,0.6712859344
1.5521597526,0.6507091513,0.3800894095,0.1030695918,0.6510185626,0.4786994962,0.4982060415,0.7872394811,0.8785557360,0.0386364051,0.9741206776,0.0094844826,0.9186608434,0.8988966045,0.3033679851,0.6494673146,0.8668943417,0.8896430400,0.1184510204
0.4983496660,0.1416451082,0.1659766787,0.7646321148,0.6238211459,0.8906273836,0.0883385455,0.8197291845,0.6545028526,0.1672520327,0.0182534690,0.1017542796,0.7720605392,0.9003812749,0.8533381757,0.3106606981,0.3751797464,0.9607952013,0.6917229805
0.4916913229,0.8734820989,0.5450066069,0.0330108464,0.1362024373,0.6145193485,0.8297539831,0.0223296099,0.6897938427,0.6306280648,0.7513620362,0.0535504625,0.3591104203,0.5846488567,0.9708545314,0.8835646332,0.5195723769,0.8980637760,0.7712833182
0.9866629065,0.4640505129,0.0422902500,0.3964090004,0.8410947209,0.8634506441,0.3465670777,0.7868202161,0.4254514449,0.6864820191,0.3552656154,0.3187129097,0.4409114255,0.6657352569,0.0775867119,0.7388576590,0.6891424870,0.0591807899,0.2738813798
0.0197252900,0.0108275474,0.0084144359,0.1934766337,0.6760873755,0.9218480105,0.6909991304,0.8626019029,0.1910299832,0.9020704328,0.0353957735,0.1635905928,0.3653187111,0.0412772354,0.6393214380,0.1120614467,0.8238834620,0.3750496376,0.6494090273
0.4487095647,0.0725772762,0.1688710122,0.7749679409,0.3501284977,0.0194257253,0.4567507032,0.6501844063,0.2087730438,0.5595192539,0.5001670207,0.5962568894,0.8657895470,0.3442772358,0.1812467170,0.6223947839,0.9853596464,0.6506123843,0.0214212080
1.1889945840,0.5424437663,0.0765952352,0.0774819252,0.1169382885,0.5041824603,0.1939753763,0.8638265669,0.7599567472,0.4881389238,0.2026731978,0.6512588195,0.6759026386,0.4104167941,0.2553162108,0.3607905471,0.7916988805,0.0947727854,0.2512260949
0.1390749490,0.9464139307,0.2213552474,0.1905405692,0.2046451892,0.8405088354,0.3250943750,0.7742158853,0.3032882880,0.9487281390,0.3051431413,0.0136233968,0.8828194115,0.3487662229,0.6623637466,0.4007180406,0.4569544906,0.7623809531,0.6378229749
1.4556688544,0.6999808197,0.5450280279,0.5118728215,0.9803776984,0.4246230085,0.6279558904,0.6086680815,0.5544129765,0.4068214716,0.2169070705,0.9042015612,0.4371434668,0.6423135241,0.9641721620,0.7211368026,0.1464089376,0.1806429325,0.4590874364
1.1255069114,0.3235734264,0.3311053640,0.1100824899,0.8352205329,0.2334577754,0.7807466507,0.2373557215,0.8220051074,0.2256837617,0.2073888405,0.8305583591,0.8710506617,0.9473450303,0.3688397531,0.7022572993,0.3125280673,0.0531672836,0.7124903981
1.4243884263,0.5164004417,0.4740911868,0.2183939060,0.1832747718,0.7449274048,0.8267032141,0.2176080125,0.5556692000,0.1629793946,0.7963319144,0.3076979871,0.1935499452,0.3009768818,0.3165388939,0.6191967102,0.5532391230,0.7237263663,0.2686456630
0.4549118163,0.8550273897,0.2491508916,0.0899404672,0.4691330017,0.7348481215,0.8018721789,0.0235435602,0.0482130823,0.9619411310,0.7746004863,0.7469275492,0.7059483846,0.3101424181,0.6938697292,0.8298063702,0.7937007081,0.1112723024,0.2470940449
0.7332791901,0.0376248739,0.7325035454,0.1385115830,0.3635064131,0.2698611301,0.2505096770,0.6758161795,0.7006036383,0.0813519379,0.0635727888,0.6194196824,0.5778383755,0.4767911345,0.8429512281,0.6819089609,0.1784900143,0.8614230182,0.1277882837
1.5402789660,0.2658252170,0.9852486907,0.8883565149,0.8213321139,0.9945737690,0.2399578533,0.0801121825,0.7678670170,0.4784367947,0.7674298375,0.8617732634,0.6780378794,0.9435631593,0.8089583255,0.6669162947,0.3152997741,0.6813327842,0.5641091391
1.8477580123,0.3847025761,0.9928168788,0.8110383053,0.9648243410,0.6245614818,0.4180596820,0.7636429934,0.4193544091,0.1717438549,0.6640291223,0.4484821560,0.4007049401,0.6661003119,0.7759926003,0.0617184222,0.9034627596,0.4255332451,0.3468243386
1.6707711220,0.6461899616,0.5835652384,0.9662834546,0.2208573197,0.0888373625,0.7833959404,0.5880604053,0.7828862037,0.1889707188,0.1265123259,0.8085445284,0.0781594694,0.5410653207,0.4535249340,0.1681320618,0.2527047098,0.7873532633,0.6835966609
1.3232362430,0.2778295147,0.8066118172,0.0899465752,0.9551291411,0.5124231589,0.6320825833,0.1593909631,0.1548889860,0.1264013416,0.2036093444,0.6767365329,0.6161551124,0.3582416913,0.6017907913,0.2053386333,0.2242085259,0.9358638594,0.7962928508
0.1870590605,0.0495505315,0.0319006406,0.8530294951,0.8286620542,0.4065034174,0.0851220651,0.8444965010,0.8035953887,0.7690693651,0.5817369712,0.9570546970,0.3508472271,0.6937949887,0.1011152831,0.3278745426,0.9779643081,0.1287820535,0.9482597544
1.0762416524,0.1995614994,0.6246983002,0.5030250508,0.1919975048,0.2252167080,0.9689383612,0.5680463529,0.7342081870,0.7325130819,0.4113522270,0.0790824627,0.6488605595,0.8507139898,0.6293896278,0.9461944986,0.9651198157,0.7794473615,0.4686643620
1.5387890909,0.3214670127,0.7326990749,0.5371484487,0.1893083985,0.4817841126,0.6360989214,0.0012332497,0.0784519677,0.5764709193,0.8611955791,0.5973921871,0.0729047103,0.8392328454,0.4679968081,0.6590427828,0.8670208627,0.8114327085,0.1765404487
1.4747750568,0.5100896042,0.0382898720,0.9515516275,0.4298935949,0.5780995000,0.2517563015,0.9597958620,0.9465367505,0.5148813512,0.5524393208,0.9588537445,0.8357435060,0.7367333203,0.9434183941,0.3091185706,0.3226503926,0.1442570911,0.8369345967
1.7712534892,0.6647038076,0.6947372132,0.4296139410,0.5450383046,0.3455810194,0.5747995257,0.9734306183,0.2814651253,0.0511541054,0.1800076122,0.5006738121,0.2888268931,0.6863635967,0.5754534955,0.9649728178,0.6008781015,0.5092196874,0.8268369073
1.1641543177,0.3805584453,0.3913902763,0.2980297804,0.3438583185,0.3232467687,0.6143981990,0.2750011871,0.4648802482,0.8510743956,0.8224011705,0.5187295385,0.1776687115,0.5754593177,0.6554692376,0.8048100535,0.1871499621,0.3746456459,0.0444507337
0.5698535480,0.1355215582,0.0339496691,0.7163376316,0.8765991452,0.1169538637,0.5978840312,0.7832636876,0.5745791262,0.8571362118,0.5094802297,0.6848189237,0.6726874470,0.3459141929,0.4910892746,0.6549071694,0.8016485266,0.7433709654,0.6883650141
1.1804511166,0.0910737736,0.9774955772,0.0938253158,0.6891676198,0.8009981150,0.4135957675,0.2734152387,0.6418749173,0.4192793745,0.4621885907,0.9946206564,0.4011606355,0.6178845845,0.8968457420,0.8954601911,0.4588631717,0.4863860303,0.7535325163
0.6519269497,0.9874652782,0.9610097799,0.4077585468,0.5274627940,0.3138376917,0.1768914726,0.5685486301,0.4668710758,0.1950750406,0.1428758901,0.8036690688,0.6094907511,0.7866646802,0.9005223168,0.8484014594,0.2005792891,0.5660646693,0.2856993211
1.2119314749,0.6016007171,0.0278655195,0.3239141606,0.1054044569,0.2230671926,0.3613315012,0.1661831810,0.7576916806,0.0875910560,0.9652221503,0.5694965457,0.6859055573,0.4198913442,0.2750174788,0.6966543824,0.4252027876,0.7972804371,0.3646133914
0.6459304791,0.9145824644,0.9420182300,0.3102524239,0.6552804208,0.1104610461,0.0504389998,0.2634189952,0.3384356206,0.8671508630,0.4294763549,0.6531195395,0.6111796702,0.2914229471,0.9005201785,0.4405241199,0.4195859080,0.8664085895,0.1365861933
1.8224213349,0.5295399484,0.7283909205,0.9403252645,0.0091438915,0.4582886228,0.2257495353,0.2769055843,0.6089747657,0.7360553976,0.0945046901,0.1454394546,0.7535440675,0.6746247913,0.7196313797,0.5306781505,0.1912238169,0.3106554640,0.0451890997
0.8534257294,0.1430654887,0.4448540782,0.1741491338,0.5484537810,0.3045984289,0.9409775517,0.7367326372,0.9980639868,0.0633061174,0.9460621559,0.1563977575,0.4439386703,0.5007947960,0.7691282184,0.6971960320,0.6468664224,0.7050682529,0.6056387653
1.6976542016,0.3573037018,0.8137774503,0.6898341937,0.9520424866,0.1813012645,0.7123746218,0.0740715109,0.5572821989,0.3353530891,0.0796697034,0.7003618642,0.3807770409,0.2714908169,0.5862409879,0.0342374562,0.6082125499,0.8258488940,0.4363031010
0.3968698325,0.0445375442,0.4344748965,0.7505712668,0.3618100525,0.1830776823,0.8991342885,0.6880888597,0.2533505654,0.4784966620,0.6988894750,0.7637463689,0.2265561314,0.5493271427,0.4225184908,0.7758963156,0.0699929452,0.5151898620,0.0525824854
0.9384510338,0.0250864706,0.9955324132,0.3952219881,0.8963096132,0.7784163932,0.0123421938,0.7035927538,0.0791206179,0.5678211360,0.3441455906,0.5950104176,0.7150078233,0.6315100892,0.3001460948,0.9607599484,0.0368322683,0.1923500020,0.6878053258
0.7958282713,0.8760970439,0.7384772604,0.7455627955,0.1301291883,0.6880172320,0.5322243265,0.3794199048,0.0956976737,0.4092547729,0.7587487786,0.0159961400,0.7955238919,0.9874410967,0.6970474269,0.9322651641,0.5178821220,0.3875566520,0.7363342385
0.6202120021,0.0900859042,0.3874238142,0.0859635899,0.6053954496,0.7624140219,0.6931074269,0.7491682180,0.2871595548,0.9511474034,0.1410560638,0.7619882321,0.0256277405,0.6678786735,0.4035512228,0.8994164564,0.0464782184,0.3206083544,0.3424717019
1.7428640486,0.4561895528,0.8084156178,0.5574111885,0.5131665754,0.4734633164,0.4549567426,0.7362806756,0.0050875252,0.1363846849,0.4848582976,0.1882828423,0.5043044151,0.9531585048,0.1035963472,0.9698292056,0.9587391003,0.6670032647,0.5508396372
0.2633067218,0.9273272877,0.1700903205,0.7867569201,0.6959184584,0.0680154060,0.0526326871,0.5447983031,0.7489418776,0.0845782533,0.3885730540,0.6320873867,0.6142919386,0.5980293592,0.2595370368,0.7223719153,0.2810214856,0.4923124507,0.4522634570
1.0740361223,0.1514053477,0.6587274624,0.3800097734,0.8601356229,0.3615845523,0.7140035442,0.7700436107,0.6197189030,0.6020534430,0.2915843174,0.8889830311,0.8761598919,0.4856367272,0.2668787936,0.3366064454,0.4652788368,0.2240214606,0.1489676887
1.3736878342,0.3246765810,0.7120632751,0.2582682665,0.7386805552,0.1935946136,0.5729211695,0.8640507394,0.4501550948,0.7818234907,0.7761500612,0.2825063836,0.4036651161,0.5856848581,0.0957144434,0.7356497303,0.0231714344,0.1733317573,0.8176879955
0.8208291224,0.9015357379,0.9378006405,0.7479587508,0.5510424966,0.0085558058,0.2959776639,0.2107923379,0.3054885327,0.4225328832,0.4912112399,0.5743600723,0.8823507381,0.7872940774,0.4862622914,0.5405432481,0.0679874816,0.4514012990,0.7374972445
1.4411768789,0.6080259827,0.2323593089,0.1143606282,0.8952533495,0.3174070971,0.1800459331,0.5672997769,0.4251473751,0.1272057080,0.8763152112,0.6500788657,0.0363171094,0.9399321412,0.1223619972,0.4468631700,0.7352336954,0.9799480351,0.6390360741
1.0036919265,0.8088196387,0.7421250418,0.6914562147,0.5359019115,0.3793954715,0.4054385640,0.1668216523,0.8163476521,0.6772455808,0.9766863687,0.5875547284,0.3494617200,0.4472400165,0.2571869384,0.8631889491,0.9809186112,0.6545555157,0.1496776555
1.0988623237,0.2782405312,0.1762598668,0.9988196237,0.1274933319,0.8653242886,0.6979837458,0.2897821408,0.5673515769,0.7909548461,0.5857170334,0.1486035524,0.2057714863,0.0331583683,0.9326785121,0.5963351812,0.7890127821,0.4969375719,0.8987167630
0.8126513543,0.8258685630,0.5782173241,0.3637005899,0.9283819077,0.0104480499,0.9723029536,0.1016609487,0.0667291050,0.1712740982,0.9196894754,0.1147620124,0.0003892107,0.3580019886,0.6053023293,0.8633268738,0.2963537698,0.9219884339,0.8427154295
0.6064427284,0.8057416904,0.1741633094,0.2613926194,0.7811923728,0.0785635513,0.7827707700,0.2148961318,0.4252654632,0.9914992321,0.2868469151,0.4821327463,0.6227879431,0.9377948876,0.7276606548,0.1482553301,0.5641862988,0.2837426468,0.0237786246
1.6042767974,0.7814906268,0.6431984787,0.9702347510,0.5486565072,0.8782058827,0.8332848835,0.9268027004,0.8740264822,0.0285129001,0.9298594490,0.1913255409,0.2183427076,0.1485944615,0.7418157751,0.1541900481,0.5105202561,0.6557722771,0.2183097005
1.0791286799,0.1606579644,0.6905275422,0.8419673854,0.7606614956,0.3927212726,0.7449925945,0.1072298210,0.9418847700,0.5694947911,0.4479459778,0.4319792895,0.1874005233,0.1221181008,0.5266636535,0.1991172931,0.5098555649,0.8517299770,0.8435829331
1.4529587961,0.4646093249,0.5425032747,0.4251392736,0.6094746434,0.6832475335,0.5618593793,0.0871454519,0.4873853588,0.4134072477,0.9461256921,0.3289648557,0.2408367394,0.1510811408,0.0878092038,0.3979958779,0.1065973193,0.8869021746,0.5861947431
1.7753881064,0.3834573105,0.9518877454,0.9981284572,0.3640867047,0.6655665456,0.8083665922,0.5565990509,0.4525216738,0.0373169681,0.5293155047,0.5319840031,0.7085280713,0.5855343598,0.9425037147,0.6686640823,0.1816082072,0.8904705813,0.2556022438
0.6266579032,0.2199289537,0.0452139856,0.2279863159,0.3876980142,0.7696191697,0.1388326373,0.3360316148,0.3067244284,0.4139188157,0.6655488502,0.2101456251,0.1872694740,0.3324858093,0.2913668420,0.3946078704,0.1063033691,0.1664315432,0.6262942105
0.5989199610,0.9982709243,0.7515055645,0.5950070192,0.2841648653,0.0819607664,0.3097799297,0.5034641793,0.2433759176,0.2404555557,0.3882989266,0.4620679833,0.4985637528,0.2273890511,0.2615041501,0.6651386254,0.4502620316,0.4882804921,0.4253312962
1.3594832989,0.2015968308,0.9630967922,0.5511640662,0.3308206418,0.0966259155,0.8461386973,0.9616991689,0.8611112673,0.7423677055,0.2512256496,0.2941418139,0.0529600804,0.5301509157,0.5133533886,0.3238681428,0.0666270893,0.3576655354,0.8555799937
1.9345319139,0.6295202389,0.9395235519,0.8766703385,0.5540821382,0.5455926154,0.2135523029,0.8967322262,0.9740962873,0.2647501188,0.8923485145,0.3435669008,0.8685065320,0.0598080073,0.2617590252,0.0639858727,0.0874182873,0.9450852190,0.6696950023
1.4740725667,0.8308204542,0.5406674092,0.9698551453,0.9080080673,0.3072633386,0.6866536820,0.9334696219,0.8252062194,0.8838245253,0.9191772367,0.9290819811,0.4601631106,0.9669084510,0.6299389497,0.8492066589,0.3676247351,0.2769889136,0.9155830358
1.3625454249,0.6732728400,0.3407728851,0.4412902344,0.5716440329,0.9697871173,0.5506482881,0.2240141042,0.0185113498,0.4481256059,0.2607406015,0.5428569383,0.9841765305,0.1000379361,0.6845985609,0.2268566345,0.8171346847,0.6526380584,0.5379534050
1.2941026045,0.5989989251,0.1299143687,0.4149635522,0.5503371570,0.2991533662,0.8603389208,0.3133287483,0.2851970980,0.1932864872,0.2396998102,0.4735156915,0.4261361579,0.0059659717,0.5505450087,0.9446167407,0.3264519950,0.5548617381,0.6374107902
1.5571694343,0.6046908282,0.2011038688,0.9202452040,0.9575710396,0.1064319161,0.4427205070,0.9375943483,0.7917010297,0.2047210885,0.2578737919,0.7697901081,0.8272298496,0.4162525957,0.3487740740,0.4179096791,0.7297326245,0.5304721837,0.3605977101
0.7466954107,0.0685531916,0.5615595616,0.0601790242,0.3152179463,0.7603561720,0.3989867474,0.9623150463,0.4012345796,0.2686805278,0.8205923598,0.8197505829,0.7136489478,0.4964446621,0.2911965699,0.0586995283,0.7341441028,0.1398329370,0.6787623743
1.2583694790,0.4354724971,0.0444353899,0.7802018689,0.0018686110,0.7962251891,0.8423156172,0.4845082577,0.8846261893,0.0249411605,0.6403281006,0.6416081692,0.3047248201,0.5671047817,0.8963170754,0.8258951643,0.7027803827,0.9997375908,0.8574535870
1.3946719493,0.2419994163,0.7958230684,0.9869125596,0.0576908979,0.5095948157,0.5777618408,0.5481731648,0.0970111319,0.5660055905,0.2979734834,0.7728577918,0.2321189012,0.6425421706,0.9950685373,0.6791668463,0.0488394306,0.0281216068,0.9422855300
1.2073479726,0.1842091222,0.8235231298,0.8219354732,0.9002782831,0.2712242741,0.2308125810,0.8626026165,0.7836709174,0.0143485266,0.5713808261,0.7495234437,0.6369935864,0.0419294079,0.4520039224,0.5200623410,0.0467230301,0.4298832473,0.7919406722
0.7562188106,0.2378005009,0.1704203232,0.1519279591,0.3435615871,0.9491900036,0.8134616976,0.1454588820,0.8961033507,0.0601759134,0.5895299120,0.2923317454,0.6075212709,0.9796518212,0.9390199656,0.9043004656,0.5909218108,0.6874993383,0.3312275054
1.2443107052,0.1923130083,0.7638917537,0.7941156770,0.1810300636,0.4685795220,0.0307197098,0.6437832110,0.9653536289,0.2683880276,0.9062540659,0.2249187461,0.8165764286,0.7333798854,0.5536760724,0.7089263492,0.0875258838,0.4550963610,0.9264510499
0.7492987631,0.0536588944,0.6751170284,0.0936981460,0.6895359417,0.4998494499,0.3672026020,0.5999674761,0.5851299591,0.7582996131,0.1746538724,0.9474528040,0.0412401681,0.0222010595,0.9677914287,0.6339282732,0.5866818236,0.9931207746,0.0912579907
1.3353771150,0.2685050450,0.6309810689,0.6084079173,0.7333394492,0.6538762801,0.0134335251,0.4405213840,0.9636384690,0.9783176454,0.7726739686,0.8147318549,0.7246477609,0.9420982400,0.8983175864,0.2475768347,0.8621133561,0.7535772700,0.8977187548
1.4426505236,0.7746563655,0.6112041094,0.8341134105,0.5950145572,0.2042855590,0.8329656846,0.1725375888,0.4990388503,0.7405418778,0.4229325319,0.3782863855,0.2058805355,0.1958465681,0.1800491202,0.0087927097,0.8536603178,0.9383655512,0.9819766115
0.9501362992,0.1273835751,0.6300455279,0.7712364858,0.9606921879,0.5189692440,0.9659285127,0.5020330702,0.1649154128,0.1574817457,0.5983023144,0.3319418542,0.5634041012,0.5165087606,0.1658295697,0.0982276471,0.8197190439,0.9365256891,0.7154113700
0.6478736383,0.8371206572,0.5344708926,0.2048330343,0.5089716586,0.0912243640,0.0488886471,0.3998164437,0.7271401401,0.6801482274,0.4074136009,0.6632484441,0.3959573039,0.7331457331,0.3556919938,0.3770810423,0.4189947858,0.8229157788,0.1574593693
1.1445232753,0.2817707465,0.1044709953,0.8993785112,0.7553594300,0.4730638094,0.1653894526,0.8635252225,0.0651491666,0.4320042428,0.7488885059,0.5948983064,0.0787134119,0.6558227504,0.2854132366,0.7788262621,0.0668063338,0.6544115086,0.1299026076
0.6074746968,0.8668398993,0.0098528557,0.8803082828,0.2612668247,0.2666339452,0.9870881665,0.9132771889,0.2482908884,0.8407622800,0.4278597994,0.8771462859,0.3640389348,0.9829780771,0.2776375679,0.6781751072,0.9258570881,0.5744132996,0.5059453129
1.0175536267,0.1691054214,0.4034844110,0.6511614974,0.5657344308,0.1811023887,0.1990332402,0.2769789410,0.5520984836,0.1650336276,0.8824694015,0.0029393730,0.0965002838,0.6156930398,0.8025355759,0.6712473353,0.1961071513,0.2237341348,0.6803927626
0.3191999764,0.9250270459,0.2517762336,0.7398427343,0.7532085504,0.8832298239,0.1863295074,0.6064299908,0.1264486294,0.3174732403,0.0699725298,0.2085824370,0.6583635983,0.4396749337,0.8795000352,0.6090742257,0.8899821799,0.6038988772,0.4149075282
0.0708795122,0.9118648580,0.0012492991,0.4794398490,0.6353013702,0.1608643509,0.7460936135,0.1337686241,0.6193554627,0.3811495520,0.4859549959,0.3982532508,0.8777173491,0.9008668398,0.4442000567,0.1429872377,0.3633086903,0.0832679140,0.8202357598
1.8518860514,0.6713590205,0.8404989200,0.7578241460,0.2607288197,0.8399786025,0.7173948460,0.6944547423,0.7121480746,0.0183802742,0.7548124166,0.1438579849,0.3875144121,0.9791550142,0.6554845430,0.8661849495,0.6035928298,0.8913243371,0.6625052937
0.6150216875,0.9986577578,0.4162869105,0.9354485705,0.7694102125,0.9635794779,0.5092584422,0.6515425006,0.3494775089,0.3120880085,0.7622462867,0.2633152989,0.5062688152,0.0017599481,0.0242936138,0.3891856206,0.8757497455,0.6069325783,0.5753142491
1.7959941355,0.5485400456,0.9410949051,0.1549414327,0.1852910863,0.2403922118,0.1147651803,0.7701356800,0.1483008195,0.2379750453,0.6371970530,0.2642521940,0.0565694143,0.3292640980,0.3531061473,0.0335807833,0.0200775175,0.6805578760,0.5967139821
1.3226613963,0.5859412122,0.0168070364,0.5849680273,0.8966616921,0.4526512591,0.8183200069,0.8648964631,0.2558674792,0.7805581104,0.9059033180,0.6758409480,0.2225573245,0.2872701369,0.2608625618,0.6014261595,0.5847882060,0.8217063511,0.9350376244
0.8856829810,0.1438292020,0.4583596569,0.7970183946,0.6560951763,0.8805923079,0.6460521559,0.8063846494,0.0304903347,0.1185526448,0.9400402585,0.1124336444,0.5005543184,0.9433440469,0.7975372449,0.5017083651,0.0055310706,0.8887477679,0.9840184437
1.4092044017,0.1480650587,0.9337471279,0.1840551526,0.4910930881,0.2935725010,0.3020363042,0.9223846538,0.9493058235,0.7427412929,0.6882362146,0.2364182907,0.7267292096,0.9161624663,0.3552527795,0.5520779465,0.4196709076,0.9248955080,0.5845461984
0.7429836370,0.8764205455,0.3342604612,0.8700805209,0.2899075656,0.3031335951,0.7365978517,0.5193560589,0.0713929810,0.0983709936,0.3155392166,0.0912119830,0.7381431115,0.4028765998,0.1607409416,0.2171046762,0.5727286216,0.2579933839,0.4703909347
0.1576837261,0.9383870949,0.3584364579,0.4894368918,0.0523525922,0.9436344534,0.2297784064,0.7968924614,0.3808509049,0.1188863128,0.8926993866,0.5383547544,0.1022401199,0.8413258403,0.3829759865,0.3646354101,0.9179000393,0.6866788600,0.2157167230
0.7012576682,0.0834154575,0.6252028671,0.9422438531,0.9868946332,0.7720836118,0.1071958132,0.2590838674,0.4065147407,0.7854199122,0.2636832857,0.7320015267,0.5699248256,0.7540322916,0.2165931574,0.5680200472,0.9564075390,0.0058133467,0.5060000124
0.4492198484,0.0609249920,0.2385974609,0.3283719457,0.7952904450,0.4325630191,0.5533421087,0.2539005351,0.7019031791,0.7385581667,0.9113445900,0.9496303261,0.1150843264,0.2072548433,0.1903791387,0.1220328211,0.6538164626,0.7881395596,0.4164563182
0.1790336786,0.9354014033,0.1862185545,0.3108362014,0.9786243149,0.4699902326,0.5658252020,0.8525759841,0.7283564228,0.5661907259,0.1780858733,0.6548351142,0.0577844331,0.3884473016,0.7323228586,0.6783618434,0.6645074518,0.3998139255,0.8365497238
0.7482972102,0.8513660250,0.4387288025,0.7887333799,0.6065821349,0.6591712129,0.5787814806,0.9301832109,0.8427971628,0.2796172719,0.5586315892,0.9074960279,0.1355745000,0.1689031512,0.7233345900,0.6402916323,0.4293957654,0.0723656991,0.1728724499
1.3399978348,0.2762208284,0.5809367257,0.0509740640,0.8862140675,0.3784501292,0.5909987012,0.5356566924,0.2324189124,0.5521664464,0.6971334126,0.3188408637,0.8248871051,0.7811463843,0.4772865240,0.1946110998,0.2698212172,0.3113586475,0.8436254366
1.5567183566,0.5364962033,0.2312022609,0.9704980940,0.4281667264,0.8250043532,0.9979053044,0.7214034030,0.2898071032,0.0198496131,0.3089114031,0.0023174486,0.7148407113,0.0733033505,0.3359002022,0.9472589443,0.8542979595,0.7543040596,0.2836933315
1.9948001922,0.5991286732,0.8636057162,0.6154478719,0.4670262676,0.9453535420,0.1498971563,0.9970479401,0.6440176859,0.4312782746,0.3684552982,0.9383764994,0.2971873277,0.9404426870,0.2231075386,0.7245627924,0.9545527374,0.9398058477,0.0134825003
0.4518747667,0.0541681418,0.3649208534,0.9472962420,0.8925876026,0.8636362712,0.7288422364,0.3917682149,0.6227097241,0.6399845914,0.3101054627,0.1119967157,0.8155526501,0.5577255012,0.9572135232,0.9606154579,0.7640142958,0.3546802009,0.0190181860
1.4109475370,0.4756235715,0.5912602520,0.1796307271,0.4081464586,0.8079484138,0.7372336903,0.8398510553,0.5227841509,0.9710068038,0.2702293842,0.0424518953,0.8146354791,0.5220612692,0.5500102573,0.0046757877,0.4811202543,0.7406190256,0.6017229474
1.5703426123,0.6445028928,0.5131576542,0.3903578840,0.0875072757,0.8932193986,0.6495742247,0.4054881022,0.6270805593,0.5100610358,0.0494497401,0.9349131636,0.5548610111,0.3541666922,0.4898358952,0.7747448408,0.3064417201,0.3490695882,0.7724849996
0.9467783076,0.8054054821,0.7999429158,0.4743905966,0.2287493735,0.8368026426,0.0292675423,0.3274380122,0.1204148414,0.5888750422,0.2606439838,0.1589659770,0.6480982479,0.4845736673,0.9550692175,0.6271620408,0.0848700234,0.3359206481,0.1011943862
0.7004382366,0.8441624221,0.6068057298,0.2086444450,0.3640828126,0.0037377862,0.9571492613,0.2781150055,0.6667928794,0.9386224903,0.3208523936,0.2520580828,0.3057877800,0.0788526686,0.6700173198,0.9507348982,0.1439732023,0.3136415519,0.7514157142
1.0384687813,0.4265062609,0.2402035304,0.1746605292,0.8701742282,0.7262551809,0.1751413597,0.8897547965,0.5194131087,0.4003454105,0.1951388462,0.6354669631,0.4982010515,0.1995760921,0.6977075463,0.8152897072,0.7894280583,0.7561843451,0.7384795991
1.9238828981,0.5483958978,0.8511594304,0.8089528290,0.1749898962,0.2357573505,0.6752184814,0.3487482250,0.9968780743,0.5528602229,0.3912452463,0.8577504867,0.8086471034,0.8408697320,0.9953138439,0.5548405482,0.6135804213,0.8059645273,0.0000350539
0.2925424129,0.8377469519,0.0839385720,0.3185492747,0.9550696802,0.2716466144,0.1074245974,0.9658115002,0.9185064813,0.4327073258,0.2515754938,0.5497534365,0.1672441905,0.3100520099,0.6944542483,0.7053189778,0.3005236522,0.0737089085,0.5439069033
1.2513020320,0.3580790294,0.2184023000,0.5278645079,0.6212707098,0.8272997919,0.3279398479,0.5420916684,0.3749106535,0.5635743944,0.3158531928,0.6282247744,0.4683066061,0.8909508813,0.8201276253,0.6611327307,0.1570386718,0.6673823245,0.3094736411
1.8466739810,0.5405599272,0.6393656125,0.7860444624,0.4034074741,0.9791395603,0.8920772523,0.5599038724,0.4094473287,0.1909768412,0.9520656681,0.6761235331,0.3118693780,0.8793239806,0.4740322898,0.7743419520,0.1725303651,0.2013824361,0.5085652443
0.9531854073,0.1526189957,0.5533247382,0.3666608107,0.7940033803,0.0554363409,0.2423687655,0.4961371576,0.1404976834,0.9602059118,0.0799531456,0.2093996191,0.9334417205,0.4879446698,0.9326687860,0.6813708642,0.1149775414,0.2525623168,0.8210993250
1.1501750816,0.1584169779,0.9198172884,0.7638120632,0.6458082800,0.3972233865,0.0923259127,0.3705556713,0.5642313048,0.4289169861,0.6406786511,0.6129267797,0.2213442134,0.5163691402,0.5085482193,0.7405880541,0.3529440212,0.8795294958,0.3999740455
1.8158987715,0.7138259751,0.8908074524,0.7306613331,0.9791492812,0.7484076200,0.5848432338,0.7840237901,0.5042167589,0.6554391521,0.7336119961,0.7101985177,0.0190597769,0.2295284578,0.4213101402,0.3992584590,0.3911468327,0.6325586873,0.3154623336
0.5363060547,0.0880606630,0.3974257754,0.4219923533,0.1630980324,0.0096859943,0.2438557984,0.7499431666,0.0239356272,0.2619942108,0.0742408260,0.9211103772,0.8107607067,0.7381149114,0.5069258829,0.9776099329,0.8996717105,0.9888653147,0.1978541445
0.2971911569,0.9698465851,0.2327427408,0.2668390699,0.3981112863,0.2856415111,0.2915211674,0.2849108478,0.3512803373,0.5786505167,0.6237117975,0.4952537710,0.7034774117,0.7755865793,0.3225548970,0.3370891215,0.7797446437,0.7742175745,0.4476506009
0.6456216014,0.9208340942,0.8160942236,0.2297398392,0.2855277120,0.0063453882,0.3759666075,0.9422675887,0.5400618157,0.4637836079,0.9908928793,0.6882149005,0.6410607959,0.2363206950,0.8093300767,0.4769578299,0.4635800241,0.7793405847,0.2095860189
0.5221585906,0.1331983065,0.1213503622,0.8282205463,0.0595949779,0.4491079305,0.3015524302,0.9368733271,0.9752084353,0.1369006390,0.4241377399,0.6123112727,0.5629475371,0.5983532931,0.7043863947,0.2630135592,0.5018309098,0.0645984593,0.6681042618
0.9233656739,0.2473956817,0.2265922035,0.7857202572,0.5298543093,0.7259487687,0.5443783800,0.8954042344,0.9851288463,0.7314637498,0.4568293164,0.7066318578,0.4378247476,0.3634583634,0.1170876877,0.7944423360,0.3790090843,0.2280623630,0.5679365470
0.8516366031,0.3017876534,0.1401767548,0.2070458427,0.1223234513,0.5219777454,0.7893169910,0.7570788473,0.3225143809,0.3845721254,0.2449797156,0.8639578534,0.4096800799,0.8876896862,0.8584127720,0.8933156872,0.4120541801,0.7084623275,0.6004520109
0.5539952315,0.0542677401,0.4716889202,0.8696749181,0.8337211455,0.1005833569,0.3486152674,0.4844115497,0.3048164708,0.2031783597,0.3048248680,0.4126294764,0.6759623331,0.8835725400,0.6839910859,0.8454114398,0.0339614477,0.5738254472,0.1034647620
1.2100164733,0.6535144526,0.0253219037,0.6366018705,0.6534646209,0.5345809959,0.4670652247,0.1004696271,0.9866671610,0.7878496466,0.5220943420,0.3024529377,0.1629614259,0.1263681675,0.1581835799,0.6763760262,0.1783042646,0.6207641396,0.1885408649
1.7845687934,0.4972854654,0.6720430898,0.8470359650,0.2297296647,0.5482574205,0.6177630608,0.0186197307,0.7685539371,0.2348335540,0.3380624295,0.9793948548,0.2806056147,0.9239366112,0.7815799362,0.4164364640,0.6747220238,0.9388050315,0.6321439945
1.0630772433,0.1693332171,0.8083973207,0.9189611251,0.0649084175,0.8593442324,0.4555930308,0.6478679044,0.7168026565,0.7658341352,0.5544286713,0.8142850037,0.1093098198,0.3106839483,0.6988511990,0.8348263870,0.9371326677,0.9509244223,0.1731328609
1.1905444949,0.4948581491,0.0427017945,0.4230673287,0.4403014877,0.0724017608,0.9457246120,0.9176714331,0.2583261771,0.8743070908,0.9852392162,0.9399617791,0.7923918347,0.6916685848,0.4820888693,0.9662656727,0.1865835844,0.7992566079,0.6877033639
1.6353075036,0.6257751541,0.5523509389,0.3972145428,0.1421851604,0.1706067915,0.4841668756,0.2207171087,0.2688001294,0.2609770234,0.5275024942,0.9701289541,0.3522833958,0.2274688067,0.2423783201,0.7017711809,0.3756236691,0.0301449896,0.6435435327
0.9667326252,0.0759597131,0.8244701834,0.2527771945,0.5010324975,0.1773116925,0.9451295926,0.7653653428,0.4393889535,0.6364306964,0.5414539176,0.5643503207,0.1125890012,0.4554397826,0.6972212368,0.4450655595,0.6446154878,0.8980084967,0.4269300430
1.2735654657,0.2259432684,0.6383685479,0.6390567660,0.4302892888,0.4722540168,0.4242382183,0.0270453175,0.6133812549,0.4015815092,0.0901565355,0.9500733999,0.9640374417,0.6282872141,0.0576540891,0.5379872999,0.0271771472,0.6877995786,0.6539121047
0.8104085492,0.2613482554,0.0255186403,0.2829243492,0.6153073208,0.9072816409,0.0587555072,0.0802319388,0.3070020274,0.2576842877,0.2803530591,0.1128521143,0.1006688786,0.6145544788,0.4313325928,0.3942615784,0.3464008571,0.9506621271,0.6580431966
1.6386852548,0.5352528501,0.5775064539,0.5671527223,0.5122667038,0.7790481245,0.0208911855,0.6522483876,0.6542680916,0.9617008142,0.6021110237,0.7641905777,0.0485189241,0.1707826557,0.4871095971,0.2848533265,0.7909444747,0.2761919592,0.4363214645
1.9390265108,0.6649652711,0.9737447347,0.6104988048,0.3500929246,0.6416000257,0.8048215273,0.6045091072,0.5821440665,0.5868055779,0.0821460880,0.4609957036,0.2635561796,0.6018229967,0.9988098554,0.9982890264,0.1352478669,0.8066997518,0.1324892844
1.9333655472,0.5511704700,0.9881942111,0.0971433550,0.3225475053,0.9265046575,0.3521450132,0.4295195488,0.4886380842,0.2304099507,0.4757678327,0.2203470772,0.5360995508,0.2015084365,0.4922141060,0.6301071857,0.4337486144,0.0410335674,0.8817969813
1.5357737387,0.7203917415,0.7182730845,0.1587616771,0.2887846014,0.6261808976,0.9062485743,0.8771064174,0.6803759124,0.4697804941,0.1297255177,0.8312773485,0.4883431665,0.3729769305,0.4492395153,0.9222855749,0.9479894058,0.4614277980,0.8479504894
1.2799428242,0.2636044939,0.7242686282,0.0625266920,0.2935172941,0.5094039010,0.9452763563,0.9896512253,0.7267675675,0.4446734704,0.2851480236,0.6335407147,0.7009568833,0.1541102108,0.5877221777,0.0242183198,0.6653362588,0.8061267689,0.9000122753
0.7769085101,0.1794038830,0.1870503087,0.2949663717,0.6485406964,0.6909143382,0.5220616958,0.4087114890,0.2792115257,0.2772456789,0.4601168220,0.3059700099,0.0617500895,0.6695951382,0.4805631322,0.3196965646,0.7815169576,0.0083093947,0.6807414882
0.5483699259,0.8554768685,0.4889695152,0.0260820973,0.5574963466,0.6634006462,0.2182258149,0.1679773296,0.9100471296,0.3619853601,0.3804760316,0.5078636009,0.8648285315,0.0344600118,0.4601696343,0.6790594086,0.9094978578,0.6536120777,0.9152879477
1.2457741987,0.5520733400,0.0813944433,0.3613851220,0.9219796552,0.6739568853,0.1357551809,0.6634980913,0.8862834944,0.3514129715,0.0359242304,0.0061644786,0.8805408605,0.7979802337,0.8837343802,0.7734313488,0.1507425091,0.0603815601,0.8036556369
1.8123070223,0.6456549125,0.9000001590,0.0168468604,0.2850708482,0.1936964216,0.1713478283,0.9044962093,0.8300480999,0.7430665372,0.5669632318,0.2719255527,0.8996979625,0.4170451580,0.8319607163,0.4826583558,0.8908069939,0.3873563611,0.7368310269
0.8486209333,0.2055085359,0.2509928225,0.2730528134,0.5768423462,0.8605167269,0.6127177150,0.6650795577,0.3098849537,0.8298719781,0.2832399353,0.2040330228,0.3754447454,0.3003850287,0.5269763432,0.4477540052,0.4852564319,0.4175382219,0.4224465749
1.2039890756,0.1859819906,0.8186195709,0.7838468529,0.4145544175,0.6039966679,0.1159980748,0.6187976708,0.9941673855,0.9583772710,0.3302703376,0.6883979955,0.6917735216,0.6081830861,0.2255871762,0.6301344230,0.1648470985,0.2448917397,0.4351531202
1.4295914946,0.2919996670,0.7095255548,0.9697752996,0.1307436682,0.1735505620,0.5808077110,0.0858042576,0.1016673811,0.8067674248,0.6467510466,0.6509392243,0.4686514403,0.9242648657,0.1729165204,0.9200333891,0.1347204371,0.6097622515,0.3263707452
0.6251377199,0.0322667300,0.8049730733,0.8818650357,0.4362177992,0.0171659863,0.0675152598,0.6611481721,0.5346044504,0.1679587822,0.8909211151,0.2893414887,0.6737290925,0.7610599202,0.5260923840,0.1044434681,0.8413610045,0.0185508040,0.0772359962
0.7105680675,0.7907590995,0.2305330614,0.5709536636,0.6356914594,0.0383488985,0.4478421220,0.3758296023,0.0605873610,0.7601047520,0.0441079046,0.7198968634,0.5149089080,0.6745465026,0.9924988985,0.2356445519,0.7415934955,0.7652498989,0.2406954428
0.8308283855,0.8122426383,0.2652317174,0.7031235864,0.3855181400,0.3303085695,0.0267647627,0.3466660218,0.4607994090,0.4118215081,0.9216739138,0.1801851168,0.5023462322,0.2227990312,0.8395772195,0.7351390323,0.6512024908,0.8868391469,0.1444080770
1.6588067569,0.4609518046,0.5889363956,0.8950957364,0.8556875498,0.0317596169,0.3520201550,0.4887903124,0.7752148381,0.3688460495,0.7282696144,0.8244221926,0.3786672377,0.0994952849,0.1940067754,0.1411459040,0.9769995412,0.4874885875,0.6392429964
1.1449971440,0.1274602079,0.9962425677,0.6900090545,0.0867201126,0.4309082136,0.3025818442,0.9401231369,0.2367240226,0.6755795191,0.1198316720,0.7234443052,0.8696158677,0.8369291901,0.2854129608,0.9751176907,0.3468802661,0.6449002516,0.4562018632
0.3433924594,0.0446994244,0.2047450596,0.9921684247,0.9117791648,0.9132172815,0.6099882641,0.1882197335,0.4419115761,0.0518341243,0.3260641044,0.2654584326,0.1249145760,0.6371066020,0.3252261532,0.8188969784,0.4181888762,0.5142182393,0.4366930402
1.5163813378,0.4913014302,0.1638572901,0.9420359420,0.0595952388,0.5458272562,0.6302134589,0.8441294333,0.4395135383,0.4594894015,0.3595011238,0.6542547257,0.0921168240,0.6771632532,0.5882173803,0.1588786666,0.6094163735,0.9551613880,0.0069810787
0.7761940868,0.3884594980,0.0638438034,0.1936310692,0.9867251826,0.5787511139,0.8156920038,0.5513707133,0.8834312084,0.3293614676,0.3887439866,0.5098833770,0.1778048597,0.8896556380,0.5825292055,0.7304755129,0.8741842281,0.5422101860,0.7822632353
0.4914466707,0.7956671260,0.0903286294,0.0792700356,0.7692242029,0.5792426301,0.7405703696,0.7244061152,0.1040909013,0.8631854261,0.1577530100,0.7064041605,0.3915695338,0.9444780349,0.1628018311,0.1959308686,0.4133776363,0.8679188654,0.0673043043
0.4767797719,0.0005533366,0.8149019289,0.8357098421,0.2374431676,0.0823501109,0.8009483189,0.0629603384,0.2931007150,0.0678159590,0.9380578307,0.0256921034,0.3758693526,0.6218068706,0.0839980207,0.0028845477,0.0226880676,0.9133108946,0.3705783288
1.6626076485,0.3481065173,0.8559865923,0.5820592988,0.1023640129,0.9917796398,0.6031470578,0.8626008428,0.4098771706,0.4882273473,0.2229674604,0.8106479350,0.3619396273,0.1322331655,0.5473719806,0.4870081643,0.2632618479,0.0698928911,0.7874875347
1.0065599513,0.1931948645,0.4921400693,0.9848674406,0.8154432565,0.7471073706,0.8443049461,0.3224139911,0.5363781896,0.5806151598,0.5785530481,0.7278130626,0.9101771097,0.0107187163,0.1365635595,0.4087885114,0.3157766575,0.4138647923,0.7452077365
1.8127877845,0.6360510515,0.8470369271,0.0368895593,0.5467090863,0.8958490156,0.2729018711,0.8061091059,0.3520765706,0.1784767274,0.1940133386,0.3637964194,0.0165086364,0.7589608426,0.1252495636,0.6638767694,0.6987251583,0.6297596091,0.0335487817
1.8024711558,0.3854446909,0.7552477392,0.8284942992,0.7924984572,0.4509300821,0.9245307309,0.0127035706,0.5951753945,0.2460361310,0.4861467181,0.1882696368,0.7256065304,0.5090686472,0.8527382987,0.2158308029,0.9629938329,0.7062957273,0.7819745933
0.6874916705,0.1491808263,0.0950709155,0.0691687399,0.4426460196,0.1011295616,0.0236228081,0.9896607037,0.0177878806,0.7973987144,0.2583855070,0.7285126713,0.1185965141,0.3184453656,0.1277033861,0.7304020731,0.8555251697,0.8700971885,0.3014313965
0.5752387465,0.0361489671,0.6516063379,0.6317792105,0.9365768298,0.0417251795,0.0341610687,0.6225710589,0.9427016713,0.1125976258,0.1743024383,0.0105348765,0.4743237024,0.2609266100,0.3268139372,0.2498029037,0.3145700468,0.4152904531,0.1370796388
1.2021266274,0.2739620151,0.4841563869,0.3131827435,0.7292539160,0.9920154789,0.8060654282,0.9488207529,0.1996192209,0.7141152654,0.0059806586,0.0851404905,0.3479010071,0.4409387981,0.0706079806,0.5505060403,0.8869261168,0.5561661383,0.6839231237
0.9314985464,0.1674492878,0.4618232893,0.1242590590,0.3358910955,0.5379762806,0.0803708654,0.7330567556,0.3987576459,0.6983430634,0.3597866781,0.4029554980,0.9922118151,0.3528722399,0.6480187523,0.0439931748,0.5681437817,0.5657047466,0.1890349495
1.4602547612,0.2931561281,0.8509480572,0.2889485945,0.3485846294,0.3367261795,0.1664273185,0.1778907645,0.1025334416,0.2540632743,0.7091717074,0.5233738552,0.9706860234,0.9347254512,0.0245041242,0.3553192758,0.9882934578,0.1719766160,0.3540534850
0.0601767268,0.9785663492,0.0164620754,0.2205598818,0.7674559975,0.8255698604,0.4769846136,0.0663360646,0.1951719637,0.7967398977,0.9172299932,0.7300319235,0.5851911155,0.2009302825,0.8604629200,0.5079447777,0.9728887043,0.5022992332,0.6324346750
1.3677339196,0.5619405052,0.2407164121,0.0137465850,0.8533398844,0.6081319951,0.1235052918,0.0866847334,0.7985367187,0.7400322629,0.8016850475,0.7958340899,0.1646349654,0.3008255612,0.8040491930,0.3834508338,0.4473762665,0.3651894616,0.7230532838
1.1360430006,0.4617185635,0.2460114284,0.0071904327,0.8625564918,0.1584610021,0.1861424324,0.4628610667,0.3779208659,0.8508211874,0.6857805587,0.4355604359,0.5368808775,0.7068163452,0.8771656707,0.3862801404,0.8122021004,0.0009419513,0.1969392198
1.6860398990,0.5503787960,0.4999864562,0.1755076745,0.8985758703,0.6100601678,0.4639233438,0.8182978476,0.4913678219,0.4907083410,0.2537656659,0.1774444312,0.8733634301,0.7511513133,0.3796659869,0.7355394329,0.1382046929,0.4668521445,0.9504571354
1.7287922693,0.5384024211,0.7606264966,0.4878678815,0.0930484379,0.3366907707,0.8025406630,0.6641938905,0.9950986095,0.2390421063,0.9381197283,0.2252337752,0.2907940458,0.6711361294,0.2477649936,0.9029050033,0.9297798090,0.3038896197,0.8989607278
1.4515925935,0.6685737293,0.3252639388,0.5746720262,0.0175255452,0.5323530806,0.7046727860,0.5212343451,0.5149165431,0.3845867524,0.3965530268,0.2403213695,0.9063376670,0.7907221889,0.0565952821,0.1593549876,0.5241790755,0.8741838843,0.8900345552
0.3504297609,0.0897175600,0.0557062770,0.5541653544,0.6552148359,0.3157300112,0.5654378180,0.3136586060,0.9747726370,0.6610338447,0.5219433395,0.3155108994,0.2267386339,0.5599163820,0.8942352000,0.7665147726,0.4235841572,0.1466892591,0.0573566887
1.2716153944,0.3167075549,0.3414220961,0.8847032218,0.7293490160,0.0498973715,0.6824308223,0.4773530973,0.1279906934,0.5816859038,0.7473341214,0.9675229338,0.1059341841,0.7750796272,0.8273561437,0.2143134516,0.2140715870,0.5849517882,0.9932652073
1.2657115398,0.6686557225,0.1323170152,0.5744685877,0.0828253528,0.5668055333,0.6041492822,0.5371752774,0.6217340401,0.4302331418,0.6048585496,0.5880822882,0.9037437664,0.0562882625,0.1429210699,0.9095901445,0.4962089883,0.5508680485,0.4713660451
1.4902607019,0.4448112899,0.8778903318,0.1990727887,0.1046259115,0.6502990231,0.8108835572,0.0994177863,0.9404783190,0.0493567528,0.6319949509,0.0484428883,0.2852501680,0.5119691766,0.6546375895,0.4368061731,0.5341975664,0.8129263301,0.9406323716
1.4262974682,0.3049032388,0.8056948618,0.2176724278,0.8975057049,0.7179298048,0.4735933821,0.5718641277,0.6813325390,0.9627924517,0.7374632595,0.6474324382,0.4906096213,0.6758358302,0.6025142908,0.0904006310,0.5794202670,0.1827244790,0.1542356978
1.4636966957,0.4767483413,0.2932097537,0.6169541552,0.5667185721,0.2782477970,0.1085887306,0.8031163931,0.0425648447,0.5561190701,0.5374046199,0.9077618001,0.0747147513,0.9908510999,0.5071111505,0.6673008279,0.9722650082,0.1997075137,0.5091310677
1.5728374242,0.5555242073,0.4579436112,0.4741561768,0.2163630422,0.6607009724,0.1422794526,0.4165938287,0.4344160005,0.2708051144,0.0021068970,0.3609656650,0.6330345517,0.6563936571,0.1714273168,0.3941452009,0.4378089353,0.0787044810,0.4965471880
0.9329040298,0.5051183737,0.0509806360,0.2449277876,0.9853472153,0.6056575054,0.8135217702,0.3841884732,0.1273536709,0.9713671642,0.1017555878,0.5624501955,0.2196470091,0.8041899111,0.6866248700,0.4514282129,0.1625125639,0.6095694874,0.3409088749
1.1415225935,0.7157964776,0.2807529054,0.2952935326,0.9092326671,0.7747900598,0.4944759269,0.5384686907,0.2053148401,0.2172480713,0.7160117855,0.7004356260,0.9284462350,0.3468840912,0.7531637584,0.7307171300,0.0393368426,0.5397297685,0.1575270118
1.1930932251,0.7005464516,0.2555180361,0.4458986613,0.8530962796,0.1339915479,0.7712381336,0.7224776356,0.0606710470,0.1985153425,0.4554981037,0.5703254770,0.1309254827,0.3658367769,0.1841599044,0.4645917375,0.7210815700,0.3381745499,0.3069236099
1.6344102293,0.4792458895,0.5509967267,0.7079041492,0.9808740674,0.4275311740,0.6547521053,0.4558103467,0.7289998982,0.6977534290,0.8731900776,0.0400535160,0.6367265639,0.4346530732,0.2016713306,0.7250052303,0.9727111085,0.0135078723,0.6717219269
0.7110270955,0.0174518731,0.9532247275,0.5274018265,0.7371728790,0.8706999202,0.3888770829,0.8295475424,0.1246925003,0.5119790195,0.0812131928,0.8067651889,0.5281266802,0.0298570073,0.1975010881,0.2159842159,0.9958437747,0.2736599818,0.9839797252
1.2707942543,0.2937646453,0.4068945441,0.6795111621,0.3527490233,0.1819980678,0.2290105086,0.9927825514,0.0837402783,0.6260001561,0.3080854803,0.6306535836,0.9847666591,0.3070598656,0.4610982922,0.1703269171,0.2066253989,0.9574224827,0.4914480671
1.3146690516,0.7061898026,0.3954534487,0.0279059141,0.3024027140,0.7004167236,0.9094044968,0.6306133158,0.5141610707,0.9215623264,0.5183806819,0.1239737994,0.6935751676,0.3519583506,0.6418815787,0.0018481420,0.9660596980,0.1605882311,0.7244173977
1.3585381117,0.2016308937,0.8187823242,0.5797308126,0.7991498274,0.3601793153,0.7888265654,0.2506128972,0.4023922195,0.9900587224,0.2616899639,0.4380582397,0.4120220218,0.0787098973,0.5860449061,0.4381587912,0.9239740342,0.1883907007,0.8583711646
1.6993110519,0.4773529624,0.3652442972,0.8627131343,0.5683207385,0.2743928766,0.1077815433,0.2653317960,0.1241403465,0.2031212890,0.3555929055,0.4569919035,0.5914371733,0.8837192017,0.3943890537,0.8907904477,0.7668167129,0.0921947497,0.7034473682
1.6271096020,0.5539777182,0.5625146009,0.5729607387,0.1707821167,0.7047364879,0.1743238443,0.0098913767,0.4282968341,0.3150379771,0.4606955542,0.4158320059,0.7536766399,0.0479481959,0.2233030097,0.2582107166,0.8825020230,0.7367590114,0.2370428114
1.3491190193,0.2429573851,0.7520045538,0.2431815709,0.0988055851,0.9752115810,0.0034846668,0.4491212719,0.0938821832,0.8942876286,0.2539660562,0.0804423874,0.5672827737,0.7332993979,0.4152067394,0.1647175443,0.1094318785,0.5846388397,0.1815727812
1.1303218300,0.3036162435,0.1200465570,0.7077904240,0.0966893898,0.1044267063,0.3115013180,0.3086822543,0.1055820193,0.9844792579,0.6518058461,0.5799771478,0.2405066549,0.4625096260,0.0845680650,0.6061809165,0.4044236218,0.0177467830,0.0038800856
1.6176285707,0.5694733377,0.3818710400,0.8659423190,0.0278921923,0.9854767395,0.5065619510,0.9337126413,0.3574596787,0.8752304824,0.6741061260,0.5253940535,0.4177088440,0.0920066149,0.3322750879,0.3314158478,0.3886885621,0.2700301491,0.3211648005
0.9258318736,0.4493119682,0.1405254193,0.0413599596,0.6711863268,0.3509946185,0.0735600327,0.5378325235,0.5969965429,0.0696633767,0.9500675331,0.9673972975,0.9122096966,0.7433211304,0.6454247077,0.1744468450,0.7674470419,0.3012447579,0.0385088166
1.2532431156,0.2028663064,0.8507262851,0.8807478681,0.4081865004,0.6675202430,0.6205381309,0.2660888493,0.2162279788,0.9417161671,0.8906867152,0.0910890864,0.2137003833,0.6527346193,0.4844845103,0.8356697616,0.3011030033,0.5927076289,0.3362319374
0.3496814521,0.0582520876,0.2807336944,0.0816717260,0.8877336904,0.2362242041,0.0488515008,0.0945365514,0.5779956503,0.3334780439,0.6908330844,0.5856289385,0.3943022157,0.7826682989,0.8212658816,0.7454737293,0.6912644307,0.3059408083,0.0868194374
0.4661971084,0.9602881595,0.4629290161,0.6798356713,0.0246573931,0.9947127289,0.1280076235,0.9589937010,0.0890310185,0.3424466701,0.2542796100,0.3122670297,0.8653600144,0.8182918017,0.1086556766,0.3843759632,0.0562395169,0.9320881837,0.4198783252
1.2215654280,0.7702666108,0.6294672026,0.6984653510,0.3761800221,0.5321637202,0.1492540313,0.6926678004,0.2855882058,0.1668851872,0.6162671067,0.1794161235,0.0211849811,0.2251465813,0.7126156501,0.5318997713,0.6829387280,0.1942448794,0.4995327039
0.8811260669,0.8059140826,0.5712056479,0.0847206791,0.1423949180,0.3289686567,0.6068318891,0.3304545302,0.3269472324,0.4555326969,0.0495808656,0.3149045219,0.5421858657,0.3132946456,0.4901988778,0.8526002008,0.1232625503,0.1439583765,0.2868543553
0.9351370254,0.4357665934,0.1211747968,0.3160080655,0.5827435623,0.0614194986,0.8118674593,0.5205066278,0.7575696826,0.2853053421,0.1154142375,0.0935019826,0.2923405544,0.1456619294,0.2240037700,0.0635210860,0.7906484860,0.0380897579,0.4607821499
0.5214373125,0.8846657552,0.4621887658,0.6213023919,0.3518122037,0.1136538278,0.2814238892,0.2078697608,0.0479710604,0.5748431408,0.5156930379,0.2424656548,0.9358235549,0.6822478971,0.7222707772,0.6518611558,0.1485565174,0.7761439972,0.7234987231
1.6057992932,0.3964522540,0.4725983087,0.8731144195,0.3696828582,0.9641320404,0.9960687773,0.2208355033,0.1771397111,0.6447640072,0.6863327585,0.8653313573,0.1072968993,0.2788876723,0.2744395313,0.5614146495,0.1779023549,0.4302124928,0.1751016786
0.8426612372,0.1632360617,0.3424610046,0.2579396596,0.7413172955,0.9851004928,0.6054551200,0.9065179014,0.6208648475,0.2376891815,0.5042519347,0.8826568952,0.1413785326,0.0515988514,0.7506530201,0.3805070093,0.0735009860,0.3665359113,0.6751688185
1.7600235331,0.7369391013,0.8296848318,0.8441442032,0.4531868021,0.4653313331,0.4647134001,0.1699349234,0.9908539097,0.1324916926,0.4257497650,0.9468757977,0.2075303804,0.6854766896,0.6769147567,0.7549049317,0.3119724021,0.2346483199,0.2934992278
1.9184147395,0.5539585387,0.9623820785,0.6835992552,0.2647838139,0.0271465096,0.1546365490,0.3189319844,0.8581923120,0.9239040805,0.9178132047,0.2084645372,0.5377775733,0.6952697977,0.3698195387,0.6204032499,0.8564010735,0.2422768555,0.7379077588
1.3767107487,0.3248910185,0.4527795250,0.5050660118,0.4830656539,0.9342907302,0.3076610507,0.3497578195,0.4830057871,0.1696316438,0.2116240131,0.8481772924,0.1601158175,0.2441267396,0.5140156905,0.6161522183,0.6313102734,0.0475543978,0.3656453624
1.2361233236,0.6672119412,0.1221110862,0.6160576702,0.8247726181,0.9290101420,0.8171729756,0.9332171913,0.6315839301,0.9798708441,0.5735184639,0.0676856370,0.0362002130,0.0954076101,0.7020792579,0.8583379194,0.7797844277,0.9978399945,0.9005958351
0.3207591155,0.9914032375,0.2031769206,0.9081163975,0.0552869390,0.7485018764,0.3848432715,0.1727272809,0.3632764601,0.1824409890,0.9473083240,0.7506570405,0.5275764823,0.2585661772,0.9653298219,0.5932137033,0.2736838429,0.2617191574,0.8890096634
1.3409395688,0.8273142517,0.6800869505,0.8727056457,0.8272313208,0.4704373562,0.0024045759,0.4256413002,0.5681022611,0.5099068049,0.4572003765,0.9984813195,0.2563157934,0.9631615534,0.1876561162,0.8529452700,0.6542889634,0.4692410580,0.4184444162
0.3326999551,0.8945189495,0.3843400398,0.3357169736,0.3746281330,0.5350404824,0.2311126899,0.9880056840,0.0654068202,0.1073358274,0.5900459239,0.5434123343,0.9970531916,0.6710253126,0.1570792890,0.7256267357,0.5788086245,0.0385874561,0.1649357102
1.6273708415,0.6821803336,0.8503782616,0.3807276113,0.6122415460,0.8415065255,0.3429994714,0.8026555919,0.2178878598,0.2409948572,0.2598044253,0.3415065459,0.4839216939,0.0309063699,0.0436017606,0.4843764290,0.8935149189,0.8960730634,0.4009035092
0.7671435497,0.8470256559,0.6994504680,0.0058579567,0.1501634517,0.2318290735,0.6320331994,0.0432969019,0.4867867981,0.7378261423,0.1652000441,0.8279885331,0.6640417809,0.7598708338,0.8466072324,0.0613587486,0.8301956371,0.8301058669,0.4542812967
0.5994269952,0.9179246229,0.8423118750,0.2605335524,0.9344723442,0.4595864027,0.0579566335,0.2689543346,0.4998551045,0.5652117137,0.3924737822,0.7461520510,0.0692320253,0.8913070347,0.0556003209,0.3872069423,0.9531144771,0.8256753779,0.5574812914
1.5084878159,0.3017765019,0.8799199978,0.2467162560,0.7015888359,0.8726269695,0.4936168630,0.7464423920,0.9346696973,0.4046449960,0.0041355658,0.7787560947,0.2236211382,0.8516220351,0.5925300750,0.4093141938,0.8645067896,0.9994590434,0.0933549617
1.7723623916,0.5292017933,0.8812347104,0.0963816196,0.4893203591,0.6318500233,0.3318854626,0.9610544175,0.7368973772,0.3185072208,0.5466449788,0.6033082464,0.6902282271,0.7290180076,0.9421361045,0.9793838975,0.8582772723,0.9903708972,0.9872845179
1.5036455853,0.6684460306,0.3700303902,0.0778801917,0.9562730510,0.3129775826,0.1471915744,0.7392777470,0.4789905080,0.8958115175,0.0329629666,0.6996340921,0.1019367993,0.8954676898,0.8708959264,0.3419175319,0.7171642171,0.1795740102,0.8807792700
0.6004842946,0.7899995682,0.1314825965,0.3452110859,0.5727517497,0.6275188716,0.5274482485,0.3081510279,0.9824087015,0.8465004211,0.0836020700,0.8528574703,0.9551628770,0.0890125854,0.1496073899,0.7370398748,0.3143507557,0.9765782889,0.6813079192
0.7059451230,0.9985054590,0.9044430931,0.8089565693,0.6785749759,0.6177201490,0.6212167718,0.8974019308,0.6159660225,0.6154383440,0.2767454129,0.2747160133,0.7092196147,0.8048044185,0.0234755202,0.3385411031,0.0627789810,0.6073122078,0.0170747619
0.5048832384,0.0527710164,0.6564902149,0.9351909986,0.6188237385,0.0623327735,0.0273667678,0.9354754530,0.3075316627,0.0757845732,0.7012750055,0.0835346910,0.1185999624,0.2097774097,0.8985721376,0.5575359501,0.4414160669,0.5862373082,0.7207707462
1.2470156403,0.7149567206,0.4306322652,0.5796945143,0.0942709841,0.6214065950,0.8447645902,0.2643698876,0.9987090108,0.4722464876,0.3276435340,0.2574428367,0.1554039783,0.4964501665,0.2726177896,0.5675109616,0.9340090632,0.3638278184,0.7236268034
1.5150767425,0.7033649273,0.7380605372,0.1160417603,0.3430853588,0.3904863202,0.5850832842,0.9134617409,0.7400674389,0.9147345840,0.5774749452,0.0652414807,0.1817720555,0.3594139222,0.4423207306,0.5434680684,0.3613342077,0.7181315131,0.9254994725
1.2422293094,0.5462248584,0.0790878162,0.6467400226,0.7755677287,0.3680823383,0.2615334574,0.3302804406,0.9037581653,0.0623071197,0.3553902130,0.6515716717,0.0891264049,0.8196001578,0.6242652165,0.0216965868,0.6456955008,0.1823042094,0.9695744942
0.5794293109,0.9993701661,0.7344038523,0.4198116497,0.1026724814,0.9913332178,0.6545703830,0.8179307971,0.2917579081,0.1770331021,0.0457727099,0.7488533160,0.1736308967,0.3425137638,0.0290391004,0.3969167072,0.1436549640,0.9304303513,0.9636155789
0.6521124241,0.9475311279,0.9102016000,0.4459666302,0.6536467631,0.1383768219,0.1322971546,0.9204287417,0.8193601998,0.7812300839,0.9904496268,0.4206284462,0.7250625295,0.5956246025,0.5825076127,0.3161777763,0.4649579873,0.8756214544,0.5851420607
1.5202502100,0.5317063612,0.2692537727,0.9293344165,0.6107116851,0.6835595133,0.6024960254,0.2648764226,0.1996249520,0.6625190892,0.9361675072,0.1402016494,0.5501517249,0.8813199721,0.8039566994,0.0816497156,0.9374019093,0.0588291423,0.9019137183
0.7312646967,0.9181349390,0.9126805470,0.5382358564,0.9124412274,0.4594498370,0.4924213446,0.7605553067,0.0930424242,0.7183999992,0.5909130782,0.3209671811,0.7419007829,0.2405000315,0.9920278990,0.3439202477,0.2991538708,0.6550090921,0.4586182145
1.3670168477,0.2915337159,0.5810010231,0.9237707453,0.4180717718,0.9755912574,0.2812998847,0.0358819465,0.0054005000,0.3963194805,0.3145543463,0.8998266857,0.2161478773,0.0117824418,0.4170476305,0.4786804964,0.2479940327,0.0492154231,0.6769663921
1.1251004650,0.8361357207,0.5287820820,0.8634433709,0.0811773373,0.5798837310,0.1933188720,0.5591377642,0.1748406142,0.3838918868,0.1489243525,0.2642015199,0.8633870331,0.3014503504,0.6200553479,0.1990530654,0.1898512744,0.2011193545,0.2229641311
0.4767310227,0.9507120102,0.5670857233,0.5545120647,0.2383485139,0.3878106208,0.6283135111,0.1439052718,0.4338881782,0.8060274789,0.2246198372,0.7551040613,0.5927069550,0.1178477248,0.3105881053,0.4146083257,0.0227557068,0.7982199574,0.3725928931
1.6440978471,0.3454054704,0.7905073707,0.6452936152,0.2444036127,0.3152583076,0.9988696981,0.8308780420,0.0036107733,0.8809332181,0.1265780052,0.4271066127,0.3741043837,0.6792470588,0.2803369621,0.2608885880,0.8083714671,0.3525663245,0.6790280043
0.6822804325,0.0008665689,0.8321804973,0.4135121163,0.3355749738,0.5058211854,0.3795567892,0.4103393236,0.7161259769,0.9665698092,0.4016105782,0.2453470062,0.0386570301,0.8227600225,0.5719615567,0.2045883894,0.1029832290,0.9665316173,0.8405044634
0.3323288760,0.0455939451,0.1364553172,0.6234781053,0.5256905370,0.8635316021,0.7815096382,0.7091588564,0.6481430768,0.1263888757,0.4262682821,0.1231908748,0.6557998106,0.5740028017,0.3114058583,0.4874425215,0.1399814520,0.7948245006,0.4711664311
1.6588816285,0.4159894405,0.7723498137,0.5880695946,0.5008523916,0.5128331439,0.4561418977,0.8705752820,0.0052093165,0.2678136255,0.1582939435,0.5116449618,0.6696615129,0.1236204110,0.1711607527,0.0950117360,0.5943390298,0.5957387821,0.0381901318
1.4924903512,0.6042892723,0.2729358721,0.3966602001,0.3181388646,0.1052061744,0.2116698166,0.0778436878,0.6316286145,0.5747591083,0.7918909285,0.4467700508,0.6211199089,0.7292856948,0.2959923765,0.0153485491,0.9212883582,0.6751943508,0.5119434720
0.9664879163,0.3370530535,0.2190806615,0.2902378255,0.2748722581,0.1635147559,0.4735411428,0.6273396975,0.6364514861,0.4003991437,0.9359027278,0.6647757440,0.7560745748,0.5184761557,0.7352026627,0.9252550057,0.2292971648,0.9445234176,0.4640657973
1.4600714306,0.5327708878,0.3445580878,0.5654502782,0.1354347441,0.9308178572,0.1650819934,0.6721296831,0.8143678388,0.5604103580,0.6021206709,0.0593828759,0.4451080177,0.2509706246,0.9783879023,0.5220928594,0.8029807983,0.9534473845,0.3892997776
1.2406926098,0.3816431117,0.4025222397,0.3087985473,0.2848046703,0.9314971466,0.4858090171,0.9843279505,0.8807992293,0.5919891465,0.9347978326,0.5027952089,0.0645377463,0.4919495665,0.9243599558,0.3018093186,0.0523178084,0.2489202098,0.0469289196
1.5937335715,0.4656584963,0.9570375297,0.3486319110,0.0327230764,0.0296156189,0.5056777036,0.9509447207,0.4358453744,0.4375449631,0.3709261190,0.9847373364,0.8976547657,0.8902842589,0.4810441867,0.0806242199,0.8871887799,0.4213724792,0.7784804258
0.7810346562,0.0997078408,0.5522383260,0.3322693142,0.0617621985,0.2855504405,0.7923593815,0.3511866765,0.3174772939,0.7010035590,0.2303258246,0.9181391561,0.4508669887,0.4073587605,0.1737533239,0.8784995379,0.4123526441,0.1527233461,0.8196481630
1.9039693545,0.6612025756,0.9144071672,0.7475227753,0.0905204590,0.4701608076,0.7594928685,0.2725074185,0.5716115741,0.7441286239,0.0649192544,0.1978801546,0.7632660774,0.2079315851,0.6097854337,0.6796876750,0.3388802984,0.6323012789,0.7783251138
0.8269329707,0.4178181825,0.0511912867,0.2342353848,0.8815281893,0.9620598638,0.6094674348,0.6350804141,0.2325203816,0.9305408350,0.6971415679,0.1148689380,0.4168686753,0.2421262423,0.4464546670,0.9247174211,0.6365592573,0.2754787474,0.6469285685
1.4078844180,0.4471645346,0.5600435745,0.0730320760,0.1218429708,0.5694888810,0.4107527032,0.2268964750,0.3073020863,0.5225347127,0.8408791477,0.5748357706,0.6328660220,0.1296270437,0.6206336055,0.8559566320,0.5269826676,0.3957533339,0.6005681762
1.2642557889,0.3020124345,0.4027124418,0.8731316435,0.1664077778,0.8749648055,0.7321485232,0.0918745840,0.4635902567,0.5515074545,0.3052431083,0.8150960591,0.3024025871,0.9990872107,0.7185513566,0.8728807252,0.5292925429,0.7307106611,0.9772050082
0.6384621432,0.8333064221,0.3800368492,0.5595701323,0.9602515814,0.9821996498,0.2220502235,0.4755090869,0.2950143129,0.8876274917,0.5205678296,0.4542487604,0.1362432616,0.1295677468,0.5041517931,0.0280755457,0.0985190921,0.6573381961,0.2183376710
0.3523328048,0.8525981171,0.0902067523,0.5327763957,0.9086152118,0.4688052851,0.3079366484,0.2431321027,0.4792700232,0.3123148133,0.0498275069,0.2690149747,0.9057034573,0.6537684804,0.0649764972,0.9774743200,0.0611861882,0.3617825756,0.5590829345
0.6949536081,0.0744795677,0.5870604917,0.6069405585,0.1442569933,0.5860888916,0.0226442988,0.0578651136,0.3189137297,0.4196332600,0.4336105684,0.2246282201,0.2551784633,0.7082775960,0.0323137205,0.8213670940,0.0275531849,0.6510993317,0.1027863383
1.2599725855,0.3965611868,0.4182693729,0.0404700241,0.8860846914,0.2023885650,0.8865966826,0.4946315169,0.7417375243,0.6806532331,0.6787606083,0.9529421001,0.1114897752,0.9541633508,0.9834636648,0.3239490686,0.4758294320,0.7629845747,0.3274219869
0.9368933222,0.8275661100,0.9167498924,0.5877335039,0.6180557242,0.7137912917,0.2992975644,0.4002577306,0.9540489320,0.3098882142,0.3535540903,0.6987197448,0.0440223999,0.5960135088,0.7345146382,0.4032396336,0.8171368408,0.2583181981,0.7920727890
1.8940313189,0.3952844744,0.9675780915,0.7441743451,0.5517106573,0.5473018485,0.8119416133,0.0059484349,0.9621182500,0.7680916110,0.8161847370,0.4156737242,0.7589152037,0.8246215211,0.2947443708,0.2893673132,0.3245354270,0.0154738581,0.5470139538
0.8537065234,0.1745974165,0.3608829651,0.8607272118,0.6960676248,0.0311138617,0.0545992864,0.3630923085,0.3665907842,0.8842443133,0.5567070726,0.5741191323,0.1956009586,0.1396896125,0.4510989849,0.2459824636,0.7162848548,0.6002183832,0.8921225689
1.6606470005,0.6678833170,0.6798557052,0.5908371901,0.3243319333,0.0560128018,0.5620903441,0.1364355998,0.8724929959,0.4188298062,0.6890431189,0.9527955110,0.3561576177,0.3159647138,0.1740772705,0.5656159131,0.1734154915,0.2726452913,0.2437774586
0.6369277276,0.1005321768,0.4603478580,0.8800691508,0.2259945026,0.3454405297,0.1241358431,0.6531633159,0.5232934881,0.9709314990,0.6473144649,0.6750926490,0.4412308996,0.7230387725,0.0554166053,0.0154368115,0.3055413377,0.8424015352,0.5761135879
1.4839494296,0.5301241175,0.5026738515,0.5048534026,0.3581287327,0.1754099602,0.2102150727,0.0435815379,0.7816419518,0.2072834936,0.2080959553,0.4332524234,0.9786014812,0.9224603926,0.7502020749,0.4980521981,0.7918258033,0.6508463023,0.3565975087
0.3018986770,0.9838194629,0.3240929621,0.0853218505,0.7984930012,0.7243524833,0.2790833543,0.4597060783,0.3484293171,0.3386547557,0.5152906970,0.9524442251,0.3963682331,0.1704374427,0.1825375658,0.1305199589,0.9315951514,0.5429167339,0.3771836977
1.4810493016,0.6205742772,0.0881845778,0.9478104155,0.2104496927,0.7501667593,0.8763148343,0.6419886606,0.6417889850,0.5735514747,0.5205449310,0.7458193057,0.9262368112,0.9012983209,0.3856110940,0.1157418728,0.3820943772,0.3300119651,0.9735852223
1.1269316201,0.6927237458,0.0324609868,0.2602658271,0.2369087893,0.0662893885,0.5788296676,0.4499178748,0.2080496619,0.8462712380,0.0672131877,0.2774507830,0.2078566832,0.0065975096,0.4276206792,0.2629427554,0.6385971251,0.6462943347,0.1357473834
1.5091857190,0.3069695283,0.6338317538,0.7684127139,0.6586962870,0.1323157230,0.6671755936,0.9687272296,0.2028017270,0.6226158049,0.4544788764,0.4585334892,0.1536469358,0.0305401726,0.7840169914,0.3184070638,0.6761355534,0.2708389901,0.4424625012
0.6396560925,0.9730209934,0.8629783524,0.2795051680,0.5211187900,0.1920801677,0.0883811603,0.7305068296,0.4312510216,0.6265917709,0.5970825232,0.9653185223,0.8298006129,0.7113325802,0.7200217272,0.6720930813,0.8338964563,0.0798871324,0.7752791486
0.9934927925,0.1764307027,0.5936070855,0.8727149174,0.6326619840,0.0116318457,0.2327939934,0.3787763886,0.8850817965,0.8497018452,0.8377653694,0.3384759507,0.9815805987,0.9006677259,0.1801631835,0.2174979325,0.4440403411,0.8009441900,0.1415310650
0.3936017732,0.9497343467,0.4349447751,0.1353112765,0.2596012734,0.6948130520,0.1568220219,0.5699744144,0.1118941433,0.2750349274,0.8644235445,0.5749172302,0.7687810489,0.2258910679,0.0661289081,0.3578497086,0.8052759164,0.4641614011,0.6953031229
1.5840027115,0.3608576927,0.6619524134,0.9733071010,0.1086730577,0.4421482399,0.1649377443,0.9624488160,0.8859775692,0.5903444452,0.7673698583,0.0829146504,0.3884253796,0.8263230278,0.2815918493,0.7463670450,0.1610369240,0.0429269044,0.4760426938
1.7624777619,0.5378886443,0.6462766815,0.4570680266,0.2405994073,0.9857812939,0.5107428001,0.4762098213,0.7203464340,0.4420759407,0.2876587619,0.4997287392,0.0167834827,0.7718074419,0.6369095622,0.3552928412,0.2001437628,0.6185181253,0.8039883387
1.1782453737,0.3881836314,0.3548693751,0.2518632868,0.3464496080,0.8459676250,0.1318681631,0.0875516484,0.0869658865,0.3784601933,0.9208966615,0.6437994694,0.6197863859,0.3794517192,0.3096655271,0.8755767120,0.9340014927,0.4511779886,0.8352854733
0.7651320941,0.2263899961,0.0270226385,0.9171493778,0.2436036267,0.1379638559,0.0827811170,0.8803365636,0.9881632289,0.3662960379,0.9213809861,0.8039577818,0.8341067018,0.0769018424,0.5253364772,0.2480864261,0.4816000211,0.0178987139,0.5859689323
1.5476623148,0.6341824657,0.4189510509,0.1721812056,0.8448243174,0.0304798823,0.6811791613,0.5140469009,0.7795604477,0.0244077133,0.2721392315,0.6509666078,0.8505851840,0.6983702947,0.9396536170,0.7345161708,0.5598085523,0.3336859725,0.8524086515
0.4636198708,0.9658238073,0.6351087481,0.2835955095,0.2417603217,0.8395900638,0.0101844728,0.0749423038,0.1724983474,0.9625520609,0.6629344686,0.0944031451,0.6447824189,0.0967369410,0.0284103306,0.3218871709,0.7460831292,0.5694542676,0.0237267233
1.0105313168,0.4690704336,0.0972142819,0.0310712839,0.1510417374,0.0897308191,0.3618538032,0.3412265632,0.6174708809,0.7858265906,0.3546627391,0.4991107613,0.3334771755,0.0047605767,0.8163164989,0.6746894855,0.6617610610,0.0068412559,0.6769714807
1.6409601983,0.4669816974,0.8851129836,0.4235085596,0.0575027331,0.7055636911,0.5382580353,0.4694242720,0.8103178593,0.5676768725,0.2999971586,0.5775730849,0.2589305623,0.0389164960,0.3908598713,0.7648773350,0.6834638930,0.5271230221,0.4252529661
0.9142536935,0.0606151479,0.7519806650,0.1947048598,0.5497129018,0.5342333325,0.9110592435,0.0860541920,0.4996573614,0.2015365220,0.8327657971,0.2902133452,0.2345795245,0.1827310882,0.3526319995,0.8379970347,0.7719587937,0.5376525296,0.4774235316
1.6564585682,0.5904543263,0.5233863489,0.6598036903,0.5851175414,0.7204960294,0.6800652133,0.2650672720,0.3519659259,0.2920898404,0.0863399607,0.9128100768,0.4608680852,0.9290966797,0.5421111472,0.7738749665,0.1873510854,0.9342641885,0.4140923835
1.4076621755,0.6251256476,0.2139214281,0.2685756392,0.5748098911,0.2077904296,0.2103261422,0.9615866267,0.9377060822,0.6658139832,0.7065808434,0.3181731308,0.5538740246,0.9549958276,0.5210938407,0.6238011476,0.9179571829,0.1730128874,0.1250030285
1.3571788895,0.7495041300,0.9485826604,0.1448866416,0.1077737119,0.6717918105,0.9181470239,0.8226350141,0.8249827745,0.2241319565,0.8689250701,0.2234120773,0.9695317935,0.3289577523,0.4019460663,0.5585945033,0.5589823525,0.8917756175,0.2664663387
0.6984443686,0.9588441059,0.7440753524,0.8120740936,0.3564118062,0.7720520561,0.9063528358,0.7861022339,0.0125024157,0.7880274808,0.3306746233,0.0356584464,0.9635919099,0.3200812439,0.6037685860,0.7869134792,0.1249723924,0.0149099415,0.0440518895
1.9403368151,0.5774655012,0.9951108963,0.5291669678,0.7129514884,0.1348816865,0.9365274508,0.8114034588,0.7377533376,0.7922116193,0.4861161018,0.0477123143,0.5197835916,0.4648869409,0.9135954645,0.0971524876,0.4347146568,0.9431171263,0.8160802579
1.3543694186,0.6815453324,0.2615863643,0.5638076725,0.5424846946,0.7375019477,0.3793079563,0.8527017718,0.8072355944,0.7967313713,0.7630472752,0.9652064124,0.3182616317,0.7546660247,0.3907933782,0.3989328996,0.2864462231,0.8883876883,0.3952764263
0.7331612285,0.8194263122,0.4527063788,0.3221893905,0.4472856199,0.5416067106,0.5100162003,0.6942125553,0.4402443926,0.0360861699,0.8128814247,0.3029113353,0.5411695901,0.7473532106,0.5250328401,0.3692699437,0.3392540631,0.0993567230,0.0124360666
0.4088359362,0.9760237925,0.5081583142,0.4132787170,0.6148006410,0.3598334810,0.9824224630,0.2602310096,0.4706915777,0.8586648453,0.5036089597,0.9741954161,0.4196108710,0.7296309771,0.6485474343,0.7601051558,0.0833025783,0.9514192164,0.3100842516
1.5012925197,0.6291949384,0.3772519542,0.2945939753,0.5068043917,0.0117844074,0.6036468157,0.2890819008,0.5833897659,0.5880635074,0.6177167913,0.3277868806,0.1621182768,0.2832514318,0.4090795564,0.3839870978,0.2169720740,0.0863640485,0.2673070094
0.9334001328,0.8280346534,0.9810323090,0.1632544604,0.3863258731,0.7943900596,0.6982516626,0.5297432534,0.3939770793,0.2795385420,0.9324004298,0.8320392262,0.2586787993,0.3647053750,0.4882840756,0.7876259716,0.8147752516,0.4013638437,0.6211374518
1.2740663272,0.3455322011,0.5103857516,0.0849008753,0.1966901940,0.7265464393,0.5227710532,0.8830577033,0.7162528436,0.6880714124,0.4752358036,0.7008702140,0.9583469501,0.7571514060,0.2930657915,0.9148197864,0.7084299622,0.9701834460,0.6108394054
0.7944031787,0.2096931951,0.0424662580,0.8770758797,0.3508731797,0.6273463136,0.4480339509,0.5616070923,0.0950721745,0.1410025760,0.4853207970,0.0875541452,0.6348026748,0.7652177033,0.8638170757,0.9438728875,0.4158617708,0.0824936362,0.3057080182
1.7892534684,0.6368917293,0.6568753165,0.3513049704,0.2208619698,0.8464741522,0.6520055904,0.1721471301,0.0176078531,0.2001581978,0.9567929163,0.5238195854,0.9696738448,0.1694251330,0.4907015577,0.5820136626,0.3013897383,0.3672996905,0.6733850572
0.9255540352,0.2416854483,0.1742222475,0.5618051751,0.2293580163,0.6326249880,0.4359940306,0.7984330746,0.0516492282,0.7469523283,0.3136090547,0.3673829565,0.2383129184,0.1835053016,0.1234746174,0.0449079344,0.9136445096,0.8750949740,0.3746133180
0.5055073978,0.0043677893,0.6234607041,0.5332029677,0.0291998637,0.4359723297,0.6476869790,0.0886214558,0.0477723956,0.7862793073,0.9095098068,0.3302731732,0.7077377013,0.4647464738,0.1841724089,0.3622229288,0.5387509739,0.3391035212,0.2573366587
1.0699942119,0.2651825440,0.4025146579,0.1188711909,0.1314453239,0.3405843972,0.3261627261,0.4180859476,0.1886579143,0.0466516096,0.5588873607,0.0921505305,0.1608351375,0.5071582818,0.8830897151,0.3987619623,0.2005786982,0.4565965691,0.8757523592
1.6766598033,0.5003547803,0.4625457645,0.5670724008,0.7073415727,0.0095543417,0.4351468384,0.1685180945,0.4052531328,0.2510544424,0.6263330328,0.8270770873,0.7113264646,0.5612599185,0.8787332293,0.8200182470,0.4442473915,0.6718224710,0.2052739329
1.3862850680,0.2862136616,0.8573719378,0.2011031589,0.7223146708,0.0313844654,0.0492500933,0.6139110596,0.0922808352,0.3902796266,0.3177165539,0.2613108437,0.7339852474,0.5106749584,0.2200979509,0.4299657880,0.5510129887,0.3020755893,0.9003530459
1.1914878623,0.3049822861,0.3414749018,0.8066779076,0.0392786449,0.5861249792,0.7067821209,0.0554612361,0.1969698593,0.2102798077,0.8327507617,0.5492571352,0.6205252908,0.0772993859,0.5411394953,0.4046768271,0.9525077915,0.5110831439,0.5196231518
1.6909891555,0.5474970683,0.3850802085,0.9186780067,0.8018208830,0.6388897340,0.6842364996,0.6307985054,0.5408127791,0.1645872355,0.1237779083,0.9358150127,0.2727240984,0.2538207602,0.4839104894,0.7613070565,0.7009219397,0.5123822422,0.2981093954
0.5622737607,0.8607704960,0.2986467351,0.3260825209,0.9809955304,0.2892865118,0.1297351825,0.6659546060,0.3063617319,0.1596280088,0.7744390291,0.7584796871,0.7662109845,0.2588586312,0.0589725791,0.4893583646,0.1134492039,0.5526327662,0.4992049379
0.4382441618,0.0091726044,0.5306718440,0.3880948323,0.0433322065,0.4914720364,0.9201743334,0.6545840032,0.4678730236,0.4036772016,0.2045992851,0.6290788597,0.9099746426,0.6760266676,0.3914010750,0.0261041786,0.9446702403,0.8623666122,0.5723811176
1.9562436251,0.6043764697,0.9225010423,0.8271811931,0.5879075884,0.4118680614,0.0827079311,0.0804039524,0.6871023374,0.3799576552,0.9005105439,0.0011282576,0.0006125672,0.2728519958,0.3420482621,0.3649672848,0.8945988209,0.6071055319,0.0645120483
1.9277099879,0.5750412035,0.9909352346,0.5270309310,0.4036565662,0.0963272079,0.3009864262,0.0488317222,0.4085172727,0.6313206031,0.5113170880,0.2170253121,0.3698557235,0.8187505226,0.8761948085,0.4544697259,0.1496787224,0.4034455144,0.1357414154
1.7830449510,0.6639851836,0.9466422107,0.0649151746,0.1687080271,0.5328609264,0.5782842723,0.0620558201,0.8095681248,0.6382197125,0.5354647902,0.4132804632,0.9009752507,0.9762933171,0.3497033288,0.1524718938,0.5430462303,0.4013741821,0.3034198145
1.8939187047,0.4934840817,0.7298394433,0.9446386198,0.0838386595,0.7782261889,0.9097536753,0.2832744708,0.8925693528,0.2291470011,0.3129498465,0.9831830737,0.1534312395,0.3157416036,0.9694310616,0.2560517881,0.5180539339,0.6885377511,0.4237641841
1.1421769407,0.3665685240,0.1101840629,0.5822449701,0.2347960073,0.4414145521,0.9758946844,0.8460872421,0.3003736740,0.9687729973,0.8665311973,0.5806540655,0.8922772361,0.4234701171,0.1063670187,0.6995408374,0.9420102510,0.7581580004,0.2901954446
1.0669283874,0.3051156148,0.1186926652,0.5662374775,0.0239502971,0.0172805212,0.3472492016,0.1503720633,0.9681289765,0.7203331736,0.8627969409,0.9512799846,0.0814343474,0.5592330809,0.6592116734,0.2830622718,0.7974856947,0.4137428908,0.0978926572
1.7446622501,0.6900750150,0.9355845374,0.3116887411,0.0096929738,0.5366733376,0.5692357044,0.0116932369,0.5134331063,0.5714971872,0.0753316375,0.1524037246,0.5048514228,0.1127399232,0.5158720841,0.3068534544,0.5386307475,0.3349774773,0.3626872516
0.5442283171,0.9959990740,0.7575979821,0.1234117685,0.5916453438,0.6042930513,0.4819230147,0.9087802874,0.9283095112,0.8080624514,0.1685971951,0.8197558806,0.5106101672,0.2018075879,0.2839958652,0.2732554829,0.7097851209,0.8438670185,0.1933745487
1.0264261027,0.1308747395,0.7022796533,0.5323756385,0.4688606661,0.8401364832,0.0089077710,0.6104958373,0.2540179659,0.4027587485,0.4581520744,0.1874525003,0.1058752071,0.7005671958,0.7925389605,0.6798496359,0.4919773376,0.7164005767,0.4370266580
0.7178395097,0.7670609846,0.1319377788,0.3425893198,0.2060756038,0.6262691697,0.1101512178,0.3615422607,0.6938883712,0.3726160502,0.3811345011,0.0786485022,0.4115010493,0.6712707077,0.6434579280,0.2040369690,0.1983276379,0.4060614046,0.9309589873
1.5057337183,0.5546681089,0.1694897194,0.7964683031,0.3513622500,0.4266212860,0.1696625997,0.9652727089,0.3752295722,0.2065500567,0.8312961674,0.7849881401,0.1611027056,0.7748217797,0.6541751538,0.9311918624,0.4510990986,0.2344149098,0.2908679713
1.4072799349,0.3871685210,0.5553479152,0.5137900046,0.3049408667,0.0222016438,0.6061547203,0.4505559736,0.7973402665,0.7035475504,0.9892420256,0.4149096910,0.3042354320,0.9601738867,0.6138003368,0.3526669700,0.3769083561,0.9202338517,0.4679979733
1.3823849663,0.6288315174,0.1307620408,0.6890740291,0.2652555289,0.6990834378,0.3266883942,0.8928472413,0.2642232577,0.4710363766,0.5238281589,0.5261474668,0.0273558976,0.7375561336,0.5429601789,0.4741538778,0.0600380062,0.5389718769,0.4757354293
0.7573777867,0.8321729892,0.6922118362,0.4928049676,0.6461037232,0.1630198316,0.5154510906,0.5063762608,0.6588554292,0.7580069717,0.0995401367,0.7872787141,0.1779601114,0.3290089465,0.1690770507,0.1736518088,0.8349313225,0.2546467435,0.7894707600
1.2564481694,0.3047803390,0.8725758783,0.0784309521,0.6987841779,0.4516925470,0.9582649799,0.0294170503,0.1634049470,0.2411863865,0.9414555612,0.5835461901,0.8251058351,0.7273447731,0.0797564703,0.1955714877,0.7385415740,0.3429354667,0.3592100478
1.9264531175,0.5401980312,0.8698695102,0.7003117880,0.3388368537,0.1049469019,0.6125170041,0.3306159019,0.7186521552,0.6396563826,0.6483416242,0.3622243077,0.8847607827,0.5713723337,0.6016803482,0.8001015594,0.6945536303,0.1622971496,0.6401018306
0.5485201447,0.0164138149,0.6104738183,0.1248922458,0.7355151805,0.6534545351,0.8910758066,0.8070545101,0.2158604560,0.8287774938,0.4607790690,0.1513904675,0.9155225793,0.4690310170,0.6425436467,0.7826660052,0.4654364739,0.6851070068,0.1806091635
0.5055018193,0.9931855251,0.6008020123,0.6589911126,0.2138762939,0.4575803434,0.0790311939,0.0730884569,0.0915663738,0.4551245783,0.4518522036,0.0948652303,0.1673641065,0.6493218075,0.3666837049,0.9224765801,0.8298651981,0.5190704253,0.8909167966
1.0282329949,0.0934856384,0.9855137161,0.4510966187,0.2091389707,0.3208831984,0.6517454112,0.4788616076,0.4689303811,0.4509873477,0.7599650256,0.9603507962,0.5672313659,0.8854733162,0.0748152138,0.1847893124,0.7693518879,0.0429050591,0.0212490595
0.6546029660,0.0306049854,0.6458504846,0.1426499451,0.1310583940,0.9355191238,0.6723775943,0.7811169107,0.8449521858,0.7252071583,0.0083246755,0.8182729319,0.6760984099,0.5850811742,0.3221070769,0.9277609074,0.5177785280,0.5657473018,0.5063465824
1.0610614445,0.3700880508,0.3258781724,0.1618453755,0.2928402114,0.7346122371,0.4453553458,0.8650583209,0.1908869168,0.5111693882,0.3834622457,0.8249664667,0.8297599208,0.8547516222,0.6415128406,0.9932385778,0.3151143388,0.8334466158,0.3939464357
0.3835092474,0.0391893322,0.3141958766,0.6588489139,0.2714133930,0.2470449749,0.0029903598,0.9634839614,0.2978387260,0.1182957917,0.5704785251,0.4224168817,0.1503650687,0.1395213855,0.1289803505,0.2496900064,0.2477215620,0.3102842635,0.4858937159
1.6231702847,0.5289293398,0.6569029850,0.3763282171,0.5302626557,0.4996227401,0.7771650764,0.9698680326,0.8834168577,0.5086811220,0.4513392546,0.5404909427,0.8842327862,0.6223275410,0.3029765267,0.5767449414,0.0043576596,0.0993096535,0.3408449178
1.3847128694,0.7317070606,0.9120565376,0.2398997125,0.8970389931,0.1104912987,0.1934549950,0.5143647135,0.6738859629,0.8426250243,0.3234355364,0.7000448882,0.6393427275,0.5467544893,0.7696201143,0.3252539540,0.8671528685,0.1970344273,0.7145393639
0.8633534922,0.0583060032,0.9618360194,0.6842081601,0.5043851475,0.5947838545,0.0338539205,0.3131993006,0.1117530114,0.0661204317,0.5064829849,0.4031804249,0.6569419692,0.6484382483,0.2064028028,0.9895628852,0.8241195053,0.2051022422,0.2343123480
1.5108661402,0.6684007928,0.2662079411,0.9404935825,0.9039067372,0.6030735420,0.2161592677,0.6181948684,0.1374500611,0.2459042077,0.1924325927,0.3266156989,0.9374226877,0.0834919320,0.1270848434,0.9778640984,0.3221357950,0.0193488188,0.3439087252
1.1391738174,0.7512586713,0.1674765699,0.7468076284,0.6884884370,0.4701337767,0.3060864629,0.4532004219,0.3999140587,0.8531855088,0.3057382136,0.8964684681,0.0406380372,0.0132325027,0.7590753641,0.5950006733,0.4854538728,0.9618156933,0.3417537376
1.3890911893,0.4524729621,0.0534868956,0.8959764526,0.5638512179,0.0974607077,0.6758520013,0.6254995972,0.3670377414,0.3934053037,0.9079177709,0.1198265747,0.1123103147,0.7801201811,0.7656173229,0.0351415286,0.2857441336,0.8458646728,0.2952001391
1.4706819354,0.5267675365,0.1357246991,0.9166842059,0.0656080548,0.3722939531,0.6220992338,0.3999085872,0.3322378293,0.8704605892,0.6724425433,0.5199919892,0.2672137680,0.2138795295,0.7231622785,0.2367218783,0.7273402171,0.7649264806,0.4239104613
1.7742266201,0.5780137921,0.6959828100,0.7007034629,0.5160016784,0.5971105029,0.7965371391,0.2656786091,0.0772224409,0.1097436123,0.4352485352,0.8269015778,0.3499288269,0.0622914678,0.7852198693,0.0194372523,0.4977734245,0.1769428689,0.0765996019
0.9215252785,0.2238580840,0.3392983949,0.2486581619,0.6010450806,0.7169488494,0.7615419144,0.2586264811,0.8699761074,0.6650947340,0.3052377592,0.7910422934,0.8218351251,0.0052792418,0.2578383605,0.1029524588,0.4059839705,0.8527532102,0.0154392191
1.8199687214,0.7323332810,0.9410438920,0.8385440170,0.7102682660,0.0330691828,0.6267537642,0.2151746050,0.7667681881,0.1889080807,0.7111335648,0.5283931702,0.1709191449,0.3742067924,0.0023398851,0.8554524907,0.3849421391,0.6325830614,0.2908547970
1.4440075705,0.4339689085,0.5246406670,0.4087872038,0.9842797146,0.4274606248,0.1735192369,0.7305735108,0.8795641203,0.3678693738,0.9550324077,0.7610781501,0.0371312971,0.5658404797,0.2693844489,0.5632483718,0.1474181355,0.7923929503,0.9356671201
1.0908637198,0.8678142386,0.7878185594,0.8480615808,0.4730820280,0.5201118205,0.9880623227,0.6873546146,0.7309127576,0.2519221621,0.5555968513,0.6083873849,0.2369004274,0.7670910774,0.8341185260,0.1980995539,0.0053145146,0.1509451465,0.8330736574
0.7324541126,0.9535767439,0.9877528014,0.2615660027,0.0132892550,0.1305890256,0.7013996759,0.0831546115,0.8827514032,0.5356412635,0.4222973398,0.2156936792,0.6912083923,0.6550073370,0.1938999882,0.5270669594,0.6189479620,0.3299513573,0.2684578157
1.7675193849,0.5194254568,0.7471200636,0.5457030383,0.8791613129,0.5102402976,0.0233552539,0.3014550211,0.0292464492,0.0986710111,0.9099655127,0.3458723705,0.4542910247,0.0727496699,0.8195885697,0.4581511460,0.2763578899,0.5308109119,0.8792760302
0.6307265453,0.0935573347,0.2851508339,0.1869904584,0.2220265973,0.7697903741,0.5431185291,0.4209176623,0.1631487347,0.6322007656,0.5959469505,0.8529013114,0.0323108367,0.2607765348,0.1513420936,0.9904153924,0.3385862115,0.2955342752,0.0979720446
1.8479435772,0.5347743395,0.7776701947,0.7632248641,0.9218168101,0.0268591952,0.9921411167,0.6295311006,0.1299561503,0.6424286861,0.1657375567,0.9579641303,0.9638043422,0.8879987478,0.5955033081,0.1954670219,0.1025014112,0.1309297355,0.2936307719
0.3919387878,0.9194286894,0.4266484427,0.4265371854,0.7151259681,0.3805015126,0.6287464501,0.6538192877,0.1655940366,0.9360322402,0.5320836626,0.9162223829,0.2602064600,0.9897516388,0.7473530658,0.7514332652,0.9263827821,0.5894859804,0.4325402144
0.3329951380,0.0509539084,0.1912024956,0.8103282417,0.7961337472,0.9344314568,0.1832429518,0.8827684959,0.2863286075,0.6350791650,0.1238496722,0.5833680001,0.8235115454,0.7623080078,0.8650003745,0.2148982528,0.5591310581,0.0291631584,0.2752999439
1.6012483813,0.7193379353,0.6880817227,0.8161912065,0.1896368803,0.2527708311,0.5465398780,0.1332193194,0.5854159168,0.2632270697,0.9252932506,0.1125119369,0.3001291723,0.2310370120,0.6238699272,0.9546035181,0.5816754790,0.7756648812,0.1307779496
0.4848017405,0.0022133567,0.6007635900,0.7857431330,0.3430196372,0.0304727669,0.1499300323,0.9499972200,0.6139684883,0.1614440030,0.8323458940,0.9912131423,0.9064270437,0.5996287051,0.9495899061,0.9851545995,0.3173553317,0.6134058763,0.4811627306
0.9736374112,0.2482364700,0.1946150554,0.1120339480,0.8877014669,0.1252492270,0.7547692031,0.4987032290,0.9249003045,0.3987090623,0.3311642117,0.5960135885,0.8899941207,0.3872448073,0.8153522451,0.0522813129,0.6755924335,0.1318863411,0.0841490882
0.8616795787,0.8049370803,0.5495162494,0.3987542345,0.2513766904,0.9797642526,0.6637387349,0.1021940376,0.8253641366,0.2195579162,0.0108293569,0.4400023563,0.9384416724,0.0030263398,0.4083832753,0.7557651230,0.4603735185,0.0631106939,0.1095965079
1.1139263135,0.7473101778,0.4338102320,0.3504581283,0.8574815472,0.4599372012,0.0008871621,0.9184891298,0.1789143818,0.5595475049,0.1420664565,0.0812402038,0.0518198952,0.8860078596,0.8620958961,0.3322460048,0.4615776740,0.0313075049,0.9891732441
1.0317189600,0.4755646449,0.1638111926,0.1267421724,0.0886010724,0.7853850607,0.0038729240,0.6750506381,0.6227836380,0.8171679748,0.0440384928,0.4626163161,0.9743746848,0.8731226059,0.0614906647,0.7969880895,0.1655184355,0.1294840565,0.8227813446
1.5116854957,0.4154835423,0.4594346334,0.7935777449,0.2905354809,0.8380058211,0.6554742319,0.9391910877,0.5122253725,0.1250081203,0.5106969998,0.0725884098,0.7394207720,0.1949781961,0.0982755519,0.3741306797,0.8867759089,0.6195236093,0.8310677512
1.4066979098,0.4665111277,0.0829963566,0.9167681709,0.6140877234,0.3217665788,0.4394307297,0.9450541271,0.2401948412,0.7034994495,0.6581411984,0.6395788732,0.0030099527,0.8299219242,0.2003914912,0.8419462254,0.2758072239,0.7804613624,0.9525439319
1.8105542484,0.6003052252,0.7621795286,0.4290858745,0.9751326467,0.1073619984,0.5391701106,0.1683268912,0.2387262157,0.6311669429,0.9870636798,0.3182448417,0.8118631543,0.8425496792,0.5662177574,0.9202073326,0.4230084512,0.9308660467,0.2549693105
0.7581226551,0.1199393468,0.5084265453,0.6176577937,0.0177259474,0.4217751599,0.8209272576,0.2017932477,0.6003474587,0.5979818660,0.8315910733,0.8750478310,0.7806534946,0.1144872752,0.4725090984,0.6963108117,0.8685202917,0.0995185760,0.1079382977
1.3584759334,0.6050417785,0.0337651494,0.5212392992,0.9698060816,0.3017733715,0.8416732345,0.6888000092,0.2867696013,0.8996662910,0.2624758338,0.9186240755,0.6067398183,0.5734324316,0.3261534326,0.3862269000,0.4158041486,0.4625758421,0.7161420395
1.4327436946,0.6238413935,0.1411844276,0.7973057015,0.9200585545,0.1888909358,0.2292839174,0.7972727659,0.4996785026,0.6434957121,0.9765878437,0.8230283649,0.3679541415,0.8645240444,0.4772778375,0.7704539350,0.6392339578,0.9363155790,0.1428357730
0.7759422444,0.1593366545,0.2309299318,0.1905956091,0.0209729200,0.5330318468,0.1249703982,0.4601998904,0.1370247176,0.9440017895,0.7841136035,0.7060819867,0.3398224785,0.7973998160,0.7119310601,0.8205582223,0.6291909098,0.3085286324,0.4517840568
1.0403850296,0.7643671203,0.4173344351,0.5002935360,0.9163953436,0.8166405278,0.1774153057,0.1909347562,0.3500917257,0.7251566293,0.4358839100,0.8744410559,0.2660728581,0.0561396310,0.4035284937,0.1120921005,0.3736489834,0.1452027817,0.9875987394
1.3611593451,0.7863956235,0.8678048552,0.6876291448,0.9973648698,0.6769058544,0.2516161046,0.4015882206,0.6371828835,0.2708379670,0.0548603608,0.3921673604,0.5854643098,0.1094756245,0.5169445684,0.5938934345,0.3326031322,0.8543627203,0.0203925728
0.9218081811,0.1396654078,0.6925824570,0.9442364013,0.1168277667,0.6245286782,0.3508118856,0.8613498318,0.6919023514,0.8521417712,0.2700042813,0.3727388456,0.5441566447,0.3126464731,0.2362107963,0.6154924878,0.3277860240,0.8427457684,0.5079854333
1.1251212112,0.4466966915,0.2822330168,0.0856537905,0.5676461050,0.7450743931,0.3127211471,0.6768769712,0.5629531034,0.4100995473,0.5216379327,0.4570521554,0.6157208661,0.8122052218,0.8333560453,0.3320487028,0.3896260643,0.1185026708,0.7834889172
1.1602010444,0.0703711739,0.9205670236,0.1641764170,0.7702351525,0.0894326737,0.4771264525,0.8494185959,0.6292879493,0.4664237941,0.1654092916,0.1224366368,0.8546647589,0.1734737400,0.5577910825,0.2522370579,0.5146635252,0.5327708917,0.5906118357
1.0966930810,0.8125126583,0.7816572619,0.7155458575,0.2476400779,0.1319304233,0.7650563862,0.4826831320,0.4936963405,0.8941919755,0.0191374603,0.1221841601,0.2623748355,0.6099881935,0.4214059177,0.0211103421,0.0632530007,0.9763390042,0.8992695123
1.0530120751,0.1472980122,0.7071077986,0.3626948044,0.8463204907,0.4733808486,0.8265277093,0.2558421741,0.2333410179,0.1643392669,0.7742289328,0.1227346785,0.1370876494,0.7960277679,0.9041363234,0.9567093811,0.4830460861,0.1251820819,0.7401186865
0.3624906690,0.8567605580,0.1542574020,0.5669246053,0.7836279350,0.0878382403,0.6618777231,0.9281398882,0.1735607548,0.0007618521,0.5581546977,0.0367186370,0.6423619290,0.0053413911,0.7960328331,0.0133657488,0.0222598960,0.5960216736,0.4203233601
0.8395656056,0.9507453995,0.9579195689,0.7989131550,0.0054366528,0.5569530143,0.6456191659,0.2568274880,0.5500120483,0.9108546009,0.8196214108,0.1297376991,0.7080900518,0.2807888964,0.1960361716,0.5857586733,0.9243568278,0.4980869030,0.6765172615
0.5863920670,0.8073997496,0.1450270886,0.6079522320,0.8190040362,0.9196772504,0.7644736821,0.6522965050,0.8806074488,0.2201490874,0.9311776712,0.5985265547,0.4896669304,0.5303874441,0.9759544124,0.0780513820,0.4225573641,0.6260268603,0.0907475203
0.3992423185,0.0654723577,0.0629537059,0.3779686817,0.6978164019,0.9452530137,0.3814240121,0.9310447852,0.1863749989,0.8723171321,0.2710584238,0.2023247755,0.4853514107,0.0362682156,0.5820642313,0.5460085962,0.9687993406,0.5328970144,0.8339005298
0.4814602226,0.8263453400,0.1571520286,0.1247302484,0.2835287436,0.3412141526,0.1833138928,0.0694758624,0.0670355244,0.1310025871,0.2678508193,0.1562764938,0.8519576865,0.2803510578,0.5481622582,0.8523127482,0.3986157869,0.0858523964,0.4665746840
0.4568256130,0.9635469401,0.5912896536,0.6012151214,0.3660926065,0.2437025044,0.4847293913,0.5763415052,0.0271539729,0.7005180992,0.4546465900,0.2238966823,0.3020181638,0.5801263063,0.1643407512,0.1412510601,0.7547175333,0.8029177457,0.7381103394
1.2670844786,0.2953522658,0.5671297556,0.0673330180,0.9844367889,0.6880780333,0.1950370333,0.3429536691,0.6108118595,0.3226393747,0.0232885394,0.9859894721,0.1015883396,0.0579637044,0.2271431978,0.7537822342,0.6347971148,0.4864868741,0.1393615374
1.3980454052,0.1905977757,0.8137032465,0.0361561534,0.5635862059,0.5013165909,0.0174800268,0.3957473904,0.4536490648,0.7060674887,0.0205595916,0.9921665134,0.8518565653,0.6433933422,0.9725198639,0.6136843184,0.8220910008,0.7593003302,0.5997413196
1.6048057134,0.5960048868,0.2019726524,0.9647865984,0.2304094277,0.8072516477,0.3786376483,0.7040963931,0.8132221884,0.5763590729,0.3936785864,0.6007801688,0.5662736993,0.3601330732,0.0930893219,0.1164631566,0.0139572701,0.9685981563,0.2478482471
1.2779872947,0.3875036589,0.2479647836,0.5881757460,0.5144854615,0.3699650044,0.2423767312,0.3941890864,0.8048613240,0.6416036295,0.3428182065,0.1331112667,0.5896249435,0.8604074572,0.8497368194,0.3369968860,0.2876756268,0.8961086349,0.5422962160
0.3231689446,0.0484138364,0.2161839105,0.2706733374,0.3153508238,0.5963322529,0.5019093462,0.0936029973,0.3990835248,0.6632527541,0.3793320566,0.3160073775,0.6333258409,0.3026620172,0.3833295562,0.0422809191,0.0210008498,0.5274819609,0.2548335976
1.5061030694,0.7306679609,0.8203788806,0.4894490839,0.3808865156,0.3487415777,0.1752850517,0.7346278030,0.7963397433,0.8953697203,0.0469636716,0.0637591827,0.8080637193,0.6335302037,0.7587705708,0.5630407945,0.6456139443,0.6386889044,0.5783626920
2.0184084613,0.6551775999,0.9589199463,0.9992734620,0.3950812391,0.8663368644,0.8281968394,0.9292333670,0.4883025003,0.5649814385,0.5583955408,0.0309365561,0.1619246879,0.3233559508,0.2297715018,0.9874128866,0.7804755880,0.2750680879,0.5388226820
0.9392091254,0.1593724019,0.4867566204,0.5113753428,0.3521097625,0.7635855078,0.2030999948,0.5150082906,0.4679502750,0.8445240202,0.0787331777,0.9211884895,0.0948080865,0.3184948336,0.2969230732,0.2710186967,0.1990345021,0.2617684267,0.5899685974
0.2576583433,0.9752068764,0.2034689010,0.6342805808,0.9455349928,0.3375119540,0.9738489222,0.1267954650,0.0151440901,0.9200995279,0.2624225028,0.9140467342,0.5281890642,0.6154078435,0.7270468548,0.5609921839,0.6973190638,0.7123696970,0.5546994931
1.5943555284,0.5098737861,0.1821886887,0.9794727001,0.1473744168,0.6990017069,0.8190127329,0.4149245930,0.9190833231,0.4749711122,0.1871817076,0.2401199222,0.6636113757,0.9316044836,0.6684580431,0.6248649052,0.0773574077,0.0127834892,0.6571509126
0.4209032722,0.0637962240,0.3049783629,0.4718801932,0.4665211977,0.2837172885,0.3771878637,0.5237051306,0.7291646637,0.3019612902,0.9638575804,0.0556848813,0.0469866562,0.2074527990,0.0267306936,0.0696940193,0.7437261248,0.0260278740,0.4003435534
1.4388629355,0.5617986108,0.2537183931,0.2152980657,0.9151170450,0.0001172453,0.4610249614,0.4857662318,0.0451923927,0.3948210843,0.8215144223,0.4497364098,0.0221485396,0.8746313746,0.9474826333,0.2188198503,0.3781351993,0.2997361595,0.2565376521
1.5314005228,0.4068283660,0.9558013135,0.3534066260,0.1352055776,0.2861116035,0.5798705526,0.2813544224,0.9810663340,0.0997081529,0.7579404756,0.4991510547,0.9212701018,0.6472633068,0.1443257058,0.3043463387,0.0186379799,0.1602947235,0.5148314622
0.2811804415,0.8369229245,0.0478540836,0.5449094436,0.3695995429,0.8280938153,0.7221627602,0.1992726839,0.3165829168,0.2819170835,0.3227296101,0.1498666000,0.0200332658,0.9753377379,0.8524556981,0.1762763348,0.0923345135,0.2130918238,0.2336882220
1.0888990066,0.2039206520,0.5006001353,0.4237255115,0.5703175060,0.8577941679,0.1533985950,0.1407018957,0.1539301619,0.4997817354,0.9109354871,0.5586100654,0.7093945796,0.2043351686,0.1643079872,0.6975267507,0.1445054930,0.6347161585,0.9322416742
1.0240070816,0.0447588076,0.9569675440,0.2471560097,0.8110688853,0.1174766899,0.3250346659,0.9163200936,0.8913272155,0.3249097611,0.0464233185,0.7021272440,0.1883799840,0.7274985600,0.1512140617,0.2103729305,0.0982388047,0.4217422211,0.1981067213
1.0742686836,0.7845455605,0.8547915790,0.2435399175,0.3338696620,0.0444293809,0.6963153506,0.4495064799,0.4999862022,0.3964781320,0.1356436571,0.5208488835,0.6003476683,0.0031246837,0.2776997389,0.7751185862,0.9195234581,0.4999887995,0.6793963195
1.6261834036,0.7353363787,0.9759659014,0.6533809170,0.0965343206,0.9076037674,0.6411685350,0.1226909942,0.0662063338,0.6205117086,0.9914371129,0.4020510691,0.7274137826,0.6610283654,0.4016617745,0.5850846680,0.3754148968,0.2400282975,0.2996672174
1.3888108354,0.3849349414,0.1509633341,0.8604774632,0.2880498165,0.3377059619,0.2392133780,0.6402624137,0.5381794540,0.9734280892,0.7179001534,0.5410620120,0.6153782463,0.3751081289,0.2840716363,0.2967961270,0.3093138065,0.8750900663,0.2869409238
0.7197611023,0.9220089103,0.8147003245,0.4622136176,0.9355229338,0.8456651837,0.6407832251,0.1658493537,0.2695255815,0.8186998024,0.8964657324,0.7724393906,0.4758910530,0.7523930011,0.3456436374,0.4943102656,0.8833297978,0.4250503874,0.6464227593
0.8182121049,0.7332150008,0.0959761677,0.1261281821,0.0541052380,0.9107810490,0.2266311817,0.1416650580,0.1281832881,0.8530277238,0.2744868690,0.5539432862,0.3182251977,0.8727317121,0.5569526128,0.9852218578,0.9932276940,0.5193953257,0.9853975877
1.4577151227,0.3001922667,0.7648636722,0.3831355575,0.0013052624,0.8526193262,0.7309487203,0.6527032689,0.1917836057,0.6728602854,0.7783781243,0.9382698387,0.0224290877,0.9267334571,0.6786400746,0.8041972327,0.3822516788,0.9823416338,0.8822612418
1.2028285110,0.3286412726,0.1525345650,0.9042646234,0.0044509360,0.2136967146,0.0046972941,0.1989664085,0.6380952992,0.5049229259,0.6069487386,0.5816825893,0.4794329913,0.0421209414,0.8743380660,0.0582673170,0.9380503220,0.6115249749,0.7953699209
0.7506398313,0.1632775668,0.2775144701,0.3814662373,0.0771847269,0.6824268482,0.3637986425,0.7585944915,0.9843349907,0.5022610358,0.3786642427,0.7055852464,0.5808780414,0.5956110403,0.6791618723,0.2171638458,0.1806067173,0.2572799757,0.1854657773
1.2955355675,0.2259677752,0.7909583372,0.9624477683,0.2794044558,0.8983651546,0.9217653286,0.0625291055,0.9564018743,0.9807899076,0.8570351278,0.7229693959,0.5263826390,0.1990083077,0.7649432227,0.7206141306,0.5643892752,0.9456881789,0.0878775322
0.6318749553,0.1761807241,0.0737860418,0.1831476200,0.7560944701,0.0295938204,0.0674795629,0.5033353930,0.4432466226,0.1435133291,0.3238290056,0.5405620317,0.7953483193,0.3103574890,0.4557594652,0.5694861947,0.8957657393,0.7311815677,0.1500072345
1.4014587406,0.5981946183,0.0686479685,0.4053950683,0.1375755466,0.6091865005,0.1875617774,0.5981615107,0.6900423478,0.7494755376,0.0757592568,0.1515249790,0.2383413974,0.2881751421,0.2559301913,0.9286673400,0.8200907958,0.1117266774,0.2256575448
0.6534397121,0.0106161712,0.7412206922,0.6294962123,0.2589770485,0.1810492574,0.5626849621,0.2846910381,0.9452818104,0.6747760616,0.8301740768,0.9411087179,0.5866699535,0.7856315843,0.5056865512,0.2764761968,0.4930333104,0.1122916027,0.4637225383
0.9436139730,0.8326349986,0.4995376118,0.8088943539,0.2478183775,0.8985367560,0.3610182667,0.2948642572,0.9975215346,0.7452237378,0.2000487589,0.9896986810,0.9221856824,0.7824909461,0.1547095897,0.5402809751,0.0025230394,0.7217272350,0.0019151898
1.7463484165,0.3424012318,0.9025722969,0.7922509234,0.6125640720,0.3038673641,0.0054642146,0.0926152917,0.0971593229,0.4058577044,0.6777064670,0.6285414782,0.1330985777,0.9876016851,0.8739673984,0.8578930416,0.7030817359,0.0332916310,0.4054340394
1.2268920603,0.3158777301,0.3375191007,0.9310999793,0.9241818323,0.5722177760,0.4093199419,0.8349459327,0.2381090386,0.3256752249,0.6910263277,0.9564178505,0.9318815239,0.4058045059,0.5418032138,0.7416201400,0.1867004406,0.9779558962,0.4248080742
1.7134849417,0.6789902205,0.7725635995,0.3565677851,0.5791143990,0.5439839818,0.3531891538,0.7917446794,0.9331674796,0.0051716803,0.8284574086,0.1145097744,0.0488583894,0.7101543648,0.8268086703,0.9952229105,0.3813980781,0.8169937786,0.2041373825
0.7678107792,0.1272190604,0.2862556482,0.5666294268,0.2553840809,0.2482383437,0.1577803994,0.3824864623,0.5029650777,0.8595941656,0.0994811437,0.9429000497,0.5340626903,0.9573262409,0.3030174460,0.8213007350,0.6007897729,0.7916374127,0.1694581172
0.9348215452,0.1049603475,0.7566350530,0.8267041154,0.8453113814,0.8409100990,0.8342788779,0.8139070314,0.2861171576,0.8253643236,0.1701401580,0.0513546905,0.1899149024,0.7393895039,0.6068455898,0.1699146569,0.4334753939,0.7549674968,0.2443387994
1.3395111265,0.8141202770,0.4675345235,0.8835846341,0.0915353198,0.4020745545,0.0457275265,0.1167483375,0.5964652374,0.2959138802,0.0689252758,0.1305661510,0.0598591133,0.9835018589,0.5049709023,0.8761529864,0.7469103596,0.8260391560,0.7553940371
1.4727029844,0.5250638090,0.5304182304,0.4634873582,0.5311093361,0.4471096231,0.1935155414,0.4208348692,0.3440721320,0.9474619219,0.1605652740,0.8335843438,0.7464977373,0.4603342701,0.2468349121,0.4326119059,0.1611357920,0.2699853114,0.1954518502
0.7333507646,0.9386454338,0.8552353675,0.8469777135,0.6104641206,0.9565253939,0.8183699279,0.1550982210,0.4470117423,0.9594591989,0.9090626364,0.8979970573,0.9220360471,0.7956984192,0.7415169775,0.9225262415,0.5816715779,0.6041500567,0.5693761320
1.5857357401,0.5091730571,0.5187457233,0.7416792840,0.0562594544,0.3823050114,0.4102491980,0.3584848722,0.2855291095,0.3863238021,0.0565193291,0.7902838612,0.1572185294,0.8131669509,0.0791342994,0.2551775949,0.6141079928,0.2429367594,0.7062763781
1.2175102731,0.1856128889,0.8364067268,0.9350052347,0.9982332153,0.5344777270,0.0178881332,0.0905844837,0.9461905975,0.8024431464,0.2006489270,0.2796627221,0.3982768507,0.3356175595,0.2496296373,0.6378636279,0.3584964714,0.3911107165,0.3546304610
0.7700283833,0.8773579515,0.3001789609,0.8738805899,0.6657205706,0.9885136085,0.6594908977,0.3941916885,0.0488305386,0.4851903615,0.4562750745,0.8558852666,0.0848371957,0.9008744173,0.5991199110,0.1667003705,0.2902837122,0.7175402083,0.1271998005
1.0880058508,0.9157581922,0.8899336848,0.8998070948,0.4265326226,0.0448158349,0.3132807140,0.4609580179,0.8333065320,0.1511336190,0.7277121967,0.1472785619,0.6393470048,0.9395715734,0.8417710139,0.2117702992,0.9139345237,0.5773029180,0.3739127991
0.9704260379,0.4323543848,0.0763761925,0.3932759436,0.6364139458,0.5874800468,0.7872469560,0.6154980613,0.0922646234,0.1715981413,0.1551887380,0.0397860183,0.3957197338,0.2386475797,0.1517578658,0.5611414477,0.7858822909,0.7914858013,0.9338278655
1.7465843421,0.5036749237,0.9636500447,0.4891291018,0.6417864733,0.4248732671,0.7735821197,0.5616735227,0.6176657109,0.3867976174,0.3286910351,0.3545775608,0.8892713946,0.5783575180,0.6953911480,0.7636627867,0.5049323684,0.6758394535,0.7276748624
0.6906339312,0.0505984302,0.7344016724,0.7645332644,0.4695590075,0.9401676787,0.3720759676,0.1417369240,0.1793713268,0.4902318076,0.4119528072,0.7443804737,0.6485230807,0.2866673277,0.8580275778,0.9931265833,0.7919546817,0.2958244160,0.9901000311
0.9882293321,0.0339636775,0.9872825915,0.1283862660,0.9061063075,0.1246155224,0.6395431405,0.1006574942,0.4182460784,0.2358687837,0.3648847570,0.8438180154,0.4302357920,0.8193696865,0.4247338133,0.2035879600,0.2698846443,0.5135293201,0.1442264428
1.4541288199,0.6649258236,0.2086577703,0.1488112147,0.5726518435,0.1475582932,0.6435508509,0.9302161523,0.5739001159,0.1127360132,0.7592573658,0.7712091394,0.7934720359,0.6708394829,0.4346944044,0.0647763498,0.5328011566,0.2291696080,0.8636111543
0.5249150535,0.9962122375,0.6278778645,0.4408120301,0.3884386855,0.9004097713,0.4961453121,0.8587466469,0.8308440940,0.1073498508,0.7187003653,0.9950641691,0.5802774046,0.3290000032,0.4345360981,0.2281467398,0.9240471408,0.2229408830,0.6741266847
1.2452678794,0.4693134959,0.1440582230,0.6888140211,0.2977452514,0.2010459292,0.5194810844,0.4652962213,0.4378441981,0.5261494797,0.1628100124,0.6373928632,0.7327712715,0.4871965980,0.1707396045,0.2268187503,0.3620122826,0.3088180583,0.0948314076
0.8924908913,0.8293967027,0.8729570826,0.0413318087,0.4822203960,0.7637459925,0.3011978145,0.0076470806,0.5532791079,0.0128091509,0.9956172269,0.3820864323,0.3957528865,0.0554558425,0.4200650672,0.8641947533,0.0564268493,0.4106161563,0.8226638117
0.2145946394,0.8559617630,0.0880798976,0.0061672941,0.1180602073,0.2706650325,0.4331225166,0.4684128326,0.5570468537,0.6763784603,0.7903338994,0.8601967509,0.6557415866,0.2908363938,0.9809126392,0.5061869775,0.7434378532,0.2501941118,0.1088386562
0.7971088072,0.8411490354,0.7987239414,0.0460864426,0.8749643872,0.3240794624,0.3118940736,0.2495396982,0.1878796762,0.7492088310,0.0808153221,0.5503527455,0.6418329778,0.5195879673,0.7053061565,0.0527292428,0.2857224109,0.1990462339,0.2825437506
0.4974751250,0.9923297275,0.5179463527,0.8104755820,0.2775989563,0.0562349352,0.2748450007,0.3190102612,0.0096108596,0.7669979877,0.5209160211,0.4504594474,0.9582126440,0.3848935270,0.9176012584,0.1374969430,0.5837198472,0.8985338662,0.2669485179
0.9974307141,0.0901568739,0.7620174367,0.0939072332,0.4132277307,0.3669584109,0.8706768558,0.9483380312,0.5076336067,0.3020237214,0.2716998570,0.0303363829,0.3089894716,0.1010853683,0.9733053550,0.6329467001,0.1972141853,0.2194707734,0.4511825696
1.6566765713,0.3464613845,0.8343921530,0.9327555728,0.1603552389,0.2269569033,0.6262636822,0.0809035779,0.9020361516,0.5986836979,0.5372412504,0.9359987762,0.7476560393,0.8587275176,0.5056910018,0.5186595603,0.1400570661,0.0825244993,0.4287550692
1.8958443941,0.6895913808,0.9319145404,0.9833718533,0.8161481517,0.8690672947,0.6466888730,0.2278020204,0.7311006738,0.6672833005,0.0988637921,0.3770333515,0.6195242105,0.5900848238,0.5840885095,0.6547107924,0.3103564165,0.8205006139,0.3011821592
0.9663364416,0.8425139598,0.9561171324,0.3960958100,0.4033315681,0.5848694469,0.8630455200,0.2487979310,0.7861186696,0.1223009363,0.9925141257,0.6278795693,0.0449097223,0.1075181868,0.3990739843,0.4176081035,0.4802693167,0.0319853728,0.2109030584
1.5136702226,0.6007268701,0.3262685925,0.1647146012,0.6602844586,0.0894530662,0.4458904066,0.7504995463,0.7021632785,0.3756940468,0.6738861682,0.7239024683,0.9022082432,0.7136061353,0.3738313563,0.6733237292,0.8779253641,0.6564258049,0.2674756255
0.6367132131,0.9234396871,0.8584587207,0.4118707357,0.3433532248,0.6954488243,0.9041978712,0.4800980718,0.7930634943,0.9401438399,0.5949587469,0.5727132477,0.7608883800,0.8253779052,0.7258845794,0.1719660366,0.3280560320,0.8766975320,0.4274867846
1.1271613313,0.2534399833,0.4749267506,0.3087177956,0.9155448076,0.9159513757,0.4849890772,0.3738709624,0.3338216190,0.7572837312,0.4714161496,0.4113770548,0.2706666295,0.2290314406,0.8647324591,0.8301223795,0.8124047906,0.9397876050,0.6102661663
0.5650937011,0.9465540735,0.6714398361,0.7703961464,0.8291313479,0.6350822097,0.4554086465,0.6387608223,0.8596435872,0.0570009118,0.4865046538,0.8863151111,0.8763129792,0.4051772535,0.3809747591,0.3057484632,0.0110624860,0.0509682794,0.7073707311
1.6880756037,0.5119555234,0.9787469072,0.1208274273,0.0269470067,0.8098486616,0.3655934262,0.0439260598,0.8618853358,0.5910338869,0.8079940603,0.6062654431,0.5632421188,0.5470320596,0.2355269611,0.6362848147,0.8206455992,0.1109537395,0.8348330405
0.7070550178,0.1177117988,0.4597524043,0.8490498748,0.9532440573,0.5137372451,0.4714976880,0.9613762771,0.0672871109,0.6360966847,0.1606397578,0.3217263208,0.7844774057,0.8059784849,0.5703335618,0.1751839765,0.8897544671,0.5859635318,0.4779324397
1.3551460860,0.1439951280,0.9100649226,0.2121665662,0.8525816185,0.7838236929,0.4784398931,0.9668343097,0.2695231893,0.1147050443,0.7149022911,0.0200277822,0.4153625286,0.2464697954,0.6377254670,0.7052030832,0.4074718740,0.9719176677,0.6821443027
0.8225721746,0.1370012300,0.4413912620,0.8053694859,0.3432682339,0.5247348046,0.6354698548,0.3207664557,0.4260116799,0.3654384425,0.6691931752,0.6531396695,0.7160380548,0.7115378399,0.9866894683,0.5809855038,0.1269247570,0.6053187460,0.0434258427
1.3310136498,0.4065586971,0.5922853530,0.2821956612,0.1166128589,0.7121600653,0.0657458231,0.3405919916,0.3831454671,0.8654212244,0.2188249036,0.6531767002,0.1480002809,0.1066017595,0.8863326676,0.7925447687,0.6028214641,0.3309338010,0.0492900745
1.7067652685,0.2771136468,0.9464542968,0.5493936327,0.7466928305,0.2650396871,0.6040455335,0.8267331305,0.3750593621,0.0300280571,0.1491246291,0.0543056059,0.0372996127,0.7066474228,0.0856036904,0.0985537097,0.2043405852,0.1039254868,0.8281548274
0.8556632158,0.8213309266,0.7676616522,0.5042264483,0.8610914668,0.9597753430,0.9897879527,0.5563709310,0.4521586793,0.0112830974,0.3690463223,0.4305524977,0.7124120494,0.5256346132,0.2311762654,0.1629855112,0.8726332690,0.6362173600,0.1092978632
1.5776847279,0.4692837954,0.7207468934,0.2474378992,0.8969793921,0.0052377565,0.2615709582,0.0538278752,0.5925360240,0.5032603015,0.8265261167,0.4048531577,0.3699683923,0.0559561639,0.9918403340,0.0522497499,0.0487810696,0.0725585600,0.8998165252
0.7096177553,0.7832994201,0.0881527421,0.2673042862,0.3852777030,0.0985589483,0.2042081058,0.1801835592,0.4930573755,0.8539440800,0.9306892055,0.0212172543,0.5326786251,0.0782593496,0.0932120589,0.4238757748,0.9534412012,0.4394755881,0.2933682061
0.1414109795,0.0494645195,0.0558962101,0.0895107031,0.4990180933,0.5637929331,0.5872238002,0.1920785784,0.7242821396,0.9316681142,0.0956258302,0.2072598278,0.0520374873,0.4444919537,0.3272091323,0.9294656860,0.2937333002,0.3215437381,0.8935184240
1.6511398258,0.6148661195,0.3264831314,0.9852914368,0.4198429114,0.9634962528,0.4938646263,0.6238203571,0.1118591901,0.3071766347,0.6931597787,0.2910585098,0.5035659240,0.2692389769,0.6319126765,0.2282382768,0.3210596364,0.5715343041,0.2602398373
1.8753314498,0.5934240599,0.7474401379,0.8378809055,0.6371788466,0.4060569611,0.6523729401,0.1232403358,0.2698154505,0.3170357895,0.0518437363,0.6721944161,0.1051530711,0.1581809668,0.7024569039,0.4029605792,0.5009725678,0.0006496641,0.2668825583
1.3438671398,0.5138053477,0.4247851096,0.1499884606,0.2707112298,0.6462238057,0.6543265997,0.9826728648,0.5859141517,0.1160968856,0.5507409085,0.7758602794,0.5137598482,0.2611441537,0.3610290599,0.2789262454,0.8749034627,0.5070857661,0.8165284605
0.4886725189,0.0105627448,0.4848907712,0.2757827152,0.4944102445,0.3462856336,0.9970382462,0.4957654702,0.4421908812,0.4416688316,0.1260226171,0.3312528614,0.9676169869,0.2791318953,0.8386627892,0.9867357629,0.6916923581,0.8164719920,0.8550366500
0.9873156254,0.1125559191,0.6918862795,0.4938376836,0.7523620328,0.3030405180,0.5406260216,0.2855125407,0.6423790713,0.0892596751,0.6217936316,0.3626342527,0.8095257251,0.4520343625,0.0713240369,0.2487887657,0.3602944890,0.6152204235,0.2376353768
1.4400934574,0.6725975874,0.0843670482,0.9942587915,0.9948460173,0.5805831830,0.0285194205,0.7813110826,0.7592350883,0.3948791941,0.3384081246,0.4181368640,0.9435052669,0.1371773361,0.3675230385,0.6142386001,0.5775891501,0.2861731495,0.5381713289
1.3438601308,0.3237814038,0.4906836203,0.9193369304,0.0850665958,0.6030204710,0.8657764538,0.0743765175,0.3769128135,0.6971660961,0.4720271546,0.8677857069,0.0599797651,0.7133317202,0.4922590888,0.0066137446,0.1529730077,0.8548055947,0.3603034759
0.5813560207,0.1129006992,0.2678823531,0.0773481204,0.2802255677,0.0658416118,0.9067303302,0.2886236052,0.7633429800,0.8232093860,0.6494979108,0.1976767349,0.8505842295,0.7567911680,0.5709429014,0.6604216980,0.7942382431,0.8902417733,0.2231483114
1.3452032148,0.6179689472,0.1235002216,0.0454179613,0.3931014651,0.0830899039,0.9279545458,0.5477378358,0.9656673097,0.0298678050,0.2821803206,0.1894938633,0.6972635605,0.1005624201,0.0575862924,0.8658493649,0.5093453830,0.2684708118,0.4188919824
1.2707608612,0.2619143528,0.5446698308,0.0138370109,0.3337972230,0.4088553204,0.0609899276,0.1540382089,0.8878070689,0.3370704113,0.0060428707,0.5314301984,0.0177102423,0.2713075868,0.9249900944,0.2349679199,0.3327400235,0.1810304413,0.7540128744
1.6120720982,0.2797911375,0.8891680031,0.7412099874,0.7545866143,0.4142819044,0.3266646325,0.0200810000,0.2179979742,0.8509374893,0.9222209597,0.2847081567,0.0526431215,0.5883331553,0.3126256267,0.3571132195,0.4681030215,0.8025868442,0.7865543287
0.7041093092,0.0810378239,0.4478726216,0.1554795600,0.5898223230,0.0955151015,0.1883133168,0.0503521863,0.7306765980,0.9191659073,0.7082702716,0.8675976742,0.0773179367,0.5654737349,0.1378991607,0.8067720006,0.4475559621,0.1843458334,0.5605594816
1.0880487607,0.8509124848,0.2617186959,0.9288703957,0.7072582843,0.7437131657,0.2622875097,0.3852659191,0.9430275698,0.8434809234,0.3949349718,0.9556694719,0.4796958842,0.2965953250,0.5246828950,0.7556142633,0.3024016360,0.0157886718,0.7969713804
1.6574573444,0.3702163127,0.6553958219,0.8016911504,0.1770994499,0.1481351827,0.8401297087,0.7866608622,0.3833846453,0.6865579506,0.7606004162,0.7142890361,0.5655870348,0.5417204155,0.0668988145,0.7289120252,0.9610103979,0.5794492357,0.7907908195
1.3952896513,0.6987393363,0.1397522302,0.8242728699,0.4940993726,0.7547590437,0.4972735310,0.3905336490,0.4020384914,0.7330831973,0.1577956940,0.8236523829,0.1053369618,0.1405708079,0.8433167115,0.5019678718,0.6088927593,0.3883339429,0.8227473818
0.5893812350,0.0700299689,0.5378767622,0.8066956814,0.7296142707,0.7712660044,0.7188933082,0.9830137730,0.2352263858,0.4591738652,0.0980920328,0.5594214275,0.9777958225,0.5293984573,0.6844437876,0.0392577364,0.3743543596,0.2327828238,0.4328530151
1.5599036532,0.6996135833,0.7082320750,0.1270283384,0.3555664869,0.7104918917,0.4629127949,0.1619903210,0.7198695028,0.3593960010,0.0661183103,0.7671297731,0.0870020458,0.9681240576,0.5540587020,0.4975088797,0.8712962081,0.8027223002,0.9067164349
1.3431046171,0.4011019328,0.5095294239,0.3132572720,0.5903306319,0.4168331833,0.8702506265,0.4121404774,0.3305584817,0.5196866745,0.2612411128,0.2766038587,0.1584676277,0.6097756372,0.6562345893,0.9836100174,0.2715683683,0.9730108889,0.0915831093
1.6293308516,0.4447660101,0.7948947844,0.4838083687,0.9486555064,0.1025608626,0.0558035424,0.4332755328,0.5476176789,0.9747742497,0.3804057466,0.2428775864,0.2132531488,0.7720677510,0.3028499988,0.4770157424,0.2539163174,0.8677000383,0.6550051270
1.2329176648,0.3224993656,0.1835531130,0.8104168060,0.2008605908,0.5257374203,0.8141138319,0.9220001101,0.1438507055,0.2152956456,0.0657125746,0.5724282329,0.5033517398,0.3413727135,0.5822113821,0.1937511563,0.6768570515,0.5096413592,0.4868011876
0.2038641406,0.0025707697,0.2875825010,0.3832787980,0.2608571447,0.2416386237,0.5250905509,0.9519624293,0.1467881804,0.4359192365,0.2180807609,0.8822748443,0.1065891505,0.2954798488,0.1315988331,0.8734872914,0.4543325974,0.7882222146,0.5519050790
1.5290935272,0.7302210457,0.8499287216,0.7345471927,0.4968724756,0.6132686121,0.1985511164,0.3324733266,0.3952782677,0.6294777039,0.4153449840,0.1833363466,0.9687076857,0.9119989797,0.4889435551,0.6493837960,0.2684412864,0.7649603194,0.3919225687
0.5747493977,0.8550385516,0.6386719139,0.1166354231,0.3462454957,0.2354274151,0.5888220830,0.6890561641,0.7080143330,0.7622243242,0.7095156031,0.0861057398,0.7941863961,0.6047158415,0.2355524493,0.9459517750,0.4330643087,0.2716649331,0.0121082220
1.8654510385,0.6530200073,0.9629154496,0.1581236706,0.2455089958,0.1788217504,0.8166492555,0.3487285098,0.5665079810,0.7685205224,0.7758214744,0.0535776692,0.8208635890,0.0048966590,0.6466924243,0.8333155097,0.2333295987,0.1652680128,0.9307369339
0.8383540457,0.8421971545,0.8268085958,0.4602094522,0.0092642149,0.2330705541,0.0212083525,0.0055394008,0.6516331945,0.0397138553,0.9664057089,0.3864225381,0.3309727082,0.2772438306,0.3193916281,0.9842773314,0.8478583377,0.8029033670,0.8977354682
1.0590850268,0.1230100826,0.8014592468,0.5534417410,0.2999197143,0.5730365825,0.6503538461,0.8433292633,0.0386926460,0.5878750010,0.3339969875,0.5497334271,0.4416602497,0.5960232885,0.9314236542,0.4266883597,0.2576506077,0.3753690045,0.7283082592
1.6950512961,0.5412278893,0.7769867127,0.0593730690,0.0555151392,0.7276515854,0.0495387147,0.9178231957,0.7891353518,0.6189362671,0.6011147001,0.3457759740,0.2414813176,0.9825888326,0.2474912443,0.9963127788,0.9228888206,0.7731549657,0.1523240649
0.9977908770,0.2670010547,0.2861766867,0.5837924515,0.3963920854,0.4675072010,0.8164986791,0.6686127525,0.1030613592,0.6889598689,0.0712389575,0.0528013640,0.0504252025,0.0110777265,0.1836745099,0.3846615429,0.6895773752,0.8326667068,0.5659051951
1.2904090525,0.2838435434,0.6325909042,0.6739584614,0.9288756375,0.4477440574,0.1273159468,0.2513174549,0.5776443708,0.1967600999,0.4218631018,0.0494776060,0.7711275662,0.2205793865,0.3385177654,0.4180403820,0.6070421325,0.1281186441,0.7566209203
0.3710929380,0.0329589229,0.4080823665,0.8196528820,0.9108693457,0.8630007993,0.0759842206,0.7293075261,0.7008015422,0.2108220360,0.8998594568,0.2375884701,0.8352192068,0.8161289640,0.4784570855,0.7863641628,0.1159512439,0.4690393444,0.8886370411
1.0128680554,0.8074829692,0.0739138019,0.8739569306,0.9380705251,0.7619011146,0.4868015054,0.0328083235,0.4960947419,0.6445349290,0.0407191949,0.5075130293,0.8471024109,0.6030066142,0.6234235991,0.4463195563,0.1637479621,0.8096455385,0.0172577927
1.6619266417,0.6585483874,0.8105519197,0.4323300468,0.6841281755,0.6282677122,0.9825975522,0.9420380086,0.2719705510,0.4613162397,0.0624902744,0.3446977086,0.6011852093,0.4575462561,0.5846715538,0.7424295133,0.6567515367,0.6836579939,0.3829589907
1.5233105195,0.6516668729,0.4491812598,0.5908057684,0.5871506231,0.3856203451,0.5860063264,0.9654813551,0.1713353588,0.0772320330,0.2214368607,0.2322995374,0.9421457749,0.0205457425,0.7587319779,0.9469219413,0.2335842716,0.5612309637,0.8858982393
0.8013180554,0.1875303108,0.1376028551,0.0291530367,0.4650756322,0.2675175745,0.0086586541,0.7889488621,0.8491599255,0.6647928298,0.1084068168,0.8982610705,0.2490077208,0.3071972737,0.8094149762,0.3817998489,0.9933328350,0.8761535456,0.2587464358
0.2986996060,0.9994648418,0.3521278757,0.7706282885,0.4974956420,0.7448254981,0.3103699871,0.9329350890,0.1210854644,0.6883694786,0.5078798428,0.9597533977,0.4537618064,0.3430299795,0.8719522080,0.3708825100,0.9708237060,0.5518975604,0.9290545665
1.4219131111,0.3078411679,0.7537825557,0.3197656913,0.2778424432,0.3206227988,0.6353836089,0.7547082965,0.5122160753,0.1310099537,0.9291070697,0.8645181882,0.2243014307,0.7635921511,0.4769703424,0.2171764605,0.1026806970,0.6370381101,0.3691315281
1.5028138003,0.3691526646,0.4420904734,0.8915403315,0.7593262549,0.4782551101,0.1490994970,0.3623886809,0.3279811251,0.6464437965,0.8495751949,0.4315794247,0.4999356380,0.6180236252,0.5620167055,0.1054929179,0.5899370805,0.1418274573,0.6779202628
0.8332687792,0.8752639735,0.0410575979,0.9783268619,0.2028825980,0.0494794591,0.8477857925,0.2720362835,0.7163762397,0.5753709401,0.1523857099,0.5831555959,0.4860596882,0.1545509784,0.3687811364,0.7272578156,0.2385317453,0.4954368226,0.1484413398
1.8079500864,0.7573889164,0.8122911006,0.9437411524,0.3699006579,0.6110328912,0.3990382034,0.4684281769,0.9874851020,0.8467649956,0.9381001468,0.1128925433,0.8632909034,0.2573617631,0.7074257724,0.8277721770,0.2532143897,0.6491086407,0.4235479967
1.4526667313,0.5608369767,0.3160072629,0.0504871332,0.4739975086,0.1132913022,0.1746537052,0.2270231155,0.9495969342,0.0193223333,0.8631741079,0.3797545281,0.5643160898,0.2083349766,0.5452062267,0.3558052921,0.9749444889,0.0985738916,0.0097532693
0.8437289937,0.7968203178,0.4753653448,0.0841618856,0.0775465176,0.8013687870,0.2487086972,0.5755446090,0.6993258460,0.4502013019,0.3581000840,0.2313593827,0.6650297796,0.3240218186,0.6388390883,0.4983912741,0.7223689297,0.0410508377,0.1277856664
0.4098771714,0.0365024367,0.3641846097,0.7335855870,0.3140041790,0.9718840229,0.4944051162,0.0730742672,0.1079505814,0.0530185958,0.8943060477,0.1810769188,0.7312719434,0.2108047801,0.5529515165,0.3200037106,0.1152765791,0.2565886447,0.3467757995
1.2896526062,0.5116022766,0.0397560517,0.6568944132,0.1530026091,0.8331272292,0.9892896979,0.8328405507,0.9512387160,0.3387701371,0.1666233702,0.9562640648,0.2850154058,0.9162529260,0.2061989962,0.0395731609,0.4556788547,0.7575352532,0.7811678471
1.5545548459,0.4999729591,0.5949681869,0.0867081883,0.7789091221,0.3550581888,0.3504749016,0.1881994437,0.1330674454,0.7784238659,0.5909841370,0.7097404641,0.5087068301,0.8152545707,0.1429620319,0.2872174936,0.2896675283,0.4180920569,0.5553005468
1.3908313081,0.4526808310,0.5789125820,0.0048798444,0.0135560934,0.5305768079,0.6998095400,0.8454651354,0.2430104001,0.9311815430,0.1221913291,0.3089560671,0.9187888183,0.4802045389,0.8811325077,0.4334291172,0.4254724956,0.5931360314,0.9340912380
1.3282413492,0.4420926806,0.4573593764,0.2977896806,0.8494081505,0.6242256420,0.9055558034,0.5889867899,0.3037820474,0.3235601609,0.1966099416,0.9620674808,0.5328511310,0.0766796919,0.1322808571,0.0246156567,0.3481679349,0.4332758810,0.0599610638
0.6848696313,0.1939105661,0.0345916211,0.8470878478,0.9142288733,0.7307089552,0.1516039725,0.3681354695,0.5542035589,0.6277638607,0.3012220766,0.3450617962,0.9609086282,0.3087130112,0.6071641267,0.0988500622,0.5746619025,0.5241441489,0.5129261416
1.7665374610,0.5595401638,0.4261606146,0.9998890599,0.2642853211,0.7652140526,0.2035337247,0.8755180480,0.8526051569,0.5041788508,0.3303508877,0.6381097208,0.5396042666,0.0430417073,0.5943239243,0.3139855824,0.6508528224,0.8509794629,0.6186136455
1.4493754070,0.6495258229,0.2727182097,0.6162558305,0.0486867679,0.4245217572,0.8263551833,0.6167125740,0.9201299012,0.7148361673,0.1363535759,0.3212397807,0.4633189562,0.9850442450,0.7400101284,0.4456560778,0.7679733130,0.1604786668,0.7119339282
0.8210659926,0.8137959477,0.7679939380,0.4546738159,0.9906810352,0.7012759505,0.3230813483,0.5593493322,0.6764778430,0.5729255786,0.2838732304,0.4823634046,0.1818896229,0.1848294688,0.2744009110,0.7586973763,0.0727460906,0.6100206089,0.5719605939
1.6665061038,0.3435338176,0.8799531267,0.9573367841,0.3966979736,0.2342946743,0.9186764219,0.8497456577,0.3152517939,0.6177153027,0.7144438586,0.2490112013,0.1337307372,0.9296059339,0.5133576173,0.5037348724,0.6735404816,0.1262960728,0.7228742762
0.5684400942,0.8706566136,0.6342718648,0.1412014108,0.6108055651,0.7460189312,0.9332091629,0.1294269254,0.9528806554,0.6963395134,0.1562936033,0.9569515426,0.8164980353,0.9327439020,0.3179313661,0.5150960892,0.8175247854,0.7098501919,0.9041002835
1.7181821934,0.5524975756,0.4359534241,0.9584767230,0.7533022277,0.4243827654,0.0751724548,0.2603156067,0.5622815946,0.6385646784,0.1338767716,0.1073598465,0.5427976829,0.7142921295,0.1419355884,0.0963586286,0.4009019495,0.3918823500,0.2524216039
1.5159260104,0.4616568525,0.8795234436,0.1392684680,0.9950269298,0.3625455647,0.9196381761,0.7522379990,0.2740605340,0.1106723601,0.0904730126,0.4981275370,0.8480301123,0.6736466134,0.4304185374,0.1404856617,0.8531581296,0.8895012097,0.0851606392
1.6571388439,0.3881624722,0.9062862226,0.5622596307,0.1018267469,0.4629498446,0.7742604213,0.3664111012,0.5743490704,0.6561899264,0.3594638031,0.6474892750,0.3333111033,0.2717407364,0.8833998733,0.1257602664,0.9814892681,0.8543352361,0.0748134160
0.5917575488,0.1365877687,0.1340433190,0.4373922681,0.5496659214,0.9176873640,0.6423184301,0.4732630358,0.4733530396,0.8396946842,0.0930851712,0.2751486960,0.0352122666,0.1071874426,0.1772315675,0.0119089271,0.7130235291,0.8017033112,0.3141632713
1.0496551424,0.3097091585,0.3255799487,0.3651596812,0.1423802057,0.1764379768,0.3496751062,0.1373735486,0.9513440613,0.1232347821,0.4110588802,0.1605896973,0.0523827804,0.7988988608,0.3400025425,0.5899204962,0.7473404629,0.6448736709,0.6216471980
0.4550511764,0.0759222038,0.2988332767,0.3534128000,0.4209163748,0.6218294754,0.4328029280,0.6242551595,0.1120708398,0.9775423503,0.3755245932,0.5145642922,0.1044945958,0.2948436239,0.7985095227,0.1013513719,0.0331803532,0.4260674240,0.4047257198
1.6120614231,0.5821782039,0.3394924648,0.8682418725,0.3499024621,0.2768757665,0.4231516317,0.9059065747,0.9862127228,0.1764001529,0.5331285054,0.2699980199,0.3208059539,0.6307481518,0.5553225951,0.5375206220,0.2261018773,0.9936471797,0.0516693937
0.4045136108,0.0754934938,0.1826978131,0.5597077481,0.6885299989,0.2768069072,0.4955887106,0.5928088845,0.6420313040,0.4006137232,0.1438853521,0.7417737350,0.4700408906,0.3970100475,0.2191404048,0.2172232386,0.2232375757,0.5486023890,0.8883780803
0.7970664176,0.3995821131,0.0679837473,0.0063563061,0.8892652517,0.3318506377,0.8861732923,0.4871750943,0.2210779754,0.6614401332,0.0396611969,0.3621985795,0.8239135725,0.9310225878,0.0734563554,0.4611731759,0.9692801526,0.5225715098,0.3432512537
1.8404330272,0.6564559852,0.8307805676,0.6957979809,0.5051806851,0.5127100027,0.7900447914,0.9259029637,0.6314208612,0.4085771319,0.1303181077,0.2684269549,0.2741532925,0.7840307020,0.7392714634,0.1855380343,0.5301164459,0.7136424443,0.7645982950
1.0266594965,0.7912349278,0.1972466159,0.8332728269,0.2533137348,0.3612328412,0.6115909449,0.3296465385,0.7092223763,0.0698856857,0.5353175545,0.7861925026,0.7920416238,0.6169574753,0.8577477231,0.8068102035,0.5577906922,0.1968492857,0.2953040440
0.5790791877,0.7841098773,0.0812805430,0.4581127504,0.7461701163,0.6213019665,0.2172038588,0.8489113878,0.8799938313,0.0099766197,0.4577339772,0.4130991551,0.0449457923,0.7747069544,0.4342074995,0.9425920227,0.8443709326,0.1189116994,0.7509609453
0.9662333025,0.4714452377,0.1072471118,0.2387489618,0.1216008087,0.8086063937,0.0169324084,0.4084352965,0.0184195139,0.9471707767,0.3986528922,0.4312596059,0.0430193232,0.0841853927,0.5564568939,0.9405041999,0.7276997372,0.7809434595,0.3402654486
0.3112543285,0.0621984612,0.1324664573,0.4616669028,0.5532122274,0.7087842612,0.7151612980,0.2291118027,0.8121402190,0.4547543423,0.1530774870,0.5757832709,0.5018886954,0.8979076666,0.7402987865,0.1766313386,0.7595308550,0.1292637715,0.1477750265
1.3454409233,0.2403234137,0.6658680195,0.8008213753,0.2973399531,0.8233428168,0.9891941462,0.6005307313,0.2464968714,0.2336087593,0.6373019307,0.9084994612,0.6549428262,0.6824103766,0.4801582822,0.8103383573,0.3006527008,0.1352307317,0.8700832385
0.5103098716,0.8860693292,0.4487197751,0.6542517040,0.2041957654,0.6756948448,0.2365262564,0.7369088839,0.5806434579,0.7340643318,0.4989355862,0.4030677762,0.3831542285,0.1929761707,0.4659870772,0.1835630440,0.3975972587,0.0730725290,0.7220860277
1.4992192797,0.6362797531,0.3489770131,0.5114372341,0.9807326594,0.0789651845,0.6255010244,0.3532448595,0.4264144646,0.2053235833,0.6981201981,0.5178100384,0.1790457132,0.6952724890,0.9952631941,0.0971746203,0.0246614152,0.6287697915,0.9353510692
0.2019283432,0.0432370749,0.1234244351,0.8786737473,0.9684423768,0.9964613203,0.0523562394,0.0492194237,0.0949653295,0.5379911392,0.0856355854,0.9596666324,0.7779505933,0.9399680167,0.8961381134,0.0115906964,0.2409962548,0.1170918391,0.0518323924
0.4062578086,0.8068593068,0.0538249762,0.2938470850,0.3713874395,0.8015072587,0.1912985195,0.7418116017,0.7217540785,0.2164919014,0.1097068530,0.4226205239,0.8821234931,0.4811214549,0.8199261807,0.2725080000,0.0000003329,0.5078199348,0.3943207381
1.6346502166,0.4725850929,0.8092346517,0.4806346511,0.4997852078,0.2905688505,0.0355184532,0.7816334200,0.5009005689,0.1679659995,0.4615366539,0.0733740822,0.8948797898,0.4268204107,0.6455795286,0.8508948135,0.4974487327,0.5124090834,0.4945645699
0.5685002965,0.9740290393,0.8754132544,0.3994872874,0.5024064980,0.0026551280,0.3699542139,0.2086645679,0.7069560774,0.8861752865,0.4851212912,0.8213300849,0.0012955504,0.0574501259,0.8662524503,0.8160444475,0.7727734935,0.7511142706,0.8621183771
1.1704998144,0.1750718600,0.8741258741,0.8977339608,0.2429029711,0.4485331946,0.9146675266,0.0492602954,0.0632553562,0.6944737389,0.3211569992,0.4091565273,0.5552731680,0.2643168038,0.3427646262,0.9132550155,0.8114993365,0.2763801130,0.2120789453
0.0960465566,0.9018359647,0.0578781888,0.3212617435,0.4116053470,0.0475027019,0.6747455477,0.7940845836,0.9436049530,0.6648499477,0.6118850555,0.6410330914,0.4142103360,0.7535730122,0.3371329510,0.7897452233,0.6861881284,0.7543690794,0.0861979500
1.4321186500,0.3895489887,0.3260469382,0.8847381657,0.1477932442,0.6375586705,0.1071459786,0.2791137252,0.5746394757,0.4847202261,0.1792561091,0.2725652411,0.7068778682,0.2613698758,0.9821020331,0.0385143813,0.7089384929,0.6508304233,0.6525881583
1.1972187085,0.8242564443,0.3477797473,0.9176553738,0.8780982835,0.5433519577,0.9824380092,0.4891454696,0.5070289512,0.1296704695,0.1833348047,0.5339695176,0.8136136668,0.9184601192,0.9833971646,0.3570956516,0.0748550483,0.4354427042,0.0858084244
1.6980608945,0.8094050315,0.9517787687,0.9558686910,0.1174242426,0.8434377355,0.1846205414,0.5688790930,0.7199515408,0.3220278968,0.1670305369,0.9153158758,0.7341833600,0.5728491744,0.8796900489,0.7170035563,0.0651059381,0.6531694304,0.6766745966
0.0311815550,0.0115896480,0.0290352393,0.8088693355,0.2749956165,0.8113507339,0.7791392134,0.9248223618,0.0747685402,0.7540312569,0.1842170591,0.6766791129,0.0399400977,0.5108872898,0.5433049569,0.9428407922,0.8101109923,0.0900079625,0.6145872111
0.4484508971,0.0699932167,0.2480395251,0.8036759032,0.7182421844,0.9549521493,0.7278572574,0.2926524444,0.3151901301,0.7657674007,0.2567631595,0.0693412504,0.8842664336,0.3253779013,0.3504182368,0.8422943462,0.1724827763,0.0756415067,0.2319028028
1.1607035780,0.1611477612,0.6912355259,0.5682894949,0.7460278902,0.7425762589,0.5212581492,0.1451361648,0.2869241051,0.0699040748,0.0594396068,0.3597551567,0.0481641298,0.7294337197,0.8169232427,0.7914578735,0.8071977352,0.6456322355,0.9738566198
1.7691980202,0.6110311235,0.6377812882,0.3868352263,0.1609164568,0.5967022729,0.1031579605,0.6325119149,0.7475579146,0.7087856564,0.9147549977,0.2033354033,0.7949646120,0.1404918152,0.2131122125,0.0437156301,0.2616301385,0.0394133902,0.1307574014
0.7250012392,0.0411010187,0.6686099491,0.2242334345,0.6769356724,0.8832312543,0.0349310824,0.0735066259,0.1141833693,0.6603507250,0.3752009621,0.8318336949,0.2939994224,0.6464803184,0.2741906667,0.1831134014,0.5073706772,0.9225534725,0.7341270570
1.5537499338,0.4421972454,0.6882077423,0.5485939086,0.6232381605,0.2664177002,0.7179339408,0.7610316371,0.0448599609,0.0646596413,0.9519610856,0.3670625292,0.0991887326,0.6678364786,0.1408611555,0.9628375678,0.1799681032,0.1735007789,0.3447110573
1.0847470171,0.3502407795,0.1317771647,0.4979031207,0.5134800448,0.1446622972,0.7240490544,0.3100373528,0.8347258271,0.4092165681,0.4233422161,0.6455885738,0.9991491686,0.8347339062,0.6106923845,0.8910235796,0.4241922294,0.1136118404,0.3433716989
0.4523400771,0.8430120895,0.2640615028,0.1048738859,0.3565008533,0.3841120600,0.3008899632,0.4573838610,0.7776740029,0.9223745365,0.5941162696,0.2484590278,0.4839674590,0.3502372211,0.8199005897,0.9634249311,0.9544310048,0.0594274567,0.2010240781
1.4145721262,0.5982579593,0.2245156416,0.3624131252,0.3461522005,0.8484114021,0.8522566776,0.4943170602,0.0726915287,0.9905996427,0.4970522182,0.4035407199,0.6135817400,0.7513166825,0.0164626431,0.9491911510,0.6601624231,0.6914181069,0.5154447948
1.1208298922,0.6734795496,0.0032137704,0.1452825678,0.6940157959,0.6228527666,0.0853339159,0.9021587235,0.7968687522,0.5311984890,0.7663079187,0.3731873497,0.9808865090,0.4428228155,0.7577948233,0.2520766268,0.3767721222,0.9977282327,0.2418656515
0.9406969031,0.1478882502,0.5864771775,0.9147926540,0.9345043723,0.6414579162,0.8103456926,0.6498621363,0.4498748746,0.8753882047,0.4306881975,0.7311698536,0.0906097437,0.8372704987,0.2108287719,0.0100934895,0.5965242985,0.2423150604,0.8540381311
1.3945079613,0.5705044903,0.1217800975,0.2906281730,0.7024124045,0.4767445729,0.9340582793,0.3117850258,0.6013800712,0.4777920651,0.7868375764,0.2149413261,0.7644263417,0.6475002316,0.3586986965,0.0876012392,0.2222669875,0.1753214559,0.3597966939
0.9390071778,0.2346115001,0.3220491149,0.3279621810,0.4823950289,0.8238704078,0.4800733762,0.8352979067,0.4195704123,0.0323541010,0.2663353956,0.4047156741,0.9540444647,0.5678672159,0.2459153046,0.5396994174,0.0696638407,0.9437544202,0.4528897963
1.4733170842,0.1833890290,0.8954031376,0.1405327310,0.6167639162,0.0133328801,0.5237502289,0.6621809233,0.3751458190,0.4032170297,0.8057678547,0.8464432647,0.7905785136,0.5528376369,0.1590009358,0.7109718759,0.9399990653,0.2523982387,0.6510102173
1.1961166259,0.7929179725,0.9481911450,0.1023335271,0.4759832450,0.9502738092,0.1733777478,0.1202434839,0.9042653028,0.5908327660,0.7833480292,0.5295563533,0.5571573206,0.1834247609,0.5963107735,0.2130187127,0.4606774506,0.9202175795,0.3170203445
1.5726070726,0.5799683474,0.5090460125,0.3548934885,0.3571573704,0.2391589989,0.6775874591,0.1362643056,0.0729412094,0.5423617098,0.1074607962,0.7477335353,0.4680500694,0.3760338409,0.3308784264,0.8990382378,0.3776954291,0.5641768812,0.7401600100
1.6043982157,0.4849096877,0.2181133968,0.9051418294,0.0536608753,0.1311737120,0.9594683496,0.1163018273,0.2969958897,0.8540044026,0.2020592685,0.6212482909,0.8324210452,0.2363188643,0.5995782777,0.8320014427,0.8065976614,0.9843671468,0.6501528478
1.6258004325,0.5926746967,0.5446715221,0.6902241667,0.8988149341,0.1152368586,0.2971482851,0.4363919422,0.9311180717,0.6863983550,0.0116482840,0.4846138308,0.1591972395,0.8121703385,0.9612508946,0.5704005951,0.3686299349,0.6056822508,0.4330887072
1.5287452911,0.6832341673,0.6852978044,0.6765330793,0.7549999068,0.9044951467,0.2225008161,0.6209420951,0.5095526132,0.1458221098,0.4398272770,0.7115709194,0.1472333508,0.6117797655,0.9739760428,0.1646008168,0.6698720601,0.3455483848,0.4831727441
1.5376800293,0.5551305604,0.2400111774,0.7253279480,0.9297996301,0.1586907274,0.7783871560,0.9172217535,0.2041970813,0.1084090945,0.1490977235,0.1155891111,0.4610639208,0.1403526840,0.9671274427,0.7340729295,0.9712976780,0.2578619126,0.5433717610
1.0311077272,0.2209390907,0.5361032326,0.7338432076,0.3876380938,0.3068378963,0.3377265409,0.9433740779,0.0738164770,0.4178826500,0.8006753918,0.7400932196,0.7910142728,0.8634116498,0.5544846169,0.4880283595,0.2166323023,0.6194128351,0.0563882465
0.1902470654,0.8752544536,0.0872696166,0.5023648129,0.5333471466,0.3495869902,0.8689488893,0.4502320389,0.0444886246,0.3566493727,0.6188312858,0.5856464611,0.6915098169,0.1141977984,0.0470329151,0.0574175398,0.7411659412,0.6435638679,0.5445153897
0.7756420981,0.0807162110,0.8351752114,0.9551764470,0.3535384445,0.5237747178,0.4359389196,0.5405095648,0.3086856986,0.7965320565,0.9133178820,0.0109270760,0.1576400262,0.8775352326,0.0028624888,0.3715308243,0.0441263691,0.8610055724,0.1681866866
1.3284529932,0.8365476085,0.5289566775,0.9236004477,0.0059970995,0.2367502027,0.6250958587,0.7233958185,0.5763588928,0.8730253417,0.7830326641,0.4876727516,0.8483503747,0.5999788088,0.6325462791,0.3325852286,0.5243062820,0.2083482431,0.8051968429
1.7606759552,0.4336104795,0.7175452599,0.7870373140,0.1694139551,0.2211459914,0.2287641732,0.8846405202,0.3270559464,0.3330818084,0.5788669114,0.7490521341,0.4807081052,0.8913391338,0.4596450424,0.6172214549,0.6106400498,0.6487716855,0.8161072423
0.7927596139,0.3894722732,0.1238381105,0.2579486735,0.6547288463,0.2837139500,0.5547900307,0.7350187395,0.8921557249,0.8871189544,0.8620316029,0.4086565193,0.8795623506,0.1259306712,0.5578832199,0.5332639527,0.8435878675,0.3732607130,0.1279101561
0.7431120053,0.8865509070,0.9922865695,0.0418152570,0.7383283547,0.9251674734,0.7323723287,0.4505580421,0.8408091911,0.8841520195,0.6678651607,0.6653305250,0.2861144886,0.8289802997,0.8861109157,0.8946348907,0.4588207956,0.5911415574,0.8250978396
0.9708904753,0.1395260732,0.6236038526,0.2344191117,0.1635144887,0.7914017372,0.1876507903,0.3824497757,0.6896530200,0.8070856994,0.5686896719,0.4941482703,0.6506826649,0.6260254092,0.5913819776,0.1110799077,0.6903417023,0.2421639560,0.5718600492
1.1579511365,0.3467609071,0.0967638438,0.7258690976,0.3630768585,0.9916603093,0.2445107043,0.7993038901,0.9014115015,0.4227418656,0.5432089911,0.6272043905,0.7626709883,0.6316108886,0.8953966446,0.0124734723,0.3189706322,0.0017772894,0.5593124445
0.6911933449,0.8088064778,0.4492194357,0.1365333704,0.3772797124,0.2596006798,0.1506181504,0.0497422227,0.0448629396,0.2056241758,0.5800358355,0.5138865004,0.7186555452,0.8217187979,0.0840050289,0.6401220895,0.5589680756,0.1958820852,0.9565305271
1.6495601824,0.4761191951,0.6201972943,0.5806486594,0.2668815208,0.8528781000,0.7557866865,0.4560305807,0.4930172208,0.7990173313,0.5350639137,0.1943842747,0.4132135794,0.4268300874,0.9899775213,0.5565079158,0.3667490790,0.3136076771,0.5019276672
0.9325014905,0.2222713173,0.1969118117,0.8937227401,0.4965176981,0.7340819002,0.5109463685,0.5421277982,0.1225057598,0.9298592036,0.0989426245,0.1847842442,0.2012016196,0.0453718887,0.0846982716,0.5053022908,0.9432259636,0.3870888365,0.2743234262
0.7308852923,0.1751054658,0.1595136703,0.0546203684,0.8306317587,0.1136211770,0.8607181272,0.7326875628,0.6904769883,0.5335982904,0.1769076842,0.1284447464,0.0584858922,0.5607687593,0.8263838823,0.1463108182,0.9369992100,0.1891854163,0.2036638059
0.9774945736,0.4445624705,0.2267363250,0.0458104062,0.6366661269,0.4009494789,0.3305029425,0.6181316171,0.3903194982,0.0929777265,0.3340242681,0.9217695121,0.3092468466,0.6421993656,0.1026744834,0.6652194242,0.5633672236,0.8209535582,0.0808883249
1.8360989954,0.3486061914,0.9560281859,0.6651307510,0.4559388467,0.3250861920,0.0714386385,0.3534334875,0.3567933077,0.5648832729,0.7902375076,0.5682453666,0.3468520532,0.5254678905,0.3139228103,0.8769287868,0.1651543935,0.5294239125,0.8925523320
1.1139241252,0.7480687743,0.4877140169,0.0725748577,0.5555363641,0.9772384533,0.0741313189,0.3842639702,0.2303849427,0.9288018183,0.2867521732,0.0815934297,0.0987980997,0.5124124734,0.7039635195,0.4865697172,0.7165804915,0.2097765775,0.0457331826
0.6659694698,0.9192025154,0.8369391620,0.4093030984,0.3663618488,0.6536044928,0.6788360384,0.1161106601,0.6028554066,0.0791413511,0.8509660869,0.1192275438,0.1174615507,0.6565915784,0.1553867194,0.0431216476,0.2473381522,0.1126123285,0.1088004710
0.2584254860,0.0160046621,0.3241023318,0.0762578280,0.8067573511,0.0249141615,0.4734555051,0.3492158708,0.1671466829,0.8269922793,0.4172041997,0.2102354401,0.6746714340,0.3261336546,0.4653109235,0.9715393212,0.0753692069,0.5895306589,0.8969122597
1.3532631245,0.8322254636,0.8278660678,0.8579418952,0.4105062734,0.9061355643,0.0920059868,0.7180833625,0.3148625258,0.9210980122,0.6779725760,0.7818493078,0.5363803451,0.6295519473,0.0758530200,0.7981520483,0.8486072563,0.4224296826,0.8023113725
0.3323860823,0.8857878706,0.2851247565,0.6581723927,0.6229830003,0.1224616182,0.3073690221,0.7484920517,0.5214820036,0.5142002730,0.8848604260,0.3885843913,0.4669617666,0.4176283637,0.3058538800,0.9444582607,0.4057319426,0.7640220032,0.7917095743
0.8967008632,0.1014846392,0.6653872553,0.1181151792,0.7797048385,0.1848133298,0.4219258808,0.0029552741,0.6689735728,0.4512549371,0.0433452952,0.9864349985,0.4748873406,0.6699730066,0.2022119243,0.2623536986,0.5947966956,0.4086990541,0.8972770205
0.7212642670,0.0765173283,0.7002831381,0.8748934031,0.4282010899,0.4667012907,0.1097327557,0.0979250540,0.9459241593,0.0600742300,0.3784300493,0.0639522426,0.6144943873,0.9560636676,0.4504632434,0.2605326524,0.6902516534,0.8256209122,0.7142535145
1.1471953902,0.2216381432,0.4868382410,0.1108946177,0.2143528666,0.9473615830,0.3889560761,0.5163046005,0.6372423201,0.7767706627,0.3424265417,0.7419195151,0.0570202000,0.1353829899,0.5901687022,0.7428336731,0.5430887122,0.9636873179,0.3296440331
0.3154750519,0.9576730101,0.3850719100,0.6869687149,0.8827656880,0.5380920772,0.4907736356,0.8409007431,0.9656712051,0.2654837452,0.1971717914,0.6991208756,0.5527925677,0.9678016654,0.2593787033,0.4418789644,0.1858919363,0.5905869731,0.2233939952
1.7323195497,0.3319442486,0.9415469449,0.7138305631,0.6799539489,0.4296870981,0.0921122527,0.5979953892,0.3547436130,0.5020598992,0.6504425699,0.3262017484,0.9365949379,0.0058833107,0.1171803842,0.5413511052,0.8506017506,0.2472793506,0.0367371708
1.2267829462,0.5373736745,0.1173957338,0.2050841042,0.5375566757,0.3708303997,0.3660187379,0.1841474326,0.7361223104,0.1194303185,0.5247120319,0.6118945118,0.6986916967,0.6211826720,0.1369113487,0.9976557240,0.4152338389,0.5241770206,0.7176002173
0.1844495482,0.0031089691,0.2580077448,0.2189790702,0.7801189230,0.6676490623,0.9762903713,0.1589550069,0.6515957441,0.9165022462,0.0050512513,0.3658217683,0.9590458850,0.4740817466,0.7791485321,0.5488249712,0.6731170863,0.2489412663,0.7417074975
0.4047229548,0.0582896262,0.3187842326,0.2882491086,0.3758090078,0.5687542372,0.1395811618,0.0531947390,0.5591556799,0.7598220591,0.3853186930,0.8387087301,0.7137466560,0.5170838658,0.5135016879,0.6583756981,0.6256297143,0.0191908308,0.7708051692
0.8450630450,0.1575951077,0.3904858789,0.6800986787,0.5137665583,0.4325725175,0.4117537569,0.3197516229,0.1595293881,0.2404821928,0.1131814339,0.5158646771,0.6259043253,0.3496071150,0.2699516959,0.5413990713,0.8458191092,0.2962333538,0.4171934556
0.5187792644,0.0606598301,0.4095760955,0.7273138514,0.9871250082,0.1994500273,0.5384605008,0.2489897627,0.3877192517,0.2407436898,0.0633054796,0.2563045410,0.7459365466,0.8457053505,0.5486782758,0.6784189533,0.1205128450,0.4585460794,0.4176153498
1.5872571537,0.6389562367,0.4468158793,0.3494872266,0.8285530848,0.2086397954,0.8986874926,0.4302781904,0.9769104420,0.4355887630,0.6048142148,0.7556736650,0.2344295005,0.0807221296,0.4142722348,0.3398380916,0.3327735106,0.6275076409,0.5123702626
0.4494199883,0.1372088706,0.0126391366,0.3292231599,0.7893250946,0.0476140799,0.3934058202,0.5652290700,0.4391299114,0.5844071429,0.5894266181,0.4985834258,0.9384627189,0.4008705122,0.4302664936,0.6419618146,0.2549011193,0.1811671839,0.8744338076
1.1858812485,0.2898067058,0.2957247436,0.6623729745,0.9001472360,0.3874661952,0.2680500460,0.7933207433,0.2458424180,0.2813358962,0.4186565261,0.4632020065,0.3796942226,0.7240836982,0.5704177469,0.9685291954,0.2149707424,0.6069937618,0.0370965921
1.3168987550,0.4015031843,0.6773966143,0.1667524843,0.3639072805,0.8176832309,0.5960724145,0.6266903402,0.4169903838,0.7959488744,0.8981138884,0.2620492515,0.5523760808,0.4701015735,0.2866117188,0.5731359213,0.8718385183,0.1763837378,0.7964017175
1.6370201869,0.5426086546,0.6679685286,0.2771008101,0.0658838217,0.4247602079,0.0173554719,0.9092237193,0.1156563803,0.4201946451,0.3669067487,0.0376528958,0.5591963842,0.1780444589,0.0087623620,0.6767647501,0.3897596315,0.9563173841,0.3178487166
1.4325853602,0.3394280123,0.4971174417,0.8717344711,0.3839354081,0.5365992928,0.1634465868,0.8108463280,0.4939191727,0.7390157599,0.4250400308,0.9929566971,0.9747010280,0.4557655758,0.2745411265,0.4204056483,0.8486045099,0.9145262453,0.0251316578
0.8223670524,0.0283520859,0.8077329071,0.0742897034,0.8882408414,0.9685229065,0.8701032225,0.4466899044,0.1003834227,0.6090777671,0.9457194835,0.9893762528,0.4980207361,0.5566919255,0.7009957662,0.6059079404,0.7062694352,0.0963121672,0.0514409254
1.7039062878,0.3685409449,0.8800360047,0.6495243709,0.9780141432,0.5932085102,0.7491633755,0.0303037503,0.2130232185,0.6149689987,0.4933075178,0.5562747619,0.9458846409,0.3786434966,0.1244639922,0.1354925785,0.0770844217,0.2680470633,0.8838520483
1.2199195589,0.7391959984,0.5545500764,0.2643126699,0.0033769353,0.3488867118,0.1374740557,0.3815005089,0.0293512225,0.2125194440,0.3409481272,0.8569807645,0.1708739063,0.7588239999,0.2548056576,0.1086019871,0.5032825633,0.7479616792,0.8355446325
1.2243610550,0.7303281182,0.4273458840,0.3287985706,0.4192453967,0.3252555957,0.1658964433,0.8828915508,0.4671567577,0.4780857175,0.3115717143,0.7010250548,0.1289336243,0.8290346991,0.2987353146,0.2676179851,0.0262825413,0.6921200502,0.2084300328
1.1964330968,0.3700673590,0.0747076990,0.7898417835,0.4122571279,0.2996661588,0.1259476219,0.1396942049,0.7534369549,0.4625433068,0.1434644114,0.7276826549,0.1466661444,0.6955724973,0.0692946599,0.9859334610,0.1686034808,0.0634767670,0.7103730067
0.5814331525,0.1475948480,0.1431515634,0.7129987684,0.8064998615,0.8410369708,0.0275749838,0.9367572965,0.7707017415,0.2691071067,0.6890915076,0.0351272565,0.4355521352,0.8267815929,0.7097511913,0.4091426181,0.2494345815,0.3269979602,0.8752788870
0.2658960912,0.8569471611,0.1416086530,0.6050971569,0.6033987466,0.0213552225,0.5448041244,0.2460566319,0.8441234661,0.0383956316,0.4524179276,0.6657915018,0.6886287623,0.5958116552,0.0999055358,0.5354495714,0.8901022319,0.2174148398,0.2659761462
1.3241382066,0.5065808846,0.2937500833,0.0886392544,0.7114488154,0.1744976335,0.8284105523,0.1409762249,0.5072165846,0.9419918434,0.8703600127,0.8659486271,0.1419409267,0.9523156573,0.4501947950,0.7069039263,0.1657593017,0.8770268734,0.6399004455
0.5465564252,0.7973613340,0.1050385093,0.4113424184,0.5978489740,0.2818420809,0.8735282766,0.1103758351,0.2163649116,0.1375489934,0.1944838810,0.4681282629,0.1390771416,0.5593163844,0.3209467617,0.1388075995,0.1644352331,0.5626905959,0.2186341296
1.1669278244,0.2631084549,0.4991397980,0.1526694824,0.8095215267,0.6617944013,0.4398191150,0.7465915910,0.4939107920,0.1170164315,0.9931424662,0.0976834910,0.2445103395,0.4165677972,0.8731675184,0.7692168974,0.3378378518,0.0114043291,0.2090260167
0.3499662038,0.9074122809,0.3527134627,0.4849898723,0.4857138158,0.2403430350,0.9558377940,0.5059041079,0.9768605308,0.9531051236,0.9336121057,0.6501261175,0.0758045893,0.0693658237,0.4755359891,0.1229116322,0.4122219886,0.0641955156,0.5227939295
1.6589306622,0.5345926359,0.5913495011,0.0738916124,0.4064187284,0.7397919585,0.0587233540,0.3866419260,0.1974564020,0.0672247778,0.6533218373,0.9779450716,0.6320621275,0.7614224766,0.1432613752,0.8500001721,0.1417275318,0.0375736028,0.9134948248
1.6626660474,0.4060544812,0.9580052680,0.4866977690,0.3045236425,0.3485340975,0.8545533706,0.3336270379,0.3881430006,0.9684629038,0.9497899630,0.2152588110,0.8253144326,0.6898699798,0.6456566843,0.4348836674,0.3332917304,0.8183006561,0.7517395339
1.6944822700,0.3190812246,0.9983803414,0.6955820783,0.7964049677,0.9428557096,0.1159086915,0.5715062820,0.5064507753,0.5097452877,0.8452959449,0.9901234779,0.3511421927,0.0542578197,0.9881444604,0.5257428871,0.6244780696,0.4412816600,0.5080519987
0.9350409799,0.7618337292,0.0639451717,0.7908559673,0.5200119429,0.8457187911,0.3090830993,0.9100946869,0.6338559792,0.1272715794,0.6526465046,0.6910441627,0.0759207213,0.7555538309,0.1185764022,0.6549557510,0.9579677511,0.8966812986,0.3970546506
1.6016873043,0.3250252416,0.7679771766,0.4465398185,0.4583729723,0.8482127288,0.8307037314,0.4625480309,0.6125319010,0.4569814577,0.7374372349,0.7421995326,0.9189954078,0.8378669999,0.1883703243,0.8080276085,0.4277094120,0.1832307711,0.7557503966
1.4594758746,0.4446355345,0.2558861453,0.8427577134,0.3000975536,0.3286882768,0.5587032540,0.9437002776,0.6842987091,0.6394820846,0.3034063805,0.9820923384,0.8835739025,0.4584261176,0.3186120590,0.0336172205,0.8811709314,0.1235801704,0.8803699662
0.3136466721,0.0155160210,0.4338007678,0.6535021129,0.0732639133,0.1856110072,0.1703101693,0.3881749214,0.5056103174,0.8974268164,0.4996174858,0.0362887696,0.7858390987,0.6122551916,0.8559622510,0.8114414400,0.1059734623,0.6170608333,0.6198458344
0.6522676008,0.8119194671,0.3497417832,0.5844626244,0.4801079042,0.6536402150,0.2933025072,0.3789216690,0.4063761364,0.6206384010,0.8808718811,0.6033696466,0.0671736424,0.9072995217,0.9708418451,0.4837173878,0.6234352098,0.7968593545,0.0510919365
1.5022238129,0.7065895000,0.1869720502,0.9599830439,0.1050359204,0.7856229102,0.7583759443,0.3396806737,0.3809985875,0.4735454771,0.4813417072,0.7903244164,0.3129413554,0.6893971107,0.6125516526,0.4239427513,0.3364600295,0.0295548775,0.7596681511
0.5020542840,0.0332607340,0.6393484453,0.8089315524,0.1672449857,0.7482260643,0.3628279917,0.7541745583,0.2044714810,0.4364243104,0.2217598344,0.7969744866,0.4076406301,0.5597263644,0.8890223783,0.1961481019,0.9975016527,0.4077418782,0.8800378180
1.8458870252,0.5924550235,0.7763658209,0.8847328945,0.6670621974,0.6804456503,0.5754561264,0.2815289858,0.7888685183,0.9577633513,0.5419951707,0.9070907373,0.3349155792,0.3949230387,0.4854884507,0.5661117499,0.2401124016,0.0788067460,0.3340619999
1.7773522331,0.6617111692,0.8565954593,0.4214068351,0.8920159180,0.1014975154,0.8865708252,0.6021467143,0.4264310727,0.6829678223,0.3948564022,0.4046713041,0.1473484068,0.1829099302,0.4977297768,0.5071283324,0.7526927546,0.3465341980,0.8786403172
1.7791721932,0.5324041951,0.7763380870,0.5334273421,0.7482339191,0.2135628914,0.6701264671,0.7237724955,0.5414830978,0.1330015788,0.4006234404,0.0208512547,0.4342394897,0.3062411400,0.7915834433,0.0953434188,0.0649483536,0.0974316237,0.2980602968
1.2331097009,0.4633708150,0.4917864532,0.0552117257,0.2919757634,0.1153402685,0.7828313773,0.2758376227,0.1054179052,0.0978931784,0.1410824743,0.3175424697,0.7769449020,0.6824072571,0.9932120140,0.1915719247,0.5795223408,0.5300366574,0.2159270698
1.1760912453,0.1224312005,0.9637159025,0.2968487882,0.4991868479,0.3774686213,0.2144306260,0.1993142872,0.6694621888,0.7132738586,0.0225897106,0.3693346695,0.9375939421,0.3486807990,0.0374868417,0.4586017324,0.8496818257,0.7264036309,0.1646461079
1.1193761035,0.2822825427,0.3455311862,0.5093652551,0.8349439445,0.8241323613,0.1931549477,0.3657084900,0.2690260781,0.3079995714,0.4150344254,0.6471489912,0.8183302470,0.9825820774,0.7160089534,0.1099202952,0.0125667705,0.0665237863,0.1267698361
1.5068392644,0.4818560252,0.2916205370,0.7651501391,0.4049622874,0.3730194479,0.8965844538,0.9131852008,0.8445706201,0.8401735315,0.7372687532,0.4718770064,0.1858322593,0.2798820741,0.6569871126,0.6328601646,0.2921476999,0.9808655790,0.3387233171
1.7084936106,0.7592625859,0.5082726186,0.9817910336,0.1770243065,0.4991214497,0.1524797100,0.1225428776,0.9724432964,0.6790372805,0.6789504545,0.6738215070,0.0461371850,0.8782937225,0.8861076903,0.0243479515,0.7205684414,0.7856223263,0.4255873599
0.7924629721,0.1986224033,0.1678222850,0.4442205617,0.9421182381,0.2520523554,0.3395994705,0.1385937279,0.5938869658,0.9774169584,0.5188285641,0.6369445251,0.3508636417,0.6051757997,0.2511843747,0.8070839642,0.3502111538,0.9826223972,0.9702985237
1.6460417498,0.4776950418,0.5726611781,0.8827852169,0.4073143469,0.6807351616,0.5987097442,0.3280678487,0.1573869987,0.8002835725,0.7209746682,0.9075317443,0.5861783178,0.5648080217,0.5958112999,0.7006358470,0.2166068214,0.1246085288,0.8601052566
1.4670685136,0.4662323638,0.5871439459,0.4605042796,0.3840768900,0.3461626074,0.2511262392,0.9508081302,0.8687930874,0.3062439611,0.0375846433,0.9753850830,0.3893054967,0.8626854970,0.4879292189,0.6360218437,0.3781966669,0.2898186452,0.0593057316
0.8166419801,0.9606306229,0.8839473543,0.8253491406,0.6482104844,0.8922838452,0.1749556864,0.9063367368,0.0883300194,0.7282083766,0.0654324054,0.2124021416,0.9111300972,0.4925585635,0.7093702478,0.3361070598,0.7539827868,0.0657558063,0.2446702909
1.3737890879,0.3405260501,0.3034316802,0.8477704986,0.9658937537,0.4968565570,0.5005366189,0.4283508470,0.8767052174,0.2818764885,0.7386854277,0.0429568003,0.1642933531,0.5327650808,0.6840581450,0.1529157978,0.8192740345,0.1039176308,0.9974287828
1.8873714829,0.5367341265,0.7701483249,0.8731205442,0.1038493767,0.4832435485,0.9021571845,0.5865005413,0.6277143488,0.2933853266,0.1404489521,0.3756359975,0.6103099984,0.3601843133,0.6090046069,0.1838229849,0.8727667978,0.8167372066,0.7199139922
0.1074687746,0.0053361828,0.2522010193,0.2197182211,0.4573247559,0.3063908774,0.3150030784,0.7338881273,0.4245975740,0.6816123382,0.6235595259,0.8368526284,0.2173937981,0.5879101760,0.0069648277,0.7513439051,0.0218673578,0.9946653447,0.1898563532
1.4011388058,0.2143199483,0.9449873729,0.2810934904,0.5061835890,0.3168299199,0.7574769899,0.5295062573,0.1328380040,0.8067793136,0.1028320944,0.6135124884,0.3407125874,0.8629524861,0.3826083582,0.0235379404,0.5896839468,0.5456302152,0.1533208035
1.3300656871,0.2898407708,0.5770115960,0.9758405733,0.2706704646,0.7560667774,0.5865227000,0.8484699536,0.4157916290,0.2549720335,0.9883401230,0.3599506135,0.7629793825,0.2639936964,0.4679843520,0.1774176475,0.4231893351,0.9831076565,0.0640181437
1.3292521784,0.6837985794,0.2925040420,0.0317271349,0.3382128548,0.2878890685,0.8671859218,0.4602486970,0.0015647822,0.2616378833,0.9856577146,0.7265483498,0.5604600663,0.1462003047,0.3801487125,0.2201130908,0.4814312347,0.6283650712,0.7494372998
1.3576719926,0.6566471035,0.2734444671,0.2776267045,0.3107875032,0.4852503304,0.7294073978,0.7225671752,0.6020187952,0.8204815796,0.7741097737,0.2986127038,0.0811778507,0.4317183605,0.3351406467,0.0141581788,0.8826234016,0.0007549442,0.2054330414
1.2605749314,0.7632783670,0.8200650496,0.1282369200,0.8913453367,0.7661507470,0.6069594921,0.5428454852,0.9796383388,0.1483860195,0.6391752799,0.9145529983,0.5922808477,0.1040329323,0.3496865865,0.0699798557,0.3116918939,0.8652258369,0.6939214766
1.6201921708,0.5943416359,0.4692412710,0.4533254843,0.1087609657,0.5088358175,0.4352283693,0.0918651532,0.6458177863,0.4325634372,0.8843912687,0.6828746499,0.1065584819,0.7972907981,0.8708014945,0.7613054088,0.3302698288,0.8636172906,0.5959693267
0.6138451958,0.0978880073,0.4117323232,0.7923725680,0.5535923874,0.6446662402,0.0428413118,0.0257049639,0.9440076315,0.8649947318,0.5006041389,0.2669003801,0.4584397805,0.2407111235,0.2400733515,0.0799627494,0.9214271687,0.4509043814,0.6051218829
