-0.0857518237,0.9304928115,0.5124377812,0.7125233305
2.2184600633,0.5022238301,0.2398501078,0.8763546802
0.6178250379,0.0688007055,0.7026262638,0.0979004912
1.0533027289,0.4456791498,0.5246574307,0.2647604565
0.4337216258,0.0643240132,0.6365432662,0.4900166766
2.2722010723,0.6401122697,0.4379387462,0.7128012728
2.3113138838,0.7021741584,0.3843095985,0.8319782943
1.0538103875,0.8432487998,0.4685286926,0.8199582800
1.4540386311,0.3812273985,0.6249901713,0.5670706631
2.3599767005,0.7804740253,0.7175745413,0.9535437932
0.4302184393,0.3254144820,0.2189567016,0.0507642485
-0.0694748871,0.8296146213,0.3283224509,0.4195657898
1.5534160630,0.3426854169,0.5546843121,0.8726712136
1.2604810562,0.2862383270,0.7195089821,0.9490496196
-0.4828101335,0.9150116142,0.1828258463,0.2991060929
-0.4778623907,0.9061767744,0.6310116062,0.1513403962
1.8651456930,0.5071434662,0.9478740506,0.6924715990
0.9692747988,0.8166951926,0.8986449554,0.7800795166
1.2393456153,0.9467676858,0.6664553248,0.9612664868
0.5605762994,0.3762788665,0.7217672920,0.1474200084
1.2643810919,0.9519783967,0.5800251691,0.9572460397
1.6625617913,0.4595832624,0.5155053121,0.5649506193
1.0728338314,0.3785336881,0.6742906636,0.3697138926
0.4986237629,0.1061344566,0.2638096097,0.6596895311
1.0772154297,0.5015303483,0.0709011493,0.1276976402
0.9260973127,0.7465466331,0.2000111461,0.2439737271
1.2611841174,0.4256811277,0.0277954321,0.5155336392
1.4624589204,0.9265605188,0.1295666554,0.9632679112
1.2740450902,0.2338361421,0.8406410397,0.3823982681
0.9288466014,0.2426807368,0.0592452688,0.2901670807
0.4796848147,0.0973749720,0.6211752407,0.6139202159
1.2652535025,0.2503279534,0.8643630029,0.5138604986
0.9311512080,0.7491389995,0.8311319993,0.1176291911
1.5431661792,0.2914320989,0.2459261808,0.9309862843
-0.4319740585,0.8478481409,0.1260198883,0.0850539396
0.9472840953,0.2136110299,0.0802658532,0.1832434851
1.7373239730,0.8777380935,0.3361169697,0.9445242932
1.9580555044,0.3679041839,0.0747808275,0.9226954800
1.6415761244,0.9041025643,0.9797760601,0.9828220210
0.0195315225,0.9820010994,0.2984309435,0.1257955253
-0.2683408942,0.0083852577,0.9385052792,0.9043605400
1.3053481177,0.2775490445,0.4216050539,0.8725823798
1.8834845834,0.4389201438,0.3977389158,0.6994880082
1.2938796556,0.2926858719,0.5762433979,0.8737411480
2.0290246365,0.6342536392,0.4230183912,0.4025789982
1.8068411084,0.5062965803,0.4628227435,0.6245317488
1.7165397326,0.8286202850,0.0948174610,0.8879780804
0.9155975388,0.4239486795,0.4605127417,0.0611633708
-0.1832703546,0.8324071978,0.2775831637,0.1758010330
-0.1184375527,0.9572293254,0.8207352209,0.7401876134
1.2259196858,0.2404115634,0.5905512909,0.4623017791
0.5030942890,0.1311560113,0.9955938483,0.8098137759
1.9452578872,0.5649879310,0.1728546668,0.0828256993
0.6483956436,0.2882051818,0.8923023678,0.0809849331
1.7003525997,0.4282472231,0.1162177236,0.6868714277
0.9079494882,0.1983342309,0.3079986686,0.2424970969
0.6124160650,0.3264857499,0.7746985627,0.1204399610
0.6843132971,0.1302757460,0.5221107839,0.7637200039
1.4369262020,0.3108402148,0.8706769256,0.8378084681
1.7490873434,0.4604864891,0.2245532022,0.6410589907
0.1263751785,0.0747058112,0.5597703180,0.9624854231
1.4557954343,0.4920847085,0.8074303143,0.4390360968
0.6983260142,0.0411632657,0.8691520125,0.1071886570
0.0965560642,0.8041333798,0.8131085578,0.3685748246
2.4826526742,0.5724989334,0.2808680916,0.9599587419
2.0405937109,0.4006230729,0.0423361767,0.9523063051
1.2826444706,0.2415580641,0.5490657530,0.5457586662
0.3304773142,0.0604943896,0.1659467574,0.5963357091
-0.0927582999,0.0006855003,0.7009495987,0.6914053293
0.9869939430,0.1698904448,0.0164662243,0.1272141731
-0.4383188081,0.8997249564,0.2640883278,0.3721939095
0.9229070700,0.4863269985,0.0936833164,0.1796540697
0.0347754420,0.0269032626,0.2445434214,0.8393974180
1.0040306642,0.2226873475,0.8205177700,0.8015178893
1.4989112709,0.5293317667,0.9623021821,0.3487053873
2.0524578424,0.6617034891,0.4557585660,0.3144663675
-0.1697306535,0.8347182729,0.1923628600,0.2478576571
1.1168805350,0.4599834719,0.5451319021,0.1965603966
0.6591761710,0.4449235168,0.7636487798,0.1828269109
0.6538908194,0.3363006005,0.2763093267,0.2454421844
-0.3592683750,0.9489857255,0.7745634553,0.2451261724
1.5479067280,0.5426786953,0.9346515251,0.0799850816
1.6280765299,0.3622655219,0.6971443563,0.8884863295
1.4591191892,0.2931313011,0.3493137715,0.9049782382
2.1932181539,0.8037186765,0.0982003977,0.9021578726
0.6675147242,0.4073035871,0.6840454095,0.1795164014
0.5244452525,0.4365632695,0.7615194348,0.1034073751
0.5991444645,0.1203083585,0.3081326807,0.3272437634
1.0241627158,0.2030236592,0.3843504006,0.7145346972
1.9628261813,0.4811060413,0.8319942231,0.9448890477
0.6204374595,0.4014017247,0.3689890273,0.1894260908
1.7602367678,0.5586114383,0.0051251435,0.4726008431
1.2667601930,0.2029720089,0.9975516399,0.1962464002
0.3785780357,0.3355171464,0.8276227158,0.1155879557
1.7963342374,0.5697510574,0.1099546255,0.3537377049
0.7900088227,0.7608642581,0.4778905893,0.1114373159
1.8133547434,0.5605963260,0.2451083231,0.1001100167
2.2772592563,0.5986348731,0.0111723692,0.7706288590
2.4998844476,0.7271998676,0.0112436884,0.8890984031
0.7362093453,0.1500799772,0.1025122705,0.5318648806
1.5721317611,0.4283776548,0.2302111359,0.6084438269
1.5818028436,0.6948840585,0.7830790864,0.0967493949
1.3906262349,0.7042068572,0.8409920798,0.3464975591
0.5999524406,0.0857840528,0.8619979554,0.5111714529
-0.2329372207,0.8366230047,0.1707134249,0.1843342263
1.9101167669,0.7488100475,0.5727723683,0.8028885424
0.2763964255,0.4167486314,0.9454315371,0.1715740752
2.0413407382,0.4776268484,0.1155496199,0.7835396940
1.2944617137,0.3884615772,0.1067218226,0.5120640017
1.3922648833,0.7431640499,0.8727457839,0.6964809762
0.8932100645,0.3459138634,0.7025108444,0.2938251015
1.3556732439,0.2804697664,0.3910553938,0.7820024119
0.8054104008,0.4880076017,0.0066965221,0.0317134725
2.1607244365,0.7677550993,0.1571851232,0.8791558439
0.1082018267,0.9900876469,0.6821541351,0.6658049693
0.7535931439,0.1492532911,0.3960888240,0.7454437945
1.6274040453,0.3945008168,0.8864184597,0.6616354324
-0.5522776551,0.8497349506,0.0023965898,0.3150272550
1.5156939768,0.8230558156,0.9837417969,0.8775337044
0.6798797757,0.3581638781,0.3529776919,0.1918991388
1.1394289909,0.2414633501,0.4657776133,0.1266729576
1.6545923030,0.3983528439,0.8571762913,0.7117964221
0.7987526188,0.3485611496,0.3727395114,0.1271570719
1.7716207805,0.6511483466,0.9781932573,0.3666749302
2.0192172949,0.5914841471,0.5535936294,0.5070896819
1.5089483693,0.3437953584,0.9614530145,0.5843442698
0.2287516407,0.0229593094,0.8674608352,0.5636967532
0.8768030590,0.3284236244,0.7026302861,0.0528216797
0.0116804124,0.0053223808,0.0065478363,0.8219159341
0.7367545791,0.1574890573,0.3947549819,0.4570107922
1.3149112039,0.2989998602,0.5760522362,0.1999397891
1.0345086821,0.3595083185,0.2133571341,0.4492177278
0.3505574738,0.0509112452,0.5703762334,0.0960657149
1.8755185835,0.6670221993,0.0588831240,0.5597657091
1.7579901709,0.8562537178,0.1475124742,0.9198073460
1.0007521302,0.7509494896,0.5815955670,0.3530625110
1.1739791261,0.2303776821,0.5398439805,0.4689961664
0.8973297794,0.3044395036,0.7274988805,0.0209357326
0.2269367787,0.7942442670,0.8307191218,0.0862304283
-0.1162536856,0.9533610671,0.6488974710,0.6822875870
0.8475419106,0.3396423790,0.7763672564,0.2827814009
-0.0391987747,0.8320670202,0.3225755719,0.5009867001
2.5375153267,0.7148746753,0.3826582578,0.9443428698
1.5142294901,0.5423683371,0.9725794832,0.0100940356
0.4744902999,0.4406754565,0.2125483183,0.1423297708
0.9829903010,0.2027990122,0.4608710142,0.1490411391
1.9623474441,0.6525557560,0.7354072721,0.2672258880
-0.3583190849,0.9333749068,0.9100458589,0.2169555304
0.6113927111,0.1406769983,0.6633242797,0.8001419517
0.8548784172,0.1542974921,0.5545135997,0.7127976537
0.5206253273,0.0795297852,0.6514507126,0.4407621458
1.5566170283,0.4786336868,0.1513184007,0.5513287382
1.5641164380,0.5050237549,0.5493433551,0.3264870417
0.8409387705,0.4399346266,0.3995121242,0.0265687327
-0.5794639581,0.9083418756,0.9009200229,0.3931091445
1.2575342664,0.7324665506,0.5311865331,0.2002299118
2.4269548678,0.6482954934,0.0803870571,0.8026258595
1.1538487649,0.7237686569,0.0478675719,0.0366447828
1.2761921649,0.2451092214,0.6111820392,0.3586102343
1.7245666701,0.5541940755,0.1824556097,0.1381185422
0.8358637292,0.1687188820,0.7628047092,0.7540509619
1.3611852594,0.2881000745,0.8175106857,0.9716564242
2.0444835370,0.6738400358,0.2476497306,0.7087231217
1.5770052836,0.3739912601,0.5940509636,0.6425894067
0.4886286339,0.0413017196,0.9163571882,0.4624858299
2.3298443782,0.6087325061,0.1062281846,0.7631537695
0.2183134089,0.0411833772,0.3549789764,0.5749289617
1.1471007029,0.3864976397,0.5750615888,0.4071017801
0.6854162504,0.1444708905,0.1339555402,0.7277144657
0.2726038448,0.8073013284,0.3654264944,0.5181896205
1.7463526617,0.6859925236,0.6241095946,0.3477387361
0.3206204409,0.7997493733,0.4759835444,0.4092067103
-0.3781404820,0.8529518079,0.8207614109,0.1076638401
0.4463221382,0.0816725180,0.7837677970,0.6313897471
1.4212630411,0.2566375551,0.0074715898,0.8215985740
1.1669263692,0.8174613467,0.4284906776,0.8098598593
1.4893595214,0.5091769335,0.4779599065,0.4697294042
-0.3066287531,0.8773257158,0.2861532721,0.0256490017
1.3311242373,0.9877329643,0.5672635859,0.9876366333
2.4218161491,0.6307913564,0.4371143983,0.8709253932
0.8442028422,0.1660351810,0.9492356802,0.6265600072
0.4994695275,0.3512758477,0.1712644319,0.2787680339
-0.4298319642,0.8765833182,0.1960576537,0.0922705478
1.2541434715,0.7394877205,0.2766044788,0.6089823350
1.2628018772,0.7293621670,0.6826180753,0.4518517069
2.3900834112,0.5759663205,0.3305126634,0.8598063105
0.0156314455,0.9828165613,0.7086405431,0.0472404658
1.3052067496,0.8817791684,0.4843879030,0.9020957897
0.5784592695,0.1034411780,0.2506752827,0.6670444139
0.0195257711,0.9906946652,0.1244133386,0.2833992200
1.0795371257,0.4575617300,0.3261751193,0.4072718203
1.2784816083,0.3176174754,0.6137949662,0.4251127239
1.0329314697,0.5042998966,0.9912609069,0.0001740570
1.0110621442,0.2048274404,0.2242827589,0.4766995630
0.0728587172,0.9874221858,0.2991078087,0.3143512500
1.0242493384,0.1984180554,0.4870731041,0.5818051338
0.1981768747,0.0405189825,0.2075993317,0.6085965605
0.0979583859,0.8166693459,0.3455987006,0.4776739552
2.1810702134,0.5363301815,0.7736336063,0.8719054321
0.3981825953,0.0283440816,0.6457610082,0.1379104133
1.7761283182,0.4801463113,0.8388610869,0.6669401092
0.4521210447,0.4187673917,0.2344913916,0.2200508687
1.4291485221,0.2676236381,0.2172849564,0.9280318603
1.4347727529,0.3467485472,0.1940382214,0.6169181331
0.2171639602,0.0643807840,0.5570780139,0.8027661215
-0.0854014393,0.8396513050,0.7281435786,0.5786604566
1.0231676289,0.3045568160,0.7076902612,0.0655945172
0.7001429532,0.2892174998,0.2030805911,0.0563323692
0.5881840376,0.3598705942,0.3408112991,0.0143864858
1.7984279678,0.3475355758,0.0039167053,0.8686301528
0.1462615517,0.0340104232,0.1104190556,0.3724268620
1.5217883401,0.2944834061,0.1047156059,0.9232599182
0.9959124467,0.3220682510,0.2758375187,0.3961263233
1.2580284238,0.2343953624,0.9867069730,0.3039939823
-0.0202919604,0.9802922512,0.2405620699,0.2094149060
1.7923066117,0.5606843741,0.8378878165,0.3824981983
1.3045164465,0.4036745274,0.8693122076,0.4673932908
1.4134895350,0.3076124389,0.8069104782,0.7043442833
0.2537222868,0.0488344131,0.2712061699,0.3515716998
1.0463187003,0.0940145241,0.9804539649,0.1983830427
2.0864354732,0.5101575845,0.0213811076,0.7564671531
0.9669330663,0.2391421902,0.2613568141,0.3752021081
0.1583026643,0.0304617300,0.2007292153,0.3551549474
0.5675860386,0.7832267597,0.5018275945,0.1602755188
-0.2175131619,0.8949630522,0.9917430097,0.7491574233
1.3117204270,0.2402731235,0.1579192149,0.9395509210
1.1811355950,0.1196611232,0.9187007922,0.1001046297
0.2222062883,0.0595335499,0.0040582579,0.3307595262
-0.1058305931,0.8582707719,0.6435037797,0.6580207033
2.0332782939,0.5898155220,0.1930884405,0.0934819383
1.1471215478,0.4710190175,0.9797204683,0.4388336238
1.9157452304,0.5832300038,0.4853121618,0.5147863174
-0.4380175490,0.9243458752,0.8635332368,0.1710181007
1.0712356381,0.2374849128,0.8901727375,0.0510150962
1.4252150387,0.9856856202,0.6620176428,0.9972490851
0.2331314889,0.0799155969,0.6621656126,0.8860939020
0.2976484142,0.0420473535,0.2095203389,0.6274080312
2.0516126907,0.6380072068,0.7249323696,0.5318627618
-0.3174235507,0.9232168536,0.7428366919,0.2117438705
0.2687522883,0.0488241268,0.3598123411,0.2908263988
2.7191698262,0.7255325799,0.0212890054,0.9521665830
1.4452904071,0.3298450633,0.6624653762,0.5998028813
2.3821965713,0.5454520530,0.0834644025,0.9018731934
1.8970991298,0.4367607148,0.5557754240,0.7417464391
0.8406503793,0.9419120228,0.6296471686,0.9061954207
1.1986810589,0.2557659756,0.8860944139,0.7347869623
1.8711151420,0.6850038450,0.3246188093,0.2110062354
0.9436143822,0.1617080069,0.1427693577,0.9693863298
1.3944822942,0.3372469430,0.8478842780,0.5126554088
0.8362081083,0.1698526384,0.1756415080,0.3969039489
1.9278521445,0.4244519992,0.1001615872,0.7450264102
1.9504393370,0.4641050472,0.5543078891,0.7569473053
2.2260251719,0.6715817268,0.4396869642,0.7824102141
-0.1929586942,0.9640194184,0.8888916107,0.1264662528
0.6645465431,0.4604844446,0.8491249971,0.0523556642
-0.0111191053,0.0152214878,0.8103385556,0.7672423453
0.3767677054,0.0633145106,0.0207928519,0.1272128326
1.2260616745,0.2075771325,0.6993683854,0.3010179247
1.0416241635,0.4713578474,0.3288759178,0.3487690003
1.7633410457,0.4200913998,0.9730994585,0.7825919864
-0.4305720238,0.8660036336,0.0103783974,0.6477193544
0.6646984698,0.2623006509,0.0310549724,0.1942776326
-0.3089857316,0.9153357126,0.3777995972,0.6230034300
1.0457414418,0.1776917498,0.0238367035,0.9459372503
0.9932719022,0.2084319569,0.3235245471,0.2531636311
2.1958363865,0.8118075272,0.4498954173,0.9341416202
0.4499038866,0.0590405906,0.6522876454,0.1709826326
-0.3352370934,0.8620285533,0.3270827606,0.0651675968
0.4041115134,0.8543130631,0.1454368987,0.7691735342
2.6519156954,0.7277133095,0.3104578767,0.9849459872
1.1856422938,0.4930769036,0.6732512896,0.3524274886
2.2598956052,0.5595630901,0.6640483466,0.9879620488
0.3860677595,0.7811085037,0.2495642656,0.0470555020
1.8973612285,0.6373323566,0.9054634301,0.3793754902
1.7638569236,0.3557977230,0.1786086278,0.8771243288
1.1781486273,0.2327810620,0.4805149030,0.7449172173
0.8411799382,0.1718313984,0.0476744476,0.7719867838
0.8613144548,0.1880394630,0.1773661819,0.1942066964
1.2453457943,0.3050157834,0.4746142719,0.4704749191
-0.1685875723,0.9477696759,0.4243435225,0.4716222910
-0.5906358350,0.9175830869,0.0631085712,0.6170890257
0.9884569029,0.2839600271,0.7021668774,0.0317353800
0.1453677066,0.0325002239,0.1505941342,0.1907289402
0.5472452175,0.1050434366,0.0254331841,0.2839198664
-0.3785054926,0.8668660445,0.2860127728,0.2659793425
0.7970871637,0.3950464081,0.7066962298,0.3241173622
0.0589285833,0.8052523041,0.7584380813,0.4075859876
2.2918100863,0.6799633245,0.5263240198,0.8010641909
0.6076806723,0.9004419326,0.5836450075,0.8544622673
1.4131797077,0.5338681952,0.0194200963,0.1258922495
1.0299040376,0.2118699104,0.3204576620,0.3263966134
0.1588749367,0.9932923420,0.6527429190,0.3084155666
1.3385247574,0.2771089137,0.1704116807,0.6683146747
1.2309112023,0.2666841221,0.3122576537,0.7066400218
0.0922924526,0.4155685810,0.0506347410,0.0400889427
0.4462133860,0.0774880982,0.3501782592,0.4657189222
1.1129454379,0.5073862963,0.9794316901,0.2235909544
1.4112465188,0.2666030928,0.0496472603,0.9063686956
2.1718037247,0.5009138342,0.3014052160,0.9124646098
-0.4760864731,0.9032496168,0.1935129634,0.1952007571
0.9224475436,0.1940030435,0.0444769568,0.4013223700
-0.2258979619,0.9277247150,0.6082100853,0.1072594575
1.3690311962,0.2996857768,0.2767100188,0.6016959120
1.7186574439,0.6910457542,0.3780723639,0.5420080674
2.5147689262,0.7439151904,0.1801939134,0.9301698286
1.9421395743,0.6644453462,0.5005837969,0.4355150604
1.9678435865,0.6036471325,0.7926758772,0.3584705489
1.9499512283,0.5465126915,0.0488488510,0.6267314643
-0.3386478410,0.9418290280,0.9085917228,0.6579930914
1.8596572223,0.5741637164,0.8305792074,0.4202504628
1.0370939562,0.1357163801,0.8547222536,0.3463524388
0.7789917241,0.1375774440,0.1722702221,0.1533607437
1.9380560064,0.5352949662,0.1133131709,0.6260216089
-0.0203009206,0.0105614651,0.0673856542,0.7440053439
0.8701861600,0.0594484563,0.9242999051,0.0388104555
0.0620000253,0.9699718216,0.9480308094,0.8005208026
1.9777754628,0.7716589196,0.3916158141,0.8534577983
0.7431037341,0.1647304798,0.4355258242,0.7678696388
2.1249427824,0.6151919457,0.3202145821,0.6750229703
1.8900145590,0.6703345331,0.4192632294,0.2331978291
0.8603282919,0.8751617610,0.2299449036,0.8596248530
-0.3536019352,0.8786156687,0.7043213656,0.2617325843
-0.1990156481,0.0346838172,0.9143955148,0.9315400457
0.9418409421,0.3237380008,0.6884311476,0.2219408897
-0.3494447691,0.8952699869,0.8037659179,0.1700744458
0.8977903287,0.2070706049,0.0324238510,0.5821659047
0.3021840076,0.0977808116,0.8880168698,0.7728763571
-0.3880329087,0.8865802448,0.7978412908,0.0079703397
0.7510754838,0.1069031537,0.0430330897,0.0471471211
-0.0751083591,0.9759821908,0.2140495659,0.1399653906
0.7646898560,0.2145252293,0.8819403213,0.9884750522
0.8123449382,0.2607035986,0.2726731160,0.0659250725
2.0864620248,0.6183564779,0.5951814942,0.5263368269
1.6295184191,0.3739004240,0.6437411482,0.6695913331
1.3541267756,0.7166670757,0.8605077947,0.4794526570
2.7592833515,0.7058412399,0.3016769365,0.9851683189
1.4349627087,0.3472259353,0.8239570409,0.6830466952
0.8330557345,0.1559540405,0.5157485399,0.2261772986
2.4282243718,0.5919217038,0.4976923974,0.9465670290
0.8879962223,0.1710347979,0.4018374476,0.5638735033
0.7170992595,0.9573222856,0.1704974129,0.9020441205
-0.2785001684,0.8664284257,0.3093515196,0.0691945828
1.5960319556,0.3444776652,0.3746908903,0.8343054446
2.2786824233,0.5783706489,0.4695979453,0.7996219652
0.3229888731,0.3921974370,0.1584464751,0.2594494298
1.5694660310,0.3362569169,0.6561968193,0.6179659318
1.0079895734,0.7364624760,0.9440427934,0.1680157812
-0.3860309645,0.8889913476,0.5101494796,0.1733597937
1.3049659276,0.5112930145,0.7695141330,0.1634944276
-0.3762321566,0.8601053001,0.5776629558,0.3584154122
0.7380941434,0.3338861060,0.7948658689,0.2460334851
0.2176356806,0.8452194073,0.5110239138,0.6766658013
0.9414205713,0.1600392195,0.0256408960,0.1308679833
0.7262808637,0.1567773681,0.5418696264,0.8995990424
0.9388218840,0.8679459085,0.3918505742,0.8525395209
0.4961358101,0.0745903749,0.9583312636,0.6240782669
2.1519045490,0.4932011814,0.2815811290,0.8501234619
2.1003086074,0.6187723001,0.5650057111,0.3518482269
1.0210784501,0.2583226142,0.8853692931,0.2457389298
-0.2786785423,0.9374212924,0.5928968285,0.6115957174
0.5125617226,0.3961319208,0.9107741370,0.3065603745
0.6606381515,0.1312184841,0.7992663818,0.6374303454
1.5651111465,0.5361459809,0.1487882167,0.3287046266
0.5409463817,0.9184847992,0.2312178699,0.8652125362
1.9740396246,0.5757409486,0.8131667968,0.1007058592
1.4210733795,0.7088518982,0.0684878962,0.5163934714
0.5413120165,0.7829782226,0.2587528642,0.5737935742
0.0699451037,0.8258815895,0.1696721695,0.6383859373
0.0276091345,0.7951530138,0.9697111491,0.1112357673
0.5131799695,0.0963117239,0.2858725247,0.8482298271
1.7207480872,0.6970147992,0.3985975957,0.2688419679
0.1304732177,0.8027044523,0.7686205163,0.4750038662
1.8048755549,0.7139112122,0.9812369279,0.7305410537
1.8762790533,0.5812503343,0.4628589452,0.0114272077
0.9401393176,0.2154379246,0.3832222653,0.2198280913
-0.1874008786,0.9636190609,0.8113707290,0.3916188653
1.1790905633,0.1952388537,0.0726556898,0.9926429021
0.3724753025,0.0814829081,0.0341465565,0.8502886241
0.9335999709,0.1436289738,0.6120886800,0.3420590591
0.6890369491,0.1043004899,0.0618624139,0.0919571350
0.7579785644,0.1297226482,0.5619493928,0.3409066649
0.1357299399,0.0274545596,0.4268880918,0.4602762056
1.5795885503,0.7004738028,0.7965956516,0.4559503428
0.4356871825,0.2894190845,0.1088301569,0.0437014193
1.0059886212,0.2700392606,0.8829564628,0.2549922680
-0.3122752282,0.9023678357,0.5499002250,0.5901923620
1.8738257030,0.7030517312,0.8329580059,0.7326865829
2.2198816603,0.4466981535,0.0805655282,0.9803667317
1.0757883134,0.7303778353,0.0891143395,0.1906562814
1.0140743112,0.2259419962,0.4024112636,0.3274214335
1.1730989401,0.1945906071,0.9666274132,0.4340401754
-0.3855643342,0.9059486677,0.2508900480,0.2928181049
0.7041103114,0.3628760535,0.3582220781,0.2531151451
1.8006491113,0.5482914995,0.1969666711,0.4415748202
0.9500215446,0.2069689435,0.0848218499,0.2221192462
0.7551754555,0.1840649784,0.8017363827,0.9243360035
-0.3882989453,0.8922230707,0.7227266049,0.5461188037
1.7672541125,0.6700309561,0.9226621933,0.4611305663
1.7526982984,0.5626479387,0.0164029395,0.1963044777
2.2445910736,0.7535676683,0.8426487408,0.9182322912
0.6115242806,0.1266990472,0.4776472030,0.6680824705
-0.2743856810,0.0034914416,0.6578088777,0.9347593639
0.4107889056,0.3511863984,0.0258703854,0.3229259978
-0.4706681663,0.8842610558,0.8008455376,0.3025666333
1.0168245135,0.3058972971,0.3814947207,0.1636545223
2.6108635160,0.7274387711,0.3066995525,0.9417364712
1.6382805288,0.6884116936,0.1748453392,0.0268348391
1.6516370657,0.3599690864,0.8526750611,0.8770622651
0.3576204602,0.4193486281,0.0945445652,0.1933795186
1.7562661115,0.8180253400,0.8783787509,0.8980264165
2.1777991612,0.6296175694,0.1466286531,0.6643467018
-0.0883968118,0.9523261480,0.2584723979,0.7281130623
0.0549306991,0.9903756846,0.1141138048,0.1116438356
-0.2778024597,0.9664116140,0.0301308837,0.2772843504
0.8844842416,0.4734638396,0.7219693040,0.1161939783
1.8620375985,0.4251771841,0.8478285926,0.9954890019
0.8101416175,0.2152434058,0.0349914266,0.2568900574
0.5658752073,0.4512812434,0.1912219120,0.1191738817
2.0252089435,0.5991791265,0.8362313786,0.5630926445
1.3898480704,0.2789413096,0.3842294023,0.7459996187
1.6639746106,0.3481828323,0.4746523683,0.7402242667
0.3588287794,0.0624545894,0.1601194382,0.9509926402
0.6492071634,0.9734727555,0.8038674580,0.8990199253
1.2265111347,0.2788655201,0.4890907129,0.0179761527
-0.2272038119,0.8743453242,0.5911738524,0.6247403230
2.0189050576,0.5944532604,0.2095072984,0.4162056086
-0.3666829424,0.8928850073,0.5128739458,0.3843645038
2.3442609039,0.6643882452,0.2398045305,0.7894989528
2.0900036820,0.6268337440,0.9945811382,0.7377316535
2.3553412161,0.6435799134,0.3027949396,0.7954697116
2.1637908582,0.5332853327,0.9348888058,0.7943695596
1.0638546354,0.2042708317,0.5499832797,0.0837227306
1.6613532373,0.5361187343,0.1635177690,0.5140525649
1.7610682976,0.4081654839,0.9486346951,0.8991109651
0.7368837958,0.8117388335,0.6375633578,0.7350708646
-0.5086856274,0.9199753207,0.9170117550,0.2009882103
0.9596019530,0.4283324513,0.3581588965,0.4078178092
0.3588104735,0.9852159714,0.5390620037,0.8206404380
2.3540900501,0.6960352879,0.8756844644,0.9438106680
1.9013712661,0.6619098232,0.8939056848,0.6064413216
1.8148582473,0.7684717568,0.3142228508,0.8236542885
0.6848387832,0.1474022315,0.2868846113,0.3807342277
1.5647094521,0.5029986483,0.6234473518,0.4653084572
2.0192078107,0.8142305681,0.8221457031,0.9404064267
1.3949802123,0.2954440581,0.7078072586,0.8887151412
1.9461739115,0.6689354912,0.7604968486,0.3121298043
-0.3665699707,0.9031616656,0.7378121088,0.6424008517
-0.2776435951,0.8387420408,0.7917943209,0.4315400217
1.4862734911,0.3686502262,0.2141134477,0.5985046339
0.4618984001,0.0106826411,0.8665355581,0.0936077334
0.2719187812,0.0511490445,0.4418895237,0.2736422468
2.1757366928,0.5877561123,0.4274721075,0.6834675368
2.0353055264,0.6578565225,0.0648320493,0.6781854373
0.6357369532,0.7688070042,0.3917571354,0.1871144554
0.3526215632,0.0539793117,0.5068515866,0.1567141596
1.1117161141,0.2413234547,0.7897213123,0.6544336176
1.7540677516,0.3646858739,0.4817833270,0.9292673993
1.9399971591,0.5085525187,0.5171953627,0.6848834573
1.1592572303,0.4925048230,0.2696054705,0.1960814290
-0.3088364888,0.9299474334,0.2188069573,0.5878837431
2.1386399765,0.8489822403,0.9292975850,0.9987688315
1.5022308704,0.3364284006,0.7857315030,0.9642359203
1.1377721585,0.7334249802,0.1611957129,0.4626725267
2.0420333781,0.6593783998,0.3018183625,0.0707024726
1.7546513606,0.4346543584,0.3751947810,0.6782511273
0.7370193737,0.0817141039,0.6584233505,0.3507046940
1.1691726959,0.4961173558,0.9855473554,0.3662585816
1.3702524877,0.7216138988,0.8182139272,0.4016734573
0.4895522306,0.8988448627,0.1904649626,0.8423543014
2.1751994176,0.7813120849,0.0598712264,0.8984566535
0.0069770930,0.0148938834,0.4304195799,0.1784688408
2.0112960284,0.5009786722,0.8097446631,0.7682654097
0.8387314976,0.1803255148,0.3169631181,0.2991048312
2.1438987250,0.5840742225,0.4399458548,0.7030281294
1.3369279225,0.8293534405,0.1590248529,0.8483364129
1.2619907604,0.1993333441,0.6972880023,0.0188117415
1.2334574742,0.2259100023,0.7041078322,0.1809629723
0.2887258871,0.9377158219,0.3657377201,0.8190091430
1.3309106241,0.6999990145,0.0116116998,0.2298389213
1.2349009125,0.8658733309,0.9228585652,0.8922614336
0.8537478302,0.1784240214,0.7000369758,0.6899641354
-0.0144426800,0.0389260938,0.9984011055,0.8919217018
0.4467165386,0.0656856433,0.4541888305,0.3962036689
1.6381302205,0.7626611428,0.9922012968,0.8095606477
1.7273410451,0.5579091297,0.9370463786,0.0606686123
2.0931466827,0.6332174172,0.3716854029,0.2796910521
1.7124897096,0.3538968056,0.1840742166,0.8502555545
1.2268336016,0.7241880083,0.8251557211,0.0272739597
0.6299256723,0.3639486537,0.3438130861,0.1726115192
-0.1732773819,0.9400715102,0.3022475801,0.6475667359
0.8960970517,0.4411723592,0.1409690958,0.4155081984
0.4606363067,0.4213872923,0.8175815945,0.1290621355
1.3176182225,0.3304746603,0.8170432100,0.4741906841
0.9472247684,0.1813036388,0.2358012621,0.0287751592
0.2835084447,0.0480794093,0.2588536149,0.5206064862
2.0325995397,0.6468438358,0.2117878177,0.0514752987
1.3808626861,0.4633962743,0.4611608170,0.4757182422
0.5447933331,0.7819504822,0.6319411679,0.5353205980
1.0245728243,0.1897677097,0.5708398743,0.4047772379
1.8316196746,0.4142219947,0.2489923482,0.7274533514
2.3671453143,0.5941514883,0.5357800099,0.9419017019
0.5667768770,0.3066445049,0.2594869320,0.0472161228
1.0451067319,0.2697312646,0.3965010435,0.1528123148
0.9978473392,0.4910224214,0.2087130255,0.0681955888
1.1642704141,0.2343834254,0.8334100457,0.5253330504
1.0775283145,0.4345459743,0.5214349125,0.0377928433
1.8511602875,0.5665498822,0.3086150452,0.3640841959
1.4294878307,0.2375854589,0.0029009503,0.9361152444
1.8865442486,0.5625790344,0.5979188272,0.3154995927
0.1718618067,0.9851192172,0.3703045351,0.3171942660
1.2839144602,0.2500394912,0.8883256965,0.5238186560
0.5032277242,0.0866267857,0.1392833204,0.5259666885
0.6783179007,0.2666016131,0.9842176654,0.0648305374
1.4466304848,0.3168042970,0.8695584737,0.9548238922
-0.4752919128,0.9258962069,0.1238782250,0.1346243418
1.4189377512,0.8649588484,0.9484310193,0.9139902937
2.0314029178,0.6339405256,0.2896358162,0.4643083584
1.2496808732,0.7262326069,0.6191365955,0.1395528477
1.4199269061,0.4161669925,0.2413929068,0.5240097920
-0.0777200336,0.9302508719,0.7561415606,0.7667471273
1.0443087630,0.3822886646,0.5901091897,0.2073910446
0.8160244454,0.7502676835,0.2162654707,0.4024114584
1.0266080035,0.8619771340,0.6017807607,0.8640813577
-0.3919537065,0.9183503156,0.7916084932,0.5178034350
0.1748284028,0.3534979566,0.1726530968,0.0331704443
1.5546060235,0.3404363433,0.6570509252,0.9062386270
2.1010936736,0.5696616412,0.8952680895,0.8752559118
0.3381847618,0.4331591983,0.0392925284,0.0756350450
0.4784356095,0.0982973371,0.1676220436,0.6912660080
-0.1865721689,0.9160343262,0.5899901337,0.6665342251
2.1012583015,0.5067622571,0.8334990688,0.8096104440
0.7951939982,0.1578167298,0.0360620369,0.7200809290
0.1189788442,0.8187619541,0.4675428303,0.2072513633
-0.1452834760,0.0164489113,0.6536404268,0.9132873915
0.3244721881,0.4132863084,0.8679012719,0.0938784580
0.9762646683,0.7463480062,0.2759806359,0.0253613167
0.6896018412,0.1454497518,0.1676276605,0.4825723734
0.2098239236,0.0171344138,0.5743284580,0.0823350238
0.8369741720,0.1475599831,0.5909557605,0.3258566236
-0.1924375730,0.8540739747,0.7737623006,0.0195456207
1.4806684898,0.3291391912,0.6765560921,0.8534724503
1.4453843753,0.5202861755,0.2482912566,0.0331072426
1.4543883198,0.7298363149,0.1481126903,0.6353537296
1.5423948514,0.5360710718,0.2219372973,0.3408011337
1.8045759474,0.4580261145,0.6994087506,0.8626218324
2.0219066784,0.6042109713,0.2245945266,0.2568776929
2.1097514214,0.6395029663,0.1747885675,0.6071175409
0.2734499022,0.0435729797,0.0967605869,0.7887229438
0.1220177047,0.0474806587,0.2141769478,0.0984191468
0.9527071482,0.1640995619,0.0741905512,0.1942184526
-0.2678764595,0.8412844497,0.8722842120,0.3143835257
1.4621497824,0.7013879449,0.0986263253,0.3923576602
1.3011608239,0.4958102005,0.2069646737,0.4149386087
2.0457367422,0.6250719799,0.8162708408,0.2250402728
0.4770979677,0.9571117310,0.1227553811,0.8682577379
2.7789505594,0.6569453874,0.0490705387,0.9804240590
1.9309938591,0.7019056236,0.5366590264,0.7057151212
1.0930452499,0.2109267681,0.1020575204,0.0823911462
1.5970137296,0.3642331227,0.8110086343,0.8602690474
0.0506948245,0.0209146190,0.3052779234,0.6896009940
-0.2672198405,0.9585643706,0.0203231249,0.7217143899
1.1089662753,0.8683953874,0.8511890630,0.8873329387
1.5994490619,0.4348064701,0.2789108968,0.6182642750
0.7682723269,0.1307840147,0.2216887977,0.9995691420
2.6336442422,0.7717211547,0.1581054836,0.9743113426
0.5679848718,0.1062601480,0.3106289509,0.0792076128
0.3867718449,0.8380736803,0.7505843291,0.7470235378
2.2560407715,0.7982399528,0.1630876917,0.9263521821
0.5891855199,0.0282402750,0.8750378353,0.0286249643
1.2206067779,0.3107690172,0.6315747423,0.1315426997
1.5696492974,0.3791952146,0.2469618000,0.5963851073
2.1433528613,0.6170669719,0.2681843447,0.1307740425
1.4011846026,0.7137787069,0.8166226291,0.2457577742
0.9208318700,0.2497543529,0.2154162720,0.1913903597
0.8238268161,0.1249961705,0.8779582876,0.5243861894
2.0568490889,0.6817557127,0.6233440359,0.7066804451
0.3453501844,0.1084800556,0.8405548583,0.7938320524
0.7781295762,0.0982383264,0.8549286175,0.3660264471
-0.1694917972,0.8367430940,0.2882763705,0.0912214822
0.9290984762,0.2498875555,0.9742800666,0.0961709421
-0.3300166001,0.0310447661,0.9971753084,0.9540158282
1.7885431808,0.5623591553,0.4589598109,0.4805756633
1.1767655811,0.9919963185,0.8650919851,0.9796728711
-0.1193718964,0.9564282580,0.9192728306,0.7583520337
2.2920858967,0.5340509059,0.1091979109,0.8103753346
1.0462060314,0.7321634831,0.8422397185,0.4311096176
1.4418125685,0.3002728755,0.5582326481,0.8626443029
1.8907252724,0.6507541390,0.0813823516,0.3898137313
2.2737255389,0.6433387546,0.9752267007,0.9585214153
-0.0181368716,0.8177576526,0.7842676589,0.0329902535
1.7615777537,0.4178950305,0.3630624810,0.6901097293
-0.4367742640,0.8991511733,0.7938588942,0.1654750618
1.6809314770,0.3857011235,0.7716555117,0.9989962158
0.3931265141,0.0436220748,0.6791923156,0.5337793150
1.5720463096,0.3798871417,0.5580692150,0.6583164424
0.2388206538,0.9916756228,0.3922256147,0.1494006835
1.4271093755,0.3358728764,0.5748340277,0.4975753390
0.1001125504,0.9296245572,0.0187576825,0.8143502504
1.0737050958,0.2048287460,0.5886695769,0.4136881336
0.6503092612,0.1301491287,0.0302188502,0.4728921374
0.1130691049,0.8112715378,0.7296102977,0.5199098690
1.0124719704,0.1404535241,0.7276419097,0.1840538885
-0.3113081067,0.9332725732,0.0583035977,0.6759422647
1.0777710055,0.2125597744,0.1399402609,0.6135032447
-0.4797462208,0.8755816613,0.7280357076,0.0725158069
0.6330225100,0.4378202759,0.2512998144,0.1992595404
-0.2597758276,0.9488861416,0.3747155541,0.5372751844
1.2252805357,0.3042163828,0.8371569612,0.4080956831
0.6643122881,0.1321266145,0.1098782765,0.3373095497
1.1650303572,0.3474286998,0.4917490330,0.2298818870
-0.3269550843,0.8806923533,0.4237963943,0.0354331516
-0.3874076896,0.9486777361,0.0050951183,0.3771339038
0.1370184612,0.0323991454,0.3498075330,0.2481147449
-0.0481150675,0.0292066136,0.3106066984,0.9401085974
0.8820300183,0.4083362536,0.3806283828,0.3273748357
1.8229963675,0.5650812106,0.7324744815,0.3364337291
0.1473211641,0.8445842501,0.5463176097,0.7047667539
0.5664384323,0.1090429105,0.4122570963,0.6664984164
1.5537977083,0.3377971431,0.4117376683,0.7334717003
-0.1905225018,0.0139468695,0.7608037767,0.8851129898
1.5089445032,0.2853591685,0.3498180812,0.8803619252
0.1316750511,0.0758269642,0.9669557577,0.8606623054
-0.3380602492,0.8733295782,0.3577925238,0.1652307388
0.0272806322,0.0292961117,0.7076245007,0.7427890865
1.3309959262,0.1446022027,0.8797176238,0.0798933839
0.8652830312,0.1907949212,0.1302877647,0.2528232503
1.2187436947,0.3431895691,0.7044600894,0.4435120677
0.7871726963,0.1788443292,0.1223178173,0.4342999547
0.2975422155,0.7749451717,0.9441152516,0.2542506522
1.3587149151,0.5011840707,0.6946903375,0.4007254294
0.2426742651,0.0410298180,0.1212340597,0.6115712867
-0.1450861250,0.9883016847,0.9799443675,0.3865114953
0.2797139385,0.7931841012,0.6765709248,0.3135432337
2.3966211175,0.5460441074,0.4241070036,0.9413507305
2.4640435812,0.6618897638,0.1969622136,0.8644056684
1.2471372650,0.1965635165,0.8790621715,0.2157446710
1.3443756495,0.3471812763,0.3643715180,0.4929999146
-0.2088022149,0.9523260899,0.0736080346,0.7190531690
2.1859191936,0.7789529091,0.8908078531,0.9314416841
1.0725928588,0.2245324403,0.2125347322,0.5982084200
1.7112349771,0.5446929307,0.2766971811,0.0733535358
0.4068164494,0.3464818229,0.0559967294,0.2734407199
0.0542207242,0.0087903145,0.6347411559,0.6211368321
1.2098588706,0.2489052388,0.7269404823,0.0504123882
2.0467550223,0.6488962063,0.1764616184,0.5337526731
-0.1850211905,0.9177131858,0.2350461924,0.7254220404
1.1987305695,0.2572212624,0.8035392375,0.5107915724
1.4084357529,0.2907607244,0.7022249101,0.8186594392
2.3250468306,0.6362997122,0.0757575705,0.7555356049
-0.2193085104,0.8946071172,0.6339079697,0.6801234113
1.8782040799,0.5639736038,0.4344807236,0.5718119958
1.4352072278,0.3572124249,0.5997675749,0.4817260204
1.3022312684,0.9144495445,0.7419643745,0.9427783588
-0.0581038965,0.0222500570,0.6447106262,0.8621786855
-0.5627928533,0.9356943649,0.9959710681,0.3994892831
0.8630549369,0.3988547303,0.3821588287,0.0189289670
0.4729105802,0.0636553186,0.6096815816,0.2492470533
-0.0269981923,0.9703029918,0.7844300566,0.0047976025
1.6353245467,0.5520860766,0.8999299428,0.1946583861
0.8397024442,0.7588435815,0.4320172291,0.0601755819
0.4485476929,0.0574313617,0.7693992100,0.5535346017
0.6449266417,0.7653637532,0.2522662459,0.2527003798
1.2001441861,0.1538574630,0.7925424547,0.1577786250
1.6150178064,0.3849434354,0.8771791503,0.7634307706
0.8678486602,0.2087096558,0.2466627270,0.2399354998
-0.0538744338,0.0063330511,0.3043295781,0.7626095492
2.3973028539,0.7991152748,0.5975444346,0.9643162282
0.1336425675,0.0200098191,0.5924804208,0.5061476599
1.3055666270,0.2159130528,0.8392297791,0.0870327491
2.1341094378,0.6712416758,0.7018176059,0.7830771189
1.2990279587,0.5071189034,0.7751717513,0.3115155858
0.3929102096,0.0083182757,0.7322563335,0.3590531771
0.8161134895,0.1442728108,0.7594521570,0.5396659129
1.1399231550,0.2375955301,0.9007097226,0.7847724392
1.0779260054,0.4133952799,0.4216360222,0.3266476001
0.4639458820,0.4499958898,0.9350750454,0.0681205931
0.5546245534,0.1018873651,0.3934218228,0.3800587455
2.4831781959,0.5869152879,0.3584747817,0.9257832525
1.9308421322,0.6705491566,0.4501574989,0.4857865652
-0.0315761689,0.0452191386,0.6175570021,0.9434558234
0.2715611613,0.0520489860,0.2290233316,0.3278406538
0.4949534596,0.0433703826,0.7467474295,0.3857392796
-0.0538457484,0.8751529493,0.9661358979,0.7507571278
1.2174423767,0.1374224083,0.9121772480,0.1995932723
1.4088795416,0.7253063649,0.4861481189,0.4507813135
-0.0265997207,0.9688580917,0.6110563386,0.3289623003
2.0427820828,0.5943349374,0.4707134342,0.3099328671
1.0835389678,0.1807009639,0.9199199833,0.5000281299
2.4006275015,0.6234524638,0.7862468437,0.9764474578
0.9172650413,0.1731850346,0.2978210908,0.6266475063
1.8220799184,0.4087436624,0.7044779741,0.9120528520
0.7216519383,0.2706215660,0.1571017992,0.0728262422
0.6457768003,0.3779093322,0.6733285731,0.0922973531
-0.1877862383,0.9615490777,0.5733381019,0.0865550283
0.7546257542,0.3068308194,0.2671269534,0.0814320279
-0.0261941742,0.8999498383,0.4295460184,0.7494424276
1.3255671971,0.2624343511,0.2161501494,0.6737677121
1.1285134686,0.9851718705,0.9393065139,0.9767268040
1.7607484325,0.4002195646,0.0966650313,0.6917895932
1.3537680428,0.7536647207,0.6358967652,0.7102252127
2.1362643051,0.5493751825,0.8525731042,0.7915183976
1.7756242498,0.5091565157,0.9152958051,0.6071698154
1.2461915190,0.2273666027,0.8729243074,0.3381814768
0.1460881985,0.0488994623,0.0321622444,0.5592895891
0.5267810939,0.1447439359,0.8525085301,0.8958478785
2.0662613164,0.6444105718,0.3801752929,0.0643769569
1.9921131523,0.4928581043,0.9243658940,0.7396065581
0.3465981022,0.0521880203,0.2257636311,0.4373387567
0.9323211812,0.1175418774,0.0572553067,0.0074210915
0.0841905448,0.9755128057,0.5815118160,0.5887821692
0.9891775012,0.1312326353,0.9683551351,0.3651031496
0.1004765011,0.8051920001,0.0769079931,0.2336458771
-0.0338499837,0.8227827078,0.2829716616,0.2588895179
0.0432722328,0.7969698372,0.9970395980,0.2413068566
0.2719455413,0.0589816882,0.7931961284,0.6313233537
0.1105928349,0.0559347753,0.2118465356,0.0842703065
0.2245944649,0.0817953511,0.4806453296,0.9373360785
1.3323471457,0.5187927949,0.1294878627,0.2458044195
-0.5856865543,0.9116339780,0.0335564471,0.2639181240
1.1074914356,0.1616949211,0.6537605556,0.1364902266
0.6738294086,0.3517304440,0.3119249632,0.2279216955
2.8009281122,0.6831769562,0.1337905110,0.9981673900
1.7328606420,0.5142238126,0.5343317919,0.5310965685
1.7486743188,0.4443068763,0.9817836603,0.6394169673
0.0329830498,0.0165866618,0.8554884083,0.7057611705
1.1416395674,0.2298745967,0.3244177290,0.6292881019
1.1110137043,0.4245022192,0.6189616282,0.4476182730
1.4091452363,0.3091364741,0.9562278838,0.7632632799
1.3041024555,0.2763737683,0.2763788232,0.6682262345
0.6135964270,0.1208671404,0.0040767466,0.7191951341
0.2550065631,0.9929668319,0.4529384928,0.6826197558
1.9496955520,0.7175139222,0.7387672621,0.7502153821
2.1680667502,0.6067029485,0.9748159757,0.7712384339
0.4887144797,0.0936579035,0.2330639896,0.5332385831
0.3227136296,0.0325447942,0.7173414657,0.4624769620
2.2908247033,0.8529721873,0.0441199887,0.9731953974
0.6779801513,0.1403307328,0.4380942182,0.2088829631
2.0994792182,0.5774221017,0.2097247062,0.6594235591
1.5080688922,0.5216480507,0.9014759971,0.4444683037
2.4546095277,0.5525174013,0.3335780031,0.9588597813
1.2973821986,0.7423132722,0.1642552119,0.6362111257
-0.3066772341,0.8463360657,0.8064244694,0.4827087507
1.5748387503,0.7686551316,0.6451322199,0.7828038771
2.1068919757,0.5587558286,0.8459617492,0.8069420185
0.2346839023,0.7959394454,0.8637980364,0.0967823737
2.1632452691,0.7147837818,0.7457115802,0.8133840935
0.3113879305,0.8009896134,0.4181716872,0.3002312306
1.3911328789,0.4077954192,0.5276611562,0.4847016191
1.9899008486,0.5827371004,0.9812577390,0.2271557806
1.4352684840,0.7878331856,0.1781433429,0.7970909358
1.4588534317,0.2704413892,0.2305017508,0.9366227228
1.0288781076,0.1011612145,0.9409576103,0.2214531516
2.2418418033,0.5542264570,0.7156473458,0.8656268937
-0.3134435760,0.8473510576,0.4152462189,0.2069750018
0.1216938759,0.9885247808,0.6481565707,0.1569529672
1.9927050775,0.5659424044,0.9762009514,0.6220309852
0.5270602333,0.7761837906,0.3217325310,0.1743093076
-0.4083076807,0.8635732993,0.9359778191,0.0189899718
2.0532300408,0.4502363714,0.5188014285,0.9914172870
1.5019102313,0.5328923224,0.3958212531,0.2010123300
1.1836768917,0.2727984160,0.6509851582,0.2724850224
0.9252635504,0.1521046069,0.0628395914,0.1147976962
0.6155250055,0.0569520700,0.6699533738,0.2875029215
1.9051650336,0.8432126314,0.4057815556,0.9338172688
1.1358442587,0.7667027777,0.0705363867,0.6904134407
1.8945443032,0.4452026512,0.5444115764,0.7737349547
-0.2802125787,0.8340231584,0.8821421213,0.2569756508
0.4140212239,0.7856314071,0.9974993256,0.6256879051
1.4487844512,0.7048234728,0.9713195620,0.2090986768
1.7702030020,0.5423530642,0.6445896999,0.3975708775
0.2184139320,0.0298889836,0.5352286957,0.3005019552
1.5192994308,0.4638763580,0.3362507033,0.5437261445
0.0840243785,0.9806983880,0.3298698642,0.0587660010
0.2165746306,0.0394669773,0.2854432939,0.1579188177
2.2459055011,0.5111644841,0.0131498010,0.8374097983
0.4523154934,0.3957274337,0.2050066539,0.2611464060
0.1253366916,0.8122499059,0.6669154049,0.3872701304
1.6375056985,0.6940607612,0.2854126482,0.4859256097
1.6101366391,0.3393894740,0.8647166933,0.6261246730
1.7223673764,0.4093617382,0.9828957022,0.9608220843
0.3837551064,0.4158669195,0.9951345440,0.2716924880
1.0748553253,0.2044457069,0.2209439053,0.2582060907
-0.1705290216,0.9518395731,0.5035132245,0.0724610453
1.9840110405,0.5417683349,0.4310289159,0.6816697809
1.4026416582,0.3199791274,0.9904540605,0.5133956833
1.9069173717,0.6802659985,0.3845496971,0.6030563593
1.1998308713,0.4652889427,0.5248336102,0.0494364647
-0.1762447530,0.8365264579,0.2961983279,0.2459907555
0.8950179242,0.3094544076,0.7351820874,0.1912862189
0.5113239485,0.8319736110,0.2038246848,0.7592444637
1.9106328504,0.6894018931,0.2794492209,0.6392745468
0.8824266638,0.1949674768,0.3703284479,0.1643593107
0.0672390125,0.9962129829,0.6843902047,0.0048907891
-0.4474990740,0.9114692552,0.6548056952,0.3440176645
1.6906995209,0.5673723685,0.1480363089,0.2905212179
-0.2504132927,0.9474538783,0.4481557262,0.4320589218
0.8704807358,0.1553417173,0.8107418481,0.5980409808
2.0457794913,0.6445657215,0.6923013066,0.6568797786
2.0420543862,0.5180686839,0.8965408153,0.7391722171
1.7171406624,0.4532985288,0.2268444680,0.6327485114
1.0052325316,0.2168326496,0.6728776807,0.9734768334
0.7184870128,0.4141928447,0.0657643330,0.3916171286
0.2232310622,0.4158644482,0.1704398646,0.1156690699
1.4501322231,0.7215502712,0.5061659115,0.3801659513
2.2284741195,0.6131210311,0.9147475731,0.8249624072
0.5292369465,0.1299801964,0.7163746860,0.8691004214
0.5727510313,0.9868227368,0.2274167415,0.8732259613
0.5108358405,0.0979114596,0.1827497932,0.6884994491
1.9959146743,0.5977482156,0.4903539186,0.5772339305
1.9850860531,0.7176919619,0.9024617847,0.7596079170
0.5715980716,0.0111284494,0.8550876665,0.1967615582
1.1709249502,0.8402889441,0.5397082357,0.8438596561
0.9594447596,0.2173697573,0.6622399704,0.7542713572
1.1111200524,0.3538982364,0.4591251563,0.0526260655
2.6699219111,0.7784723585,0.2053860052,0.9797693020
1.2807903325,0.2555457882,0.8350778868,0.5953882410
1.9601965322,0.4881264925,0.1384434728,0.6790482649
1.2652539082,0.7244127211,0.2714447194,0.1580367406
1.4793445889,0.2968679629,0.2850809009,0.9051766576
1.2350299995,0.8825672007,0.4359371601,0.8972084764
1.5905615656,0.3598735656,0.6704934020,0.8309346010
0.8931089452,0.3328584105,0.3942097492,0.0537125465
-0.2044783237,0.9638096514,0.7337821758,0.5430397619
1.9945498361,0.6903794132,0.9006738948,0.7284111758
1.1126022273,0.2231366923,0.7961542649,0.5380623130
2.0708421245,0.5673819877,0.2709489717,0.6852297252
1.5018947130,0.4414775487,0.2389910900,0.5762833585
-0.1350783636,0.8345978871,0.4547847686,0.3225869130
1.8767179370,0.6536914982,0.1116302415,0.2439108632
0.0501390462,0.8132980172,0.3113370017,0.4465528737
2.2563141902,0.5858375151,0.7176606574,0.8413462265
1.4380296656,0.3526220481,0.4521211190,0.5823285155
1.1383349684,0.4703854352,0.6705094426,0.3961877239
1.0323874197,0.7364076627,0.1959058554,0.0950441299
1.6083517396,0.7088379817,0.9010113457,0.6581433296
1.8359779766,0.5117913252,0.8170307980,0.6518375570
1.3522675883,0.2881432658,0.1944942802,0.6120244907
2.4850812045,0.5472068402,0.0401644608,0.9748555489
0.6326473835,0.1221424083,0.0552606717,0.5669994799
1.4364017551,0.4146458272,0.7506921299,0.5407986723
0.1002790890,0.0148872517,0.5992478241,0.6919114327
0.3004638682,0.4020769396,0.7945659481,0.0569789186
1.5277744408,0.4399426339,0.2315618081,0.5737701215
1.2618548877,0.7249877081,0.1292565694,0.2187625424
0.5750971332,0.1200503763,0.3268026851,0.2450261225
2.5814665659,0.6138958103,0.1692973312,0.9330121128
1.6947559136,0.3906883168,0.1115990967,0.7673232714
2.0188196529,0.5844092306,0.9761714639,0.7196617835
-0.2534522503,0.9452340812,0.5315022727,0.4779101079
1.1302357552,0.2703533395,0.7090260643,0.7620567956
-0.3771895540,0.8823091127,0.6607104251,0.2564384820
0.3660404332,0.9442546765,0.0656454301,0.8600744663
0.8646750716,0.4761824221,0.8464922615,0.0408399668
1.8453115465,0.6658434870,0.1963411725,0.4276462872
0.2011964535,0.7996076866,0.8438899130,0.4108012763
1.5677500187,0.3559528076,0.8428846841,0.7219364316
0.0723184711,0.9307612986,0.8179006899,0.7954286884
2.0407721186,0.5941229466,0.9436106283,0.7280686741
1.9871312374,0.6629041069,0.7519742766,0.5030127303
1.8303539175,0.4083882365,0.6234263164,0.7884437070
1.0067812638,0.1647239244,0.6317638367,0.0429012181
0.8375145505,0.0746030808,0.9988354364,0.3370471136
1.4161592956,0.5169781148,0.3029059723,0.4185587593
1.6516398631,0.5439819206,0.6764845903,0.0875235136
0.7725482589,0.7557870142,0.5352638962,0.0655321660
1.6268076189,0.7039676969,0.4604416533,0.1771475353
2.0844731195,0.5387699392,0.9175310597,0.7829654474
1.1849483217,0.7220315773,0.9183374955,0.4846980675
0.9980732901,0.1975972741,0.9269244514,0.5828743970
0.3104791130,0.0529186480,0.4628392456,0.5035825124
1.0152621536,0.1878855279,0.1593140033,0.1654489376
2.1782842388,0.6011455654,0.9811995370,0.8192161729
0.5579914559,0.3076323864,0.2473373112,0.0954006210
-0.2746776231,0.9634672224,0.9679921631,0.3361937680
0.8697448161,0.1505543098,0.5974616041,0.4193297967
-0.3124856475,0.8736382000,0.3657123091,0.5688327733
1.3255572796,0.5270904573,0.0071474431,0.0829125404
0.9825904640,0.4806124495,0.9990074801,0.3564499896
-0.3578733441,0.8931823634,0.6587251279,0.3320067551
0.4336029839,0.0880559153,0.1358226807,0.5954981475
0.9803769811,0.2238710648,0.7106119113,0.8692300055
0.8677953967,0.8550889627,0.0287947274,0.8447787595
0.9785958201,0.2361939328,0.0722457207,0.2669351312
0.1680350546,0.0571843013,0.9704642708,0.7879554589
1.7944599500,0.5614940219,0.6769601681,0.2074912412
-0.5826183783,0.9160062516,0.9161090383,0.5312120340
-0.4325168125,0.8622636433,0.1668905871,0.2068009669
1.0214800422,0.8586920268,0.6529921915,0.8560379613
2.0793317339,0.7999979216,0.0990423028,0.8857556972
0.2527700793,0.3998878219,0.8183746333,0.0775295601
1.3416569872,0.3445675787,0.7595962760,0.4732492698
1.2946902585,0.7446474058,0.5598180937,0.6041392349
1.1272846539,0.4927407464,0.9124082127,0.1063905032
0.8698993001,0.3621378804,0.3580293115,0.3415652666
0.5980756285,0.0855290802,0.8167504398,0.5249036247
2.5450852447,0.7048095010,0.1603120431,0.8966522959
0.0783704778,0.0216114911,0.8415330540,0.6439325616
0.3433961782,0.0598395075,0.4823296977,0.1632111046
1.4911580808,0.3880918993,0.9598780977,0.5258896700
2.5942253965,0.6017068017,0.0137674260,0.9472485706
1.9321981026,0.4013205381,0.2785866609,0.8261328172
1.4827785293,0.5020301222,0.0844968803,0.5218876514
0.5904737798,0.1073847631,0.1675688750,0.6505373717
1.3129679133,0.1831258382,0.8302022855,0.0932036097
1.2546080475,0.2458205023,0.4136883536,0.9337914028
2.0799739142,0.6238504305,0.1364241830,0.1709878396
0.9284317698,0.3560803746,0.0584160191,0.4304497815
1.8995909704,0.5749011905,0.9058522734,0.3559757072
1.1676407619,0.7335717088,0.5234576059,0.4116249026
0.9287236963,0.1959155280,0.2245031874,0.2095777164
0.6873448303,0.0895802531,0.6117933689,0.2760058557
0.4910480269,0.0053237426,0.7921372576,0.3095292764
1.8977952914,0.6589675828,0.0930455409,0.3470552154
2.2173758684,0.5811243629,0.1808983793,0.7604462707
0.3948987909,0.7877791002,0.7059541266,0.4652221921
2.5618548265,0.7527735580,0.3542629802,0.9520301493
0.8756400365,0.1688613169,0.0173653747,0.2088462037
1.2778009996,0.2731278922,0.5880717577,0.3889981268
-0.4111773067,0.8612743970,0.2107429800,0.0416786102
-0.1920124377,0.9456876371,0.2803129697,0.0691284420
0.9244129339,0.1938494186,0.3124895435,0.4551570669
1.9465448866,0.5254689547,0.4073156169,0.6542138670
0.8021523967,0.8954725317,0.7587389251,0.8685438247
0.9232145173,0.2444764005,0.1158491119,0.0876189241
0.9845256708,0.2115086800,0.4091091955,0.0523481906
1.5234505078,0.6921623634,0.0318906937,0.5685925155
1.7721477266,0.5275344061,0.7672631851,0.5503459551
0.9484165680,0.8129573105,0.2884222239,0.7789780502
-0.0356510973,0.9042823150,0.2017629906,0.7457293043
0.5458476264,0.1289020164,0.6254371323,0.9214884386
0.9740483175,0.2287264842,0.1127071979,0.3691284436
2.5912783207,0.7231290406,0.0549982220,0.9059643119
0.6319740906,0.7778988779,0.5301278217,0.5023090559
1.5116268491,0.3462145736,0.6361694636,0.6106861351
1.6776789656,0.3898339604,0.8521601700,0.6728472898
0.0998798777,0.0408159921,0.0904346463,0.7865698620
1.1335696106,0.2685388656,0.8790059068,0.8818911488
0.5039014295,0.0837402988,0.1086835959,0.0736300801
0.2587267439,0.8049714275,0.3494556347,0.4212780873
1.8457192714,0.7162350751,0.8584478353,0.7318932957
0.3955880631,0.0904644547,0.3463274122,0.6070611325
-0.2009810769,0.9466092400,0.8008045469,0.3065392575
-0.3154434785,0.9098842357,0.3682189357,0.3147835516
1.2335212884,0.8069335217,0.7454900221,0.8130065350
2.0991643858,0.5209306065,0.8131259793,0.9109393052
2.5825161594,0.6821543904,0.4315940994,0.9527065338
1.3075501675,0.2678292771,0.6006459540,0.4732561294
2.0675825978,0.5066461179,0.6396935021,0.7276848436
0.1909126100,0.0472768092,0.2592463645,0.8776824050
0.7134740700,0.3129436330,0.1483196045,0.2972769542
1.9151434828,0.5642150703,0.4221419073,0.2795488195
1.6286170303,0.3899878881,0.7660413027,0.6348023913
0.3797945760,0.4404814521,0.0620084673,0.1807615495
0.8279499708,0.2178316147,0.9466627512,0.9862699485
1.8630600940,0.5383515271,0.7508154743,0.6403509525
1.2297289537,0.4809393275,0.0898949527,0.4527711043
1.9360928760,0.4994850219,0.6113727470,0.6826190924
0.7976678801,0.3626455936,0.2041754925,0.3739471255
0.8355955893,0.2477059053,0.0565535554,0.2488022308
0.6216481572,0.0977415195,0.8300094411,0.5245238193
1.3304269872,0.4031183628,0.7981803634,0.4772734055
1.8410136329,0.5686386590,0.8821829027,0.1842127308
0.3251928226,0.0810513106,0.4149694741,0.8320712650
1.9051357977,0.6566929286,0.3539505959,0.3861491617
2.2964759106,0.6522462051,0.1395444008,0.7521858219
1.5207891976,0.4981726735,0.4391523661,0.4947700068
-0.0082289081,0.0552261421,0.6115376708,0.9963815463
-0.4312518506,0.8926278273,0.6741717853,0.0514128138
1.0646680955,0.2045430994,0.2634275353,0.6427246770
0.9833969756,0.7358218487,0.9368291684,0.3324921027
1.6260178321,0.3087395409,0.0324539600,0.9008426803
0.4375084676,0.1248765100,0.7055379957,0.9703071680
0.9990260497,0.1652896747,0.1246989077,0.1718416671
1.9642921547,0.6614391007,0.7059547682,0.1006814478
1.8895766337,0.5761582277,0.8778202070,0.2482368443
0.9706931033,0.7636934487,0.4651084344,0.6722656736
1.1277566799,0.2272032628,0.4541204438,0.9801753530
-0.4596873014,0.8407971075,0.0501511336,0.1140100530
0.2227381949,0.0410774220,0.2450450150,0.5800074323
-0.1315853287,0.8280239273,0.9767223164,0.5778119554
-0.1514233621,0.8930283268,0.6447241291,0.6922149193
1.6469365032,0.9197932073,0.3002881363,0.9723375612
1.1362052808,0.2476610795,0.4308964838,0.4393454519
0.6324891548,0.4363370157,0.3306213254,0.2031471995
1.8352557174,0.7216076751,0.1228289076,0.7400033550
0.7468208033,0.1562514082,0.2430495134,0.7147695144
1.8811020162,0.5521177077,0.6511838165,0.3803762085
0.3523905366,0.0579179826,0.2197952512,0.4515641992
0.5929757498,0.1063618657,0.2120696487,0.4696121888
0.1534445959,0.0417474127,0.9106430463,0.6715418559
1.4445137689,0.3185822842,0.7585900782,0.8236194233
2.6112801792,0.5858057541,0.2294529444,0.9410428841
-0.2184407235,0.8753772853,0.7275266058,0.6601995772
1.2170490640,0.4770845664,0.3874073267,0.3756664550
0.4586447705,0.0419731811,0.6345753244,0.0204651144
2.6467072085,0.6661820244,0.0759830037,0.8871557616
2.2425145267,0.5568098489,0.5943694190,0.8291911054
0.0973641507,0.9865037502,0.8688889250,0.7674577079
0.8705180051,0.9970857853,0.6886842187,0.9410658569
1.2744192233,0.4819197315,0.5509598377,0.1134845655
0.5407375183,0.0807563688,0.6271530181,0.4184292541
1.7177573700,0.4277471750,0.6096453520,0.6404977403
0.7805835687,0.0436758394,0.9899774812,0.2597859379
0.9975045610,0.1817137076,0.1143379674,0.1831609969
2.1805802709,0.4634312207,0.3824064749,0.8677242820
1.2855935580,0.4006567756,0.2935210331,0.4986756266
0.6585249787,0.0077043122,0.9182116908,0.1547245902
2.3570504176,0.5907497043,0.0858582133,0.8252531663
2.0115100667,0.6219508911,0.1626484898,0.3784733693
0.9456652298,0.2368341961,0.2171031022,0.3147407700
0.3649557813,0.0593057540,0.3555918664,0.4495610732
0.5310652377,0.1163765529,0.2910424401,0.9459249311
0.1007385940,0.3533759663,0.8751670044,0.0244194170
0.6850547029,0.9053832261,0.2110966691,0.8634500481
1.3843937138,0.5075526904,0.5141085053,0.0490096403
0.1718057946,0.0421493220,0.2609461645,0.8044424803
0.9677986435,0.2231783818,0.9529373581,0.7788383167
1.3245631050,0.7256372826,0.3547472717,0.4783175642
0.1003986254,0.0051106852,0.5146853935,0.4788216499
1.7615155480,0.5100098470,0.3654028788,0.5969090663
1.9066705606,0.6330705842,0.0522474490,0.0615120382
0.3604875867,0.0897895357,0.5412788381,0.8256639876
2.6875296283,0.7312339113,0.0862748899,0.9596352334
0.5042095657,0.3282661375,0.1733453313,0.2100925563
-0.1909707946,0.8254437317,0.0979105470,0.0503784873
2.4561897375,0.7464480366,0.7265403990,0.9624222050
2.4432397321,0.6592541943,0.3639465892,0.9196479244
0.6352663194,0.7626028191,0.1800522275,0.2714723179
2.2801687049,0.5685401451,0.7495663276,0.9554298818
0.7569318589,0.1650411553,0.7139082573,0.7930370021
1.2627142002,0.5010338539,0.6945417331,0.1691912081
-0.4031895410,0.9031223403,0.5118321884,0.4292816930
1.2615292937,0.4952320324,0.1240019312,0.4451866231
0.9361614088,0.9254136623,0.5203628713,0.8990873595
1.1647732329,0.2759830399,0.7442670493,0.5878254478
0.6004143770,0.4275981400,0.2915955612,0.1804632370
2.1388731686,0.7681107526,0.5659200183,0.9050379745
2.0409686959,0.6561852119,0.3499196778,0.4886133322
0.6595674500,0.1160939092,0.0105659884,0.1575260095
-0.1625912335,0.9803185629,0.0555443532,0.0365679048
1.3371148995,0.7166913057,0.8889281578,0.4996814460
2.4155932293,0.7945777588,0.0593528211,0.9455590509
0.2128440605,0.9162141784,0.4633059549,0.8003442528
1.4844687759,0.4474380234,0.5816418527,0.5367172184
0.6438486485,0.7564566585,0.0929916718,0.2767631423
1.5228971005,0.9677624971,0.5492437653,0.9975824398
1.0152788043,0.2763074165,0.2378759424,0.3286697666
-0.4276106517,0.9252429371,0.7171542534,0.4429730829
1.3860021539,0.4966874884,0.5801680744,0.3822058798
0.8700104473,0.1772188371,0.2384068781,0.5912029397
2.0377827343,0.7625658480,0.7306691817,0.8579298537
1.9530082064,0.5819790718,0.3492989568,0.5466438881
0.2159976161,0.3789933753,0.0078341867,0.2712748694
1.8291026197,0.6576233714,0.9578891219,0.3446535439
2.5563701048,0.6931217654,0.3531697104,0.9351095190
-0.3950223063,0.8791953132,0.2862601128,0.5515385032
-0.3772084609,0.8892242813,0.0047162249,0.6476788356
-0.3296942392,0.8484654083,0.8452207357,0.2411021499
0.9396970834,0.1340364379,0.8150613826,0.4770980111
1.9754525166,0.5435020338,0.9848174193,0.6106644103
0.9220357707,0.1885713909,0.4564880850,0.3689767795
1.5245774314,0.8551126206,0.1780077207,0.8991488340
1.0789775418,0.7565240360,0.1654840464,0.6638417691
0.0614978102,0.9859208013,0.8259890253,0.5044091840
0.8991794906,0.1989626448,0.3144985965,0.3493338249
-0.3454101973,0.9543781893,0.9572072444,0.5547857812
1.7539967632,0.6979994868,0.7434679045,0.6685213024
-0.0527896373,0.9642385778,0.5975364106,0.4441595216
2.0865885670,0.6985917412,0.8456064865,0.7931181953
1.2833066005,0.7194941581,0.1102923570,0.0449382089
1.2680789243,0.7619838548,0.4401259758,0.7136113427
2.4123725660,0.6307735360,0.8448674277,0.9904521005
-0.3654710311,0.9048068610,0.6013264741,0.1506630449
1.1934228390,0.5026263707,0.1892326758,0.1872601620
0.5328226279,0.1350737923,0.9730157887,0.8192472531
1.5309932314,0.4159600264,0.3934846959,0.5655550668
1.7531172919,0.6916227506,0.6067205775,0.3503303784
-0.0135778153,0.0094246788,0.1497394148,0.8361524750
0.5362218602,0.1142450983,0.6546382656,0.8234761475
0.2541201284,0.0303968957,0.5745282560,0.5945224474
2.5649289410,0.6505483233,0.0080429331,0.8943732700
-0.0856246975,0.9793460948,0.0187615107,0.5390374378
1.7013511083,0.6950887522,0.4682270793,0.3191803483
1.4662918617,0.7379613798,0.6085394405,0.6608656460
-0.1099291458,0.9670340218,0.1712147638,0.1655130863
1.5126751134,0.3729025965,0.3384383394,0.5988949537
1.8385115347,0.8678083385,0.6643506058,0.9476259985
0.5218403216,0.0905882104,0.3162178549,0.4055984607
0.5474494390,0.1007979764,0.2313571712,0.0687128936
2.5328234956,0.6670235932,0.4010385926,0.8763113754
1.3813938779,0.2767633143,0.2530414746,0.7922982530
1.4219578704,0.7176439247,0.3964698399,0.3624491319
1.2941847284,0.7276913558,0.4101580865,0.3123573258
0.2390864070,0.9754163655,0.0450105016,0.8359967872
-0.2425926836,0.9027667031,0.5121537831,0.6680640619
1.4982798849,0.5194931018,0.6475902761,0.3352608342
1.1832774104,0.2288151153,0.9809168947,0.1158463188
0.4655417254,0.4496148425,0.1066755770,0.1079220586
1.9994777076,0.5903183521,0.5545762018,0.4489534354
0.0360869254,0.0183154519,0.7914963173,0.7018660437
0.7760091086,0.8762010929,0.7942937062,0.8417579918
0.0881831891,0.0632433823,0.6541164706,0.8506989274
0.4954584075,0.7831514378,0.3121107940,0.0989087367
1.6204830697,0.4569308270,0.7406735936,0.5945839551
0.8523119733,0.2394643042,0.2293842558,0.2166503027
-0.1326488383,0.9547902745,0.5193438367,0.6063598356
0.0566873933,0.3666974542,0.1054977749,0.0251594417
2.4054815093,0.6516210211,0.2022709745,0.8321557081
1.7899917713,0.5413384333,0.3823587081,0.4648889392
1.3523499133,0.4323638983,0.4186560285,0.4936963685
1.9351689900,0.4602764124,0.5969648733,0.7311323077
1.5851103684,0.4343425296,0.6666248209,0.5400630930
-0.4754776795,0.8930259777,0.1774025493,0.0379002552
2.0017239950,0.5745947992,0.3053214102,0.4641292077
1.2610946518,0.9268064383,0.8404285194,0.9539821104
1.9007288472,0.4674618884,0.8783323578,0.8249186121
0.1894489297,0.9951166916,0.5091321834,0.6173564535
0.8267107596,0.1548440974,0.2240074163,0.8246682272
1.5037810708,0.5225556905,0.0627480401,0.5076090144
1.0523196627,0.2263004790,0.9284727159,0.0624146138
-0.3223165061,0.8639564806,0.3784090559,0.1172560396
0.3827320217,0.0710981171,0.2173151314,0.3322315864
1.4330288104,0.5409950142,0.0043837315,0.1917472288
1.8333815101,0.4659568998,0.5722098272,0.6454465131
0.5844085967,0.0489516493,0.7437728720,0.2725070684
1.1566031254,0.4917589468,0.2982523890,0.0771640748
0.6765730557,0.1432494348,0.2707601178,0.3719973128
0.9122695813,0.1683334788,0.6944300575,0.5743973397
-0.2113119020,0.9577408434,0.6122428168,0.3080903891
0.9025265748,0.3414420294,0.9810177928,0.3685739982
1.1176743299,0.7334617802,0.8425132101,0.2773538878
1.9430534754,0.6647052535,0.4022516746,0.4492081350
2.2572901227,0.6557312846,0.5800691112,0.7652884143
0.8368338103,0.1871293254,0.7661499362,0.7809504677
1.2233089474,0.2542386145,0.6262291882,0.2865813335
-0.3387168502,0.8932792392,0.5890803513,0.5389864017
-0.3436446032,0.9066104743,0.4903460669,0.4735558043
1.2505683445,0.2176157862,0.7550245137,0.3456897599
0.8126409490,0.1530142276,0.2606835825,0.5773001335
2.4039884489,0.6415370429,0.4843056447,0.9062457224
2.5734340864,0.5275873575,0.0702007149,0.9902990360
1.8492062190,0.7519139046,0.2907383926,0.8002494226
0.9102462143,0.1808754692,0.0958586628,0.7586404830
0.9859804061,0.3741937378,0.6111065509,0.2970108213
0.8220878766,0.1505456865,0.4348247097,0.4473690180
0.9774004153,0.1928528280,0.3243060454,0.6546321033
2.1594404846,0.6413528583,0.2747742818,0.6458113859
1.2696421144,0.7277101638,0.1639211607,0.5943190809
1.1866809408,0.7361049403,0.5502000474,0.1201682814
0.5591731787,0.0480291916,0.6991803057,0.2725371005
0.9103546276,0.7547451655,0.4816263886,0.5174328382
0.5402408376,0.0122861176,0.9463451660,0.2929495303
-0.3123341327,0.8829050344,0.5701116559,0.0952568225
0.9424873106,0.1902918709,0.7912147939,0.6354285157
1.6083489382,0.5278237646,0.5926663830,0.2633255055
0.6794749981,0.1196659188,0.5722714258,0.7456951104
2.4184422837,0.5951596172,0.2894290699,0.9174830827
0.1885497566,0.8392112808,0.3204619746,0.6762746657
-0.2358476656,0.9688789253,0.8853393770,0.2817865827
2.2110753413,0.5177121891,0.3714720187,0.9830257404
1.5090510181,0.3109585473,0.5349362703,0.7300122020
1.7328150491,0.7484317814,0.4775566623,0.7745570231
1.8788885087,0.6771425524,0.2346235326,0.4599176538
-0.0853222845,0.9612308096,0.7221146234,0.7130102507
2.3396215523,0.6046931897,0.7538753967,0.8967786610
-0.2997575470,0.8717182040,0.2322576801,0.1912158846
-0.2203053253,0.8375457766,0.5244590016,0.2524603978
1.3337570975,0.5074435958,0.2885505687,0.0685376501
0.4797856714,0.0893326766,0.4663909119,0.5959732235
1.5932014881,0.3421963294,0.5684095301,0.8672542977
1.9532666742,0.5706925058,0.5261928967,0.5763458970
1.0620997141,0.1677835964,0.6560151446,0.2877591448
0.5653269694,0.1141185341,0.3323610792,0.2288247481
1.5696908553,0.3286990003,0.8313832273,0.6613677491
1.9617743723,0.6469067854,0.4944317611,0.3897140534
0.5885957336,0.4279878285,0.7378893570,0.0227541990
2.0503965981,0.6398577904,0.2438018140,0.6136007007
0.8876816442,0.2499177372,0.3048351200,0.0010391099
2.1913859519,0.6801934290,0.9684384116,0.8901662042
0.7453557101,0.7606455454,0.1773585576,0.2978917650
0.7201482086,0.1062021346,0.6030884988,0.3877091824
2.3656831041,0.6869824143,0.9670735547,0.9945311179
0.1523557350,0.9732805663,0.9588241552,0.8041117887
0.6762095630,0.1511466959,0.6850746881,0.8972403651
0.8982777763,0.0979533724,0.8415354776,0.3332706456
2.1784456697,0.4947119563,0.1653121706,0.8403468586
2.0408226445,0.5706853845,0.6389393869,0.6569261050
2.0164376291,0.5896127538,0.1617348749,0.4608377904
0.7205853037,0.2718456038,0.1191224917,0.1785912634
-0.0081043172,0.8193643084,0.0070974775,0.6225716632
1.7908756321,0.4216133324,0.8282927120,0.7721403376
0.4044459248,0.0848300204,0.4431337777,0.5699132918
1.8139126196,0.3814502647,0.3170180202,0.8362305831
2.0739395291,0.6336503588,0.6036270429,0.4794021197
2.5146160513,0.7075534300,0.3194502615,0.9498454211
1.1233709031,0.2054745567,0.0922166291,0.0355873006
2.3430996620,0.7605685476,0.6200195238,0.9323424582
0.5881224031,0.1229842832,0.1278985147,0.7508516251
0.0266705652,0.0053882788,0.3590335016,0.2405636497
0.8557220692,0.7841419912,0.7250062307,0.6599415803
0.0090660543,0.8515084149,0.4245759087,0.6729367096
0.5674180003,0.1558360198,0.7772382318,0.9216500734
1.5592739985,0.5352263184,0.1105811462,0.1606038975
0.6391640474,0.1162146929,0.5274361910,0.6053722577
0.2214480007,0.3502364098,0.0348174303,0.2360929650
1.0212022888,0.1793514591,0.6146768360,0.5312981274
2.1932739438,0.5741122730,0.7710941630,0.7940895802
0.8437909095,0.1616362064,0.7232061863,0.5000991837
1.0434183597,0.4500780169,0.6609055454,0.3740132175
0.0769571086,0.8008492423,0.0381058088,0.5435614712
0.8488992050,0.1699920801,0.4292044733,0.9105595550
1.2692626682,0.3018439184,0.9142518731,0.9756487062
1.9570172562,0.4156705989,0.1339333658,0.8798925344
0.9660822366,0.1390452813,0.6410624105,0.2651998383
0.3735282572,0.0453319663,0.8934101737,0.6417501065
0.6204519672,0.1314163901,0.1153356984,0.3033484354
0.8290047381,0.1799156756,0.4159599189,0.8406278356
0.1162573560,0.9912770621,0.3907746223,0.1717819112
0.9598131823,0.4464855904,0.0269217511,0.4485083877
0.2793479842,0.0811041998,0.5516427994,0.8626589004
0.1021002519,0.9841336471,0.3633602870,0.0988751137
0.8340256962,0.1644662458,0.9095563455,0.6449347454
-0.5240936177,0.9119237109,0.1212823123,0.3458248613
1.0502053007,0.2552821901,0.9853148524,0.8736764434
1.7350417463,0.5486110359,0.7681603180,0.1086367149
1.2524711996,0.2215500454,0.9360287902,0.2914188901
1.9837307593,0.6013643423,0.9250551607,0.3752678785
1.8525495591,0.4470917930,0.3963544832,0.6995682532
1.4879760379,0.7089083129,0.5784369914,0.0625487896
0.2978953839,0.8036548896,0.6097477929,0.5987170088
0.3346229659,0.7908823838,0.3178238810,0.0191077032
2.0379162787,0.5877405557,0.7649829253,0.2926467987
-0.2950791147,0.9147685408,0.3495331643,0.2827227677
0.7163891251,0.1452719437,0.1823453102,0.2435363771
-0.4147772973,0.9458381291,0.0204801922,0.5469188542
1.9105764420,0.6822477795,0.4350527550,0.6822787039
0.9232003668,0.1588715555,0.0877898283,0.9207223594
0.8352267099,0.1248389430,0.6553295731,0.4389498202
0.6571985608,0.1383855846,0.5680473054,0.7729317957
0.2934961929,0.8351298366,0.0191190019,0.7450902539
0.3997672687,0.0748680401,0.1899600036,0.2294663827
1.0432798275,0.4777530951,0.6955565296,0.3016706306
0.9121336807,0.1499346427,0.6621239728,0.0543500510
1.0525573285,0.2005654226,0.8584809997,0.6574515442
2.0424819313,0.6296965681,0.4319284286,0.0468443198
0.3991921507,0.0913220210,0.0028040552,0.4399233040
1.4971450996,0.3110444902,0.1745313319,0.6771826626
1.0763388776,0.7824502506,0.7920356890,0.7286501128
0.6315950077,0.7684809871,0.2755109154,0.2738708462
0.2268587160,0.0809958429,0.7220733093,0.9455467065
1.6888470298,0.7030259288,0.5848327776,0.2494398309
0.8455365871,0.2876304927,0.3543745764,0.1526255473
0.8808470784,0.9603332861,0.5196082820,0.9077211180
0.9915218320,0.3068433518,0.3953473044,0.1895737622
1.1781703535,0.4850257190,0.3019245215,0.1945201328
1.0498080669,0.2083412707,0.3752658232,0.9167699399
1.5362611744,0.5299029626,0.9386906473,0.1779655845
-0.2154781196,0.8430827441,0.5115132595,0.1568734625
0.0471925196,0.9261552678,0.9480293898,0.8158503619
0.8203724279,0.4456739089,0.3715112469,0.2634130296
0.4098041039,0.8793628916,0.0731100994,0.8145488909
1.0709904682,0.4480701957,0.5861902509,0.0753074774
1.6623772605,0.5185771065,0.4920252168,0.5274172997
1.8297975488,0.5608084790,0.7814017069,0.0428368265
0.2232326787,0.4150959282,0.9317553113,0.1386062000
1.1613307899,0.2456399918,0.7155447013,0.4633526861
0.8667878079,0.3563278314,0.6517455744,0.1753010479
0.4943138056,0.1053469671,0.3066046636,0.5792295922
0.0889325275,0.0739686444,0.9865922845,0.9022270799
1.0070804737,0.2468747229,0.3915761858,0.2776849165
-0.0192533913,0.9806836885,0.7445980528,0.1107405222
2.0189106205,0.5675365099,0.1509303623,0.6335827551
0.3997221770,0.3822901172,0.2676840318,0.1630102067
2.0439908697,0.5980019834,0.5573435648,0.1553294544
2.0790660308,0.6017915361,0.3541280191,0.3766016746
2.1055871540,0.8346104148,0.8357856740,0.9959924772
-0.3563845893,0.9252074620,0.6240435358,0.5956930754
1.4944145888,0.3400412974,0.7558047058,0.6179765855
0.9764328503,0.2053128963,0.2673896331,0.4908394018
1.3548034970,0.3515980721,0.1253218583,0.5406773872
1.0132832788,0.1986585904,0.2395907799,0.9332215900
0.6055662430,0.2835216572,0.0785265290,0.1833549808
1.4313896193,0.4699416561,0.5553323400,0.4987040159
0.7681805444,0.1488329525,0.2435797424,0.5827360941
1.9127858627,0.3980706497,0.1629464234,0.7942758835
1.9187973826,0.5256433508,0.8211531520,0.6581251301
-0.0157556971,0.0041396014,0.1652307762,0.9208755461
0.5471057645,0.0731774763,0.6727049512,0.5012374861
0.7585696009,0.0718162930,0.7747230368,0.1331525096
0.1340033013,0.0698575477,0.8607750178,0.8614584364
0.3702204328,0.0880851165,0.1208698660,0.3933545441
0.8803538332,0.1551134007,0.0732786062,0.1997189823
1.5740356962,0.3986290301,0.6054687354,0.7081348666
0.6654531614,0.4435037818,0.8696822607,0.2944059947
0.9070037066,0.1770808543,0.3873574246,0.6308851460
1.8356322521,0.5166671249,0.4181179867,0.5986443376
2.0395876258,0.7029463840,0.6801724057,0.7221341723
1.0214288648,0.7525674012,0.4882299700,0.3847384616
0.2465683051,0.4165949998,0.0094473445,0.2148220159
2.0748217549,0.6140159368,0.7320364706,0.2719773804
0.7643514035,0.3453255260,0.3604883591,0.0475526940
-0.0147536609,0.0177050813,0.3098805491,0.2002524830
1.7953862556,0.4044831984,0.6402305205,0.8714486722
1.0119232407,0.2250532753,0.4669708242,0.2961236400
1.3289347076,0.4152587364,0.7597275858,0.4943519809
1.5251330521,0.6882726740,0.0088023930,0.2125575919
1.2098167270,0.2707549225,0.3698193710,0.5278291028
-0.4287855589,0.9055502368,0.3077616417,0.4561140665
1.6211407924,0.5314447173,0.3882163253,0.1869230077
2.0915587949,0.5378871359,0.5689476862,0.7657400371
1.9420540280,0.7240105695,0.3159548300,0.7544298618
1.6000402597,0.3674799540,0.9859469881,0.8058182057
0.5429130804,0.0096910086,0.8977527833,0.1099543469
0.0767344217,0.9867715870,0.6458725836,0.2307805704
0.2510631160,0.0799083019,0.8820308005,0.8238893372
-0.0719049131,0.9674494380,0.3171569909,0.0149823078
0.9422546100,0.1140810733,0.7325612352,0.0043367698
0.6944640191,0.0368279619,0.8819043898,0.0814226126
-0.0944312707,0.9636747271,0.7686055275,0.4535463442
0.0363099905,0.9363730676,0.1369731962,0.7896534845
0.9141185381,0.1867119771,0.4430994885,0.8732179730
0.5626662070,0.1121761666,0.2778753075,0.8770127200
-0.4862036280,0.8817027112,0.1862173641,0.3454963652
2.0932476833,0.6257683616,0.6283471414,0.4826169944
1.2314643428,0.2723056856,0.8815175364,0.3389015076
2.6972709361,0.6790098570,0.4479770826,0.9954172798
1.9486581498,0.5873817984,0.1847573729,0.4585527018
1.1919929634,0.1532945527,0.9784727994,0.2876185036
0.4506952263,0.7903503092,0.0495509044,0.6346226081
2.0838452713,0.6132217601,0.7394702890,0.3579762947
0.0996896969,0.0380837720,0.1756591552,0.9634230042
1.2567555223,0.2617978383,0.5206819715,0.9917994151
1.3620295346,0.3124120762,0.1590493471,0.5839736983
-0.3934509971,0.8702930973,0.4671407934,0.2826289636
1.5099145882,0.6897694000,0.0338574486,0.0413885357
2.1737193920,0.5200125316,0.5046147244,0.8507025962
0.6440005196,0.8906123011,0.6331336956,0.8407709120
1.6794131732,0.8447387666,0.5281132915,0.9078178568
1.8901110943,0.6171689243,0.9216455913,0.0408711825
1.0560088125,0.1430784566,0.7080290410,0.1070964444
0.6427680696,0.1333269616,0.5173674362,0.3305679330
0.2743297790,0.7941045604,0.7291306114,0.2993814754
1.8645127140,0.6792739381,0.5916919262,0.3156816146
-0.3951365029,0.9534137990,0.0176029961,0.4051469450
0.7440350751,0.1507349564,0.8862273396,0.6725347362
1.2113283490,0.4966706252,0.7270008915,0.0490760262
0.0386975969,0.3620135263,0.8709034303,0.0105976143
1.0346031901,0.9252601777,0.2734325986,0.9185938567
1.7112545039,0.6904834868,0.2697100925,0.3274226909
1.0862059272,0.2078444534,0.5775423109,0.3703943889
1.3881990778,0.5065334978,0.6620487047,0.3682598010
-0.4054084967,0.9037148674,0.5293587675,0.0889372926
0.8573862359,0.1880750010,0.5390732330,0.0196251064
2.0555756643,0.5496015368,0.7215729365,0.7788399294
1.1726102080,0.1951631385,0.8771634014,0.4097236931
-0.4159820046,0.8575062189,0.0902346360,0.2852399280
0.9999432528,0.7352202293,0.8807761733,0.3938842810
1.9893678298,0.4613924270,0.8961652483,0.9465955024
-0.0350848877,0.8386256693,0.4029450169,0.6079289251
0.7993161893,0.1935840343,0.1384936986,0.4079998738
1.0884511727,0.2491969877,0.5964835090,0.3182671321
0.5915370869,0.0333352530,0.8495084585,0.3152580997
0.1873237190,0.7954303908,0.9034684545,0.3238055886
1.4627195336,0.3160109472,0.7070957674,0.7585598352
1.9545356953,0.6525922586,0.1274970041,0.6100160822
-0.3021802824,0.9414636699,0.7205960797,0.1085011121
1.1109925389,0.2237300903,0.7389194781,0.6156269139
0.4207286896,0.2997585107,0.9353103024,0.0641723664
0.6784733698,0.0980665614,0.5308407011,0.1527318322
1.3680671952,0.7717480898,0.2564536981,0.7674888000
1.1602852387,0.7230531674,0.0823397001,0.3612643196
2.2966994299,0.5269448595,0.3632045393,0.8438318607
1.1669667100,0.2315425031,0.6985758225,0.0885467263
1.2151455115,0.3854131864,0.4947156913,0.2406838795
0.3235615019,0.0596454301,0.2916011734,0.4577030934
1.2156615540,0.3296796315,0.1989733508,0.4592052181
-0.3825675825,0.8590132869,0.2578089013,0.1363628002
0.8905193735,0.7503950285,0.4109735654,0.3148393943
0.0449657660,0.8164154677,0.6797944903,0.4450985435
1.5667809896,0.5412886618,0.0976063685,0.3373346068
1.9146371556,0.4765177923,0.4168004328,0.7387127560
2.3010028489,0.7855112612,0.6049081009,0.9416537918
0.1219260066,0.9883903867,0.3613433602,0.7482397104
0.4329126934,0.7815421785,0.6682404619,0.0461075297
2.4411366584,0.4672697927,0.0428571668,0.9897242753
0.2010710139,0.9897810749,0.3111454093,0.0105829106
-0.1969651389,0.9450814792,0.4070714547,0.6427941482
0.7139119810,0.1555040011,0.8371049582,0.9250452595
0.0912907145,0.0243227936,0.0464812439,0.6611567385
-0.2583039024,0.8657564950,0.5023279455,0.5382508015
0.7584737778,0.7589928445,0.2546017176,0.2047890325
0.1582417354,0.9898727922,0.1115487742,0.7416944253
0.7543673079,0.1371290966,0.5878815121,0.6133265013
2.0842855466,0.6229025028,0.9716479834,0.7535216285
1.4603018486,0.3371366022,0.7361663703,0.5880630620
0.3341362393,0.9158975572,0.2541296451,0.8283168358
-0.0002029559,0.8651815232,0.7090127844,0.7317081615
1.2738662202,0.5039918384,0.7060194244,0.2125549343
0.3899619587,0.0511191882,0.5683549242,0.1519463676
1.9418111067,0.5842701931,0.9131564066,0.3192622897
1.8544500194,0.5580523952,0.5963477121,0.0006911744
-0.1523295550,0.9615723037,0.0484213655,0.5877962884
1.2564314681,0.3429970856,0.5112569794,0.2848445026
0.3582833475,0.7805832117,0.1788418900,0.2846073040
-0.6073063233,0.8968806035,0.0576036028,0.5874923552
1.6959275187,0.3651607476,0.5478598732,0.9998448786
1.1337629071,0.7322661969,0.5119000800,0.2159424054
0.7163468563,0.1293127504,0.3231670015,0.4308851350
2.3134157552,0.7305820757,0.9236101773,0.9577641690
0.2305308902,0.8555884939,0.2920271335,0.7292799917
1.2023988845,0.1267592480,0.9182480143,0.2011294746
2.5939606755,0.6511033065,0.0810673357,0.8993205368
0.2907495013,0.0697242552,0.7869299730,0.7167124422
0.2369463867,0.0219598002,0.5987039720,0.3339906205
1.5004540388,0.5124996760,0.6075144658,0.1002551290
0.1985200629,0.0507579889,0.4257719188,0.8979122145
2.1680985944,0.5172099875,0.6390905194,0.8534833334
0.0341190701,0.3644158276,0.9468304707,0.0868609023
0.4198599542,0.7730080052,0.0759025107,0.1397443329
2.1648393539,0.6167337747,0.6120335568,0.6946261265
0.6587370027,0.0924262248,0.5697036019,0.1134468806
0.6654100102,0.4500897742,0.8703122405,0.0805533016
2.0014210824,0.6087530707,0.1768577116,0.4672599563
1.5161961649,0.3356348185,0.7876804982,0.9348625362
1.8429817329,0.5672773638,0.8718514914,0.1052256644
1.6098921746,0.4957354816,0.7564509031,0.5117974619
2.2876888864,0.6391600340,0.9809567753,0.8505754366
-0.4412890351,0.8894208705,0.1706689915,0.5523358456
1.6255582231,0.3282668233,0.0492943767,0.8234992097
1.0440550758,0.8046654968,0.9718419874,0.7856483324
0.7863760590,0.1958545041,0.9676211007,0.8928919594
0.2243685021,0.0528205297,0.1813351199,0.5351431387
-0.3549069216,0.9242244542,0.8983188074,0.6730109095
1.9110575503,0.6619919890,0.7709146338,0.5346332333
0.8195913436,0.4289592075,0.6248740367,0.2489509355
1.9735636286,0.4510243999,0.4183628953,0.7877437864
1.8262834600,0.4541783016,0.5912788366,0.7725517381
1.8337480290,0.5541827621,0.2863212519,0.1961755792
0.5351811396,0.1034386136,0.1918131846,0.8791211163
0.7848239513,0.1733457869,0.7281978374,0.8225203179
-0.3061749813,0.8432863615,0.2380969311,0.2203759850
0.0778188402,0.9787925188,0.3568234348,0.3208642120
2.1372612048,0.4658027776,0.1616578358,0.9075346676
-0.1433891395,0.9524089220,0.4308286700,0.4760216125
-0.1906704040,0.9675097151,0.1776377265,0.3612976616
0.3660345037,0.0496759312,0.8821215264,0.6096188201
1.0321806935,0.7365007411,0.2902397519,0.1499917610
0.4532625989,0.1279314294,0.8675246909,0.9410364677
0.2839263653,0.3182920031,0.0071927068,0.0354205151
-0.4247337481,0.9190853507,0.5230347680,0.4468947353
1.5263141024,0.2599688869,0.1104236671,0.9891257871
1.9470485208,0.5762989140,0.7375008205,0.0394863875
0.3672244076,0.7932463069,0.8325725669,0.5753700436
0.4473562368,0.0996304358,0.2460417763,0.6259675995
1.6081356887,0.3144088901,0.1596333504,0.8704018463
1.9584192743,0.6115257947,0.1600988034,0.4206720524
-0.1990793148,0.9516377447,0.5578671282,0.0533046369
1.2449908043,0.2822536600,0.4439274280,0.6106476238
-0.3026325897,0.9222560592,0.8471631922,0.6276864899
0.5231835723,0.1113460582,0.2366034900,0.4510548932
2.7694250196,0.6564565963,0.0239635236,0.9553956252
0.9379264283,0.1169614180,0.7066694104,0.2645587159
0.8044089555,0.1509886555,0.4800066224,0.4736953342
0.8079434995,0.1656814267,0.2744895185,0.4615790274
0.2952669097,0.3930232997,0.8908688712,0.2277307556
2.0131352706,0.6432351195,0.8447258627,0.5570671190
1.3792418816,0.5068423719,0.4286190138,0.0578289976
2.3734962088,0.5097013805,0.1023125779,0.9224186001
2.2890519939,0.5926809334,0.8091554749,0.8764937435
0.3891281213,0.7838414515,0.3486662312,0.3031524341
1.5375633099,0.5432012856,0.0802889891,0.2797290820
1.6030758447,0.5151210092,0.6065044948,0.4525234205
0.9705888052,0.7336840657,0.0377857037,0.3047949720
1.3733449475,0.8207360595,0.9064508792,0.8542773693
2.0797280317,0.5349476685,0.6934864644,0.6990764259
1.2096413712,0.2223652380,0.7521164542,0.5686742729
1.7854477877,0.4247951631,0.3763647681,0.6855410482
-0.2839075789,0.9384110354,0.7720071690,0.3546329519
1.1328762493,0.2131493033,0.6827462021,0.4451627164
1.9660746324,0.5913992569,0.0026687005,0.5261510861
2.1349171935,0.4557911706,0.2680070628,0.8672270015
0.8120883608,0.1761017743,0.3872746131,0.6597539191
1.7649513074,0.6951075239,0.3488512780,0.1164846498
1.1463807964,0.1994803418,0.0309842202,0.8249970624
1.6132634792,0.3939564534,0.5905451795,0.6676012661
0.7799287423,0.3377419450,0.7792333961,0.2888074822
0.9017912019,0.3525445790,0.6908938523,0.2717777145
1.4115234611,0.4055823272,0.7854931522,0.4983542476
1.6189574599,0.5460898511,0.0309581408,0.0885716777
0.4731682527,0.1038814326,0.4855018770,0.0196088886
1.1824674767,0.0952560141,0.9487275418,0.0950189892
0.1408613141,0.0306605076,0.0070481354,0.9747890294
0.6699564943,0.1431432393,0.3440683638,0.6769862283
1.9729458298,0.4411446254,0.5593109526,0.8787537389
1.5152275152,0.5030229173,0.7652442788,0.4708320780
2.1173828944,0.5873964674,0.0865005370,0.6943829655
0.5542411301,0.4327365744,0.8155856920,0.1252083802
1.9512438404,0.6611035356,0.7083374866,0.4583860797
0.7245674690,0.1647188980,0.1902103499,0.4650734942
0.5664470509,0.2952110809,0.1926434938,0.0431044513
1.0811332180,0.2481039165,0.7753250478,0.7161931898
1.6097338269,0.3209015441,0.0462937060,0.7130088901
1.1583639321,0.3446296236,0.4686991198,0.1046820444
-0.3246191426,0.8533934915,0.6693054001,0.3453067109
0.3863809049,0.0721779845,0.2233111302,0.7990976814
0.8050699357,0.8753844635,0.9034483861,0.8580864249
1.5048516477,0.5244312828,0.5379209491,0.0119380006
-0.1457525422,0.9506602588,0.3662181887,0.1829263826
2.1561270327,0.7443587018,0.6213072652,0.8551451269
0.1136473943,0.0432101672,0.9124678049,0.7373695265
-0.4831312448,0.8523884408,0.9426131630,0.4067058520
0.4918183169,0.0760102237,0.1374211925,0.2312976606
2.0189000576,0.5583815480,0.8342359073,0.6018511935
1.2016582031,0.7422639215,0.5734515754,0.5439352967
0.3654789694,0.8253279570,0.2802369784,0.6936553515
0.9083120786,0.1923050327,0.2326779855,0.3814687223
1.1640912302,0.2715679161,0.6227019136,0.2956947756
0.4054274027,0.0975090696,0.2370448587,0.0411476686
1.1297958264,0.2184860594,0.1357877720,0.8628737918
2.4432115790,0.5769223985,0.2466876956,0.9051258066
-0.3879073209,0.8963186582,0.6770142428,0.3940964003
-0.1123852227,0.9313814698,0.5641076616,0.6922011520
2.6345008939,0.7531010987,0.0344954406,0.9372757323
1.3678618850,0.3043792394,0.9198869324,0.7306731456
2.2431479198,0.5889041487,0.9012750752,0.9935382320
2.8111631899,0.6750934469,0.1052774733,0.9833982101
1.1900453114,0.3529558952,0.9651154838,0.4191505949
2.2457584266,0.6352209080,0.8210030472,0.8683338588
-0.2160084298,0.9140103362,0.2890843934,0.7279386647
0.5583715440,0.1456789809,0.9282362510,0.9106974375
1.3055377688,0.2933340335,0.7124416976,0.4326253875
1.1635937573,0.2439414453,0.2123157239,0.6504341708
1.2998665577,0.2123796601,0.9658951490,0.5077510175
0.4179452840,0.4276113384,0.8316079647,0.0040496062
-0.2791969325,0.9329663092,0.6002455967,0.1731262551
0.9216954466,0.7551877630,0.5899132000,0.1313497634
2.2617525890,0.6658814371,0.1574586909,0.7449136086
2.0475421544,0.6637378786,0.0062578830,0.6908337832
1.0241526419,0.2160541033,0.3328006747,0.4709942830
0.1867574156,0.7961066573,0.0643266473,0.3724208685
1.0097251149,0.1768100952,0.1108851335,0.9494816476
0.6871253348,0.3511302895,0.3421044013,0.2369655850
1.3699090723,0.2893819556,0.8766661896,0.7237627897
0.6002043946,0.0974796023,0.9259150482,0.6374075404
2.5090092481,0.6816427865,0.3386920777,0.9178974316
0.5943053439,0.9350265809,0.7285283635,0.8740508705
2.2798666747,0.5721259031,0.0850876465,0.7801703732
1.2183780779,0.2394886495,0.6694011413,0.6139597799
0.2296103667,0.0364018267,0.2160666241,0.5839015595
1.4668310765,0.3060374176,0.9464089882,0.5430146153
1.1850618974,0.2208189612,0.9722344001,0.5205742189
1.4343293917,0.2534069004,0.1135761733,0.9645189550
0.1862093747,0.0808645954,0.7963970628,0.9744218320
1.6968894232,0.6893234403,0.8870456850,0.5209825488
0.8588009100,0.7346566445,0.0285398754,0.1737440790
1.0504132254,0.2130261584,0.5357998619,0.7288265609
1.6067404249,0.3905514097,0.9163494508,0.6450748574
1.1143283034,0.7398447359,0.5485629547,0.0377379324
0.2511468887,0.3984944156,0.0534019024,0.2668008546
1.0802396894,0.1741383054,0.6470627293,0.0690210774
-0.0566105826,0.9684641167,0.6713278542,0.6201861263
0.1222740812,0.8143496346,0.2905151744,0.4596030884
2.0487140383,0.6116284659,0.8177236806,0.0849285426
1.2717809125,0.2719219623,0.8508461028,0.6386006755
-0.1564797477,0.8311596850,0.1601041318,0.5740693512
0.8485368199,0.1428915906,0.6243067160,0.1259406974
0.4750260775,0.3110795712,0.2124472808,0.0738531611
1.5384849302,0.5225234788,0.3583516621,0.3034253638
2.3026633016,0.6550074449,0.3065911086,0.7784642487
2.1948842316,0.8086847903,0.5996561119,0.9546228337
0.5272550839,0.3510027966,0.2287405417,0.2102689507
2.1228272250,0.6010254453,0.6292105049,0.1679531522
1.9023064011,0.7541717333,0.4602049467,0.8032160789
0.8671869409,0.1887155229,0.8876964824,0.7499712459
0.6089214025,0.7723714392,0.8276231800,0.1316509620
1.8669263535,0.6521391045,0.8186001220,0.4020158814
-0.1914895893,0.9159187805,0.5627565780,0.6946275555
1.3375588867,0.1934008145,0.8543302588,0.1516681326
0.6447955605,0.1325267605,0.5594575470,0.7198466195
1.3410962970,0.2583055747,0.1692196470,0.9513069939
0.8286497032,0.1749852614,0.4606327179,0.4092565998
2.1572943693,0.5811857513,0.9366042497,0.7993924447
1.2632490750,0.5189730856,0.0929052853,0.3786530153
0.2914316813,0.7867700398,0.5685505113,0.0065045016
2.1812389701,0.6791146553,0.5450908648,0.7555509480
0.4338602208,0.0442178782,0.6334877751,0.4908827192
1.3495939772,0.7565223505,0.0154367081,0.7337233330
-0.3761837984,0.8843078505,0.6143416926,0.4599676546
-0.4148690245,0.8842393316,0.0015748939,0.6919331408
0.2366706240,0.0042782049,0.6954274940,0.3383612701
1.0961687686,0.7313563827,0.2039667651,0.2271417836
1.2803315881,0.2592544095,0.7438968704,0.6717716863
0.5631881593,0.1137806287,0.0710709702,0.6863906238
-0.5607457323,0.8837123170,0.8978898036,0.0410094166
1.3913628858,0.5093399086,0.2111393348,0.4172661356
1.8247489278,0.6627645640,0.8798181151,0.0884258574
-0.0606547803,0.0024577909,0.4171961195,0.3884009584
0.7560611250,0.9953538642,0.4110295214,0.9036650753
1.4055685263,0.4650202136,0.8997214253,0.4953822450
1.4216486790,0.7171877038,0.6527620493,0.2159344395
0.4072365380,0.0294443025,0.7266084898,0.1230913774
0.1666507098,0.9921632608,0.7530014683,0.5719182387
0.1913485028,0.0448047541,0.1288498543,0.4745589450
-0.0081312958,0.9509971076,0.9256606169,0.8151284500
0.6151664809,0.0799898315,0.6605072459,0.1160197770
2.2074304161,0.6291159014,0.5460140874,0.5855067864
0.4025093566,0.7790184518,0.0764721310,0.5136377742
1.9367862734,0.5872612887,0.0806760394,0.4192492743
2.0419234484,0.5041843041,0.6021209711,0.7588323566
2.4903492814,0.5851918689,0.4594560107,0.9598680866
0.2659328074,0.0509555520,0.4091450116,0.2727581347
1.6744598028,0.5469926316,0.4766571711,0.5391741201
1.6513871304,0.8768280494,0.9783696384,0.9587625789
2.0195831216,0.6417165483,0.1772189187,0.4767490731
-0.4180984572,0.9077352819,0.4198181831,0.0682106746
2.3024798418,0.4834904639,0.0675809798,0.9337577263
0.5280761866,0.7774545596,0.5249898544,0.0734546555
0.7952097865,0.4122808114,0.3770912811,0.3187043750
-0.2228335605,0.8526513409,0.5252542575,0.0184956697
0.8311248341,0.1496165319,0.0275300757,0.2064941533
0.3191094818,0.0583811325,0.3681296080,0.7805446214
0.8332120285,0.4614901871,0.1969808779,0.3024320005
0.5835810996,0.9801088116,0.8326087161,0.8895682263
1.8849673679,0.4387516980,0.4150380198,0.8114968908
0.0729064229,0.8114478508,0.2424271238,0.5172533608
1.4425275759,0.7345577219,0.6842667858,0.6400494818
0.6812452494,0.4347889985,0.6842647620,0.2291216903
0.0212857803,0.9692255555,0.4455201189,0.1644066088
0.7629734015,0.1033859483,0.6434086647,0.1949794972
1.7625084981,0.5447666980,0.7125883557,0.2671088646
1.6704933544,0.5344916413,0.4738665878,0.0814813656
-0.3210768850,0.8946055947,0.5473213498,0.0752513703
0.0727079567,0.9081259351,0.2114508491,0.7915719747
1.9593219111,0.6599776450,0.1994666789,0.4634721953
-0.4606421376,0.9242838978,0.8529508005,0.2332437291
1.1925982709,0.2818969501,0.5475037773,0.4904686218
0.9675944642,0.2309944418,0.2687176486,0.0607929430
2.0869447014,0.6143275974,0.7314955165,0.0069808331
0.4019380282,0.0762040850,0.5962879260,0.6222356350
1.5740981032,0.4731974780,0.0831481981,0.5793589857
-0.4855294062,0.8731117265,0.1221805960,0.4305611635
0.5636720227,0.1231763083,0.0874469017,0.5228013573
0.3954869788,0.0058483521,0.7753577728,0.2024970813
1.4838294666,0.7639080323,0.8155334520,0.7615475018
-0.1511171921,0.9168467286,0.6897055635,0.7149872172
2.6014287896,0.6622448770,0.2622932520,0.9355606218
1.5419620584,0.6988140448,0.7627506564,0.1750224857
1.1694784506,0.4739458296,0.5625837774,0.0782170554
1.7741137479,0.5247100874,0.7763264389,0.5260569499
1.2580570927,0.2607542975,0.5498335487,0.9132580008
1.1612996936,0.2748410435,0.6510588302,0.0997390195
-0.3389239635,0.8319802893,0.9708240018,0.4227726096
2.5321224919,0.7437635343,0.4431864188,0.9504393718
1.5089281246,0.2876711704,0.0332325355,0.8365630980
0.5533344271,0.1138984722,0.6214278837,0.7677910744
1.6391318639,0.5444693356,0.8529504748,0.3923350472
1.9563042331,0.7422049803,0.7600233773,0.7997898372
0.6914953040,0.1217993380,0.1484090409,0.4345013856
1.1921917360,0.4724855371,0.5144960185,0.0878844843
2.3611766352,0.7177786483,0.7114743592,0.9254840710
1.1325566776,0.4638595898,0.4545938723,0.2534262053
1.5595369451,0.5031297163,0.8773620086,0.4596208651
1.3287598571,0.7213184722,0.6635114500,0.2802100521
1.8027097601,0.5562233136,0.5461828423,0.4716740299
-0.4387352382,0.8616689047,0.0976427087,0.0418350328
1.7732162716,0.3935897945,0.6357913745,0.8182677380
1.0878261121,0.7231253881,0.0187955206,0.0027737057
2.1396124483,0.5939489306,0.7477228203,0.2625132008
2.0182170108,0.5663821085,0.3686624426,0.6911101925
-0.3821487662,0.9503732863,0.9726922001,0.3628493311
1.2436531095,0.2549488537,0.9845297721,0.6258413088
1.6650172989,0.5295188558,0.7076190011,0.3353149438
0.7936747832,0.1546463173,0.4056258279,0.5101838983
-0.4420978068,0.8690293615,0.1494333428,0.2194029706
1.8393707638,0.4407644010,0.9064554573,0.9514487807
0.6383508655,0.2727138245,0.0861494568,0.0730702983
0.9603341225,0.2232011810,0.8034885284,0.9531710831
1.3612465711,0.7199578481,0.7231414365,0.0044305940
0.4560059101,0.0704118506,0.5386176188,0.1616090293
2.0019312296,0.5650576245,0.6667516988,0.4796981624
1.4014572068,0.2694116040,0.7776476478,0.5673733627
-0.3974673945,0.9148415542,0.3574371775,0.0656626292
1.6679923786,0.5457420154,0.0604078037,0.4476523273
1.4188134328,0.5143032966,0.4593570057,0.3790097693
0.4706007344,0.0840683390,0.2570698204,0.3754551533
1.5754652222,0.3636859008,0.8467286304,0.7593933279
1.3188104997,0.7069007627,0.9808508137,0.1119317284
2.0627491049,0.5549684146,0.8891844591,0.7382958781
0.9376676458,0.1787412216,0.0807091649,0.6742867912
1.0749363252,0.2122668803,0.1068907677,0.5802019667
1.9522617772,0.8190422160,0.9182620504,0.9316198074
2.0534584690,0.5857227866,0.9554494239,0.6002364733
-0.0090035028,0.9877838078,0.1184853653,0.7023688709
0.2217237404,0.0435864067,0.3766481931,0.2663208109
0.6050843799,0.4503308893,0.1575574686,0.1307150483
1.1388328046,0.4645155040,0.3173003448,0.4526140138
0.9990793710,0.3318699027,0.6152528095,0.1229372459
-0.4080746637,0.9452933254,0.9614470819,0.2628548123
1.4129096591,0.5190454047,0.7972858187,0.2435162742
1.2203207570,0.3384445515,0.4697377425,0.4505431580
1.8808157814,0.6569219470,0.1296337062,0.1738087781
1.3366542614,0.5013241986,0.6202699935,0.2543426899
1.9775447883,0.5769465610,0.9794547058,0.5418121313
2.2248239486,0.6294542300,0.9961500485,0.8390485303
1.7425422180,0.4255163085,0.6087304009,0.6837699098
0.7235149738,0.4539863185,0.2389957397,0.2956685789
1.9442934710,0.5826510390,0.3431655787,0.1242330756
2.5630307867,0.8204811892,0.0895151953,0.9734100054
0.6620636373,0.2902995956,0.1445902231,0.2447018670
1.9809059180,0.6647856628,0.5159287936,0.6023944961
1.0224092039,0.2617683349,0.8516892874,0.2099325327
2.2007611994,0.7622384906,0.1455819779,0.8653703942
0.7093997265,0.4328461810,0.7852094171,0.3125895353
1.4901499943,0.3324747867,0.3867557276,0.7419380526
0.9093768848,0.1953842635,0.5918729195,0.7712021090
-0.0834763212,0.9805734775,0.9075697351,0.4917855448
2.1566030442,0.4628388263,0.0451995183,0.8514533528
0.2440576595,0.0621380059,0.3917441897,0.0326685621
2.2658245562,0.5741424690,0.8844834583,0.8766508014
1.4914597216,0.3166018547,0.4154998244,0.7124564346
0.7158198633,0.7785738509,0.5433258160,0.5705285291
-0.0112803770,0.0185301347,0.6139020744,0.7982382665
1.0212347868,0.7457333269,0.3971780427,0.3019087202
-0.0903958487,0.0091839680,0.5503267206,0.7011678445
1.9355765522,0.5138040193,0.6284014917,0.6369061997
1.4429612077,0.9107161859,0.3950327311,0.9398348666
1.3932627331,0.3115430061,0.7657432835,0.8143138649
1.0838563781,0.2232398545,0.3804316244,0.9018553273
2.5780066221,0.7697753570,0.4668948564,0.9610538613
1.1089449932,0.7465269337,0.3789010028,0.5334268938
0.6109089379,0.7653125407,0.9185461732,0.4753730370
-0.3564479039,0.8807525111,0.6489628650,0.3618656621
0.2587687579,0.0515214005,0.1509206961,0.9696083736
1.3524373256,0.2838554953,0.8761666264,0.6770840488
0.0563904784,0.8030331302,0.9466095316,0.0440173316
0.3943071722,0.9678164423,0.7591636312,0.8492917337
0.6250718545,0.0326913874,0.9563410082,0.0213892181
1.5867322657,0.3591586619,0.5785125638,0.6377215128
2.0123108515,0.4468828937,0.4975993616,0.8480030492
-0.0321941776,0.9667274243,0.5634478613,0.0575653623
1.5407595195,0.5376305916,0.0471009181,0.0170119555
0.6246177065,0.8576934380,0.2247287445,0.8098238451
1.4364923742,0.2600506347,0.0980697446,0.9590415757
-0.0804051966,0.9408614997,0.2014371313,0.7581489700
0.8277884512,0.1692338141,0.2348716748,0.2940716778
2.0334572421,0.5686170579,0.7939793827,0.6095679177
1.1450376793,0.2399816550,0.9340672704,0.6895418604
1.1710485781,0.1985047222,0.7653541948,0.4902897873
-0.2863525991,0.9663937653,0.9651722064,0.5031227990
1.5934653619,0.7038640700,0.6056665085,0.0269216281
2.0014041342,0.5919582284,0.7680396086,0.0827442304
1.2626615538,0.1586266488,0.8638600454,0.1390185035
0.1985664624,0.0069216262,0.6817647446,0.0717563556
1.8909416233,0.5907874010,0.4976691109,0.0966105841
1.0252785569,0.8803119111,0.7925689471,0.8860248135
2.3351612886,0.8024282142,0.3183093172,0.9582248293
1.7402753497,0.8914016567,0.1582919410,0.9490373552
0.6727372147,0.4655988559,0.1074034703,0.1031687564
0.9885146703,0.2256055010,0.3766507413,0.1326546686
1.8859109173,0.6490146978,0.0682282687,0.4512003063
-0.3111208766,0.8772035007,0.4357638630,0.1351427235
0.6570010530,0.0808040017,0.7999564926,0.4588068425
-0.0166857102,0.9558773348,0.0650287102,0.7844508102
1.1874352431,0.3140579657,0.4591712444,0.3556234942
1.0061254825,0.7364524526,0.3200721519,0.4416671502
2.1561949445,0.6113913805,0.8714779408,0.5210300906
2.2180347764,0.7088780318,0.3819241910,0.8199795160
1.9699564673,0.5183426966,0.7903113668,0.7138479752
0.0825092494,0.9462557701,0.3821765250,0.7798800282
2.6610714830,0.6855742921,0.4321719955,0.9594426807
-0.1885998079,0.8399868889,0.7080837523,0.4529204186
1.0906858032,0.4719361505,0.4315689123,0.1153526778
1.9208975838,0.5664594059,0.8796494954,0.5751582723
0.5844054285,0.4161702237,0.3352849234,0.0950717888
0.5086433209,0.7961358610,0.7584904386,0.6175611384
0.8981858453,0.0757941345,0.8928560939,0.3047608436
-0.2910410205,0.9702710987,0.9833231167,0.2476940348
1.2982789059,0.5015480007,0.6785015753,0.1076134333
1.8325960079,0.7762560719,0.2865155781,0.8283334859
0.7837064547,0.1565719031,0.5085625203,0.1526241915
2.2395335786,0.5827050328,0.6119059532,0.7738571089
-0.3556620118,0.9037816450,0.6064600654,0.5738416789
1.9417968900,0.5700003803,0.8033447112,0.5223330404
0.7981481131,0.1669932182,0.2727659178,0.5618984608
1.9541215559,0.6254363653,0.9256746714,0.1145178293
1.4809871411,0.5349891374,0.1113339963,0.3995279811
1.7142886319,0.7034471255,0.7509266649,0.5988640633
1.7828046805,0.5522226359,0.7640826933,0.2494812254
0.7371215061,0.0787158234,0.7185574887,0.1965112716
-0.1632060312,0.9484001000,0.5492162517,0.5290307529
-0.2349336316,0.8278328906,0.8500841384,0.2916797301
0.7705380553,0.1673953040,0.3745430482,0.0944013772
1.7273133191,0.8955904165,0.9873875727,0.9839278577
0.3195248582,0.9842617038,0.9282675656,0.8597356279
0.3982883499,0.4473930932,0.0189983350,0.2522256506
-0.2090587861,0.8247689609,0.9624499968,0.0949819155
1.2567948186,0.9925021979,0.3685312684,0.9653479707
2.2050569504,0.6978529544,0.0958188872,0.7948861624
1.9425852131,0.6037042632,0.1188933211,0.0463439862
1.3629200363,0.7768960781,0.5935396225,0.7801177465
0.1316132576,0.0447840568,0.7588186542,0.7025970570
-0.2614289727,0.9292513593,0.6107825158,0.1850591056
1.1340113350,0.7402671251,0.4714607586,0.2234211451
1.9108323728,0.4644819720,0.9550479660,0.9710127478
0.7860837149,0.2452034114,0.9277988478,0.0518263905
0.3794141692,0.0993991018,0.5853349918,0.9718096782
2.1634452613,0.5655846475,0.7369312410,0.7415030239
1.0455024567,0.1084727791,0.9434951672,0.2866102761
1.8539644806,0.4733696767,0.7895364617,0.6809231826
1.0717391273,0.1707064554,0.6793674069,0.2002087644
2.4584725684,0.6215530372,0.6575395140,0.9756301530
1.7610934708,0.5533978181,0.8109885734,0.4034759346
0.0739024888,0.9572697265,0.3002459376,0.7629899597
-0.4848908563,0.9209041603,0.8738421865,0.2964950455
1.9207555306,0.4891037405,0.9254768151,0.8004437132
2.1246645512,0.7451809872,0.0921551806,0.8420058105
2.1190502294,0.5846420107,0.8247005170,0.7804052028
0.1364331853,0.8120398940,0.3507731685,0.3627617164
0.1932611135,0.4127170479,0.1125413843,0.1623882482
-0.2892689056,0.8380253037,0.8279997995,0.1861380417
0.3464723794,0.3231045429,0.0723986339,0.2301189898
1.1218751502,0.3503840835,0.3845438241,0.4733914436
0.8256959159,0.1387187714,0.9333799825,0.5498833706
2.4860429417,0.7301994631,0.6065149676,0.9427275790
-0.4841369732,0.9479564337,0.0058121583,0.5256822805
1.7445214583,0.3737493618,0.2762530826,0.7309144726
0.9482651801,0.7743756321,0.8327724901,0.6744977218
0.5250653192,0.1013809999,0.4925231503,0.1956766618
0.3042288705,0.3481283402,0.1500529585,0.1507232947
0.3085442162,0.0653059243,0.2038928874,0.8058391671
2.0506850296,0.6474081335,0.2167360555,0.4318816179
0.1579372079,0.0570650454,0.4656312188,0.8981814912
1.2794259210,0.3105509979,0.2647466078,0.5054268466
0.6386246540,0.1001973125,0.5459629938,0.0130024843
-0.4580617837,0.9262484502,0.0837762159,0.5021988798
2.2698990651,0.6107569563,0.0914052871,0.7802965121
-0.0891939338,0.8143147259,0.2079244507,0.0276773214
2.0918164640,0.5508287836,0.9006595489,0.7692231091
1.1594901243,0.2454347630,0.5570990220,0.9861437245
1.7065033018,0.6921026967,0.7394511347,0.4279129508
1.1329355075,0.9882226492,0.6279355286,0.9485076914
1.9984456105,0.6415771667,0.1825483337,0.3795190941
-0.6077263002,0.9311723493,0.9285640640,0.2519618401
1.9177280207,0.6561752643,0.2455588348,0.3232913184
0.1570450033,0.3856390428,0.0276480560,0.2004647840
1.5173472021,0.7133143499,0.4076040989,0.4157629866
1.8612438626,0.5661055573,0.4070162092,0.0205109851
1.1635413485,0.2900193956,0.9025638134,0.9999643825
1.5145757358,0.3119660833,0.3671530098,0.9339144200
-0.5470820856,0.9351899019,0.9947446029,0.0035334762
1.0548743282,0.2112407888,0.3982089583,0.7475169243
0.0235917195,0.9217480451,0.7504740703,0.7704038242
1.4815611714,0.7041439072,0.1109483185,0.0483117692
0.9259049465,0.1418150077,0.9922314536,0.4443506004
0.2013769836,0.3961693974,0.1318194339,0.2085546299
0.2639523294,0.0557856176,0.2435937171,0.7303450156
0.2833283169,0.0583368224,0.3389003433,0.7568494377
0.4233169681,0.0249741282,0.8070883607,0.3504813286
0.9191742950,0.7405431632,0.8876402056,0.2721144688
1.6003418325,0.8481977736,0.8729638191,0.9249802311
1.0863859698,0.3367076104,0.4470154191,0.2843996043
1.6732593771,0.5220014384,0.9184734508,0.5310254750
0.0504442111,0.9694903290,0.3045724765,0.7304874380
1.8781677191,0.3987417018,0.3133208554,0.7900066715
0.7785225914,0.1567315595,0.2071608992,0.7164914461
0.4538951012,0.0095665841,0.8143224923,0.2014603119
2.0117739318,0.5732745024,0.3431644425,0.2447096441
1.7960461621,0.4116229376,0.8172248076,0.9963891174
0.8699792705,0.1563378391,0.7249183078,0.4847977462
1.2506028819,0.5005783822,0.8416598054,0.3798054341
-0.2309667596,0.9099355084,0.3926049226,0.7080681730
1.9485993680,0.6689787984,0.7202521345,0.2534201628
-0.4519627845,0.9158668921,0.1002953269,0.5268011115
0.9211908855,0.1840392090,0.7140182466,0.6054028076
2.0306334244,0.5894338916,0.3611099175,0.3553208603
0.5898184760,0.0332594016,0.8307984459,0.3568484817
0.7110304683,0.9090242623,0.2486242364,0.8730425877
0.9952142517,0.2030594994,0.0632392692,0.3343094728
0.7863013191,0.1526013272,0.0385378496,0.8654633434
1.0155234628,0.1561587778,0.1511372277,0.0414919001
-0.0729371686,0.9626714287,0.3178685695,0.0240243777
0.6398108022,0.1257216120,0.1722552870,0.9082767103
-0.3086092759,0.9251602376,0.6258320069,0.5777535023
1.8013087210,0.6600350885,0.0193265821,0.5211586785
0.6858998692,0.1178037063,0.0250656630,0.8716395221
0.4535599217,0.0976213873,0.0802628299,0.8475361114
1.6469726412,0.5120118948,0.9077337978,0.4920071423
0.4930713760,0.0606411389,0.5969263619,0.0188521878
2.1488748423,0.6108871256,0.6421708081,0.6102907696
-0.5230388285,0.8729513634,0.8842367638,0.2816070178
2.1672504110,0.8134632508,0.7669424968,0.9560071664
1.6288870817,0.3736782150,0.7594829508,0.6263166356
2.2628603204,0.7002868446,0.4784466210,0.8205347996
1.6808638493,0.4558485549,0.6360851662,0.6229771047
1.3623519389,0.2746388468,0.0883897358,0.7878142709
1.1510230219,0.7434761539,0.4722207134,0.4665863871
0.1023736439,0.9836174131,0.2513336262,0.7115174296
0.8973110326,0.3274908108,0.3688082214,0.0002955097
2.0097706409,0.5133916904,0.0455172292,0.6846940413
0.7081966667,0.7706541443,0.7490244514,0.5754226247
0.3585579997,0.0631674882,0.5169945576,0.6871106633
1.3850939700,0.3145536640,0.7059052352,0.4829706841
1.9834125765,0.5411434859,0.0971324339,0.6634965079
2.0300955996,0.6229987024,0.0891331870,0.1813223892
0.1064731784,0.0253935348,0.9374277995,0.6588538664
2.3878592920,0.5060392681,0.1072484755,0.8801039923
2.0001512144,0.4229471289,0.2928813670,0.8555934104
0.7537958709,0.2498333101,0.1319738607,0.0743745267
0.9896012122,0.3429215441,0.6319894052,0.2869383928
1.3501767784,0.5194529375,0.9083236730,0.0259535506
-0.0679272575,0.9732526206,0.2639783823,0.1936759278
0.4936313538,0.1164821157,0.1313935442,0.7594215611
1.9178611802,0.6723478356,0.6762802646,0.3134946116
1.8039359620,0.4985919531,0.4702638377,0.6031945272
1.7972893509,0.4742124722,0.6000480221,0.6736487439
1.4145067829,0.7139373071,0.1765748750,0.3100062952
1.9773575695,0.6873816606,0.6120195049,0.6838811162
2.4700647331,0.6516398887,0.3754953598,0.9504415057
1.0512495628,0.1962055976,0.0257049744,0.1250286713
0.8505998968,0.7511432403,0.3962496459,0.5164293115
0.1988547782,0.0178385724,0.0967988270,0.6685063658
0.1934045400,0.9956500686,0.3491017594,0.3379917225
1.6651295199,0.3866791802,0.9486410957,0.7151513883
1.3094344154,0.2908030126,0.9880121314,0.7342810621
1.8460044502,0.5389888128,0.6288500262,0.5429538135
1.0810078404,0.7407968436,0.8854785971,0.2659047436
0.6224291064,0.4096988404,0.3287267342,0.1135392030
2.1812548894,0.6369121867,0.5075519779,0.4767708023
0.6853171789,0.0197397142,0.9718263063,0.0966723965
0.9324876673,0.1654112103,0.5316556278,0.1846213521
2.0431644979,0.5208943720,0.7999564575,0.8569086470
1.0615700503,0.4763510141,0.2173133463,0.3452405269
1.3502025110,0.3455330428,0.5483939029,0.4658654250
1.7569899009,0.4183674952,0.8134282847,0.8220787623
-0.3789405755,0.9221654536,0.3737909755,0.4515484650
2.1445804482,0.6113693980,0.2571988131,0.2173681111
0.9283385463,0.9873559425,0.3081801786,0.9261983795
1.0057602423,0.1755590777,0.5756880243,0.0507672794
1.9218204688,0.5754353472,0.8043050175,0.0533861853
1.0327694240,0.7366553246,0.8159414687,0.0461970864
1.6079290080,0.3534210975,0.4685765579,0.7209628552
0.7807637752,0.1069271478,0.8639777171,0.4558558740
0.3482243825,0.0172189570,0.8271723845,0.4395421597
1.5345762645,0.3113881364,0.6172237837,0.7084186234
1.5341231604,0.3292308591,0.4915610929,0.8029924610
2.0753276098,0.4070392666,0.0873798712,0.8829129762
2.0266700108,0.6337419336,0.9740806850,0.0136426951
1.7761493180,0.3499900572,0.0994813934,0.9652318264
0.2408905760,0.0678233346,0.7839378916,0.7843067749
1.1426487074,0.1470418396,0.7001541460,0.1597707663
1.4346482761,0.2621593837,0.0757742279,0.8930488623
1.3014391793,0.2480461316,0.6018105445,0.9363152784
2.1732431314,0.6995160821,0.2620473604,0.7958890003
-0.1500180512,0.9542259465,0.2052598372,0.7234047035
0.9980035261,0.1713069922,0.1094669636,0.9431946002
0.4300027048,0.4414635724,0.1260458057,0.0737535587
2.3705888006,0.6087218033,0.3542619303,0.8437807131
0.0398625112,0.0176091956,0.3163498577,0.9197632262
2.2843674081,0.7252039028,0.5717280468,0.8674958443
1.2812247845,0.2873845756,0.8078697126,0.6556188027
1.2627956344,0.2350741019,0.8393341033,0.4043930435
0.3755383885,0.3632277594,0.2703134385,0.0620882748
2.0812618277,0.6295090222,0.1514575598,0.0550432068
2.5400047990,0.8319339065,0.2225927159,0.9978938091
0.4704330889,0.0899417897,0.1451305192,0.6860885717
2.1585458898,0.5772004726,0.6487619898,0.7975048235
0.8257728867,0.0757416703,0.7995328775,0.1067968510
-0.3781094977,0.9235004253,0.8828563974,0.6420786008
1.7446060481,0.4137722104,0.8560467083,0.7143447368
1.4426167273,0.2785376443,0.3750207321,0.9999264405
0.0384809781,0.9987787044,0.0308406028,0.5993138002
0.8530410819,0.1759223420,0.3460414657,0.4499644432
1.9320374938,0.5817418880,0.2578989147,0.2518335241
1.2294698643,0.7475340352,0.2917156924,0.6183507668
2.1497564253,0.6152642503,0.6986290009,0.2806226459
1.1332214338,0.3087996986,0.4702580738,0.0621920384
1.0795839591,0.2115024230,0.2830649980,0.8895524047
1.3679190551,0.7296278848,0.3650225841,0.5985597105
1.3893229160,0.2935552346,0.6752131898,0.7326017505
2.3757910649,0.6388994702,0.9562942391,0.9044236403
1.4612983831,0.9084558015,0.8394515023,0.9628093248
0.0560296710,0.9880643934,0.1961014637,0.2450557720
0.9068339924,0.1670443688,0.4825210873,0.4667280484
0.1292655061,0.3928652911,0.9295707847,0.1910299061
0.0380952622,0.3712395739,0.9739300405,0.0996269876
0.2181388060,0.0365787954,0.2633452187,0.4217585675
1.2609414714,0.5175344633,0.0212840029,0.3007069913
0.9345343230,0.4963230079,0.1221742827,0.0878223179
0.9199138858,0.2464020459,0.2924791590,0.1938570434
0.0723506893,0.9885778320,0.5137990031,0.0193909042
1.2982280616,0.7377014031,0.3708575972,0.5926579151
2.1819707057,0.5641126144,0.9632438050,0.9907111085
1.6612803103,0.6992662063,0.5083435930,0.5062268429
0.0195526325,0.9452913297,0.1889530318,0.7819139646
1.2085664790,0.2512230816,0.5257962414,0.9818194051
1.2691033084,0.2349893241,0.0867342774,0.8820592546
0.0557586071,0.3649175153,0.0946166226,0.0273423127
0.2793731515,0.0595654523,0.5094796075,0.6096481833
0.3157211144,0.0191541818,0.6822346887,0.1785376456
0.8019381789,0.8673463630,0.3481159184,0.8322105081
