0.6453012072,0.1536613560,0.1693033010,0.5059643145,0.5255397780,0.6916055522,0.4584490477,0.4187047165,0.8003485643,0.1268912758,0.5628514317,0.8844792135,0.2944256967,0.6791939413,0.7572044379,0.1914766053,0.8892716104,0.8045371700,0.4943108559
1.9752037841,0.6581188735,0.7675808770,0.1092274589,0.4228245004,0.6464188498,0.3191179157,0.2767160045,0.8116993354,0.7871219568,0.0527242405,0.7959917705,0.8166352045,0.0023195468,0.6136758628,0.8458802727,0.6585311332,0.0778022255,0.5230257636
0.0770687274,0.7975965264,0.9687459069,0.2469493361,0.1131605814,0.6334037276,0.3203546658,0.7373152903,0.9818290600,0.6218598140,0.0682240917,0.2725305160,0.8602227267,0.5357257382,0.5625253284,0.0878528319,0.4052501549,0.9115661147,0.5245005120
0.9692543245,0.1975138291,0.3382755361,0.7154172315,0.6054675677,0.6079573630,0.9301832203,0.5918770577,0.1952855146,0.7490450198,0.8291073333,0.7958001028,0.1716596904,0.7331902569,0.2069958283,0.1073212611,0.1063476337,0.2375511505,0.6762985365
0.4463731493,0.0790147813,0.4160102580,0.3977447016,0.8538995781,0.8816974232,0.1569551083,0.5633292568,0.1892392885,0.9531168764,0.1291218179,0.1409406463,0.0552610796,0.2099301367,0.4494270355,0.7553077774,0.5281711367,0.5531815736,0.4772702459
-0.3307697223,0.9388513022,0.3054243003,0.6089643414,0.1424377031,0.4296667903,0.4665435189,0.1051953377,0.2163172697,0.4332563463,0.0134894463,0.2195923002,0.5809819219,0.0195466718,0.9123350273,0.5270211492,0.7697245185,0.9896028519,0.5900457832
2.3048398732,0.7404666892,0.0778521862,0.8550139094,0.5100691471,0.7988206446,0.6415360596,0.0331463734,0.0169576016,0.2812387681,0.1022737514,0.3117666612,0.7125888551,0.6132992785,0.5616117211,0.0480309935,0.6238936550,0.5553827247,0.5384624671
1.5256191002,0.5189641484,0.8672735233,0.4577246381,0.1649813623,0.9563128107,0.3928861326,0.8690768017,0.3887029125,0.9326071172,0.8958390182,0.8718330250,0.4936507020,0.1085438278,0.0098664060,0.6455051664,0.5714569419,0.6305979065,0.3867702177
-0.4766868917,0.9166752385,0.9175634384,0.2520332582,0.0057151967,0.5134987872,0.3960560654,0.3054181042,0.4615113878,0.2521677905,0.0285984299,0.9476326564,0.7052866475,0.0996573163,0.9513412115,0.9973310368,0.0802273332,0.0942612513,0.7529190644
0.5145437366,0.1109739191,0.2230977052,0.4525051938,0.8534606982,0.0411190247,0.5556002182,0.1525985603,0.9808379443,0.5152722121,0.0626622720,0.9064239632,0.2714373585,0.0450667881,0.9599106533,0.4657504392,0.6719905101,0.3399839333,0.6708164612
0.0155264119,0.8858547801,0.1797192661,0.7647280274,0.8705726715,0.2561472844,0.7228881028,0.7793117104,0.4154408492,0.9018258787,0.3335975056,0.6465164467,0.3876585678,0.1229018585,0.4093403010,0.4381893038,0.3965353799,0.3132975739,0.1119973066
0.9809529599,0.2038461604,0.0825500388,0.1767011707,0.5302952982,0.6507281983,0.2124889135,0.4337778634,0.5953565767,0.2280678357,0.1412150612,0.5468805216,0.8013370144,0.2799671570,0.8870120341,0.5006068133,0.9819128517,0.8742597371,0.0669671536
0.5826386889,0.1176499017,0.3771700306,0.4801652179,0.3343972395,0.3506699345,0.9428370319,0.4161172695,0.8471533868,0.9200798426,0.0700177897,0.5114585970,0.5694843619,0.6540883768,0.4725559110,0.1300220776,0.3173574773,0.5854927362,0.4558223456
1.4387308660,0.7874505284,0.1903778826,0.7926286043,0.0041839557,0.5759688206,0.9151149253,0.9434631146,0.9657239781,0.9923889966,0.1726551138,0.8025199039,0.5060090056,0.7430849471,0.6895655045,0.3365251671,0.8788404560,0.0665379082,0.2585207280
0.2836312428,0.3704366498,0.8410180868,0.0919616433,0.8911358886,0.8416364177,0.8314623090,0.4072638434,0.3418841562,0.9624306506,0.5067677474,0.5044519976,0.7531606941,0.6344864776,0.2266650662,0.4368000778,0.5603297798,0.4029273111,0.8746292908
1.7969323659,0.5585210122,0.5496380161,0.2310380531,0.4239621307,0.7260387766,0.0614458596,0.9835701094,0.5689720462,0.8645045159,0.3649138027,0.6253070386,0.6529157022,0.6532996839,0.4682407718,0.7422657494,0.2105953761,0.2110873343,0.1456961593
1.0085526510,0.2207161431,0.7632350390,0.8348639983,0.9492116078,0.5892268239,0.7092629654,0.7941298664,0.6947330437,0.2358806260,0.4918109055,0.8386201088,0.7006826541,0.6897997497,0.1328506819,0.9750689673,0.2668014288,0.7820872190,0.0425875000
1.2201057146,0.3861943985,0.8252301280,0.4390950620,0.0125520703,0.9953917301,0.1863606764,0.1372347184,0.7396947998,0.4765564412,0.8244865351,0.4764922944,0.6456691464,0.5750606274,0.4756215746,0.4215618886,0.0009631802,0.6167705509,0.2053568996
0.2586447056,0.0503495147,0.2477142085,0.6899897646,0.2881319621,0.5545275996,0.1513551085,0.9146451343,0.9558201965,0.7999516138,0.3072361531,0.3313487823,0.3695897836,0.4810216527,0.2549258757,0.1634068170,0.8885464344,0.0059351902,0.0288999502
0.3673327579,0.7833860167,0.7925139307,0.2333480198,0.4968976148,0.5198645791,0.9090791833,0.2475603503,0.7615179011,0.4331853591,0.0935869004,0.1951467277,0.3962541517,0.6322434830,0.5774437373,0.7020866341,0.0071369975,0.4167107241,0.2877703208
1.7457235908,0.5558051157,0.1179803024,0.3477702448,0.4598593032,0.0741609127,0.2949172258,0.1260250354,0.0808785369,0.1971311369,0.7574736769,0.1800968416,0.3891569869,0.0995338728,0.9888982401,0.0364300002,0.3872819171,0.2446353519,0.8407713382
0.0903738630,0.0306474615,0.3617229991,0.7156045773,0.1475561805,0.3875084807,0.3629291534,0.3039463735,0.0999299215,0.0372924656,0.1296462138,0.0662461910,0.8764548024,0.6802712864,0.3421669067,0.0327305200,0.4146856260,0.6759143702,0.5449977534
2.1643446313,0.6718438836,0.1751138953,0.7525162545,0.1336019179,0.8972571524,0.6721495296,0.9164829437,0.8546423600,0.3110445947,0.9440708190,0.0329529002,0.4163694208,0.7380159287,0.3206206018,0.0247091409,0.4869143951,0.1074623946,0.9900241223
2.0109660781,0.5647379046,0.1008164000,0.6561782876,0.7682882776,0.5750609263,0.1558740055,0.0311195300,0.0486452401,0.9277862172,0.2417462877,0.6413309009,0.5564817199,0.9378091524,0.2959826676,0.5742672432,0.0577966204,0.6504812133,0.2455526728
0.2132823151,0.0293695423,0.0290164198,0.6899256145,0.4624180769,0.1904617955,0.0125606834,0.1471604537,0.0113427497,0.9140070147,0.5143803737,0.1482301284,0.0634449893,0.6912576104,0.5260892218,0.6264621048,0.1364343901,0.6839773570,0.3492894557
1.9421430585,0.5555705555,0.7970633235,0.6245359093,0.0750921649,0.9682282697,0.7022258458,0.5794266612,0.6172730864,0.5288372085,0.9364190038,0.3393545844,0.2148678005,0.5925574649,0.8708110515,0.2893672513,0.5003847098,0.4956570704,0.8723494170
2.0555476072,0.6574380209,0.6400207368,0.2481213094,0.3331527180,0.2495095779,0.0834199362,0.2878213034,0.8821550960,0.5241400344,0.2913947777,0.5781458658,0.2750681597,0.3529305313,0.2193430327,0.3985704908,0.9683977456,0.0020957086,0.5773055261
1.3298208532,0.4981370141,0.4778597586,0.0905685824,0.0560204070,0.2435206221,0.2306590165,0.1600178312,0.3990784549,0.4407442917,0.4475686182,0.4975944011,0.3360206781,0.3171597043,0.6738081690,0.9730786848,0.2785721761,0.5096848637,0.4715160352
1.1222958145,0.2676475057,0.2244208337,0.6319129565,0.2008034763,0.0673382102,0.4478218444,0.6644874640,0.5060690430,0.3272941010,0.7417148702,0.0719869748,0.8223470809,0.6999920830,0.8088741204,0.6351010742,0.9658565831,0.6872769354,0.5290140981
0.2964882382,0.0373503805,0.4952998065,0.4021118183,0.1990314790,0.0706740905,0.2742713071,0.4469607411,0.8031806582,0.1996498466,0.6425895576,0.2622526564,0.7200175219,0.7576752867,0.6904994901,0.2126662747,0.0743905438,0.3027336979,0.0429101486
1.1522656509,0.4931567954,0.1527339811,0.0985726362,0.1519502128,0.7478613552,0.0533240242,0.9390460525,0.5008515415,0.3454055672,0.3275725662,0.9891229715,0.4427272551,0.9360450498,0.7796727405,0.0946925187,0.5255232642,0.4235953562,0.6180547381
1.1338249450,0.3848823076,0.4792603731,0.0086787575,0.6651454600,0.7944733486,0.1930657344,0.2622714587,0.8618550790,0.0439067859,0.7404078206,0.5249998926,0.2004228130,0.7762705826,0.5097611606,0.2730011838,0.7213412259,0.9339581115,0.2994511904
1.6296291397,0.3719929678,0.0585812546,0.7357962936,0.8823121758,0.3207419726,0.4635490060,0.4438321145,0.4801820906,0.5352495338,0.6820892669,0.3354919629,0.8090291186,0.7120860811,0.0320279660,0.1772588283,0.6614211828,0.3024411738,0.4588663651
1.4234737231,0.1508481026,0.8658344112,0.0785094379,0.0535764894,0.4751910221,0.7570351128,0.0437747555,0.4566167917,0.3156167119,0.6808732689,0.6931030008,0.0971248253,0.9260669019,0.5462980741,0.7466543224,0.0951790214,0.2515505752,0.1009270024
0.3653962808,0.7845691388,0.8022451151,0.0700096913,0.6126419559,0.0151598060,0.8499356578,0.7796254192,0.2456653569,0.8647045486,0.5999160105,0.4248329080,0.2656492178,0.5322483307,0.8994896345,0.0337969540,0.6202582140,0.9384442065,0.0643197275
0.0533182952,0.8190381772,0.8265884928,0.6121920902,0.6551807377,0.4178859765,0.7262138511,0.9854235903,0.9515102495,0.4019659441,0.4778119739,0.5098734025,0.4563593862,0.0902103527,0.4263865048,0.4548062002,0.4815771910,0.1678524196,0.4155338704
0.6230441284,0.7945852508,0.3353282321,0.6555782749,0.3009617320,0.2251891018,0.3156097947,0.7922783840,0.9068710888,0.9417808027,0.4849793111,0.3343765301,0.9031443020,0.3175310212,0.4594213060,0.2019344264,0.3490811724,0.0195941935,0.9796123058
2.1516784468,0.5816629921,0.7308980141,0.7191618721,0.0448297453,0.3381107217,0.5881661845,0.1289853794,0.3224924447,0.5135135128,0.0861285571,0.9401742519,0.6329446257,0.4417404280,0.3144197791,0.1675298156,0.2644861979,0.5626086709,0.4360618242
2.2098912293,0.5741869724,0.8792578303,0.8795401042,0.4471822723,0.9940175545,0.3646013300,0.4966856702,0.4150324305,0.8961608779,0.0832645509,0.3809877548,0.6715500574,0.4830078286,0.4194713583,0.4431376828,0.9328677687,0.4785840297,0.7849944258
2.5940285575,0.7146047620,0.4601410181,0.9742054417,0.2099313927,0.9392529335,0.7370080410,0.7621374048,0.9903540602,0.8216919400,0.8947821631,0.9412765106,0.0673630333,0.1824380307,0.2343975166,0.1652974546,0.5900036647,0.8209160154,0.9852013525
2.0118340844,0.5085316412,0.8531370329,0.7098506776,0.9774761970,0.2728326730,0.0147818051,0.2036116173,0.3264759576,0.3844707224,0.8137711968,0.7398410331,0.9229176417,0.6309009489,0.1314336165,0.3190311509,0.5250898936,0.7330480414,0.3875137574
0.3724189252,0.0930550911,0.8810801886,0.7155471594,0.6523012591,0.1562370602,0.1653077930,0.0064505323,0.8911565643,0.6398131265,0.9561134252,0.3559200417,0.8148538600,0.4170906633,0.2165309668,0.6140432673,0.1875037883,0.2545371597,0.7977124082
0.3273176490,0.0714058316,0.4302439576,0.4933548193,0.2398559132,0.5870847844,0.7616396582,0.8536402144,0.2500281771,0.1263511346,0.4981826180,0.7567566149,0.7884071499,0.6927718760,0.9675006973,0.0166902932,0.3544398709,0.4357929211,0.4293600758
2.4709181399,0.7444145126,0.1413430974,0.9154967152,0.5606454689,0.4448073553,0.7720487835,0.8732635472,0.6198364355,0.8509015443,0.7291798785,0.7490932099,0.2038709201,0.5053554637,0.1545356574,0.6835602946,0.0567810146,0.8968384752,0.1778047150
1.1254109878,0.1994698132,0.5428354943,0.3071831362,0.8047750596,0.1064899763,0.2589443211,0.3042683145,0.9659044282,0.0330442774,0.6670171900,0.6695769409,0.3113274025,0.0364835359,0.9119181258,0.1384912769,0.4852861784,0.6396882314,0.7224553963
1.3202037686,0.2500984540,0.9910791570,0.5021619038,0.8270520515,0.4421810123,0.1039185258,0.4140072503,0.1205705718,0.4719523068,0.4710435835,0.6290793822,0.3839290871,0.4746850679,0.8328262173,0.6548652733,0.7561841741,0.6167449683,0.5026079533
-0.3947519860,0.8731452152,0.4140415907,0.3379540202,0.3688677005,0.4308683510,0.0329676585,0.4796389463,0.1911224947,0.6917274674,0.4152839781,0.3441628595,0.9655687538,0.9213987338,0.3190168543,0.8604172274,0.7546123582,0.7188628840,0.2761302517
1.8561003629,0.6644369853,0.1090262287,0.5114685996,0.5302611885,0.8064135867,0.2641622944,0.1170292961,0.6752600867,0.5269989231,0.3689491874,0.8509509193,0.4912411134,0.8486189701,0.6660074018,0.4738894312,0.4427600202,0.8874510718,0.1641642649
1.5524793033,0.3472908671,0.0630884484,0.6552157609,0.4326742971,0.0802775080,0.8654070138,0.8984450720,0.0977960173,0.3607357469,0.8427704866,0.4278815549,0.7795507723,0.3248738711,0.7396245493,0.2105500595,0.5202809777,0.3300342292,0.5575756356
1.5040095892,0.3074829336,0.6317970998,0.6009523002,0.7240935209,0.7690848906,0.2611294730,0.9303008660,0.6070239239,0.6777674681,0.0897684014,0.0482814954,0.4621002917,0.2583554134,0.7472960129,0.5980906349,0.8523142737,0.2666938245,0.6159756235
1.2024716519,0.2202233923,0.3608605273,0.9787717994,0.2814978949,0.4282223818,0.5566192791,0.2243724641,0.3236494297,0.5551459275,0.1768513618,0.1685947752,0.7433278632,0.9580204439,0.5330179383,0.9735481272,0.7444952596,0.8781772726,0.9393460528
-0.3649751962,0.9505258238,0.9675283763,0.2276085017,0.8711947273,0.6469603373,0.6016962424,0.5343815231,0.9967082972,0.3041245287,0.5750798648,0.1635763375,0.4310206679,0.7243375572,0.3029780966,0.2185127025,0.7846317277,0.2991885175,0.9241333426
2.2176032292,0.6567753488,0.3659898117,0.7677139558,0.2896374821,0.8816335029,0.7132019228,0.7063277942,0.1235023618,0.6786541855,0.5063411803,0.5469253380,0.3142096502,0.5130598635,0.4523106163,0.9792209415,0.9794056264,0.3904685044,0.7629040316
2.5092327681,0.6017694943,0.1088864288,0.8636218511,0.1959648111,0.8882713966,0.3840466892,0.0841048090,0.8442099794,0.2551520108,0.7437608837,0.0201545010,0.3546456969,0.3626893097,0.1204600448,0.2840866800,0.1719081354,0.7809392569,0.8294609077
0.2257195036,0.7953761939,0.7701955283,0.1545582156,0.9289323056,0.4671435782,0.7300302642,0.0352406658,0.1890731094,0.3232862652,0.5881049198,0.3099889412,0.3700219670,0.8253739676,0.4656463951,0.6074755964,0.9354509100,0.4225617978,0.9368455206
-0.0677566284,0.8230388776,0.6080100334,0.0953874474,0.4463927641,0.5295013125,0.5611901040,0.8076874271,0.8310749175,0.1689943750,0.2456400627,0.9974879750,0.1971755613,0.3518993889,0.1876716954,0.0578493430,0.9246671455,0.5933771256,0.7547780999
1.2055782594,0.5061012312,0.2165232230,0.1869045412,0.8264189630,0.1656792052,0.2518565976,0.5823037007,0.0150292762,0.4153120190,0.0984862252,0.4837404000,0.3090889395,0.9321739832,0.9864822506,0.9761391735,0.6767903431,0.4150264917,0.7602887735
0.2337472074,0.0333764340,0.0420471586,0.4854052033,0.9937420709,0.5971280490,0.3928917456,0.3482169342,0.3019525066,0.3861863552,0.7800790652,0.5293992737,0.4014208003,0.3868181374,0.4021955173,0.8898998689,0.7501061648,0.1071565865,0.6424062293
0.9563254576,0.2214577100,0.2717079304,0.1036906111,0.8784926143,0.6109915770,0.0315795200,0.6600788549,0.1196107766,0.8382591741,0.0555942319,0.1998201200,0.1805058052,0.0393454038,0.7426231591,0.8788121929,0.5117871467,0.1153056123,0.4891857920
0.8909936005,0.1149379422,0.0415528748,0.0855172008,0.9805413031,0.0725850497,0.7680148801,0.2171134081,0.2087659160,0.3841553480,0.3779127570,0.6470600787,0.2683565979,0.7759527985,0.9644552914,0.7844405757,0.2056356991,0.5825030820,0.4876398327
2.0365914918,0.6322389101,0.9674974788,0.0851186396,0.4090399500,0.4100284886,0.0316765020,0.4665351188,0.3107098171,0.7264674589,0.3097685695,0.0449972368,0.1659438154,0.2690807642,0.0324696616,0.6644689484,0.7706399235,0.5257735099,0.2086323153
1.8384880366,0.6737548799,0.5146230147,0.2943346136,0.0853157019,0.4448560920,0.4694975937,0.4339770068,0.0846063028,0.0444492561,0.1443330808,0.0138850802,0.4665572792,0.5298094764,0.4070984681,0.3854588421,0.8412894360,0.0951316328,0.6192936187
0.8520787030,0.1592228988,0.0797354151,0.2507646570,0.9977020882,0.9349959450,0.5890982425,0.0202839018,0.7471640523,0.7781229166,0.9055826769,0.3754197055,0.4608167690,0.6220109144,0.0014708371,0.0062307494,0.4852449730,0.8799161744,0.9314185136
1.0451741072,0.2785963818,0.3891979878,0.0612441034,0.0541854643,0.6266895453,0.2571969888,0.4923351659,0.7465710399,0.2979126114,0.8062087500,0.1225934247,0.1881581512,0.0922822936,0.8885069532,0.7283133408,0.5219657222,0.0571457769,0.4709074482
-0.2778037019,0.8529700900,0.2889984543,0.2626030007,0.4690323047,0.7288362962,0.0919002754,0.4148811821,0.8138687006,0.3671784712,0.0525412048,0.6973589908,0.8807242746,0.3985739356,0.3874479727,0.1248671981,0.3663669104,0.1098644199,0.7742712357
0.9551049741,0.2046940894,0.1376415920,0.5664512060,0.4468469901,0.2192111167,0.1165953812,0.0886994729,0.6776799440,0.6801711190,0.1631163329,0.8224424217,0.0399179754,0.6104189689,0.7519189170,0.3227535683,0.0093503652,0.5626270570,0.3381616544
1.4819172869,0.5384337694,0.0690037711,0.0256280945,0.1511276260,0.3397004247,0.3586325336,0.5621868858,0.5828621286,0.3141101099,0.5886717833,0.3638468993,0.5801569733,0.9032217491,0.7804796650,0.3391679347,0.4366756088,0.1046280852,0.0393595863
-0.1346157590,0.9615559686,0.8017269426,0.3527064887,0.2771158810,0.3996768006,0.6123503512,0.8987479807,0.6851556122,0.1502942596,0.3163378244,0.7989065115,0.5921170923,0.7720253161,0.0325161353,0.8568769266,0.0064095523,0.8964526215,0.0453671504
0.4388144615,0.9244617376,0.8515167934,0.8609417575,0.2210511405,0.6654996876,0.6697341399,0.3833648392,0.3107642860,0.6049485587,0.8571231825,0.1389209052,0.9427670574,0.0234196771,0.7738146466,0.9172358822,0.7504612705,0.2644324105,0.4631467971
2.0540621734,0.4801857094,0.6456627938,0.9443310568,0.8011870258,0.5989879687,0.7480482837,0.9844711709,0.6189792631,0.3359477965,0.7345569577,0.3468541778,0.2296405290,0.5695751552,0.3762352908,0.5048458257,0.8069706964,0.9465562529,0.2747116781
1.0702239058,0.1956579536,0.7901396238,0.6337840113,0.9090991036,0.3216779426,0.2125609173,0.0026024911,0.4705384908,0.5369317787,0.3067789035,0.4498112131,0.5659870309,0.6244254200,0.4694335654,0.1757565601,0.6355262372,0.0883946534,0.8705535698
0.1547059398,0.9928465041,0.7045536687,0.2144397951,0.1836699314,0.8439231765,0.0642135896,0.0587346687,0.8919530845,0.8286704668,0.8728244355,0.0784890428,0.0479660790,0.4693175563,0.6086525268,0.1449186018,0.2879764559,0.9703336692,0.9913073631
2.2029561997,0.6080687619,0.0747310591,0.7534555959,0.8137665076,0.7228552837,0.6641730674,0.3225963456,0.9840874099,0.2420160856,0.0178351804,0.5775492767,0.2978593124,0.0520527264,0.3452622894,0.1046148274,0.6549752050,0.9877570210,0.0053762493
0.9580195057,0.2563145845,0.2281599883,0.3169842826,0.9604853700,0.2979289185,0.1047412893,0.4771178049,0.1066196968,0.2934412616,0.5795002860,0.3443278987,0.1055100311,0.6535695245,0.2098968854,0.7317871654,0.9436452214,0.2170505286,0.2451845716
2.1681003167,0.6208453851,0.5688387866,0.0010077669,0.6334551127,0.6091907678,0.6437730192,0.5341172989,0.6861904140,0.4580298700,0.9466216806,0.5626259845,0.1851575578,0.5192662224,0.6209136252,0.8321294987,0.3626834396,0.4366248118,0.2149934291
0.7065443661,0.7723478523,0.5157619578,0.5254004929,0.1593067673,0.5263146042,0.0456806312,0.8475131776,0.0234679322,0.1091334668,0.0390157241,0.1829521998,0.9273210622,0.8768325385,0.3046349225,0.9407242103,0.5006601668,0.4510677707,0.6288431755
1.8975049939,0.4624342335,0.8619426265,0.8946444781,0.7705530672,0.7318956186,0.1560546619,0.5133204777,0.6997653529,0.3608144265,0.9958741416,0.2292319048,0.6067367705,0.7750467594,0.8865652473,0.1258610958,0.6045657430,0.6916718784,0.0514362487
0.7263638439,0.8243154229,0.9299860798,0.7799654673,0.7681907497,0.9062995845,0.0891558109,0.9975919375,0.9799735870,0.7669836743,0.7043008605,0.3311758118,0.6761597061,0.7032868276,0.7332275130,0.0281793586,0.5032598937,0.5097957048,0.8078271197
0.7018310294,0.4307357731,0.0642031947,0.3994051784,0.0734808289,0.7704565498,0.6902598136,0.2069888034,0.1098609718,0.7760985828,0.2335204909,0.8510385764,0.4899618324,0.5799449393,0.4944980004,0.8586512679,0.2258289242,0.0449810645,0.3927882691
1.4898548793,0.3164825115,0.5508914754,0.8496049611,0.1289726156,0.6065115065,0.0523680195,0.8220794464,0.0852206601,0.2077985761,0.3941860772,0.0435111694,0.3488184280,0.2224940864,0.0432451912,0.7208606247,0.6925688795,0.1092961820,0.1650420553
0.7794914594,0.0758254802,0.7226407338,0.1556008268,0.1001497015,0.7845527619,0.1026089984,0.8727196530,0.4434186040,0.2438252482,0.6580916496,0.4074691053,0.0964089498,0.6806346662,0.0016236824,0.8548301348,0.8113042149,0.9445866595,0.0824886406
-0.3277584659,0.8627051608,0.7089908108,0.5700063929,0.2968126848,0.6182226266,0.2675279670,0.9231040336,0.4778246401,0.3158591777,0.7275226848,0.1116514287,0.9363671339,0.8097828509,0.9076132152,0.2510413432,0.7730827439,0.9686568051,0.8772148335
0.3897538130,0.7796496912,0.8083196613,0.4738136822,0.8160945706,0.9519432329,0.2353785917,0.3935802749,0.8966331348,0.9621636836,0.0705600899,0.5415864672,0.8204670190,0.3387712781,0.9608043943,0.4845274792,0.6497703239,0.1355561330,0.8366906151
0.9667995873,0.3446943765,0.7363713535,0.3532694414,0.6085059102,0.7361847905,0.3745207105,0.9429982062,0.0773059100,0.3071384413,0.5470919105,0.3021818310,0.2698211534,0.1221120388,0.9907708284,0.0606798893,0.4091099198,0.6714429156,0.6721510486
0.5327009688,0.0704639341,0.6389913601,0.2609968880,0.0937089764,0.4211571310,0.1361686746,0.3168834807,0.4930791919,0.2363255198,0.7161787342,0.0089026294,0.7165708781,0.6110380509,0.5904841591,0.7783749322,0.3445761995,0.3799317721,0.8712819063
1.6136156497,0.5452658678,0.3156258119,0.2676436886,0.6038858653,0.1480181208,0.5888732285,0.5490326124,0.1995763649,0.6382253735,0.6310371815,0.2217395600,0.0849775448,0.0312732076,0.5607399078,0.5116446002,0.7976363593,0.8772893979,0.6259280360
1.0375771583,0.4809581222,0.3412817849,0.1742446775,0.6030693127,0.1115745441,0.3794109987,0.1113338564,0.9044207880,0.0209876575,0.6415292922,0.1140868110,0.4360899383,0.1948043075,0.1618569475,0.5393781865,0.1299959072,0.3041075764,0.3727437028
-0.3992469448,0.9219157669,0.0857029049,0.4832450664,0.5950261572,0.8452148897,0.6950246356,0.1080583389,0.4986564683,0.5490540585,0.7630112155,0.7223215522,0.6774074168,0.3440133366,0.5710357999,0.9374839220,0.2123515402,0.2937090156,0.9135538787
2.4551385538,0.6692424909,0.7909302607,0.8682973187,0.8247546625,0.4696093215,0.7059294178,0.0613244026,0.2558872690,0.2047724466,0.7631743123,0.0329915856,0.2061616446,0.4339136305,0.5663752243,0.5766673499,0.1824237728,0.5095628424,0.6420288675
-0.3957286683,0.9144697415,0.9118119007,0.6427331448,0.6725576766,0.4350367641,0.9835785530,0.1617794098,0.0236176705,0.0447849305,0.9504498919,0.2414557824,0.1222908643,0.9558785963,0.0088446923,0.6341343342,0.7795197260,0.2257224095,0.3932533781
0.8967287065,0.7891146233,0.1767590691,0.7129544236,0.7033888594,0.4565833558,0.2515689143,0.0852061774,0.5136276428,0.0956969391,0.9320714136,0.3660945764,0.3155745037,0.5251836315,0.8031050093,0.6715207519,0.9553174048,0.1759615190,0.1035899108
1.6340237638,0.5332300328,0.2899020447,0.3986211567,0.6561842140,0.5483602036,0.2179903077,0.8250503154,0.1003736114,0.4416034207,0.3795393317,0.9955869393,0.1353626655,0.6827998463,0.4948095542,0.7668276435,0.6554346731,0.3214077468,0.9013007466
0.2937456176,0.7849639973,0.0212454959,0.5633231162,0.7230737572,0.6756802440,0.1912863485,0.9443799219,0.9905147110,0.5896835042,0.5054250200,0.4752885625,0.9748214794,0.4516197215,0.2370213217,0.6024654475,0.4252001891,0.7580558753,0.4981540286
2.4501219478,0.6763516170,0.8360928301,0.9880841877,0.0020908910,0.5006635035,0.2676535538,0.9211411576,0.6141901222,0.4803461626,0.0947677522,0.1656942349,0.8992286947,0.8071354885,0.7915662795,0.4204794954,0.8132637006,0.8831811218,0.1381156598
0.0756871766,0.0341747364,0.4073022258,0.9183502955,0.1788059624,0.5803350664,0.5192176668,0.6617506832,0.8537379685,0.8402068567,0.1597455774,0.3688592616,0.7047274470,0.0561147688,0.8675964764,0.3556294393,0.1381346448,0.1996364297,0.6951357866
2.4688241053,0.5319110771,0.1411653605,0.9467178484,0.5449453326,0.0949473722,0.2228568040,0.2135551867,0.5665161326,0.4800288022,0.5670392475,0.5252082499,0.7914346187,0.5278468642,0.9252528312,0.0061378662,0.8427177325,0.3144032382,0.3308457621
0.9139197341,0.3627110057,0.1419459883,0.4157645082,0.6683890957,0.5605522927,0.8405830439,0.3557162620,0.3812300617,0.3045453340,0.8606196677,0.8399673633,0.3670002827,0.7290988330,0.0475172743,0.2350895627,0.7622444663,0.4895339047,0.9781890227
1.8449276391,0.6760068009,0.4299265825,0.4508718876,0.8956581822,0.3362736728,0.2357751489,0.0502745980,0.4192956477,0.5292344074,0.6800595533,0.8198360214,0.0816038743,0.7062213034,0.4161748786,0.4811923415,0.2120789943,0.8682772069,0.4388734864
1.0883542298,0.4595803017,0.3689132336,0.3843483484,0.1288848299,0.7598254482,0.6480395784,0.3298385748,0.0141362799,0.2163045042,0.1987929745,0.6839268398,0.0390033616,0.9027775618,0.5367130959,0.2233351030,0.0187001891,0.7763369493,0.5537316109
1.7413997985,0.7227497589,0.1925435800,0.7408720003,0.2653544602,0.3299293093,0.4697500349,0.1557250675,0.5575530634,0.2023196251,0.5897370963,0.8319692858,0.9621480607,0.1980156610,0.0649263093,0.7062490091,0.1043365421,0.9756844157,0.5031693217
1.1559085153,0.1577538205,0.7656382254,0.2372085963,0.8287334010,0.1613756659,0.4753878854,0.0885909324,0.2887560750,0.3622519484,0.6613920652,0.0108865834,0.4691041858,0.1990482498,0.4327693676,0.6449758468,0.6423599260,0.7925019597,0.9046849736
1.0613773563,0.4449497017,0.4242238241,0.3325533933,0.8228795535,0.3534243689,0.4239158310,0.2149989584,0.9060750739,0.5435251706,0.8857623511,0.6445380058,0.0282585781,0.4209671572,0.0685411118,0.2211655863,0.5059915136,0.8068926825,0.0501367697
2.0531764444,0.5793037180,0.8743148886,0.6050066247,0.1289427623,0.3941481372,0.8636296619,0.1822370540,0.6164963038,0.5304336042,0.9445992355,0.0431640882,0.9097204916,0.5696723422,0.8211461559,0.4470030134,0.7633771902,0.6169795975,0.8422269548
1.0708174578,0.2106897454,0.2364458584,0.7946195632,0.2327659911,0.0312630119,0.8383150527,0.5910268495,0.9796575682,0.1148003409,0.3105090829,0.3572632733,0.1122598588,0.3268094107,0.2267272354,0.4842296808,0.2820730235,0.5546212163,0.5973549299
2.1371160033,0.5216138874,0.0021306365,0.7669929867,0.5286426169,0.8645263385,0.5799910022,0.1652474167,0.6397593810,0.7166361603,0.2412414615,0.6866015567,0.4192522247,0.4799989245,0.5827585498,0.5890485793,0.4510853059,0.7608575780,0.8133929563
-0.2109677640,0.8463377105,0.5370095031,0.0321308216,0.6653647812,0.8387669481,0.5858684871,0.8698605601,0.0550665143,0.0500504021,0.7733168907,0.4188227302,0.2526822987,0.5442576355,0.1167730773,0.4921658802,0.1026222221,0.2180932795,0.8788022069
2.1766758538,0.6353852827,0.6410093682,0.6979498426,0.2668454731,0.6376388640,0.5121265152,0.8412198532,0.7802781381,0.4858664418,0.3200841207,0.9949660436,0.6910219037,0.1833284076,0.8086073990,0.9264738663,0.8235146528,0.1300721542,0.1925011642
2.6468258621,0.5634943590,0.1574042277,0.9930090208,0.7494980374,0.4605771530,0.3943262054,0.3297770589,0.2362055748,0.5766761456,0.7707355392,0.6422697977,0.5863366711,0.3916144702,0.9842380498,0.7971971843,0.0478934871,0.0334877788,0.1724092397
0.3160157290,0.0630404057,0.3800167449,0.5779941615,0.6426398087,0.0870725015,0.6258244986,0.9697828593,0.7743144932,0.3322523853,0.1704018804,0.7707218516,0.6745980998,0.3590297993,0.1970785141,0.6893845520,0.6242124869,0.8016267000,0.7557665534
1.8654616053,0.6849854931,0.3370571298,0.3374197484,0.4409374028,0.5256318803,0.4787456026,0.8574038416,0.4240849632,0.8740429018,0.2624795380,0.6930331293,0.8872811421,0.3112591737,0.1553759323,0.1486941488,0.6948297134,0.1029444379,0.7113364557
0.4405699384,0.3970462580,0.3173179321,0.1876375334,0.5669485600,0.0202308398,0.0865454087,0.5610469728,0.2425748805,0.3239624302,0.4830173763,0.0319134103,0.9624794213,0.6541777476,0.7924876126,0.1848464106,0.0618722146,0.2579043019,0.3112992332
2.0226336820,0.6279439184,0.9563837586,0.4224099530,0.5667254255,0.5814612513,0.3363165205,0.5760377656,0.7251089733,0.7885379079,0.6175111938,0.1241513265,0.4542961297,0.5099276314,0.1869670561,0.7414366666,0.2128545093,0.7359094985,0.7799862072
2.0324208251,0.5989785360,0.4203488483,0.5104020864,0.4092374724,0.0102263427,0.2026199860,0.9062883629,0.6727922045,0.8156273490,0.6791600794,0.9475167093,0.6464934662,0.0138070978,0.4806557294,0.8674566163,0.3856806330,0.7454879561,0.1101005376
0.9393828829,0.1979528791,0.7850192098,0.5419349362,0.2341193714,0.6051236558,0.8009218267,0.0451612992,0.6122790718,0.7638439090,0.3875231925,0.6804286816,0.3477144721,0.6799705664,0.3938102218,0.2877140399,0.8727664679,0.0753855639,0.6499414819
0.5553299189,0.1217929127,0.2735239003,0.0106930377,0.1860463359,0.4517901154,0.9860268766,0.8986341786,0.8245291826,0.6123533694,0.0016127501,0.3703349801,0.4352162936,0.6763689064,0.4165878609,0.4667356467,0.0925829916,0.3591054974,0.6177065928
1.4432391649,0.3298038371,0.9309911444,0.7136445296,0.9769428633,0.4525109146,0.0085363289,0.0915980106,0.1003925213,0.8267953254,0.4290005472,0.5928362369,0.6815934010,0.1782698917,0.6894887582,0.7743471173,0.1706771429,0.2035814337,0.4342049437
-0.4831568694,0.8700112924,0.1640267190,0.4305686013,0.7509538762,0.9636289696,0.0147158763,0.9857403933,0.5077630550,0.7826266289,0.9979094012,0.8171657813,0.4917114682,0.0230976001,0.2718418106,0.7717267022,0.2396244496,0.1978612019,0.0590827195
1.8675816360,0.4087000527,0.3204740244,0.8971677671,0.7735640721,0.6885027802,0.3281771851,0.7392877230,0.0821908702,0.2054725597,0.4726700465,0.3812420354,0.4567703121,0.0621007313,0.5198607484,0.2283984321,0.3451537314,0.3191757131,0.6916260182
1.6962896865,0.4240114141,0.4567696658,0.6681977417,0.3784069904,0.7894200097,0.3136522064,0.7101435150,0.3082711482,0.2760892866,0.5387785692,0.5850091030,0.4512882585,0.0797210412,0.6861605516,0.8276534986,0.5253216273,0.8396069826,0.2849711656
0.9360306006,0.7454214640,0.6882902105,0.1167963456,0.6894450174,0.3812950058,0.0830057080,0.4847702264,0.5591152303,0.2559652820,0.0825501044,0.6335156990,0.2504273975,0.7271659039,0.5579447674,0.2100022907,0.3302958887,0.2156524454,0.9696380255
1.4588980373,0.4357016399,0.0746764378,0.5710343984,0.7828461005,0.4852919277,0.2224108604,0.3937197607,0.8878721273,0.3066012210,0.6435018014,0.6975044670,0.3878903635,0.5262008250,0.3029321392,0.8172500340,0.8514849257,0.3079633235,0.5510623356
-0.5591980070,0.8983035410,0.1989363619,0.3102972852,0.8093960808,0.8957589462,0.0973894114,0.8491331555,0.4165331085,0.4802758304,0.4181095125,0.1533843231,0.8571812340,0.4593262517,0.4305080496,0.7174010432,0.8879417444,0.0279678522,0.4408695603
0.5357637561,0.1084360400,0.1250931269,0.3480608800,0.0590187325,0.2281751801,0.8231997320,0.1933310726,0.9600700388,0.8479207616,0.8853495539,0.1446267974,0.4482432559,0.8999700163,0.8640216077,0.6735997207,0.6957698992,0.3384527975,0.0185803475
1.0385300649,0.0736440898,0.9459637728,0.1134120851,0.6998877737,0.7483935043,0.9060292382,0.9942663696,0.5949942355,0.7653586877,0.4722459385,0.7801301262,0.9482629680,0.4672013111,0.5989438940,0.8292795568,0.6946528586,0.6776790729,0.2181277777
0.5325880836,0.1522471249,0.7243002423,0.9393331885,0.0959664056,0.9453387266,0.0909227737,0.0891550835,0.4893455706,0.4197183356,0.9285023801,0.0408228178,0.3857898188,0.6723227608,0.2925384626,0.4792064194,0.1016187714,0.5089008026,0.0008609058
0.1581746694,0.8083930535,0.6314169720,0.3221123396,0.8965974157,0.4699479588,0.0337036545,0.3829969264,0.8096185589,0.9701413783,0.2051326136,0.7025036288,0.0564570256,0.8595977242,0.2280487393,0.1610831322,0.4544568912,0.8209005400,0.2055774383
-0.3403578582,0.8495805469,0.2325824416,0.2526925737,0.2684284103,0.3877754201,0.8422105925,0.8762877775,0.8002831020,0.7826625988,0.6828733742,0.6120599831,0.4274736681,0.8099299243,0.5668895236,0.5065826785,0.3731047368,0.1749430281,0.5744305698
2.1813963644,0.6036912485,0.6915199902,0.7070337661,0.1521195971,0.2349701737,0.6169147683,0.2743581906,0.7682803632,0.2150357373,0.8237552656,0.0566790335,0.9683167953,0.6880834752,0.6500725891,0.9639847740,0.7860273095,0.2993434728,0.3904570570
0.6530780878,0.1345105522,0.1539720390,0.4609823703,0.7707356841,0.1342122250,0.0489989324,0.3306914422,0.0103149121,0.5956342115,0.1336286294,0.1646733844,0.8495209600,0.7385367973,0.8881883420,0.7845545337,0.0819711826,0.8064102088,0.1223924034
1.5670898268,0.4883060890,0.2969750233,0.5441837836,0.4456550410,0.7578110296,0.3130394551,0.8580470872,0.4969809299,0.7051848228,0.0163819105,0.4553999789,0.8717361542,0.0754621591,0.9409387266,0.5470864905,0.1165856169,0.3152741138,0.7249732964
1.9955271202,0.6063830930,0.3049704252,0.4088086299,0.3873387319,0.1190778134,0.5421604304,0.1607011911,0.1021110670,0.4483852213,0.2749568798,0.3064550302,0.9565013768,0.8746237877,0.9930280033,0.1103086761,0.4039686531,0.7097314487,0.3881730228
0.3533596066,0.3405229759,0.1355544780,0.2506059479,0.9447510900,0.4459153027,0.5720839986,0.5679764436,0.5531953552,0.6686450620,0.7109156525,0.1740523152,0.8915699967,0.2818394871,0.9162587739,0.6644849887,0.4762046074,0.1294932494,0.5556816064
-0.5548871940,0.8983810007,0.1808543821,0.2426021683,0.1500129588,0.5878584904,0.2114073950,0.4136025314,0.1291363647,0.2821097435,0.6952263202,0.7126128443,0.0058563216,0.2845805953,0.1240038982,0.3013919142,0.7120023525,0.0231652570,0.7091552382
-0.2887936297,0.8497015013,0.2230323540,0.5070141495,0.7828646375,0.3574082882,0.6761481383,0.8650247579,0.5560354707,0.5462293327,0.0258312024,0.9044506284,0.6738970844,0.8963647937,0.2124445645,0.3896568843,0.0230969030,0.3830585198,0.0357451691
0.3035207568,0.0564601063,0.2597946682,0.2916826458,0.7307136693,0.0558756862,0.3364342859,0.4111355723,0.6501739304,0.2685366270,0.0802995374,0.9879626194,0.6375900449,0.8478090408,0.8741623514,0.0054630807,0.7495580477,0.4302818278,0.7259941456
0.9158301990,0.4821912805,0.0813649860,0.2913684451,0.8898580020,0.3894973551,0.9175636179,0.8726026275,0.8361873129,0.2677352210,0.8269368650,0.0565502557,0.8159366369,0.1655280865,0.2637884808,0.2109095614,0.5679751370,0.8135009226,0.4674997094
1.3106143852,0.4553710616,0.5380129178,0.4694375896,0.0657175435,0.2797166782,0.4099618878,0.6104003652,0.1756277768,0.4484776971,0.5147005051,0.3719037224,0.3491059005,0.1766383932,0.7721700945,0.5175473238,0.1566858791,0.8523017994,0.5236808386
1.8623663686,0.3941161763,0.3831575687,0.9711107794,0.4811426935,0.9425090509,0.5804344254,0.0582904481,0.9116234230,0.4677859115,0.5668570917,0.0142456326,0.9940568057,0.9489967841,0.7391623214,0.0759359616,0.0325902501,0.5275009806,0.4494326078
0.5265834047,0.0909310076,0.1488364846,0.2068871900,0.4952704467,0.7434645148,0.4799800044,0.9924003921,0.0246585299,0.0492950613,0.2541569135,0.9473717618,0.3187743085,0.5510981182,0.1948740994,0.1540681502,0.7523985965,0.0317389026,0.5857461741
0.5559152753,0.1069786165,0.1829409475,0.5250078913,0.3580654916,0.9856345930,0.8479915210,0.6152909489,0.6237543400,0.1639433984,0.7678718253,0.5018998070,0.5826714527,0.6249450992,0.4691747954,0.5543047465,0.0531163326,0.0098901911,0.6522874814
0.9494822383,0.3677037650,0.5897431566,0.0265060215,0.5857843976,0.0732593051,0.4206151502,0.8925779183,0.5860567965,0.8506220444,0.3221543055,0.9812582807,0.3445460081,0.2236380881,0.2464262574,0.7265376749,0.2185523236,0.4559176386,0.8687097076
1.8120175599,0.4432081610,0.3332732175,0.6735181629,0.5474904602,0.9739001889,0.4194579665,0.1765836454,0.9387960706,0.0139953685,0.2853267140,0.5843545763,0.5240751880,0.2372488011,0.1886388191,0.9465751265,0.2713059617,0.6581523242,0.4299909308
-0.2329727816,0.9461302275,0.3028100984,0.4886224352,0.0757716251,0.5269778637,0.2135033908,0.6884252368,0.0786236640,0.7472174124,0.1505764943,0.0106298897,0.5084302714,0.2556094798,0.7299592515,0.5395936251,0.3732835398,0.9628941583,0.6210008475
2.1043004750,0.6233199460,0.4106710349,0.4657787972,0.0272610764,0.1361669247,0.8189383041,0.3962354098,0.2644103998,0.2644642088,0.0809212582,0.1361259294,0.7538731277,0.4553072380,0.8761463854,0.9121370760,0.1780790039,0.7322333574,0.0335192473
-0.4353614977,0.9385528781,0.9641496281,0.2464708732,0.0877399347,0.9092537004,0.5255688770,0.8136082555,0.2488209995,0.2798537193,0.4527183325,0.9954087945,0.0842605861,0.8587948525,0.1716195595,0.5273311530,0.1565815634,0.2850791030,0.9228769376
1.6905510035,0.5541021910,0.9018894392,0.2251391521,0.1692088189,0.9017189326,0.8317121680,0.4982669782,0.1892840195,0.2536347877,0.5928080187,0.0561889300,0.6729449941,0.7546771711,0.3973130042,0.5475160162,0.9141230856,0.2711436376,0.3931294523
2.0641317295,0.6290339942,0.4992526028,0.1008752052,0.5892354996,0.4722271312,0.7815316272,0.8516562432,0.7316951994,0.6657001440,0.2435071505,0.2026218331,0.0162847103,0.8462833864,0.2676781131,0.7297134387,0.7010219548,0.8379176757,0.9043004417
1.7137719475,0.6759679158,0.1383895000,0.3651271848,0.4137229597,0.9800054977,0.2505895069,0.7500511963,0.1499387618,0.7094983823,0.3931159520,0.1876924249,0.4595219009,0.4536595929,0.8566403209,0.6416783342,0.5884632339,0.9445251281,0.4048086986
2.0654231585,0.6200648635,0.5074657394,0.5316226479,0.1026623216,0.1437638799,0.7267060812,0.3538275248,0.4944697941,0.5883724337,0.8782157180,0.6287962248,0.0358730645,0.0977717410,0.8446799810,0.1404101983,0.4053362078,0.8976082974,0.6186381050
-0.1361732231,0.8264906690,0.1200786852,0.2636257886,0.2453409965,0.3047285430,0.6932918931,0.1355807113,0.9264043798,0.3738520900,0.7161427219,0.9389373827,0.0458072777,0.4546242945,0.9357368257,0.3688537934,0.6706796404,0.3115126297,0.8350189694
1.6785202032,0.6720400760,0.1098461944,0.2630819777,0.7779552278,0.0497401140,0.8910204672,0.0260207884,0.5527555115,0.4256262199,0.2760268430,0.5608701372,0.2124504635,0.9493107897,0.5068911633,0.8681617691,0.2761026236,0.1501376187,0.6806753276
0.7615701104,0.4212924109,0.6593941260,0.2138339046,0.4511447792,0.4001123440,0.6531923388,0.1590585896,0.4092733083,0.8963882977,0.3964645597,0.4555095298,0.9399329765,0.4268287509,0.2922320218,0.4771424282,0.9638758913,0.2422342634,0.0758940195
0.8509106477,0.1773911170,0.1336321638,0.3180138281,0.8312875667,0.2918231242,0.7140687677,0.5199725975,0.9696640134,0.1204049551,0.7174426295,0.6941047019,0.3063890684,0.7785894079,0.1649896881,0.8423447724,0.8919267461,0.5199654897,0.0648264118
0.3455019593,0.0694731899,0.1839686129,0.6965068496,0.2397256385,0.5236827987,0.4915555146,0.6082132315,0.8888798221,0.9523856368,0.3636622807,0.4383884946,0.3210344543,0.5731181914,0.3566777869,0.9509458806,0.4273103191,0.7501857476,0.7445559554
1.3691850834,0.2976073985,0.0783189050,0.6166885165,0.0871494587,0.0978118644,0.4494777492,0.5485602869,0.0954611638,0.7927594883,0.8641900043,0.0071234763,0.1878271792,0.1217528781,0.6543920753,0.4580738524,0.5611216988,0.1788838174,0.5725374002
0.1739820270,0.9980212868,0.4457347104,0.2574258653,0.8984331935,0.0933156895,0.0527195385,0.2485724774,0.7770869186,0.1013218797,0.4641844029,0.6109322082,0.6929952557,0.1903836742,0.3859158068,0.5787765855,0.8584973343,0.0735743107,0.4008777836
0.4371743854,0.0546152423,0.9974914351,0.5176968242,0.4133177785,0.5426464754,0.7824155763,0.6765857740,0.6990326319,0.6023303957,0.7696237877,0.4177178238,0.4185415885,0.8429676468,0.4066438511,0.6590850213,0.9857843529,0.2711890560,0.3762793289
2.3236829437,0.5753600741,0.5997108447,0.8963397558,0.5709126437,0.9671320661,0.5287821365,0.4857651008,0.9038880734,0.1965303945,0.6592839615,0.6968578363,0.3556074350,0.2293663703,0.7355561455,0.0977482417,0.8884946033,0.2993223095,0.0618982936
1.1274093235,0.2396350915,0.0061447560,0.6451132497,0.0517971772,0.7173695830,0.4989729681,0.1505385348,0.0521239709,0.1712885289,0.6869549663,0.1354248090,0.1259672410,0.4848528782,0.1084032416,0.0971953117,0.5141081482,0.1571375739,0.0137634764
1.9600266226,0.8282376248,0.9510617319,0.9433094140,0.3835539987,0.6957047147,0.7066364687,0.9883344467,0.5413819245,0.4038963644,0.1886104045,0.1020739982,0.7875430865,0.0074645573,0.7474106122,0.8247888655,0.3925943926,0.0923902572,0.6596299240
2.3609641375,0.5830912622,0.3740342224,0.9368745004,0.4470142352,0.8596067959,0.7920047647,0.7683777590,0.5842753736,0.6489778892,0.8521019151,0.9393118011,0.2072641628,0.2273879190,0.1801619177,0.8099950246,0.6302033831,0.1807444610,0.1124427018
0.1378784326,0.0257844182,0.0710777775,0.2888173032,0.4445587430,0.5806087829,0.3115331267,0.3955209451,0.0934280434,0.2213276064,0.0244740960,0.2062466596,0.9192781460,0.9869247532,0.0061244815,0.7362325006,0.7460974197,0.9271366902,0.8976617666
2.1210345972,0.5732832459,0.6711146010,0.6485516579,0.9313131192,0.7287197946,0.8871107107,0.0183476568,0.0394824261,0.8957769265,0.7258630539,0.5771686368,0.3179239911,0.2289299381,0.1354424927,0.0359783528,0.5799924711,0.4542786560,0.5353748973
2.1119610687,0.5835475844,0.6793197334,0.0264691818,0.5593803336,0.1798644055,0.9588065719,0.1831174382,0.1261196373,0.7747346566,0.7408603343,0.9102674896,0.4299811251,0.3649352083,0.6632406634,0.8781551309,0.1070043623,0.4951456447,0.7241628673
1.9081019504,0.6589373219,0.4924991714,0.5544432298,0.0162133307,0.0008313848,0.1267783215,0.3362584083,0.2614725370,0.4605811247,0.0077267489,0.1828341238,0.7327764332,0.5258870227,0.8995165681,0.0473626645,0.5235028022,0.6039729300,0.3205722755
-0.3849250640,0.8516727320,0.7894454068,0.1571956210,0.9314555663,0.9730693110,0.5087451040,0.9249978179,0.9879064833,0.1783197064,0.0223030133,0.4155440951,0.6557899195,0.7254713423,0.0812529752,0.9264745029,0.5267971517,0.4835963319,0.9986013988
-0.4456850396,0.8494396833,0.0285254360,0.4064812400,0.0038654283,0.7191287979,0.3528086332,0.5274464925,0.6190717210,0.4488363906,0.5718089043,0.3629582196,0.0559394158,0.3578451831,0.0880654113,0.4693271590,0.2005480441,0.5965963537,0.3311415653
2.0597327335,0.5920519411,0.5651182384,0.2902673342,0.7636787204,0.6779978033,0.5845857277,0.7158105188,0.6757127190,0.0844413774,0.3735230062,0.6580483671,0.2680440046,0.8736872457,0.6657915598,0.7714917151,0.8981141856,0.5322473762,0.4366233006
0.4472235799,0.0974916243,0.2168457862,0.3823435887,0.2469839572,0.8059539587,0.5149039633,0.3659797671,0.6325924745,0.3639515570,0.8156474770,0.9869239081,0.8937123290,0.0163971661,0.6851501286,0.5606995175,0.3844599828,0.0840397145,0.6091111766
0.3718581824,0.0658728936,0.2208575518,0.4468930758,0.6765091110,0.5375737591,0.3886537679,0.1891808602,0.7085649424,0.3908380186,0.7976446882,0.8543293078,0.3749701139,0.2965923367,0.6719402370,0.3574806690,0.2372381110,0.7607549591,0.1647319952
1.6089247821,0.5453961426,0.5248327420,0.3604325255,0.5527842638,0.0146728579,0.5323937535,0.5696958964,0.0842193732,0.6857424766,0.5398136910,0.5619022118,0.7585086654,0.7362447818,0.8524009486,0.5522699758,0.8407371455,0.5421143700,0.2413452721
1.1467147673,0.4839990276,0.3216245815,0.3255203205,0.4831853252,0.2020730707,0.0941152052,0.8035113004,0.7088720496,0.8230229887,0.5042782805,0.7911936810,0.6162218276,0.0994098503,0.6978455642,0.4787083975,0.7632326754,0.6970639969,0.2907409870
0.7332857945,0.7589598346,0.0892914474,0.2362823874,0.1517833617,0.3263607975,0.2209597122,0.8094340436,0.1329602779,0.0579129475,0.4926578168,0.6013193372,0.0138165394,0.7841096399,0.1714835045,0.7437724158,0.7547241506,0.6360676727,0.7778384811
0.4598565203,0.0651343222,0.5649367549,0.3034718603,0.7056445897,0.4468286609,0.9596843741,0.2294437256,0.7175655501,0.0291208480,0.2489486903,0.8110152589,0.8323184715,0.7341082116,0.0591944033,0.0771397493,0.5100830062,0.5263825759,0.4896521719
0.8858123577,0.4118516918,0.6051858517,0.1967918095,0.6242479861,0.5965352429,0.4587728482,0.6971534492,0.1613666486,0.4991696550,0.3590278099,0.4461867277,0.5802077843,0.1343132990,0.4400896872,0.0211774907,0.9838071422,0.3681282425,0.8453882141
1.4677673094,0.3552514304,0.9994433475,0.5200746777,0.7161541085,0.4889155643,0.6940098133,0.1285898546,0.7496391154,0.2458715415,0.9393240310,0.0258538027,0.3726363767,0.2241229250,0.5212928645,0.5976019490,0.4591915430,0.4353972826,0.7851513261
0.9275545386,0.9944361391,0.7104697672,0.9361549062,0.5569777367,0.0406914276,0.8430597704,0.6396297103,0.6917604458,0.2384055255,0.8771409615,0.8853495771,0.9788812610,0.4290810693,0.8638851788,0.4875405696,0.5962816122,0.3825293893,0.9916181533
1.9084930822,0.5953150804,0.4793802886,0.5279741120,0.8164748424,0.9546793143,0.9442742335,0.4114156542,0.1234739056,0.5861928107,0.9877005405,0.2814127611,0.4465778458,0.7278387657,0.0278646962,0.1702020532,0.8119945638,0.5856050738,0.4285082627
1.5331974762,0.8190641640,0.7245972155,0.8735458533,0.9148667732,0.2584703304,0.9211275047,0.7876797952,0.9802857174,0.7757618326,0.2820592255,0.1518048489,0.1585620853,0.2223575291,0.1242700018,0.7546148331,0.9572877455,0.7231164110,0.6091828941
0.3528682388,0.0678210805,0.5741318051,0.6769721292,0.5446573316,0.7053959708,0.7906154213,0.9809491996,0.6325600002,0.3616219590,0.3665151779,0.7460405028,0.2963234840,0.0293523447,0.5671190385,0.2006137806,0.8385694696,0.9424390902,0.0805422969
2.0997455085,0.6063319412,0.8075228041,0.5098007945,0.5281556899,0.6597205993,0.3774643602,0.6780550889,0.2089023745,0.1864568234,0.6592452534,0.0605944733,0.8331599798,0.4997679358,0.3628067389,0.5519667635,0.8934089174,0.1802274920,0.4549666274
2.2258674418,0.8265053348,0.3861163610,0.9653960315,0.3167249641,0.0608788488,0.2075745324,0.7542707072,0.1899590450,0.9052447187,0.3010317446,0.4452494525,0.0929153835,0.1587668171,0.4977990753,0.1303616900,0.4308297959,0.4099908904,0.8819643370
0.8640455156,0.9727463027,0.8605821402,0.9264524752,0.0949468950,0.9076295300,0.6018437223,0.4648759548,0.0680678992,0.7393963945,0.6501650728,0.3063196800,0.1163812594,0.8304194113,0.8577893958,0.9795998848,0.0059608249,0.2399228849,0.2658965940
0.4145300960,0.3152144129,0.8798280170,0.0571235304,0.2877775012,0.0409731878,0.5174630605,0.7166029625,0.7142375842,0.0899040481,0.7276187463,0.5737014389,0.3029687920,0.7385175714,0.7058841647,0.0864479831,0.0268183556,0.0553313120,0.1456479151
2.0918025236,0.5017127551,0.5043880015,0.9199168142,0.5906211216,0.4217926859,0.1378221999,0.8442895846,0.9897095357,0.8061572157,0.4213444021,0.3043774040,0.8560411843,0.5976355289,0.2256043389,0.6206392551,0.5671410464,0.3848095706,0.2283464942
-0.0810146460,0.0218651153,0.1805401261,0.0360806008,0.9843812407,0.7669615177,0.2403223063,0.9252821393,0.9693598779,0.2504478066,0.3615299905,0.3208265693,0.9467548304,0.6148662344,0.0994603477,0.4633329857,0.4707194795,0.8331239217,0.4965767920
1.9060193941,0.6890342875,0.2864484267,0.6806673662,0.0201926545,0.0508796286,0.1719295167,0.3629762567,0.2745956416,0.1259867592,0.6946727753,0.0756333042,0.4977230237,0.2685136784,0.2582202332,0.3930868410,0.4121750228,0.0274526337,0.3152981075
-0.2257144784,0.9358970656,0.5453555556,0.1009728471,0.0098447956,0.0085910547,0.6917970725,0.7864816719,0.6628555717,0.8690770453,0.5776706372,0.9969617783,0.0423777465,0.1376550344,0.3725033481,0.2177726997,0.0107368735,0.7204463637,0.6930387938
0.4058665670,0.3601713058,0.7872517140,0.1293094500,0.3129177442,0.6367492227,0.5152947175,0.3177398885,0.7548597013,0.2159412168,0.9411886439,0.3545540943,0.8383939607,0.4704182731,0.3625918151,0.7955884915,0.9836623996,0.2800427496,0.2157897014
2.0995438563,0.4993033849,0.4177243580,0.9006639606,0.8014455947,0.2277332123,0.5097618674,0.8586293405,0.7660752492,0.3151818534,0.8213174646,0.2243840511,0.2628073614,0.8609202090,0.3910770902,0.7864727979,0.1051337314,0.5425346376,0.9278013232
1.5468818004,0.3839005856,0.3810129722,0.6415019621,0.3372292112,0.8993081711,0.7768443359,0.7448503003,0.1880327145,0.4204383443,0.4755846871,0.7221874423,0.2633048538,0.5878069807,0.8189519501,0.5171474934,0.0114439477,0.3384482601,0.0834579824
1.7524193002,0.5487724415,0.3571412168,0.4744476385,0.2704836421,0.1500809614,0.9697112831,0.3058975282,0.0910369469,0.3658360874,0.2989290010,0.8435720786,0.5460226605,0.0110479825,0.0903635692,0.2091096478,0.2764140149,0.7196006187,0.4977594845
2.3235615662,0.4698072043,0.1614512866,0.9791774118,0.5426659246,0.7594586806,0.2721492360,0.3266790165,0.3357731538,0.7595116197,0.3446174447,0.9440811976,0.0056497839,0.0645633621,0.6868522655,0.7353868936,0.4924777163,0.6103384162,0.3553674663
2.1152629843,0.6118815929,0.3271639714,0.1998110972,0.7923171702,0.9410263471,0.2133334435,0.5265208965,0.9568232582,0.4996959525,0.5961353915,0.3593838576,0.0276151743,0.0390335846,0.5549183151,0.4048878846,0.6149008881,0.5049843044,0.4382393923
0.4476435138,0.9567120824,0.6708318019,0.8630677163,0.8708857095,0.5560332902,0.3690019118,0.2231213437,0.8615572246,0.0922788403,0.8851527510,0.3535834451,0.6026554188,0.5271324985,0.1927759657,0.9096300165,0.6989231057,0.9898584188,0.1723965912
1.0415899062,0.9210170932,0.0575262597,0.9185795743,0.1513183617,0.5220116767,0.6236131447,0.1824290518,0.4290214808,0.8738501780,0.1310848820,0.9479306605,0.1092635660,0.3070500697,0.9859012819,0.9303754395,0.3787991292,0.5908108330,0.8480877208
1.8593094479,0.5496904127,0.7800711804,0.3277217380,0.2841799207,0.3158926490,0.6716754412,0.3694057317,0.3570344709,0.0443543391,0.2977830122,0.6327641386,0.1421730857,0.8920439784,0.4404848196,0.1443503235,0.7349472393,0.7815297163,0.5953371456
2.1121094126,0.4591463552,0.1993642179,0.8994559298,0.8955643974,0.0111790052,0.6880047351,0.9439711099,0.3720983435,0.2564165682,0.5743671778,0.2383557490,0.2079218439,0.2987449936,0.1384670843,0.9191672109,0.5730060609,0.0381889847,0.3935797796
-0.0380975737,0.8263985939,0.6007993072,0.1448459153,0.8999433139,0.6071823507,0.3064454502,0.1535668604,0.1851053567,0.3573301241,0.2435473905,0.9193818814,0.5916449458,0.9652241685,0.6048865954,0.7163717948,0.2579054097,0.1601230581,0.8923147079
0.8691963579,0.0890123986,0.8969159630,0.3060280477,0.5033553485,0.3976908414,0.4748223784,0.3497172498,0.0882288612,0.7952315072,0.7428401492,0.7090838688,0.6454353000,0.9313087469,0.6692217251,0.1781356893,0.9218814844,0.5777148298,0.7916428442
1.0381711876,0.4897570918,0.0942127248,0.1960839205,0.0312542090,0.1140009440,0.5297503835,0.4824842373,0.3286883012,0.9764759559,0.0747579040,0.2283901626,0.8961500800,0.1073770511,0.7631492758,0.1693567394,0.6930178952,0.9806108994,0.5145456723
1.6806667457,0.3760809498,0.3700721592,0.7799382993,0.8986106238,0.6745242250,0.1288356325,0.1831442379,0.8113036873,0.1276467290,0.0343763957,0.5381659459,0.8772882786,0.1937725626,0.5275835408,0.7481425463,0.5563545807,0.2634656333,0.0151836619
1.3579277782,0.2798200916,0.7914436526,0.4653572066,0.9615891148,0.5511569113,0.7123223126,0.6022552710,0.3769315365,0.6873521595,0.0230547576,0.2391590549,0.6121346086,0.9833164947,0.6028213083,0.0132428547,0.1650747816,0.3008206994,0.3596793490
1.9825320657,0.5881554539,0.4909374165,0.5080870387,0.5943063419,0.2728984548,0.0122225382,0.8702870033,0.6095920175,0.6426716073,0.7034693382,0.2861047167,0.6230217938,0.3730398452,0.1177390412,0.8623661768,0.7619333922,0.3141856109,0.1351164007
2.1133768970,0.6017829410,0.7115045252,0.4997955381,0.0264884617,0.9664867998,0.6757387452,0.4962268606,0.0425443437,0.4267324700,0.4660553334,0.9853734733,0.6010662824,0.5834136951,0.5427134014,0.9557704604,0.1908967629,0.1549354399,0.7008329554
1.5215425424,0.7006071591,0.0771712415,0.4604041594,0.4682032510,0.3433282334,0.9647977086,0.3974103434,0.8481201111,0.9167606068,0.8515646656,0.4415160780,0.5764001570,0.5084621112,0.8675186218,0.8213231864,0.4755304166,0.4112056737,0.0685735873
-0.2146613824,0.9730638423,0.0091271211,0.5659890588,0.8547599381,0.6534820953,0.4315583775,0.4947519245,0.0112710238,0.0931635564,0.9996164266,0.5698442667,0.4632041472,0.5282548768,0.7698791964,0.3003905816,0.3229703708,0.4631896812,0.4550655006
2.0720965781,0.5304764932,0.1841056618,0.7213124127,0.1469091134,0.8965169465,0.1314750084,0.7786843228,0.0747600383,0.7871321909,0.0090825400,0.0785067532,0.1833340795,0.5858310145,0.0811182208,0.2891555068,0.9120043112,0.1075445126,0.4536015190
2.2885933201,0.6726374562,0.9883556008,0.8639062142,0.6080247944,0.6645677441,0.8942349566,0.1041319294,0.9126027571,0.3038191407,0.1900814916,0.0694329299,0.6581663308,0.7835175342,0.9243541996,0.4816277353,0.5420089069,0.0993166231,0.3122552403
2.2007745813,0.6641799407,0.2462974394,0.7343830663,0.9706929830,0.5559916502,0.4050121893,0.3264813829,0.3634135181,0.9614997785,0.1061480147,0.7702047562,0.5506746422,0.8770871732,0.3890230876,0.7606487014,0.5572251226,0.4444079744,0.8220336471
-0.4097244924,0.8856383767,0.7873988420,0.5643600285,0.1433102013,0.1717108118,0.6832780623,0.7765288683,0.7701893388,0.0533184812,0.2567932807,0.3806997188,0.7297974819,0.2654248127,0.2385747229,0.5592267928,0.9742137173,0.3849499969,0.1614205388
0.7856240843,0.7508480182,0.0636808574,0.3704592689,0.0519840146,0.4141993761,0.8813867786,0.4362386776,0.3537277028,0.2734203442,0.0649255628,0.5725101608,0.2111442533,0.9202052069,0.4887779216,0.0823285061,0.6393445731,0.3193105685,0.7865961642
0.7322784793,0.9401688598,0.8685950093,0.9069335359,0.3604135987,0.7344715000,0.3775110234,0.9766395498,0.9886782127,0.5755259724,0.7329945794,0.5314626322,0.3662618978,0.1370680472,0.7663363665,0.3596053916,0.4128938844,0.4047182338,0.3547749484
2.1869618644,0.6957740082,0.3666722998,0.7807944892,0.3107323828,0.3992194645,0.3956383779,0.5953042332,0.8361943413,0.6809458844,0.4421633728,0.7950204538,0.4987359663,0.8843899208,0.5152836120,0.9693835978,0.1728878378,0.1721915663,0.7967098957
1.7752213241,0.4592979614,0.5743719315,0.6714403112,0.8796374265,0.2299695712,0.7301574955,0.4478458236,0.7985515752,0.1675389924,0.2292120578,0.2128285369,0.5210731739,0.3530880700,0.6531245538,0.4226718168,0.7027290615,0.2738808380,0.0723998701
0.4326584718,0.0856515340,0.0731689417,0.4751477590,0.3971731468,0.3247472618,0.3253994198,0.4065918308,0.7047205770,0.8371465824,0.3067168951,0.5497530361,0.6510119106,0.0413122039,0.2658286001,0.4019189194,0.5620220681,0.4190886640,0.2267940477
1.4242353380,0.4173317708,0.9104807813,0.5295414323,0.4336886668,0.1408471317,0.1290440706,0.7718398600,0.7078193387,0.5318457104,0.0044008991,0.4478468885,0.3919898165,0.6399841822,0.7008268322,0.2477459042,0.2686276115,0.3138290651,0.0223207523
1.6590827455,0.5361979500,0.5953204821,0.1969937302,0.0520992751,0.8024701023,0.8342170620,0.3187084386,0.4053429404,0.9976281753,0.1252100075,0.4708751442,0.3931973262,0.1569830227,0.7550944790,0.5467711451,0.1423275527,0.5825109905,0.9401274245
1.2481371927,0.2191317495,0.9404289182,0.2387296165,0.8524979878,0.7031091417,0.3791447922,0.0790020185,0.0718347821,0.9769772576,0.1924796629,0.7143178157,0.1525802952,0.7640786342,0.4572253381,0.3972879433,0.6025909866,0.2584962422,0.4964279227
1.2483046548,0.3559791871,0.4989350643,0.3103793035,0.1472892027,0.8694441607,0.2993175697,0.9434413750,0.5805725907,0.3631960406,0.8491053719,0.7268668244,0.7127902045,0.5061232576,0.7896686041,0.5063662026,0.4075681580,0.1269304019,0.1639998703
0.0804215349,0.0840066241,0.8656129377,0.9910502567,0.6158987652,0.4768515601,0.8863751525,0.4138334744,0.5655955400,0.9242515741,0.1326559242,0.2237141597,0.9069302083,0.2369590686,0.8035736084,0.2893778655,0.9963446680,0.0999115731,0.1127436757
1.0493883127,0.2143206272,0.3056862410,0.5545216297,0.4569838405,0.6028938841,0.8078436801,0.4133217585,0.6384593821,0.8832599851,0.3560502121,0.7821036006,0.1483535969,0.5481703439,0.3950515099,0.3697438746,0.7670823589,0.8665183249,0.3149756134
0.6820116186,0.0960819218,0.5981162291,0.1825530798,0.6580005916,0.2874057248,0.4637145944,0.0108406921,0.2670786535,0.8105147195,0.7990986011,0.6479704708,0.5887113890,0.9995667763,0.7861398953,0.0856441341,0.4547393413,0.3286450652,0.5160608789
2.3304473602,0.6575738070,0.3519193681,0.7686137251,0.2151682445,0.9218705855,0.1857633454,0.4498348931,0.9814935579,0.9915411251,0.4685796145,0.2657327883,0.7923670544,0.4053241626,0.7479628436,0.6072590855,0.2139357528,0.0094589687,0.4051063792
1.2889255214,0.2987079538,0.5407093459,0.4288527668,0.2461089270,0.8332122732,0.4278678367,0.1225120092,0.0392470274,0.3438227230,0.9904340430,0.8369761395,0.3472339746,0.0304440571,0.0460562643,0.7946371975,0.0285555911,0.7778752477,0.0611467962
1.4166670376,0.9792086378,0.5975026886,0.9812451796,0.5208504943,0.0329290064,0.9540083430,0.6290427692,0.3726777518,0.3428924886,0.5725771533,0.7787088139,0.4592791221,0.0941448112,0.9540226481,0.2674062915,0.2446792236,0.6580834192,0.5799986621
1.2082964192,0.2681310117,0.9196167370,0.6676675219,0.3251288748,0.3064873925,0.2767670912,0.7989955442,0.6162154980,0.8407801933,0.3154973197,0.1741060430,0.3235811346,0.3984905412,0.6207511674,0.3892787669,0.5318008629,0.7780974814,0.7950530349
-0.2091827857,0.9563820262,0.8443173175,0.1494921684,0.0488039614,0.2416297599,0.6647119166,0.9184097882,0.1335703155,0.7327750281,0.4928050434,0.7827260410,0.0105168947,0.2149491089,0.6838740247,0.4615731068,0.8395857954,0.6812576152,0.6381823147
0.0775606264,0.0067221475,0.1592010522,0.3458120776,0.2605550529,0.5945330387,0.2624211164,0.2593362386,0.0218090326,0.4192066344,0.3651838061,0.3077432234,0.2409654351,0.1382593275,0.9793734316,0.6914071201,0.5127574308,0.0896376896,0.6049238586
0.8431079422,0.2682914803,0.2731665451,0.0902792990,0.3215369626,0.5713278032,0.8546804258,0.0982637490,0.2302899604,0.3170877948,0.7624640437,0.7543707682,0.7687997798,0.7778158309,0.7325923754,0.4627572739,0.1298754143,0.0156561290,0.4988078279
0.3960047229,0.0817794350,0.0221491923,0.6819687825,0.9384695569,0.6722645150,0.9805151786,0.8955260108,0.7776149615,0.3873348407,0.3469742529,0.8814645350,0.3737344783,0.6509439374,0.4666943098,0.8402057893,0.9150695860,0.8836266040,0.0536858627
1.3030758209,0.7244086694,0.1976600725,0.1908044503,0.6659931468,0.5155600819,0.4303507054,0.3095639999,0.6758039074,0.8474541792,0.4107092003,0.4138822352,0.9622023696,0.7758168120,0.1727181238,0.7348595716,0.5010008539,0.6411363911,0.3261784029
0.4092770801,0.0857819466,0.5434317046,0.6657662169,0.7864122278,0.4703811747,0.5323952942,0.9785916950,0.3325705044,0.6159479001,0.5729564841,0.1144099022,0.4720456418,0.8158054989,0.2258215494,0.9046365431,0.8335979667,0.3698908263,0.8347933001
0.5345584927,0.1238261670,0.1493661513,0.4860335121,0.3675268189,0.3895758428,0.8347928990,0.0341409458,0.4347760108,0.3948300122,0.2640201703,0.9478071976,0.1422627527,0.0510592031,0.1749302110,0.9844149641,0.5033524665,0.1189345903,0.2059003306
-0.1719534767,0.9650716894,0.9223280482,0.7396907684,0.2412911007,0.5251676458,0.4102072617,0.5630771900,0.1170831392,0.8452067786,0.4849189425,0.6758008687,0.1274741199,0.9941511743,0.7683760910,0.3855884475,0.4248531266,0.8029378260,0.3684896178
-0.4967934053,0.8741557729,0.9052579836,0.4110181483,0.8621852050,0.2050378889,0.7556528441,0.7345906528,0.0386282184,0.4675853722,0.3352662083,0.5164062082,0.5747326418,0.2256358342,0.9377665628,0.8565062628,0.5469427719,0.8647578432,0.1052006397
0.7288845124,0.2961829005,0.9779622413,0.2427325318,0.4932755445,0.0823014907,0.5216176278,0.8822583703,0.4641425076,0.4101316288,0.5563879998,0.7260578602,0.4364074840,0.7092884036,0.4886988848,0.9747984714,0.1898038235,0.8739918343,0.6729302516
1.7334438833,0.4497789648,0.8715431225,0.5881573992,0.8314878908,0.1352218926,0.5731498998,0.3585633270,0.5121084819,0.7958756723,0.8426983206,0.9184581842,0.2574126236,0.5059398431,0.3150063284,0.6782873806,0.2798027771,0.0076946260,0.0159956489
0.4264152691,0.1213160840,0.8773689801,0.9128334739,0.0166319244,0.5734434992,0.8016717438,0.2013651131,0.4271524260,0.5781864101,0.3736989450,0.2907097135,0.6153599868,0.5531018637,0.3898440204,0.0143822043,0.2018504416,0.1138009424,0.0997560777
0.8747799507,0.4370256808,0.6888673229,0.3100380253,0.1007018347,0.2809555624,0.0076720311,0.7282857134,0.8112358373,0.9278817024,0.0373348261,0.3631884822,0.3703413140,0.0462596726,0.9230870376,0.9766832399,0.9345333461,0.2286858376,0.7318778197
1.9489993722,0.4779801157,0.6123326224,0.8563593347,0.0322645908,0.0203114389,0.2985655246,0.4229756356,0.2307768384,0.3931616877,0.0627217883,0.2661033913,0.4681598845,0.2445623141,0.2509447769,0.4092064459,0.0199035977,0.3615231641,0.1803152118
0.0905554826,0.9895567485,0.6924865086,0.1933513614,0.5113938490,0.3625825011,0.5744483305,0.7448766424,0.5080109302,0.5344864114,0.6993309069,0.4157444938,0.7180634663,0.2100730416,0.9514528726,0.7490788824,0.8331933323,0.5200462881,0.4652936663
-0.1710774278,0.9546058232,0.7639639853,0.4369302281,0.2255622367,0.7272497968,0.9559146526,0.1021724621,0.1831351353,0.2003288560,0.9905852189,0.4809705592,0.2687179802,0.7677794508,0.2857693236,0.5858653709,0.0931881627,0.8598006504,0.5085666045
1.6496109469,0.8236898333,0.9526090396,0.9012390741,0.5216819687,0.2646241017,0.8235937454,0.4316490528,0.9026615523,0.0197714329,0.0154023754,0.6044593130,0.7723267462,0.4513662301,0.5769506498,0.7767478837,0.0865355527,0.4873904609,0.5009603242
0.4158215359,0.7806501771,0.1725547834,0.4753823328,0.2734792875,0.7631962119,0.0487162843,0.8096976136,0.7614089060,0.8084800428,0.9250737646,0.3063968776,0.5784226577,0.8264829421,0.1910902096,0.1575914507,0.5232115937,0.4623985191,0.6777608951
1.2085832026,0.3161763368,0.2766465351,0.4823963673,0.4073366654,0.2629192802,0.2033913515,0.3524809876,0.5946416177,0.1344341640,0.5095595433,0.4745114805,0.3646332238,0.9041501793,0.6647668580,0.1716320829,0.1996356895,0.8802405836,0.4574808556
0.9788219622,0.2228677970,0.5339564862,0.0540479198,0.0640841972,0.7018653879,0.9060093033,0.8138995919,0.0655357077,0.1243484247,0.0219119608,0.6001443956,0.8811241229,0.9644863555,0.9202490009,0.2718675509,0.7144030494,0.6673694008,0.7128914553
1.0273813420,0.1782148506,0.6066059240,0.0461773126,0.0825915479,0.3790229833,0.4136034707,0.7453532690,0.0870896802,0.7597228066,0.8651267009,0.8648400054,0.5162020863,0.9380918912,0.5772359148,0.1122483167,0.8986091563,0.4897178012,0.4685285804
1.5800199898,0.7470329563,0.6974355570,0.7434511372,0.5260258089,0.2156519938,0.9063292351,0.0467008341,0.9148578883,0.9637257408,0.1239988021,0.5056639027,0.9085306731,0.0450040308,0.4308795389,0.8884560480,0.3995099815,0.5076511296,0.8474429241
1.2397832008,0.7461728112,0.5917505252,0.6631754117,0.8619941420,0.0984051721,0.8485188497,0.5154272475,0.4911360571,0.0945081318,0.0910015877,0.9213321649,0.1660644685,0.7327548634,0.3369177188,0.8079782721,0.6634902479,0.1830885927,0.8266390336
0.7721046598,0.1417033275,0.6482259826,0.6534784896,0.2618138259,0.3205027433,0.5089745992,0.1566662423,0.1496111042,0.6074172055,0.9603804699,0.8666597767,0.2362523419,0.2352445112,0.4079219031,0.7666846099,0.3083937551,0.9729260238,0.2349978520
1.0030846234,0.1717976848,0.7620734010,0.5246335715,0.4581762816,0.4249402718,0.3685615951,0.2911120331,0.7460450561,0.7658684139,0.5111394382,0.2657502548,0.6154637963,0.3438552134,0.7067580869,0.5955592669,0.9448069357,0.0505996282,0.0310707521
1.2704117279,0.3694362494,0.4707407240,0.5123007154,0.6910610221,0.8141034506,0.8738544706,0.3099865736,0.3659352655,0.4339154500,0.1614429883,0.7904683028,0.1753966876,0.9212876282,0.5581711432,0.6681047273,0.7627286602,0.8978210090,0.9545838141
1.1379513574,0.7381981587,0.3156703953,0.3089191002,0.2545229370,0.8966127874,0.4954399560,0.0663526147,0.9479790352,0.0212051429,0.9126550735,0.2091460305,0.9486013122,0.9565167661,0.9893954726,0.4487994541,0.2519798840,0.5695790223,0.4275578289
-0.1722315548,0.9396335716,0.7576144596,0.7247436651,0.7499512865,0.8579435167,0.8520498375,0.2539051959,0.6436686141,0.8562552323,0.9035075535,0.0612379102,0.9144963940,0.9851294015,0.3417012738,0.2141376392,0.9687622786,0.8721592626,0.7307739596
1.1461649167,0.2818439613,0.6790647585,0.0808062024,0.3845618866,0.5581674213,0.3094659381,0.8188614241,0.1290649545,0.9234382504,0.0963308183,0.6413193534,0.2269171848,0.6586581744,0.3268475948,0.1314320240,0.8792406939,0.0921388679,0.6923427710
0.8267274561,0.1410460651,0.6849180559,0.4088020351,0.7162988326,0.5853122743,0.5469612246,0.3458319955,0.6279241664,0.8499463283,0.6104759282,0.7662814822,0.9181466850,0.1353263103,0.3856330158,0.4780473120,0.9202578204,0.9920469857,0.6954078622
1.0751258941,0.3344061494,0.5827394087,0.1647890428,0.3937218213,0.8446477206,0.8967459534,0.9503722793,0.9488156235,0.7491427578,0.5062493010,0.8106563897,0.8168871902,0.2726296511,0.1123676254,0.2787294353,0.6463222222,0.7393415492,0.1070946216
-0.4977266054,0.8815298130,0.7569945375,0.0770170664,0.2651995798,0.1055674865,0.1858143664,0.3911104319,0.6932169953,0.3364137157,0.7678130470,0.7715831967,0.4956477509,0.1443060157,0.9562664043,0.8393760142,0.4780913208,0.6593331342,0.5578880347
0.3848608956,0.4207675604,0.2340391766,0.0284497549,0.9631457451,0.4786851771,0.7139531168,0.7138508122,0.9709226340,0.2103896474,0.5760588207,0.2965184247,0.9648581594,0.3572930893,0.6951401945,0.3188024331,0.1898498005,0.6900299191,0.9452700204
0.8641248286,0.4640022977,0.8620994938,0.2798545334,0.4046754259,0.9862166184,0.5821905531,0.7615030501,0.6426166957,0.2044622782,0.6452459162,0.0098014825,0.3343489780,0.3355569694,0.2474214366,0.3700106977,0.9573951773,0.6882270692,0.5623862422
1.0258427792,0.4055563301,0.4577821705,0.0705296856,0.7017905727,0.8797458309,0.7561777173,0.4308553304,0.9894474198,0.1123240982,0.8522139160,0.9929398005,0.9377181702,0.3271916609,0.8288565012,0.2806603456,0.9590035312,0.3180166197,0.7317438215
0.6863226906,0.7508715670,0.9709469656,0.3781187673,0.6174994621,0.1249940308,0.7413062468,0.4944011270,0.5127280306,0.4727606918,0.8893150467,0.7771663194,0.4293417114,0.1815939524,0.5241541763,0.2292492134,0.0587239246,0.5204799351,0.9347377761
-0.4622670600,0.8659560622,0.0550126540,0.2186456372,0.5123225347,0.0062595756,0.4316130524,0.8112176283,0.0425954234,0.8346143228,0.2268335699,0.5059115885,0.4646888774,0.1753788269,0.0721377563,0.8193004201,0.2029474750,0.3489352633,0.9695189863
2.1871839991,0.5602531040,0.2096758585,0.7848893310,0.7640306422,0.2244522120,0.9412253765,0.3486903066,0.7340516437,0.1926046703,0.4428987409,0.9098031173,0.1475367439,0.3731285690,0.6708562759,0.6250111339,0.4706424424,0.3227860249,0.1387594547
1.3929577367,0.7386761162,0.1906244389,0.6656159213,0.8258932448,0.7659317364,0.2603703794,0.9881678887,0.7340913087,0.4661872845,0.6223863120,0.2439271122,0.9022972862,0.3888781604,0.3245527233,0.1067390920,0.9681681861,0.0320592121,0.4652536269
0.9387632777,0.0808330137,0.8578900659,0.2364227949,0.4127067962,0.6169458156,0.9036335336,0.9690632567,0.0992521698,0.3965610009,0.4314896995,0.1310980262,0.3863991308,0.6518898513,0.2583810928,0.7434028075,0.9593375547,0.0769891482,0.6041338873
-0.1784012133,0.9679332199,0.9191016892,0.0763698426,0.2120980729,0.2105227355,0.0315021907,0.7416311683,0.1733660576,0.7181434024,0.4565629712,0.8290678969,0.9814587296,0.5953011532,0.8551392097,0.5497160201,0.2022462811,0.8346835904,0.2528517129
1.7844571524,0.5498447471,0.8794013765,0.1081646683,0.7178374969,0.7654154291,0.0038787876,0.0179847497,0.3179659964,0.0941455042,0.3628375016,0.0567073613,0.6911191882,0.5779088510,0.0694813410,0.3639023635,0.6341595754,0.7049941905,0.1985620840
-0.1661226871,0.9531792484,0.3500198354,0.5300904315,0.9500700158,0.6739377969,0.8630151436,0.6964988575,0.5963130066,0.0133200489,0.4037276821,0.6155074245,0.0665091016,0.5477358711,0.1343790169,0.4197818111,0.1461216173,0.4560541258,0.7730461754
0.3268905612,0.0767987974,0.1442659443,0.7021267923,0.0506436706,0.0618778585,0.5183632465,0.9049787381,0.5490424767,0.3934289010,0.6811602389,0.3645739650,0.7694338884,0.6003509011,0.7605673500,0.8726659313,0.6380249444,0.6292117040,0.4681897579
0.5471618847,0.1414860079,0.7055212469,0.9037170160,0.4770943355,0.2221637761,0.7226110836,0.3581940513,0.1219281754,0.3992134269,0.8405109416,0.7334007761,0.5072410964,0.4454411758,0.5386991494,0.3879168487,0.3336977614,0.7897482042,0.2092355645
2.2582306867,0.5475642714,0.3328575831,0.8473460050,0.5490277134,0.7863675317,0.7750036132,0.4903617851,0.1998391165,0.5549729908,0.2651154636,0.0500865450,0.6841210615,0.7216499066,0.0464785077,0.0732739243,0.9372672629,0.6006888162,0.1808248665
-0.3590392823,0.9034372690,0.6978993425,0.6382788151,0.5317578914,0.7977920176,0.6861717616,0.8065127648,0.3043627973,0.3140677081,0.1608864071,0.2946203511,0.3099092875,0.4070708195,0.7734547539,0.3673594079,0.5886394761,0.8128609019,0.9247138257
1.1184354204,0.4331474578,0.5262811486,0.0125550095,0.8289434970,0.8918919380,0.8696544581,0.7229275963,0.3453990789,0.5349394580,0.4678767777,0.0095203025,0.3634104952,0.2818170039,0.7975923702,0.1237775056,0.9745694164,0.5836023147,0.4097903869
0.2933965825,0.0540007765,0.9426758794,0.6375032878,0.0257994660,0.8329553799,0.0594115063,0.8038862493,0.2683685297,0.8345620238,0.9291662774,0.4975018013,0.4669632373,0.3762337213,0.8890533773,0.0193719155,0.6134708051,0.1006066306,0.6828173489
1.4830287583,0.9534043696,0.8694453634,0.9964072081,0.2693804932,0.2812152565,0.8117247225,0.6585093940,0.4766073999,0.3636626205,0.7567710534,0.0096717773,0.5903081583,0.0931861195,0.2117011720,0.1617638400,0.0856008257,0.0883823071,0.6305315404
1.8254682503,0.6773942889,0.2640329298,0.1299255002,0.2844112599,0.7897316198,0.5168188641,0.3796484961,0.2049112747,0.3882804672,0.6353546883,0.9401880104,0.7719245990,0.5913429154,0.6122864199,0.9813141866,0.8150810867,0.4298860529,0.3577067423
-0.4576755510,0.8621610728,0.1984379604,0.4908289436,0.2428170394,0.5285856823,0.4464390548,0.9398797345,0.0002360521,0.3151048251,0.6491027638,0.6814644411,0.3074086678,0.3801555182,0.8317115957,0.1288765769,0.9411065745,0.5520546345,0.9120648997
1.8641251558,0.5688901280,0.6530195285,0.2664883655,0.2004604445,0.0445394558,0.7390429565,0.6708827999,0.9267990298,0.6808345041,0.8378322376,0.7873847389,0.5670605881,0.4550074482,0.6367899422,0.2902229316,0.9212009110,0.0232048852,0.0380191789
-0.4368847841,0.9106739531,0.6744748386,0.1026233240,0.0473144702,0.6977652903,0.7511895462,0.4611556943,0.8605596298,0.9124751476,0.8247605559,0.2085973040,0.4090189591,0.4249352597,0.8559837562,0.7451131262,0.6821381870,0.2434247267,0.9495741239
0.2216438162,0.0593558147,0.3075504630,0.3978169676,0.0788381248,0.0979224536,0.8198817690,0.1749012208,0.2521217315,0.5601210425,0.3066425656,0.3606049723,0.5612828230,0.8415833363,0.4311413063,0.2614780048,0.8211670191,0.0755287260,0.2968589186
0.5278042365,0.1370259817,0.7962413321,0.7337741000,0.5812526986,0.0069958118,0.2808201530,0.3119447802,0.7827203431,0.7397315802,0.2776906696,0.8543044535,0.7303212125,0.9011901831,0.7329691776,0.4035389442,0.5714814005,0.7732052780,0.6369377915
-0.5078168088,0.8598780588,0.9703778913,0.4365930726,0.3227843553,0.8735678790,0.5084499665,0.9007701129,0.4820583594,0.5799972839,0.3883597363,0.5141748473,0.5647016121,0.9034261457,0.5243658757,0.8152881202,0.9616558788,0.0338528798,0.3943348989
1.2590348214,0.2024830286,0.6760895298,0.1253317583,0.2257116079,0.4719816575,0.1646993513,0.9695247637,0.2795474102,0.6711230040,0.2182699136,0.6475560788,0.5038891422,0.9719311591,0.6970684133,0.7735513416,0.5956920009,0.7912409256,0.5599287714
1.6286338132,0.3618001312,0.6529806667,0.8062995355,0.7068316953,0.2071139059,0.2772411568,0.8364284538,0.7644829285,0.3249377604,0.8012312988,0.3145348940,0.2873926347,0.9320451629,0.9712313618,0.5475122212,0.5943075242,0.7018753303,0.0435598719
1.6036628393,0.5339998649,0.3916971074,0.3237197302,0.2449472167,0.4415511602,0.3306759506,0.6526877572,0.6889183539,0.4422342332,0.2269552637,0.5009923140,0.5563015533,0.3229105298,0.0624770194,0.2260496075,0.3711506518,0.4075423333,0.7134897207
2.0718447541,0.4532812188,0.2027137367,0.8924913177,0.8489455060,0.9599613738,0.5458944887,0.5568304802,0.0975941699,0.3318540909,0.9565582222,0.9994704615,0.9168278744,0.3008690221,0.7721669736,0.1645314601,0.9220467064,0.4707705908,0.1310152250
1.1714751968,0.3503578258,0.2516221107,0.4583930470,0.6470639603,0.6767477596,0.5672833739,0.9726169347,0.8722641430,0.6918475045,0.6891872926,0.6904958644,0.7269045586,0.1211877556,0.5458880307,0.4255741227,0.6138505221,0.8893360830,0.4111695193
0.8711212701,0.7562376523,0.2608909621,0.4289263012,0.1210851305,0.1152091214,0.7843754265,0.4981183600,0.0902299591,0.9521087661,0.0011112122,0.9861179563,0.0066170143,0.6773217278,0.4563698038,0.6430061302,0.0569454959,0.1263476656,0.7006121249
1.4436206047,0.3360657173,0.7086181062,0.6448943401,0.6008729868,0.3787469290,0.1258107748,0.1386195850,0.6571398844,0.5796341543,0.7957901029,0.0046160302,0.3670792876,0.2932312583,0.4677466526,0.1802961676,0.3923037469,0.5749745612,0.2150147542
1.9745491645,0.4643921902,0.8628622797,0.8035188036,0.7479573264,0.2768149562,0.1157011169,0.0304118400,0.1127638651,0.4826601166,0.4771680325,0.6677517231,0.4674752864,0.9613650847,0.7995139089,0.0198791649,0.5383629730,0.5559302913,0.5863468293
1.0372340454,0.2351926289,0.7904645858,0.8501312094,0.8505739948,0.2654044614,0.8447530003,0.4603245532,0.6626703817,0.8093231057,0.0937863001,0.8296148139,0.0794590501,0.3051282586,0.3040995338,0.9183266714,0.0486599181,0.5610974117,0.0183005626
1.6287518172,0.3678342625,0.2685330578,0.6475978350,0.2039869039,0.4431366872,0.8313654101,0.1275125524,0.8325679395,0.8264799175,0.8577571349,0.5017882607,0.4591307041,0.5716976171,0.4003346930,0.2071669849,0.6201754895,0.1885053339,0.7742920966
-0.4389240130,0.8629541886,0.2530604888,0.3304355385,0.1037533423,0.4972389706,0.0710015889,0.7415221998,0.4885393873,0.3319725012,0.7492677080,0.5236697179,0.7732433041,0.5364813235,0.0479555771,0.7359394528,0.3130844129,0.7064952046,0.3752416384
-0.4526570244,0.9168174225,0.2328225956,0.2827529964,0.7718384911,0.5062208089,0.9188901596,0.5783373763,0.4632097794,0.6859110737,0.6268108632,0.9893492782,0.2455113979,0.2026516346,0.1056623740,0.1105589589,0.6914319959,0.5683965838,0.8123962264
0.1938750268,0.0215590846,0.5079334886,0.5404498180,0.3494392789,0.2536456476,0.9308778831,0.1678715280,0.2888050843,0.1447741113,0.5549075509,0.9375974605,0.5708863586,0.6602917044,0.4081689129,0.9497962572,0.9157572210,0.2083837672,0.4295257108
1.9680631529,0.8190735101,0.2845218661,0.9144503305,0.8838789923,0.7676781044,0.7775020487,0.1222486092,0.5487656415,0.7460541215,0.3386885370,0.3937609160,0.1604001642,0.0671212875,0.9222251060,0.7744387697,0.9540421824,0.7641794211,0.0696115957
1.1327266428,0.1867913305,0.9829573775,0.5565733655,0.5553749654,0.5520036117,0.3931254592,0.0521957221,0.3642267362,0.6352958808,0.7531610081,0.3819563234,0.2206590349,0.2915516863,0.7895709551,0.4237691262,0.7792958350,0.8057140850,0.6564325243
1.0007390262,0.3533810901,0.8738562244,0.3842644350,0.2758157363,0.0070620586,0.1531919408,0.1078309706,0.4663810808,0.8248282552,0.2557830884,0.9355521651,0.6966998846,0.5110214694,0.9477375580,0.4336358895,0.0596739742,0.1254680050,0.4900840413
1.8238011274,0.5502485041,0.5001688700,0.3057597698,0.9813075435,0.5713321102,0.7859012501,0.6442557891,0.7401553749,0.8386738920,0.3959841226,0.7350615363,0.1382047684,0.3244160436,0.8901128260,0.9417617670,0.0963186815,0.3961433847,0.1531643335
0.9966403374,0.7446758167,0.1847788445,0.2042827552,0.6064929004,0.6411582251,0.7818357994,0.5517923126,0.8765990828,0.6912136269,0.2605276126,0.8599080970,0.0387578000,0.1376674560,0.0543620770,0.0420755848,0.8848305691,0.7894939370,0.3742077147
-0.1065939887,0.9601567598,0.3340171572,0.0363641165,0.2210115066,0.7858234523,0.4616704360,0.3617602215,0.2655944737,0.2957689919,0.2548445732,0.6858077813,0.6831492320,0.4503771541,0.4307999455,0.6234920931,0.9793148041,0.3591526371,0.9858583662
0.4249114699,0.0846085395,0.2529175037,0.4099183986,0.6122428826,0.1518342248,0.3451737509,0.0197859252,0.2408968263,0.0072728196,0.3870418720,0.3948491344,0.4307266586,0.0834544452,0.5064585208,0.6190258579,0.2628816003,0.8947644466,0.6490071126
-0.0320359081,0.9521845376,0.4374531332,0.7130905639,0.1939568858,0.9992438618,0.5143812478,0.0953308976,0.9760858615,0.7934563011,0.6863643010,0.4596028787,0.6565274455,0.6713087829,0.8069086233,0.0863888360,0.6094276807,0.6488258645,0.4906789263
1.5948696858,0.9681205836,0.2999108764,0.9847229683,0.9950256204,0.5062239331,0.5403866051,0.6435870737,0.8160976042,0.7423326947,0.8978130510,0.4588267195,0.1562499595,0.7162631932,0.6807889561,0.5292580725,0.5895679382,0.1163645116,0.8893547414
0.8377209671,0.4632314965,0.1106647282,0.3539948312,0.2517659778,0.1529570649,0.2532720176,0.8745209502,0.3430498394,0.2509493820,0.4801734662,0.4606275039,0.8524515059,0.0270711328,0.0140296837,0.1182329253,0.2536362544,0.1703927557,0.7758386853
1.7837852719,0.5034583523,0.6377638841,0.5604336075,0.3651921569,0.5699114174,0.7973047974,0.2057394597,0.0515523800,0.9635627156,0.0305547463,0.1611318818,0.3812864421,0.5125369234,0.0708851552,0.2951677938,0.6780410658,0.4925805083,0.9278995093
0.0319010711,0.9757847410,0.4542666180,0.1428527127,0.1408629839,0.4717234677,0.5131026610,0.4571930962,0.0759061963,0.6691568452,0.2720948031,0.7225597968,0.3552470751,0.6719740500,0.4153800291,0.1178927938,0.8801679732,0.5494445331,0.3667553926
1.7835277083,0.6666805746,0.1388757585,0.2495818541,0.1312417829,0.5723788512,0.5460867756,0.8456512253,0.0256124403,0.0140871765,0.7226153493,0.0226773346,0.1379600489,0.4848026079,0.2427855696,0.4001345301,0.3532256272,0.8375565172,0.0674529373
1.0439230113,0.2117361036,0.7844029047,0.7455745403,0.4548678951,0.2828121259,0.8721388758,0.6291856748,0.0903610685,0.8365006493,0.1970757299,0.3202911524,0.8342196096,0.4971940191,0.3872168947,0.3072901992,0.6985852835,0.7089786700,0.9374469352
0.3282086456,0.8054119911,0.6738700335,0.6023686371,0.2811361857,0.8327160148,0.3301207820,0.4597573170,0.3816775331,0.1611605145,0.8873562613,0.0451087053,0.2964747035,0.8968622551,0.1768654097,0.2500227508,0.2896475606,0.5197686376,0.9787673866
1.8982407601,0.6298862160,0.9886433954,0.1801947142,0.0261339810,0.2768778520,0.4274125829,0.2368858168,0.6386815769,0.6749698114,0.0842932031,0.4259730483,0.8488958418,0.1076007747,0.1089694856,0.4840048099,0.8650159365,0.5288830430,0.9521923438
1.6995020783,0.4319991676,0.9976726969,0.7142629020,0.5692611961,0.1468914376,0.0778122532,0.3702624669,0.7477213436,0.5772361135,0.2749773532,0.0015979554,0.2071737088,0.8357635056,0.3518981773,0.8540209778,0.5534338746,0.1700000724,0.7896643518
0.7662590600,0.4675826560,0.2088790531,0.1349231490,0.8818484412,0.4594936605,0.3375982449,0.8514190079,0.9202831722,0.1731858441,0.4404171344,0.7186294740,0.5947544231,0.1684248941,0.1661646668,0.6531741760,0.7158789115,0.1301706993,0.9347763592
1.8858476119,0.4358825621,0.9035843050,0.9112881298,0.4007974338,0.7282792515,0.1771030712,0.0241514216,0.0745716072,0.4227111906,0.7483961190,0.8287338774,0.5739102083,0.5472508415,0.1945168029,0.0667214945,0.4206274930,0.8443247770,0.1769156277
0.0535044121,0.9754235447,0.4995689620,0.7145727789,0.6294988275,0.0657838255,0.7487788719,0.5608632230,0.9778358868,0.2641519528,0.1535781019,0.7017643415,0.2756829986,0.8037143331,0.4189551866,0.1410395610,0.8678281533,0.7136551815,0.2907206208
1.5231633201,0.7136159951,0.9921369126,0.6498601164,0.1211281703,0.7956348545,0.4028625501,0.1592854331,0.4343581015,0.4102789541,0.8022051893,0.3390551369,0.0918147416,0.8069750669,0.4265339055,0.4842099466,0.8879148892,0.6068550180,0.9613455037
1.5168936281,0.3478421301,0.8467853561,0.8946353846,0.1734339141,0.2920613678,0.2902519123,0.5558671442,0.9271681477,0.7028950820,0.1203812886,0.1409772660,0.5573555658,0.2749612416,0.3631440131,0.9050173171,0.6423481129,0.6094429478,0.8516012373
1.8359976714,0.6514455978,0.9332032621,0.1266303359,0.9711779737,0.0046878517,0.8249992682,0.2708407195,0.1710911042,0.3287697181,0.5147745229,0.5466279681,0.9255889255,0.8713460837,0.4386160080,0.7936339868,0.8929810254,0.2990033949,0.1244655989
-0.0785430007,0.9623245576,0.3433129774,0.2650065732,0.9020598891,0.3271886782,0.1967100298,0.2179516326,0.3462587908,0.7100698919,0.8749323823,0.0093507691,0.3125349112,0.3278405752,0.9497424473,0.0476901525,0.3676727225,0.0128365570,0.5539629547
2.2690362488,0.5972433265,0.6259545858,0.7358529797,0.1761383599,0.8762156119,0.7901995741,0.1551070822,0.8512240535,0.4447961573,0.9531415356,0.4170209226,0.2250348131,0.3381755624,0.7244568900,0.1996532265,0.2351456193,0.4814561826,0.9273673656
1.6890988123,0.6873474804,0.4831161204,0.2227693761,0.6227300255,0.1286208770,0.0110536777,0.7059784181,0.0857531798,0.2597216009,0.1853083385,0.8557325835,0.1480201146,0.2450809395,0.9863785936,0.2252237090,0.5469720386,0.1729097690,0.8912668168
1.2791921345,0.2919535011,0.7530198956,0.9401356632,0.0071921587,0.1930075917,0.6080323954,0.5992195706,0.5946322436,0.7259705575,0.1392153887,0.3316781081,0.4755537819,0.7408020025,0.5662951154,0.0438410343,0.1703102325,0.3316095601,0.7032823406
-0.0415843125,0.8973828151,0.1735741271,0.7611185938,0.3492715215,0.8745059642,0.4024065562,0.3362858719,0.1808302770,0.3776208664,0.3037568016,0.7788627316,0.2231704657,0.0393703119,0.2016781834,0.4261502513,0.6315011707,0.7560169242,0.3114395291
1.8061141985,0.5629253623,0.9817291983,0.5130829778,0.2791086551,0.7888402668,0.3004984295,0.2156800681,0.4411657041,0.9688388709,0.5704027512,0.0337420831,0.4031513665,0.5096081623,0.6141498412,0.6797732763,0.9737106044,0.6518057077,0.9394838194
2.1589124094,0.5807002584,0.6763524493,0.7732221781,0.4308417401,0.7297089779,0.1849368274,0.4621369883,0.4405847305,0.6680257775,0.4522239464,0.3098670063,0.9035538293,0.4216765111,0.3130240853,0.6845643410,0.1921906386,0.1301778520,0.7455017476
0.4919708340,0.1024373878,0.0614412608,0.6335701853,0.5919053533,0.6735705366,0.9763738285,0.3969189714,0.7478833379,0.6898575013,0.0115664803,0.9987639692,0.5392845905,0.3550408394,0.7883114863,0.5471285167,0.1193535492,0.9520316977,0.0672040453
1.6615870924,0.4125496609,0.9454592830,0.6136459686,0.1907392755,0.4762942300,0.0744246532,0.4042865723,0.1406704656,0.6048086331,0.4985143635,0.1044418865,0.0720227583,0.3323600478,0.7376204892,0.4386445321,0.2682559204,0.6663694101,0.0841568741
0.5904650866,0.1177007971,0.2893306619,0.1847714362,0.5985133839,0.2158287884,0.6904314979,0.5154838957,0.1946621765,0.3108037063,0.3505931356,0.2331056863,0.8983078140,0.6911417643,0.5620785456,0.8483785156,0.6906763824,0.3269091324,0.3340371970
0.4669581706,0.0754061785,0.9690567863,0.5688214953,0.6522199739,0.3276135482,0.8006404312,0.1368557056,0.7782534649,0.6096717433,0.1695289740,0.5334212793,0.0996886511,0.6159395986,0.3540600275,0.4184391785,0.7634881510,0.7368175131,0.0799266722
1.8052046652,0.6503206636,0.9956916983,0.2002893699,0.8127091976,0.8280667249,0.7341189373,0.3838405631,0.2784676601,0.6553046812,0.3437970896,0.3144826141,0.8517669197,0.4848427996,0.5398636774,0.6057366117,0.9019689744,0.8190367345,0.1642591764
0.6309172588,0.1296173093,0.3727783667,0.3707339153,0.9041927970,0.9519019303,0.7868599272,0.9024232675,0.9170132615,0.7730302445,0.1156487266,0.6926417570,0.6965245838,0.1793357312,0.7960717350,0.0918025901,0.4577827926,0.5837042611,0.9490136132
1.5958958391,0.3276028533,0.1789029357,0.7673005378,0.9726609959,0.3745756742,0.1290165274,0.7458495406,0.6501173674,0.6736148140,0.9945014600,0.9458053440,0.6833055419,0.7723944909,0.2192608994,0.0717261569,0.7573491906,0.4831560528,0.7385183808
1.4874856969,0.5213287353,0.6436156351,0.2472252756,0.8602333368,0.4415346247,0.2105233253,0.7780253155,0.0991116287,0.6594388968,0.0892626228,0.7152049871,0.1451580076,0.4045086634,0.9107169921,0.8485041434,0.6337832855,0.5136566379,0.0207480729
0.4509442126,0.0767238472,0.5901709234,0.0677239700,0.3161360146,0.9107759095,0.3132362030,0.5663853245,0.9939322168,0.9901514830,0.0570218893,0.4541009786,0.3258958348,0.6135407948,0.9220837402,0.3399577194,0.6217911539,0.8381854568,0.5855802885
1.5453645403,0.5344311122,0.0033216453,0.4898100907,0.2981035207,0.7440744393,0.3906128834,0.2429879920,0.7766575602,0.3957826206,0.7047085701,0.7187443977,0.0911381694,0.7810403000,0.4920623953,0.2324221425,0.0182099619,0.1946350052,0.7782068110
1.9062258733,0.4454167096,0.3126514167,0.7548908940,0.6496334931,0.9795129036,0.7180957587,0.4260365813,0.1604164388,0.2895501302,0.4374265578,0.2843026912,0.1104899048,0.2729108718,0.7806483152,0.0363450272,0.9701053095,0.6797120468,0.6912389780
1.5136994406,0.6979540084,0.9595716861,0.2253268778,0.2319973718,0.2803899358,0.4941197055,0.3621896888,0.7274089992,0.4094692553,0.4136850081,0.8333603548,0.6984104321,0.9653298284,0.1635373293,0.8696267011,0.2068668871,0.7487488828,0.7321365512
2.5176322602,0.6514019391,0.3047386891,0.9188667506,0.6822749216,0.9620919376,0.5339042082,0.3763650749,0.5962153723,0.2546035657,0.1029156842,0.7658268292,0.4640258960,0.8684281058,0.9430038613,0.7738068707,0.1594681752,0.0952478806,0.4795387152
2.1120983376,0.6118655678,0.6165009926,0.0856475622,0.7235240751,0.5163343445,0.7800534024,0.2348818205,0.1628039241,0.0545860349,0.4527160364,0.5364056096,0.2570816593,0.2437207464,0.3386709641,0.5969817408,0.7399270869,0.7343432178,0.2862771012
0.2789807212,0.8451466596,0.1320278357,0.7447014429,0.3660566366,0.4484353727,0.5217742580,0.9929695020,0.7723126958,0.9017901895,0.1792386533,0.8818364931,0.8833467740,0.9863040404,0.9329787070,0.7588252301,0.8687913993,0.0012570294,0.5776427858
0.8156627244,0.1527134580,0.5320782344,0.1018629239,0.3206637428,0.2795401750,0.1446563119,0.4753392939,0.6220318728,0.6332607426,0.1799153378,0.5704282062,0.0240476615,0.9886742086,0.3324401630,0.8144862273,0.2033835546,0.7747223457,0.6220908296
1.1246643410,0.2162711846,0.3894029945,0.5657349237,0.5897472243,0.8509102139,0.9968124786,0.5172004619,0.2352614337,0.3476433791,0.1133699079,0.1488804680,0.0038569132,0.5027877216,0.3274601520,0.1279499696,0.7356278788,0.1405946545,0.5755064496
0.0043627430,0.0005396486,0.1640657046,0.4224879643,0.1103662711,0.9076805102,0.8183535134,0.8247372822,0.5535191255,0.6005053154,0.5599401173,0.9753315170,0.2548180188,0.5005017320,0.9412365338,0.2730244979,0.0841319686,0.1275000079,0.3652981211
0.9719932748,0.8051889707,0.8466891382,0.7743564559,0.2421376849,0.1111773823,0.5857658897,0.6012530574,0.0901477023,0.1961150687,0.1925115075,0.7223832655,0.1386617834,0.2611456377,0.2154564569,0.5774659199,0.7189183870,0.3857399602,0.3672623244
0.4280563706,0.0193283080,0.7313839730,0.3898024973,0.4286991566,0.0859060504,0.4978996820,0.6393454405,0.4690843506,0.0202664543,0.1855997250,0.3858069286,0.2951653708,0.9270655595,0.5831189748,0.5269483955,0.7799139004,0.0961480646,0.1735862656
1.7469423203,0.7086295282,0.6287996862,0.6737262281,0.3673551439,0.6728001403,0.1417505469,0.2339268962,0.2836741254,0.9765556154,0.4043225870,0.5896697488,0.9227900650,0.5887191443,0.5510959363,0.1507300540,0.6833826371,0.7867347971,0.6519775019
-0.5283548803,0.9015951918,0.8369611597,0.0000591975,0.5995485188,0.0829641235,0.4572964525,0.8728074958,0.7792769558,0.9365950772,0.3320915902,0.4828905318,0.7218808742,0.3369692049,0.0777022104,0.1493531670,0.7071222197,0.9268508083,0.9155538553
1.8040078184,0.6779102575,0.2300940501,0.5719076796,0.2993133686,0.1071343154,0.4082916919,0.7240776156,0.0961816028,0.3695826861,0.3741018663,0.2402132407,0.6743857559,0.0897714567,0.0365339450,0.3109767095,0.3771218025,0.1328282135,0.1967108851
-0.4872228651,0.8653367287,0.1917995692,0.1751693791,0.9278657490,0.5009923178,0.0759216946,0.4627422499,0.5623230914,0.0126416255,0.5038879027,0.3959966293,0.6218111233,0.0704713059,0.4214122287,0.0923567775,0.6672439687,0.2890452264,0.0449392369
0.5088026980,0.7841484000,0.2819682202,0.6107999023,0.2033396125,0.3940174488,0.7451938674,0.3553470546,0.6726541284,0.1774016512,0.7112148950,0.2769989704,0.9438879798,0.6284090660,0.5284521510,0.6720117695,0.4678477409,0.7645218306,0.1242698024
1.5033955019,0.3619932754,0.4548186055,0.5941598834,0.7408357649,0.4238289762,0.5445357175,0.3717136665,0.0117433972,0.2530181679,0.6387525848,0.9743982169,0.8862128670,0.9117044963,0.6716638536,0.9422899852,0.0642888846,0.3388097995,0.6815934238
1.1683039037,0.2793740921,0.5488984037,0.0440347270,0.8179562934,0.1962487434,0.3362986297,0.9949710428,0.1241502759,0.9958003570,0.6458529915,0.4326765597,0.5756382033,0.9548314179,0.8365616248,0.3603386156,0.3065017592,0.4432539416,0.6044315719
0.4437302187,0.7719758287,0.9488891951,0.3785540856,0.9815531929,0.4720566154,0.8720837220,0.8669969806,0.4589319336,0.5430601859,0.1691614938,0.5985046226,0.7041318802,0.9784023503,0.9054983352,0.8572509909,0.8028522931,0.2136418125,0.6993911520
1.4956744916,0.7540797037,0.2967434578,0.7377671633,0.0286277263,0.7388702828,0.2479202975,0.7536091108,0.5725806961,0.8615382258,0.7900965443,0.0186468169,0.0637171882,0.9137910930,0.2660291532,0.4907908338,0.2378370759,0.7397076747,0.7512654539
0.4233909703,0.1020444879,0.5044262466,0.7410281793,0.6731602790,0.4948782588,0.2791091596,0.6549836701,0.1757743290,0.4523993186,0.1059498757,0.8960263274,0.7608155836,0.7846854599,0.3110438577,0.2786594904,0.6206658783,0.3021224637,0.0490701050
0.9727415267,0.2372397588,0.7376820417,0.9840475765,0.9881754174,0.1536059220,0.4271778921,0.6810295848,0.4868650605,0.6848525944,0.5777148976,0.0679468331,0.7798132463,0.7811368356,0.7796278185,0.5278051159,0.6361562140,0.1587781075,0.6502409736
1.9122822667,0.4968830780,0.5946379761,0.6948008493,0.7603831130,0.2650740162,0.2922521251,0.5622897409,0.3680315725,0.4169469061,0.6410320017,0.4083010608,0.1111063566,0.3277590806,0.5256256424,0.4367065176,0.4780617759,0.8776775717,0.8004945721
1.7520809317,0.6877015665,0.8292555977,0.4790915058,0.8211032792,0.6802496374,0.3356075652,0.1764252168,0.6673899045,0.0946681293,0.4639429800,0.5370806108,0.6078584020,0.2275351743,0.5919670705,0.9229473864,0.7184112213,0.4059541118,0.2159708021
1.7627672500,0.5198066385,0.0289451651,0.6001796501,0.8908579497,0.6472260321,0.4822124555,0.2380332203,0.3633230190,0.7213257762,0.1290120473,0.0150216838,0.8433065291,0.8466429875,0.9179908534,0.9603194819,0.0013590192,0.0548409115,0.8479471860
1.0596802684,0.3122535356,0.3588910431,0.3957309591,0.3353963611,0.0248709595,0.6147303286,0.0900421583,0.3632454177,0.3273519321,0.4567976795,0.0653473965,0.4271915691,0.6235947696,0.9349151571,0.7113077842,0.0644811792,0.9779372731,0.3885232012
1.9510820033,0.6675803974,0.3499083487,0.5510611560,0.3288356257,0.6148602988,0.7651625053,0.9111614192,0.8217659935,0.0132100520,0.3229420286,0.8611733309,0.6059536119,0.3351329545,0.9498037439,0.1297804760,0.1362523522,0.9223823126,0.3157831347
0.2811632671,0.0594840253,0.6840758472,0.7568223104,0.5116689949,0.6975890459,0.8118726200,0.1922439440,0.4890686269,0.5133999853,0.0833283503,0.4041607549,0.4669678677,0.3810207496,0.0790700704,0.4166969334,0.3965832270,0.1434563906,0.0674654754
0.6899700714,0.0646338224,0.7686262619,0.4011011607,0.0137142788,0.6711425701,0.1445760499,0.8284947812,0.1853871639,0.6573398054,0.6107487745,0.0757399469,0.6091235104,0.9966187762,0.0544458250,0.4418891496,0.4922589218,0.7736369201,0.3011080369
0.0432435613,0.0481069273,0.5628781478,0.9644936739,0.7142312414,0.0450331844,0.0026011055,0.3951088755,0.6613607995,0.3359132566,0.3235316085,0.1595503732,0.9009115076,0.5069577036,0.8451413803,0.6555302816,0.2676358107,0.9518807295,0.4210182070
1.8952113630,0.5455212200,0.8067009188,0.5778561737,0.0336439878,0.6500330821,0.7570724925,0.2031080005,0.3128651718,0.0892548702,0.0030631701,0.2563619216,0.4210386764,0.4116113714,0.4825811675,0.3813128423,0.8124391426,0.6086434058,0.6021540134
1.0953999197,0.4618710331,0.7041664301,0.3403813615,0.9993072953,0.0800810094,0.6488663251,0.8242900977,0.9693323658,0.3961905866,0.2829644922,0.2598665201,0.1351851901,0.7276359898,0.8239226874,0.1054658352,0.9648749923,0.2390414037,0.7783541360
1.9801544159,0.6056799317,0.8845131691,0.3513524536,0.5709278882,0.1778766922,0.7630161870,0.7534093685,0.6742761335,0.9411663460,0.5375488612,0.8368309255,0.8052027657,0.4780592993,0.3528293028,0.2623422333,0.0516889398,0.0053535001,0.9951722161
1.9867513984,0.5846864354,0.2892111339,0.2988106202,0.7280743618,0.3380139924,0.1337213329,0.1183945853,0.9783305386,0.5969067760,0.6889423524,0.0464828758,0.8952614707,0.8061307472,0.3805026312,0.5621566167,0.3567457176,0.9803393686,0.9579703330
0.7924979406,0.1723579802,0.2482218366,0.7232994010,0.1469092221,0.1400584011,0.6187768304,0.3271318032,0.8401682373,0.3455887532,0.6066864460,0.4744946890,0.2965348597,0.9858995836,0.4869943050,0.3400772980,0.9035808781,0.5568025570,0.6108480328
-0.3494230796,0.8981607850,0.5148131045,0.4097115703,0.4409520026,0.3043261650,0.5712466266,0.1636567571,0.9706477202,0.8355589923,0.8883285072,0.6386559172,0.2329865628,0.9315486661,0.3328121043,0.9646030503,0.1096097313,0.8331410490,0.9528003514
1.0192242661,0.2036090604,0.0368599977,0.7136246211,0.4292911912,0.0837078475,0.0430489089,0.8826345730,0.6374831606,0.4752309571,0.6984200208,0.8023738370,0.6670157765,0.4888934490,0.0555172095,0.1218052294,0.4558002312,0.6534881620,0.8479510042
1.2387804393,0.3209553976,0.4810715385,0.3626703721,0.7007954976,0.0732691399,0.9718644193,0.7726076279,0.7316238535,0.9510945175,0.0408828401,0.6687880263,0.6584962321,0.4121254656,0.7263886451,0.2508264568,0.6990762297,0.6475001009,0.0506709534
1.3111422040,0.7216144809,0.7633569092,0.3407989507,0.6893244340,0.9690824044,0.3973047009,0.3590511821,0.6005446671,0.0242343663,0.5080404805,0.5158027862,0.4094569673,0.5120775575,0.3672806388,0.0730902581,0.3662856701,0.7557041784,0.2045659725
-0.2885474138,0.9262493700,0.3394237018,0.5051991629,0.4143137458,0.4238451979,0.4242657159,0.6806334906,0.0823015442,0.1183171519,0.1692273084,0.2369175226,0.7582821543,0.2582028278,0.5512772193,0.2821865128,0.2152988133,0.5495369861,0.7333721369
1.1536621228,0.4981596481,0.8335555245,0.2433085625,0.2071868962,0.1398239277,0.0436776411,0.3638041361,0.0935193478,0.7918763223,0.4998570682,0.0773581868,0.2037847157,0.9278670047,0.2204343556,0.9587107721,0.2115190436,0.4750061965,0.2142912492
0.8394680841,0.3428292964,0.6881626915,0.2010410668,0.3625137396,0.2218269509,0.1644490929,0.4373316119,0.3920206153,0.4073632681,0.5838422427,0.2294522500,0.7227916616,0.3910827542,0.7436250471,0.7351687061,0.6817178475,0.2890439488,0.8552063889
-0.3830407328,0.9226002513,0.3935258936,0.3536750262,0.2724255890,0.9985329675,0.4978643972,0.6453789116,0.0158293171,0.5600903466,0.4290158231,0.9494363592,0.0970752814,0.4734618771,0.6037637227,0.3375609221,0.0396691415,0.1890370621,0.6385098731
1.0971514864,0.2139658143,0.5731932854,0.4942840970,0.7048654628,0.2478364971,0.4919017949,0.8596533644,0.4643434420,0.8213123463,0.0223371609,0.7301477360,0.0625245745,0.8574873542,0.6582633024,0.7798377181,0.4947011920,0.3505735131,0.6655472655
1.5502587535,0.4446055679,0.4760717181,0.6519150995,0.4735515067,0.9129509022,0.8815924687,0.8414670542,0.5292380048,0.9421988250,0.0106144097,0.7886841638,0.2326004007,0.6690593579,0.4614443079,0.3788437316,0.1390720366,0.2624988794,0.4305152716
2.0458000753,0.6208247536,0.7798565921,0.5010284984,0.9025050836,0.9019379710,0.6248991805,0.7555399519,0.2586187631,0.0401537421,0.6510663134,0.8695575132,0.2800543463,0.1800116440,0.9787402803,0.3454209453,0.7371936953,0.4009300291,0.1346381496
1.9334353335,0.6594271754,0.1015609116,0.0439631932,0.3310150275,0.4608437429,0.1232563592,0.7055701723,0.4063456672,0.0044530080,0.1685938687,0.0351530347,0.8059666159,0.7151131914,0.7019088039,0.1376649931,0.4878239768,0.1323298842,0.1564948043
2.1686545674,0.4636835678,0.0869553815,0.8617315814,0.8849294526,0.7597174250,0.4306106041,0.8689132830,0.9106615901,0.5394077655,0.2770153929,0.7164469708,0.6562878961,0.6043390702,0.4686469530,0.6090781651,0.9186105419,0.3769569859,0.6398249800
1.9400884119,0.6437760114,0.0448596605,0.4699007005,0.6697914363,0.4198796333,0.6118809809,0.8938719053,0.7496493919,0.5552526266,0.7909858419,0.4924612020,0.8433509189,0.9999882219,0.1239763862,0.9832626097,0.1395152531,0.5627940040,0.2716694144
-0.0548559463,0.9920596565,0.9873248772,0.0072623597,0.9628507578,0.8845256511,0.3044741901,0.2053724574,0.8693410378,0.1053974977,0.2577299206,0.4731052784,0.9618740974,0.2426206755,0.0525667335,0.8719324737,0.0265079554,0.0489015036,0.3362770237
1.4099553877,0.3175441403,0.4250042348,0.6988564982,0.6534547736,0.0643839500,0.2724764435,0.1648713728,0.9887950499,0.6043789891,0.3893728126,0.8082411391,0.4843022937,0.7213924681,0.7034874637,0.1002052750,0.1909301999,0.0788160936,0.9722210671
1.0185227875,0.4110206204,0.4360258114,0.0885327551,0.3416161388,0.8284406524,0.8310761376,0.4915605698,0.3050710646,0.1967135400,0.8961494493,0.7403402977,0.0568363428,0.4355550656,0.7062565749,0.3722415567,0.0148576070,0.3233447816,0.8081528155
1.5394414845,0.6918896851,0.0611831341,0.3677145290,0.3285501431,0.3371377210,0.2774123677,0.7946376745,0.7994749002,0.7579177633,0.3200262238,0.1449143456,0.4770403293,0.6821780105,0.2900776364,0.3347969539,0.6388519053,0.4007853852,0.8496854314
1.2507068058,0.2539671257,0.8101294117,0.5907861436,0.9794284326,0.9568978718,0.5793764952,0.3328940894,0.4301897963,0.8136953793,0.5696076168,0.7639131036,0.6314925193,0.3683965415,0.4587868502,0.8872472406,0.9179369340,0.3876761697,0.4215147344
1.3922916102,0.4261764046,0.3825842095,0.5170928253,0.9567882237,0.8443114616,0.5855164093,0.2956147704,0.0142363261,0.9929590848,0.1117452022,0.7291467808,0.3005987818,0.4440335606,0.0275994770,0.2403907153,0.1155255861,0.2229244571,0.1112102222
1.2465090955,0.2523242380,0.8986450626,0.4850328729,0.5782240402,0.2679531975,0.3051053949,0.5947933465,0.8732555000,0.8518416214,0.6163014557,0.6747903997,0.3590664997,0.4448784949,0.9749170174,0.4085316887,0.4578195181,0.7965637148,0.2102503277
0.0763296525,0.0004268656,0.5653222306,0.5581056722,0.1333345606,0.0344065917,0.1738204748,0.5948340042,0.9365947833,0.8384945473,0.3032722766,0.0957010723,0.9856444382,0.8451421297,0.5717341568,0.8723285959,0.4298369611,0.9680886810,0.1160564152
0.3273156600,0.9847541644,0.4509085617,0.7892560823,0.0451729494,0.3036554562,0.7803986114,0.0057948123,0.3577711205,0.3341376708,0.6493760939,0.3596460459,0.0947660539,0.2758625861,0.2683658345,0.5118889323,0.5678190567,0.1391313649,0.7072961827
-0.3614441246,0.8483717503,0.8506399634,0.2768559170,0.5897795379,0.6789075086,0.9138161092,0.9763932438,0.6281071472,0.2210908250,0.4210074706,0.1474260218,0.6659051116,0.1241443050,0.2446599571,0.0218075070,0.8951005787,0.8847288350,0.5077107234
1.4315745659,0.3079905408,0.4920043352,0.8214937221,0.9283105057,0.9282573052,0.8431882563,0.9858127616,0.4369670496,0.3846513121,0.2637653503,0.2338313641,0.6116614182,0.5339017259,0.7797279662,0.7080718858,0.6102809659,0.3465030527,0.6303197802
1.0291027073,0.4358760646,0.0716494222,0.4449341367,0.7567003167,0.1492644970,0.3599888396,0.0839278701,0.5834568013,0.1069296068,0.2753514410,0.9649199986,0.4974011284,0.6367426846,0.7868881761,0.1632887482,0.8161083306,0.5071263877,0.8714673335
-0.3266131771,0.9391992205,0.0308185083,0.7099049381,0.0868331820,0.5230929853,0.2681828089,0.9462835950,0.1385187364,0.3310322245,0.0574726065,0.0612290723,0.4981044320,0.5130958909,0.8384322857,0.3025974499,0.8883158306,0.7632908605,0.3204852266
-0.0723639212,0.8250840627,0.3291457155,0.0389245003,0.4051513012,0.2091604782,0.9132150212,0.2333287891,0.6168606725,0.8328093906,0.8801281086,0.2900363832,0.6327568504,0.0953233380,0.7036271425,0.8284728567,0.0141783593,0.4069479127,0.6109539871
1.2717994932,0.2801725472,0.7975566568,0.4129518731,0.6828584800,0.1107304489,0.1379498309,0.7359772382,0.2026286424,0.4183800713,0.6571082565,0.4124848685,0.6072747325,0.4102845031,0.5670612713,0.6813318131,0.4428217863,0.4972631780,0.2346783256
1.1505924065,0.2582427323,0.0826401921,0.5368976027,0.3822809879,0.5480589832,0.1563400053,0.0675569087,0.6916061986,0.1076520901,0.2047463591,0.2165259262,0.1274099275,0.3203217661,0.4515801910,0.8364083393,0.4240278559,0.2731439901,0.6524221755
1.3173590216,0.4103357161,0.0665530504,0.5078075283,0.4145794077,0.9887483038,0.2595907273,0.5534175197,0.8969404191,0.6798339784,0.2624189648,0.7144309408,0.0295621945,0.9401209145,0.5742251231,0.3134569986,0.6769973782,0.2362509995,0.0775298795
1.3164368760,0.2868548519,0.8626197869,0.7747759741,0.8727046795,0.6126891046,0.2612720248,0.2603518913,0.1413833544,0.7780799364,0.8036309254,0.4295799379,0.5224924571,0.0673654708,0.7367196667,0.9497611331,0.9435013196,0.1298137257,0.7779642736
0.7357848163,0.2525596867,0.9784369763,0.0124903832,0.4969334503,0.3277747664,0.3318374076,0.6033768604,0.8903057691,0.0484973569,0.3268395559,0.0711117012,0.9281696819,0.4369941492,0.0249329543,0.1460437256,0.9210580867,0.5819821516,0.2061613782
2.4708898717,0.6462869427,0.3287001575,0.9232602769,0.7879030720,0.4790831447,0.5060354081,0.8253853081,0.6515934902,0.2218333417,0.5658872409,0.7208017018,0.6664296980,0.0522135935,0.7208680660,0.0138454471,0.4102238639,0.9202204454,0.8306281871
1.2933234357,0.2947858596,0.3397579961,0.5870681616,0.5408786830,0.5802385664,0.0783870610,0.7414430790,0.2442404285,0.1115241486,0.0377740480,0.0207508151,0.1514443693,0.4762855200,0.2550531333,0.2336108487,0.7317852671,0.2299407295,0.7416451279
0.2280046356,0.0449667334,0.5641873657,0.5918520456,0.3936893309,0.8185722827,0.3119862401,0.9482957843,0.2880296446,0.1189178722,0.5055508744,0.7143698530,0.4746973428,0.4412987058,0.6981027651,0.0460863314,0.9200075344,0.5013949708,0.3608945764
2.0207547982,0.6075343362,0.3189861141,0.4355660123,0.9793169100,0.0759887650,0.1184637382,0.6153346008,0.0317120536,0.7753768264,0.0157555989,0.4421326340,0.9156871607,0.8033985796,0.6502710950,0.4529750738,0.0139107816,0.8171646011,0.4908200884
1.0047766482,0.9676158167,0.2475938516,0.9332438205,0.5105983104,0.0879538250,0.9598355547,0.1732086774,0.6785289651,0.5684183962,0.0740740060,0.0792587954,0.7052703573,0.1211610796,0.7191207437,0.8072421337,0.0811236504,0.2533875651,0.1021500473
0.9393248395,0.2095618853,0.1063066461,0.5105564676,0.0356755452,0.2107753388,0.2158590149,0.0028754086,0.9483123132,0.3431896480,0.1067285667,0.2458114311,0.7311753283,0.1292966250,0.5108205657,0.0690209738,0.9464510792,0.6498597184,0.6285594626
-0.3635599472,0.9093011803,0.3242202166,0.3693416225,0.8949169335,0.8958694276,0.6947596725,0.7628777816,0.1421199682,0.3362736248,0.3466894410,0.8023422880,0.0625346229,0.9732242577,0.5619498803,0.1727051687,0.8935521104,0.8838317614,0.6992529561
2.1142394974,0.6121103272,0.7777050434,0.2541253285,0.1237329364,0.6775861970,0.7179782266,0.7624710071,0.5751260967,0.2931894429,0.0287048502,0.8197390487,0.1880434150,0.4325799898,0.2140720271,0.6630244939,0.5837137760,0.1776519828,0.9045860608
1.7778849291,0.6628921750,0.1065741866,0.4444996953,0.7566807516,0.1958098937,0.2118162847,0.2285476201,0.9512763458,0.2905320250,0.3169828704,0.2409113754,0.0925521960,0.7871575560,0.9767248943,0.0139923056,0.2848202248,0.0906202070,0.0484919901
-0.2107782861,0.9467997173,0.6837697616,0.5487168064,0.1235401826,0.9333707781,0.9469168051,0.3291637753,0.8043829227,0.5045921786,0.1718561498,0.5417724969,0.9927211329,0.9388003401,0.8106257718,0.7823447410,0.2154866014,0.2317879265,0.6222978165
2.2811388017,0.6405725489,0.8686400977,0.9645643042,0.0872849509,0.6242186392,0.4090086333,0.0830064669,0.0434048891,0.2423224684,0.4478857202,0.4545930791,0.1568280508,0.1259219163,0.9862897102,0.6209541895,0.8067358761,0.6894110100,0.3706425164
0.9912228059,0.1871938871,0.2189734604,0.0400285309,0.3991211499,0.0756733111,0.8407320415,0.9321737586,0.0016616730,0.4789710156,0.4411341220,0.7013965782,0.7535559339,0.2303870865,0.9656156649,0.1737760461,0.2716840999,0.8079524929,0.0041335230
0.4309114346,0.0859908219,0.5963220087,0.6773208271,0.2632708470,0.1923758832,0.4787942629,0.4298342562,0.8071087897,0.9621736783,0.7528572158,0.8007392126,0.5519314125,0.2040417143,0.5338238980,0.9998354396,0.7309735875,0.0478744133,0.1772188614
0.6693201153,0.0482214608,0.8009083374,0.0984939264,0.8354707682,0.3406567682,0.3960571613,0.4236359987,0.5666731903,0.4864065314,0.4097734585,0.8869515501,0.8287903327,0.5640599309,0.7250881218,0.6948533281,0.1824376768,0.8684976086,0.7369202742
1.4832000434,0.3481832969,0.9330427108,0.4922672662,0.8814195496,0.1123759601,0.6981785771,0.0898420111,0.5762374902,0.3813045991,0.1835875636,0.4861854134,0.5229791977,0.0997353517,0.8532282581,0.7169378282,0.8946405439,0.6510345846,0.1629811287
-0.0988420893,0.8313840361,0.3256479418,0.5507119581,0.8200671371,0.4892067069,0.8461734720,0.7573020912,0.5817840521,0.5549735269,0.3316581428,0.4869845192,0.0723615332,0.1608182412,0.5448773731,0.7628711762,0.7185019482,0.3617152601,0.3625478930
1.4633328544,0.5076746808,0.6538037560,0.3748045314,0.2731746760,0.1648855327,0.6647991262,0.0178450208,0.2351056685,0.5215757257,0.4554715846,0.7409369489,0.6454831840,0.2545897014,0.2452747795,0.7242916624,0.6365557531,0.6087530622,0.6141217994
1.8270578020,0.4869540785,0.6977987591,0.6196511477,0.5449877012,0.0981243630,0.3250714297,0.5368024836,0.6728426703,0.7487459433,0.7583150024,0.0544959577,0.8298528009,0.7119185267,0.8243722792,0.4213660695,0.2948618335,0.7525541779,0.6788762122
1.9288484398,0.5246863732,0.9729303178,0.7034203538,0.3284327017,0.3002195715,0.0296847562,0.2534758096,0.1168364660,0.1207103416,0.5677106187,0.5195115915,0.7091113057,0.3695886381,0.9480234344,0.4995578931,0.0913029283,0.7074794221,0.6321951313
1.7341235148,0.3677342311,0.2890947554,0.8618637816,0.7818828736,0.9348776877,0.7747645316,0.6430892990,0.1841578748,0.5884415891,0.2360453856,0.9916219010,0.3488948573,0.4871508692,0.2646917355,0.6160289276,0.1004269252,0.2196809764,0.4654867781
-0.0188657857,0.0113740128,0.0468924816,0.0592350434,0.4430197375,0.2023852750,0.6984813123,0.4898966613,0.2839086667,0.3206399654,0.5614968343,0.0049029629,0.3038890219,0.8893192766,0.6333736761,0.3210386727,0.4989209711,0.3020911593,0.5290138399
0.6873369704,0.7645636930,0.5189442983,0.2790297062,0.2055722191,0.2396244962,0.3227261710,0.6793998573,0.4110224353,0.2637135579,0.2291154698,0.7162368563,0.1112222402,0.6341497222,0.9352717482,0.8980320738,0.3264430587,0.9924502430,0.2307537046
0.6647120636,0.3799727117,0.3504459866,0.1429579307,0.8112243195,0.0642951838,0.7768795753,0.7244400309,0.4106379193,0.4193485887,0.9560059719,0.4607132928,0.3755484680,0.7871352976,0.6160244326,0.5554803379,0.5007070749,0.6321698608,0.3227853517
1.0805147473,0.7396213900,0.8068118833,0.4884422788,0.5534533062,0.9884045506,0.5427060556,0.4040797365,0.4064395885,0.0769520591,0.2566269222,0.5063121648,0.7626897963,0.1444871926,0.3933863370,0.2467969126,0.7166913381,0.7114851441,0.1743685798
2.0164058002,0.5737247708,0.6580647489,0.1180610450,0.2769566430,0.1904199371,0.1871014362,0.7655804509,0.6334247765,0.9280227922,0.0885665927,0.3371724407,0.4462771635,0.9348943140,0.0579162445,0.1701462239,0.6473068782,0.5853270442,0.5622457113
1.1192255532,0.2134369131,0.8228213664,0.4734047523,0.2354299155,0.2110462327,0.8576134577,0.3679999329,0.0381373348,0.4519638824,0.5928939019,0.2906571291,0.0034577883,0.2651745838,0.2042063207,0.2530299882,0.3383798811,0.5211036664,0.2718808706
1.9560807184,0.6493562053,0.1245484667,0.5558282720,0.7339152228,0.3296020742,0.1130499389,0.1856914409,0.4983042031,0.4316215897,0.8578259219,0.7439096845,0.9517053800,0.7625005357,0.8426766735,0.9303838403,0.6765460267,0.9215761279,0.9967793015
0.3297418367,0.7901564169,0.2110927379,0.5333818059,0.9018239073,0.1520046866,0.7277562231,0.5929259946,0.5010637184,0.0930978576,0.9944820511,0.7955592030,0.6335206869,0.3616688092,0.8689273909,0.5735109979,0.0597280883,0.8375700066,0.2398869543
0.4125422325,0.7767425456,0.8096439654,0.2605657567,0.5969248421,0.3445221749,0.1882128632,0.9910124648,0.3212394131,0.5072730479,0.5298421166,0.1345377084,0.3912435482,0.1647281350,0.2212142089,0.5947952216,0.3152918777,0.1906588700,0.0001355989
1.0438559517,0.2437007952,0.2693876648,0.3422080065,0.1870772921,0.5559843906,0.4020191353,0.0006320021,0.6764073932,0.3418541949,0.1459773487,0.3079834085,0.9354834326,0.6028252479,0.6593839031,0.5691884027,0.7368556654,0.5473485040,0.2005495342
1.8180149094,0.5568580061,0.3658402627,0.5318825321,0.3676907370,0.2040394403,0.3196990470,0.6084503735,0.2587826942,0.3387298930,0.5064748992,0.3214358577,0.5345074298,0.4555093434,0.8761187311,0.1570132290,0.6286480328,0.5956411802,0.8300450547
1.7856381260,0.5714394900,0.8766766102,0.0884022728,0.5296183765,0.4181733468,0.7571481378,0.4252161795,0.3644095931,0.8281169740,0.4672823432,0.5388340921,0.4630315496,0.8015877565,0.7235059328,0.9992268206,0.8643798631,0.9984653065,0.4853815754
1.2478175299,0.2496658334,0.6120077284,0.2230017456,0.6023645193,0.2940950612,0.8032245814,0.9999669329,0.8820179090,0.7256740690,0.7845512842,0.4990566292,0.4821259541,0.5543146520,0.0192058133,0.7776748541,0.6990257822,0.1589552246,0.3689048905
1.9673758050,0.6459011507,0.4838794845,0.4645354134,0.8942504394,0.8689248927,0.1200440880,0.9929167659,0.6129960369,0.6615611097,0.5296596596,0.6333272643,0.5392708996,0.8432794244,0.6102995958,0.6206835351,0.0819156537,0.6675262519,0.2061055534
2.0863327552,0.5927466056,0.8623978093,0.4710081600,0.0024866045,0.0200099633,0.1485510612,0.8250068609,0.8785124272,0.0365165769,0.2733582512,0.4695404905,0.6507717749,0.6430407653,0.9755850027,0.7076184045,0.5053607792,0.6807256120,0.4365242316
0.2583017174,0.0198798643,0.7786095832,0.5591970414,0.8203976547,0.3094840435,0.5789521808,0.5460627160,0.2991986844,0.4700170981,0.2262951582,0.2112419538,0.2579799254,0.5397420538,0.8346892842,0.6811370101,0.0490205644,0.3706727457,0.4027248445
1.9409784162,0.3681551114,0.1694683441,0.8809561002,0.3902779808,0.4455397883,0.9490697013,0.7798269168,0.9922918549,0.4439631063,0.2976810219,0.3991289082,0.9451645236,0.7392754539,0.9708989726,0.3621301870,0.7421740829,0.2926248955,0.8387636528
0.6032491513,0.8046430726,0.5923932421,0.6816032009,0.5885319880,0.5045456871,0.1100226308,0.0405060852,0.0818916655,0.8094253029,0.6586003641,0.2218242571,0.7146291979,0.7254001980,0.8703713361,0.5841597296,0.9046429194,0.4843118574,0.6552315710
0.8491616427,0.3991636437,0.3927806591,0.2798917082,0.5507637590,0.7556065571,0.0841400589,0.4184535293,0.9596858854,0.5302762533,0.2862937915,0.2952090471,0.7452003853,0.4681482432,0.6407231357,0.0172517402,0.9643105959,0.9922292484,0.7909703903
0.0821503238,0.9789255216,0.1899737261,0.5753806075,0.4637098910,0.8214538990,0.0710943556,0.3281608068,0.7935857429,0.6280721320,0.4721659303,0.5114910549,0.1231492851,0.3273824278,0.2378161282,0.3036448700,0.3263867785,0.2011670260,0.9602442280
1.2969358248,0.7201114993,0.8701535282,0.5600414005,0.7279251906,0.8104372657,0.9674665467,0.4284142750,0.7128629130,0.8615661315,0.6513604602,0.2889462823,0.4761291360,0.3653509771,0.6747906328,0.9134726165,0.4604460668,0.3484875492,0.6447357742
1.7788917232,0.4064914402,0.7097327905,0.9483115615,0.5614906111,0.2362239368,0.5355358041,0.6720800838,0.2998690782,0.0613668209,0.4407381810,0.3092935958,0.0622133752,0.3416200404,0.2005730031,0.9025665787,0.7025318270,0.5743043803,0.8681303210
1.0797974822,0.2881682974,0.0428247699,0.4427142768,0.9125772632,0.2038551817,0.0896892117,0.9600863776,0.5729919250,0.4205358168,0.1077931206,0.4298770681,0.4762621034,0.5934128929,0.4812651358,0.6936833467,0.8684025945,0.9613921624,0.8255547256
2.2599150288,0.6372039614,0.4571880682,0.8090480852,0.9731416055,0.7576392787,0.0338887525,0.2536749178,0.7008785764,0.8268444303,0.0791648139,0.2520570053,0.9576197674,0.6739912850,0.0170087233,0.3103951530,0.1096792578,0.4792014151,0.7576420236
2.0634408149,0.5989201704,0.6139761279,0.2085274351,0.2910405934,0.9422295587,0.3690560895,0.6133292417,0.5727510162,0.9726741495,0.3409400985,0.8696193960,0.8459262420,0.0290916690,0.5142880010,0.3207109710,0.4951389595,0.5831852654,0.7620012704
2.1395904522,0.6196891725,0.3743696688,0.2287782529,0.6684466824,0.4727905276,0.5097052040,0.7167768338,0.7628127215,0.3343239637,0.7651410443,0.2751169839,0.6088791950,0.4263409664,0.0381789531,0.5923416030,0.5075584561,0.7385196802,0.1060811647
-0.4379868542,0.8690682506,0.0426496624,0.2805120747,0.6787369996,0.2937879390,0.8914987631,0.2417671930,0.9989367920,0.1654504813,0.7935133828,0.4902580225,0.1880725185,0.0653101164,0.9829568603,0.5391560002,0.9570528054,0.9202165361,0.3837126150
1.6561318055,0.3773252431,0.2602929504,0.7069775731,0.3552328516,0.3530488383,0.0704499928,0.3318129446,0.1055127683,0.2503396324,0.8272214424,0.9311637898,0.8687496216,0.3141667308,0.4233361723,0.1660520746,0.0247357284,0.5349397045,0.5940700622
1.3049084232,0.7222769796,0.5923950808,0.4051063043,0.1030463933,0.2233018784,0.2267482696,0.9453143835,0.5308032942,0.6290175666,0.6096031173,0.6330764552,0.4715517964,0.5090041292,0.0717417176,0.0217287650,0.5976459547,0.3783442730,0.8639825975
1.2500432750,0.7189814680,0.8052620219,0.2807784567,0.4063608196,0.7691552073,0.1817615227,0.6312758164,0.9386950140,0.1244080221,0.0733608073,0.1478695540,0.4546661392,0.8047962850,0.1051094872,0.2906864184,0.5398715895,0.9290041728,0.9580219091
1.9660041264,0.6466955789,0.8797717122,0.2505142339,0.1564480521,0.4464954000,0.1414250398,0.8391150649,0.5320567787,0.8889525749,0.8370404370,0.7028920439,0.0392820795,0.9662225584,0.1651243927,0.9465179608,0.6702056891,0.5683724736,0.8545392073
1.3379380722,0.2913979728,0.7449911419,0.7712392317,0.2907760664,0.1681751648,0.2431189316,0.6171927518,0.8925259979,0.9438743093,0.8531191951,0.5369164349,0.6864214939,0.6808285343,0.0619327257,0.5291523732,0.8865451602,0.7780345330,0.1853688168
1.8863233914,0.5591774692,0.8187178486,0.5321372242,0.3189937353,0.8989195146,0.1098954602,0.8736170991,0.3815422547,0.0823619354,0.8482943111,0.7942786082,0.4245783524,0.6348191748,0.5428919093,0.0129665246,0.7153309311,0.5663536911,0.3297113711
2.2056332087,0.5186700738,0.7896251391,0.9713972350,0.8968046513,0.0892288812,0.5990534661,0.0812164042,0.3820679236,0.8083045849,0.5756356469,0.4446331812,0.7958393513,0.1411871167,0.9740205936,0.8179844953,0.7636729337,0.5626383134,0.3610404641
0.9620381258,0.7471699516,0.4696553468,0.0937268642,0.1870970891,0.2153176822,0.8583694255,0.7568406673,0.9253517448,0.1023680620,0.1148845250,0.1478455311,0.7893557321,0.0386469703,0.3367473002,0.3484414437,0.0082919937,0.0614726190,0.5790314145
0.1502494108,0.0426825280,0.1264789842,0.0455846215,0.5614506157,0.0203167616,0.9957497072,0.1951877393,0.8991937679,0.4755945138,0.5662888593,0.7372792952,0.4221276750,0.5395888393,0.6963604448,0.3940796910,0.7467616487,0.2345503321,0.3519670375
2.1470710995,0.6239357029,0.7125344915,0.2671855587,0.8644180125,0.4704756560,0.7511658317,0.1713843180,0.9204118193,0.3279709763,0.4284512729,0.5966891978,0.7534294919,0.6418337678,0.7351569218,0.2719449567,0.4786418385,0.2220280203,0.9230249998
0.7561698538,0.1483561482,0.4251313785,0.9423793696,0.6725801139,0.6940951151,0.9752932402,0.7339992433,0.2067959563,0.4175989684,0.0664780321,0.2582251012,0.8252480698,0.6770402239,0.8983634389,0.0076690123,0.0612479871,0.7849494646,0.7621306491
2.0772095525,0.5795120775,0.6269399156,0.2177488411,0.3928949457,0.2933026491,0.4955652714,0.7849862092,0.8276892478,0.9735116926,0.6679929020,0.6122760744,0.6232909568,0.0532385327,0.4254123696,0.5769453568,0.7027392663,0.8495392254,0.6817231937
1.8937564309,0.5178245822,0.2568108956,0.6273342303,0.2067464211,0.4918249092,0.8799224615,0.4547646746,0.4868076667,0.2110655082,0.6836368922,0.6183015432,0.0875008971,0.3034994047,0.1483650659,0.0321259684,0.1170926489,0.6773449915,0.8124348699
0.8766512472,0.9343347327,0.8189253157,0.9173694323,0.1447721038,0.4451817451,0.7266722199,0.8798640236,0.6304731933,0.3710560166,0.0308427691,0.1008186152,0.6843520385,0.2636883858,0.0124223677,0.9925525896,0.2148052846,0.7928040779,0.9852836350
1.1397001594,0.2196258250,0.5958660492,0.4178768563,0.8345117128,0.3667127185,0.3848515035,0.1324805665,0.8030336516,0.2903299803,0.3535766927,0.2245505363,0.5221439438,0.7170919949,0.0266611894,0.3088867184,0.1426409592,0.5094404326,0.3267760226
1.3771839892,0.3376833220,0.5621110903,0.5135830512,0.2185422604,0.5458933748,0.9601885970,0.2457907766,0.8057321774,0.4037114051,0.7276461428,0.3109662617,0.6480103354,0.8761239452,0.2110452802,0.8313230352,0.0451107970,0.1669563565,0.3133243469
-0.0830083428,0.9742218050,0.6249829280,0.1778854136,0.4642054873,0.0464380918,0.1318552014,0.6843373272,0.1609571964,0.0843936888,0.7825468702,0.8018940972,0.6724188820,0.7457383489,0.1788612084,0.4333189577,0.2768771448,0.9766048852,0.3231319421
-0.0439940978,0.9717882466,0.0988208886,0.6341887949,0.7779900392,0.2869153235,0.5840294112,0.7805138683,0.8216458892,0.7591362011,0.5945000496,0.0527960047,0.1700574536,0.8628435321,0.3814732047,0.8216336545,0.5171616934,0.0181339975,0.5197876679
1.4883085908,0.7102783005,0.4975475794,0.1977456013,0.1513702577,0.9110440121,0.7597064254,0.7537951308,0.6112909425,0.9254470864,0.4189048284,0.6762579558,0.2951758458,0.8815660385,0.8674539745,0.2365791302,0.6759510660,0.1749212719,0.5666555999
1.2305401599,0.5169282592,0.9866371936,0.1913930125,0.1211570063,0.3772686568,0.2315313522,0.9286314577,0.0966659855,0.7661478828,0.2010672714,0.5935321534,0.4377445943,0.1894891445,0.4316639769,0.4935619107,0.3155777391,0.8940413594,0.1011660435
0.8651839974,0.1680463374,0.2439994333,0.6607951647,0.0654103926,0.4155255142,0.0381372032,0.1228802093,0.0379544849,0.7532505649,0.7770522868,0.1701652682,0.4851300613,0.1170386765,0.1440618543,0.4581761667,0.5829908495,0.2346972267,0.3580378992
1.8281112605,0.8564918798,0.9249993541,0.9650538165,0.2135475234,0.4791661591,0.4649639239,0.2333781522,0.0852620572,0.6624480686,0.0336580893,0.9148257586,0.1189642491,0.8423609722,0.1762168706,0.0719026157,0.3507022216,0.6141009745,0.1232687039
0.6198241159,0.1241245044,0.4129130650,0.5981859318,0.8105152487,0.4849207508,0.8379869382,0.1056387678,0.6531173906,0.5689678869,0.1160722793,0.7674334314,0.0358833484,0.3090102003,0.0801296915,0.5511416346,0.7942051870,0.1013131946,0.2458008272
2.0011673888,0.6610857131,0.3933116581,0.0738147656,0.6303744385,0.1839056272,0.7636168174,0.5686848963,0.0873469209,0.2700396742,0.4702362398,0.0216880513,0.3574001073,0.8583446734,0.5451150342,0.4729094384,0.6379687418,0.1796728519,0.5777215054
1.1038883993,0.7259553016,0.1549537447,0.4127358052,0.8175313150,0.7440796852,0.0162913748,0.6758763487,0.8419951842,0.3865134636,0.1780697927,0.5790718698,0.7135224408,0.3707440229,0.3571645078,0.3443741324,0.6379932382,0.2256348433,0.9962278073
1.2488518899,0.8001130352,0.8245510235,0.8029927856,0.4319056464,0.3557127568,0.8166846917,0.2746312692,0.6486266250,0.0127513153,0.1107108205,0.2297645404,0.7097808940,0.1904475684,0.5825753927,0.7928325288,0.5423005133,0.7801594150,0.1688669757
-0.3830381729,0.8822346775,0.5780750558,0.4285978017,0.3910229319,0.4042390745,0.8914371057,0.5528857777,0.9442765837,0.7729568234,0.3510218306,0.4038170680,0.4671212066,0.6641475710,0.3607031354,0.4468620397,0.3862967346,0.3903711455,0.1185505141
-0.0903155118,0.9556262888,0.8135230531,0.7351085315,0.6509072740,0.5178806051,0.3354669373,0.9330718908,0.0603530317,0.5059081552,0.2790118023,0.7877776755,0.0475703571,0.2424763659,0.5177758567,0.7663448229,0.0922138838,0.3718200481,0.9124861414
2.0912848228,0.5911637590,0.3517056019,0.2524618770,0.2697855637,0.9315951709,0.2927230532,0.4557325370,0.7186796892,0.5419874144,0.7801778669,0.6887413826,0.3943764554,0.4406938700,0.7956735943,0.2593516590,0.9624547736,0.7424404841,0.6621357502
1.3524406769,0.2510414420,0.7282448331,0.5106036104,0.7200078407,0.8525981985,0.2220458001,0.7067944846,0.7455771580,0.5451672485,0.2974386932,0.9553468787,0.0639557963,0.2422100331,0.0110430772,0.5784638289,0.1434666126,0.9954460463,0.3912686727
0.7528052845,0.1704854945,0.8852065910,0.7568071892,0.2638083803,0.9375359240,0.1678010008,0.5356868789,0.1821876206,0.8718858411,0.1381828702,0.4819742195,0.4298301879,0.1302051035,0.6594827794,0.7680989183,0.7872668094,0.2970662412,0.4225364491
1.5604565200,0.7246523409,0.8161578455,0.6450365494,0.4659266292,0.9595121052,0.7135039031,0.7068848181,0.0196119357,0.9155263058,0.7743374343,0.1089448167,0.9807525015,0.6241877218,0.8697098461,0.2156341977,0.0975735518,0.4355329731,0.7606949637
1.1565930565,0.1698137233,0.6658857531,0.2345636927,0.0444631155,0.7445638106,0.2767379446,0.1935438931,0.0274490394,0.1117713538,0.2175933183,0.7538454143,0.7713425922,0.2880958709,0.8023586124,0.1466405405,0.9806680768,0.7942364076,0.3513609799
0.1040032340,0.3510368686,0.9454718090,0.0599428105,0.2888220465,0.6058934548,0.5104531050,0.8388553936,0.7753468134,0.1645647573,0.6738636583,0.1549115924,0.9621212493,0.4995557770,0.4096457879,0.2452600377,0.2490622641,0.3420221624,0.5056756695
0.2461007068,0.8097126702,0.4878113170,0.2567660824,0.6339135266,0.5284696740,0.3099666731,0.6384556832,0.2319298897,0.4025306467,0.2574187351,0.7495191963,0.3585902515,0.3209551909,0.0546117942,0.2129138982,0.9447047684,0.7753377147,0.5850843689
2.0811022531,0.6094775443,0.4648884944,0.6184084292,0.9727929641,0.4489774958,0.7297832222,0.4251977417,0.8881658368,0.3711889995,0.8565334128,0.0853023955,0.9448307541,0.0730576736,0.2189542249,0.9967379077,0.4898140505,0.5573419028,0.6626374130
1.3011091410,0.2882311273,0.7183478832,0.5912178339,0.0507530116,0.0486701070,0.8281017121,0.1861421083,0.6780681145,0.2133518477,0.8601112796,0.4365468913,0.6759109116,0.2928553812,0.8432958883,0.2555780974,0.4822141826,0.2499005636,0.7059069374
-0.4114624824,0.9192902827,0.4813701465,0.3902144192,0.4091857265,0.2345962818,0.1563704382,0.7228671307,0.7901572839,0.9181582409,0.5301780614,0.2385845086,0.1490798526,0.8597272491,0.6213550938,0.1464985334,0.2263067850,0.4428086539,0.8273595118
1.0531534173,0.7531657390,0.1494710090,0.6316884290,0.2705160572,0.4277540770,0.5598557695,0.4004115752,0.3430886310,0.8621656378,0.6159254391,0.5973973446,0.9963328150,0.6486761097,0.3843571489,0.4002996119,0.7813119529,0.5505535063,0.5971146436
0.3520658253,0.4020285074,0.1904410664,0.0626762638,0.8218546231,0.4428494020,0.9232013526,0.1857637999,0.6469669146,0.5111844751,0.4955412215,0.3280247065,0.1884113641,0.0986696568,0.5959935147,0.6664899647,0.4002392393,0.2061632781,0.0666056030
-0.2843977790,0.9455601102,0.8646253920,0.0725244266,0.0142958144,0.5880574579,0.4747748066,0.8133223063,0.7168951534,0.8655474335,0.5004084461,0.2352719034,0.4618134233,0.0286079300,0.3734560537,0.7476807382,0.9432575286,0.2007365297,0.7489378569
1.0119205083,0.1959087439,0.6737415407,0.6163361457,0.8403769910,0.7369808888,0.5576727715,0.5917523225,0.7211156917,0.1439732587,0.7688156896,0.7467808290,0.4895875668,0.1975284759,0.2093167564,0.9955874277,0.1060586652,0.3998397395,0.3993807161
0.1387685607,0.9700537404,0.4861898681,0.7586709375,0.0827049049,0.6745999420,0.2985911173,0.8195513245,0.5313903302,0.8527265631,0.3066628083,0.0034590675,0.8305981325,0.5182121940,0.0603821286,0.1831893454,0.0802475641,0.4097894708,0.9141872365
2.2632321224,0.6427456603,0.9206111107,0.8325625934,0.2302846152,0.0780559346,0.4123881509,0.0278877471,0.0747111000,0.3087736581,0.6652300921,0.9443611988,0.5787251167,0.7555001292,0.8680000646,0.3529444187,0.6143786051,0.7843464805,0.5509771717
0.6204296959,0.1273592656,0.4878117655,0.8496558050,0.6424464132,0.4131750038,0.0590930474,0.2706655877,0.7597669555,0.0940220157,0.9294959698,0.0934381240,0.0949583067,0.4658259228,0.7201582624,0.8804372014,0.2720380039,0.5157144959,0.6614731764
1.7340106472,0.4879961954,0.6936771054,0.6180795958,0.7632304247,0.4523782870,0.1540981109,0.4568447321,0.8381469382,0.7843253212,0.6350204195,0.4624757632,0.6449167489,0.0503768473,0.4786761527,0.3157808464,0.8018064733,0.1064321154,0.2046508034
0.9372753186,0.2419340576,0.2224882349,0.0459412736,0.8791606523,0.8667660720,0.6088677775,0.1387910093,0.2519552875,0.7262910678,0.5745550268,0.9554226995,0.3772217582,0.7054473778,0.1033780374,0.8355413161,0.4835112160,0.6522389782,0.6756687504
1.3452692412,0.1989129344,0.8401397089,0.1415252513,0.9982353882,0.9068059021,0.0696661071,0.0100085753,0.5712479870,0.3239347475,0.6251482087,0.1400643738,0.1868935792,0.4988219150,0.0516145606,0.1336221411,0.2512153951,0.7717852902,0.2966158131
1.3747643155,0.3959472536,0.5455125342,0.4717786527,0.0248748619,0.3468331725,0.6553220032,0.8168215497,0.9535229136,0.7128360585,0.7911578393,0.0364983819,0.1300063872,0.9966565999,0.4626934372,0.2169000057,0.4543997182,0.8448169990,0.3720328200
-0.4851749813,0.9044405970,0.7599595489,0.2184212974,0.6625488064,0.4167055274,0.9558607873,0.0017507203,0.7027552364,0.2773401993,0.3206042052,0.4855379226,0.4464406709,0.2907478264,0.2818812122,0.7381969878,0.6847125737,0.2379620431,0.4710369262
2.1498970307,0.8596964209,0.6163109502,0.9898171957,0.5854395088,0.6697681590,0.0077544805,0.2388891493,0.1952841138,0.0638884244,0.1846934901,0.9414492161,0.8324873227,0.5946969883,0.8587589046,0.0152569496,0.2650348219,0.9038860970,0.9703635825
1.4074699797,0.2896309333,0.1702474388,0.7508876042,0.5549823265,0.7749346542,0.9120140334,0.8633066139,0.3947010157,0.9627279568,0.8827629115,0.2020470566,0.5149514676,0.7471138842,0.3075535959,0.0842481812,0.0850716792,0.3020062520,0.8125752591
0.8538408190,0.4709334707,0.2698796057,0.2727087565,0.4093216442,0.5112787156,0.3096779704,0.6135792865,0.8816010652,0.1526703564,0.3611458447,0.8281429349,0.6626161324,0.9049047219,0.1432667099,0.7647671037,0.6914148955,0.4832599986,0.3266769358
0.9005323378,0.1621269869,0.7875796127,0.4890563567,0.5353591619,0.3276476649,0.9076727329,0.3345925949,0.1578465726,0.3507051676,0.1601762664,0.1218549479,0.5639533109,0.7594696932,0.0458994554,0.5323639652,0.8140570420,0.1289179077,0.5930043937
1.9754968271,0.5828996717,0.8656014488,0.0374508892,0.6442435861,0.0869074155,0.5576822137,0.9760623946,0.8661853238,0.3687036778,0.9462972486,0.0337392224,0.6310510383,0.4599859954,0.7432867739,0.3804556565,0.5792601494,0.9416826267,0.3067519478
1.1516129954,0.2295004863,0.6187040232,0.2182010584,0.9892100800,0.8280318937,0.9411559766,0.9894988256,0.7454765389,0.7102558667,0.4694451817,0.5407026148,0.0202143961,0.0200450960,0.1651321897,0.6913548542,0.9832156194,0.4042357048,0.1888309386
0.8100398027,0.4348029242,0.6312408410,0.0212284563,0.8642370414,0.3676298404,0.7216877341,0.6546386946,0.5504657972,0.2114343674,0.8497723493,0.7434320327,0.1135831702,0.9200456596,0.4244525552,0.8717418080,0.4029716837,0.4662063711,0.0814090788
-0.0026627005,0.8191114502,0.5224316994,0.2246065710,0.1777811402,0.0628287341,0.7634745818,0.2001826104,0.8031605785,0.3608665120,0.7777511709,0.7073689734,0.0044630973,0.9392841673,0.0455105179,0.6472883984,0.5228662973,0.1382895564,0.6718180211
1.5209003239,0.3933100620,0.9498819893,0.5652424250,0.3667004293,0.6518502971,0.4916150815,0.0028405384,0.4847676514,0.4842410458,0.7183602342,0.6684806231,0.8502806147,0.1724744259,0.6241984856,0.9426134956,0.7329285947,0.9574886789,0.8482779158
0.4528495143,0.1111735936,0.8986190283,0.8469264977,0.9943565139,0.7860321281,0.4434480388,0.0511445776,0.3442676140,0.3326900559,0.4957310900,0.9441892383,0.7922494324,0.0475343429,0.2710408980,0.8885642636,0.5440753094,0.4329563668,0.9415648994
0.1976854044,0.8589196093,0.2830660188,0.7516509273,0.9681410971,0.0144343380,0.8563402908,0.3060294476,0.5995050714,0.7795769482,0.0322977424,0.2831383683,0.2727770270,0.2829630008,0.8911072981,0.6394886975,0.8400208537,0.0527593000,0.6731319844
0.3276734628,0.4008264689,0.8462040038,0.1934734387,0.9633581714,0.7429898370,0.7351878976,0.8768401740,0.8443251981,0.5703491676,0.1523938383,0.3995460959,0.2415668125,0.6575716546,0.3026679904,0.9225720258,0.6311921306,0.6829234790,0.0076757371
0.9279337477,0.2046710612,0.3920088327,0.1583975580,0.0168957634,0.3589806809,0.2757671554,0.5650336594,0.3808417715,0.0825640515,0.2166630224,0.6495667557,0.0594947457,0.9358148043,0.5361212331,0.4217049205,0.2756637684,0.8144451591,0.3806163659
1.0261695818,0.4643940696,0.4692738548,0.0768987313,0.4355802507,0.4114136373,0.5024499604,0.3369209981,0.8622480387,0.3655591699,0.6005055976,0.6153061447,0.2202025112,0.4139650998,0.2086770035,0.4458170531,0.0264167506,0.5693390092,0.3116369930
0.8232972131,0.1768648052,0.0656345597,0.5840091416,0.3637624974,0.0492707034,0.6318000678,0.5070117493,0.0461089256,0.5218789710,0.4555412732,0.5467061980,0.4232381944,0.1309822748,0.4366730206,0.2007783285,0.3831627851,0.8345565215,0.9209589543
2.0174439275,0.6500654058,0.6288823549,0.3181548760,0.0046864972,0.2859005000,0.3561349097,0.1468678560,0.3526647038,0.9325500308,0.1729654326,0.2696378211,0.8134877904,0.3356236409,0.1881495516,0.9181332004,0.6408345958,0.4065819428,0.9782169827
0.0596672187,0.9629331566,0.6979831767,0.7842725760,0.1024280871,0.8359369144,0.4373847741,0.0434793786,0.6976952398,0.1101363933,0.0279717259,0.9571519956,0.2762229031,0.9902401622,0.6120463845,0.5790271107,0.9181221883,0.5023149917,0.6300428874
0.7932151378,0.4378850694,0.2918439675,0.3395079806,0.4152033965,0.9121700586,0.5236003041,0.0887654415,0.5973049896,0.4164131140,0.7361895539,0.8817827478,0.1042144576,0.5655463888,0.3826679857,0.0777141557,0.2344725178,0.5539228691,0.9828245647
1.5654039208,0.5391217557,0.4664082205,0.3837415993,0.9696483009,0.4401327864,0.4828587920,0.2029771050,0.7691630547,0.5277898328,0.1427218939,0.4369548646,0.9374202336,0.8538377568,0.1464119535,0.9268457943,0.1421575470,0.7024829887,0.2528445672
1.3730415824,0.8244668963,0.4225102822,0.8357042858,0.1400423494,0.3842070519,0.8166409534,0.0475662475,0.9673030729,0.4832309600,0.3514908214,0.3499553015,0.2557334163,0.3340254284,0.2184870356,0.1400091711,0.2397593534,0.9814933634,0.1825132637
0.4107085841,0.7753796058,0.1829491933,0.3421669268,0.3532405754,0.0490169511,0.8056619940,0.6788420214,0.3439879096,0.9291972143,0.6885052574,0.1202797346,0.0258889528,0.5673115428,0.8104335028,0.9678882770,0.6270898039,0.9780394761,0.0604024155
0.3293234265,0.7748006347,0.0320565249,0.1242328221,0.1510144269,0.0141146963,0.5116238308,0.4921505490,0.2823124104,0.1452318668,0.0859448256,0.1137977844,0.4457200821,0.5345969448,0.5976270194,0.3685913320,0.1800097405,0.9739046014,0.7848801966
0.6036500488,0.1056423257,0.0435866330,0.2125371402,0.2239668637,0.6394236820,0.9939405208,0.1177973598,0.0329982782,0.3863634562,0.4835584732,0.9016342657,0.2300277247,0.0769341383,0.0010163592,0.1448865225,0.4616096994,0.6247806206,0.9632773014
1.2412136500,0.7591190197,0.3788680644,0.7002776129,0.4111517965,0.2873233443,0.5992708859,0.0260414233,0.3229895943,0.1433938922,0.0852285715,0.9024288831,0.0910744594,0.6141716900,0.3379186893,0.8736198996,0.4503963629,0.0526091887,0.1868287914
1.0305909850,0.2946425536,0.7225122897,0.1982584945,0.0454016892,0.9869903221,0.0474493113,0.1011208691,0.5175938059,0.4225411946,0.1415531662,0.2104759664,0.5613559089,0.8907215697,0.8613194406,0.5519709842,0.3792299667,0.5617086852,0.4057710745
-0.3021325131,0.8492045700,0.6204199540,0.4950480256,0.3039897340,0.3070870089,0.9953412049,0.2569020833,0.4608634495,0.2501869225,0.7739203186,0.2341077631,0.6684634507,0.3251989905,0.0149666989,0.2950034474,0.8877754311,0.0361921383,0.4551409742
0.0539886281,0.3795158221,0.0846857508,0.0433087518,0.1356002096,0.2906353049,0.5544430968,0.9514580416,0.3251544555,0.5349574401,0.2233716237,0.9065632676,0.5739779137,0.8476569374,0.8673848046,0.6671307167,0.0643019974,0.9690927895,0.8802582116
1.0339853344,0.2516218273,0.1010332322,0.5082017097,0.2377895577,0.0351248761,0.6153985039,0.8488999475,0.2427267881,0.9996587677,0.8526178660,0.0479311696,0.6329919434,0.5608462601,0.8738303447,0.4490471487,0.0916268896,0.1345585261,0.8112499215
1.8850634314,0.6803780389,0.6279137934,0.4769849407,0.5128700283,0.4095904288,0.6020011789,0.8794604648,0.2118552026,0.2570316556,0.1802165829,0.9394641069,0.9654533840,0.2849054781,0.9209147400,0.0916408248,0.2897339307,0.8008192385,0.0046284782
0.8690321333,0.1617277184,0.5864174268,0.7684466575,0.1010269281,0.5879725994,0.4007429661,0.8051970612,0.6058862588,0.1164821645,0.7677507722,0.5248291426,0.8554822057,0.2946983095,0.8190382136,0.8845867056,0.4663189191,0.0225920086,0.5446183938
2.1669274012,0.4679291458,0.0839052251,0.9165532683,0.8692570672,0.6847374592,0.4627859725,0.5542513292,0.3221260253,0.0259765644,0.4072632725,0.6138458931,0.9811030192,0.8827297105,0.4432482968,0.5211912367,0.9106609875,0.8961325417,0.9548166326
0.8009101723,0.8715560744,0.4170964813,0.8407953870,0.3158444799,0.9851845251,0.7150275869,0.3213486958,0.9205643543,0.4048910898,0.6350437168,0.4604562503,0.5324664534,0.6506521116,0.6563186982,0.9811023847,0.3813396723,0.2724215609,0.3058575640
0.1403568159,0.0481327290,0.7260976123,0.7957670606,0.3532695597,0.0650929983,0.0105013297,0.6840132577,0.1893907860,0.9780007709,0.2870292972,0.0638530002,0.6048568031,0.7348479746,0.5248721440,0.1113074995,0.6846135521,0.0988640034,0.8808065932
-0.1481316562,0.9647391191,0.7326316792,0.6390275940,0.9355565663,0.3123329437,0.7061835366,0.5548269571,0.9648898768,0.1483782190,0.5159325915,0.1084852208,0.8267443393,0.1377669591,0.1250938812,0.7445525427,0.3911397311,0.6984663282,0.1004708353
-0.4856192689,0.8803532932,0.9653338923,0.5786558442,0.7492962038,0.8006156334,0.0270673970,0.4313319830,0.9352875654,0.2704839480,0.1371532710,0.4049797194,0.9907243047,0.9960964245,0.8897468969,0.5082361450,0.0138071603,0.1864257989,0.2406396046
1.1451088758,0.3249179324,0.4684475359,0.1037398021,0.3843185493,0.8093138480,0.1648944949,0.8679149271,0.1610773967,0.4550152065,0.5279739392,0.5337171328,0.1831096737,0.1903495958,0.8291729786,0.6392578470,0.7715990214,0.0074521102,0.2094980102
0.6236588161,0.7777955126,0.6587514963,0.3749788627,0.9368404004,0.0826558964,0.8077489904,0.7504901036,0.9151736408,0.9885615680,0.7029390339,0.4506392048,0.6962101974,0.8624749820,0.1043688944,0.3047799374,0.3596467552,0.3336138360,0.9792045352
0.4366941554,0.7755307412,0.7123768578,0.0589788987,0.8959188603,0.1175860577,0.4456659495,0.8569352314,0.7768418133,0.1723205810,0.3889290052,0.3692231539,0.0410437626,0.8432321169,0.9318177887,0.0875107032,0.6401417351,0.4717305958,0.2109843178
1.2258243032,0.3428602690,0.5355116969,0.1126555959,0.0558929376,0.5426197619,0.1396667094,0.2510877809,0.1533309361,0.6348069933,0.1964689504,0.1971090152,0.8852219679,0.2232747737,0.2677823368,0.9964600066,0.3201423281,0.1633654288,0.6658663182
1.6172370824,0.3641489407,0.9225145718,0.7025847193,0.9067643811,0.2293500135,0.2221632640,0.8481776475,0.6188473274,0.6257653795,0.3335112052,0.8838474433,0.7458694823,0.1879480676,0.1096594498,0.5205941339,0.3637434471,0.0596972017,0.8192941110
0.1677959006,0.3856651947,0.2059202487,0.1504104484,0.2043104274,0.3562974438,0.3626965264,0.5120250678,0.9735911376,0.2680721591,0.6647415762,0.9819160152,0.8310435932,0.5714080374,0.5462907965,0.2514335008,0.5431461598,0.1694578802,0.4709181070
0.8281492686,0.1919460069,0.2952044096,0.2042831472,0.4161371626,0.9894189205,0.4467285596,0.9361188226,0.9905283385,0.6879096200,0.5478799074,0.4139960023,0.1327099040,0.1193642337,0.2424807389,0.3539212016,0.2804343756,0.4555279137,0.4124516828
0.6214666401,0.1334960533,0.3411415612,0.0136782239,0.2745203572,0.8325336092,0.4242265760,0.7640338484,0.0286416743,0.7575857860,0.0853812017,0.2595133823,0.9253830237,0.6096120684,0.6267747729,0.0335003533,0.4012728917,0.6894774984,0.6662263840
0.9971211292,0.2053858271,0.3101724645,0.7360903085,0.9227043212,0.1208785744,0.3538630336,0.8610867262,0.1149615460,0.5879921035,0.7412352619,0.6176886959,0.6332808806,0.0983477929,0.3893179638,0.6793941744,0.3174575853,0.9396095869,0.8734343666
1.2112194040,0.4052179937,0.0889840382,0.5007264791,0.2345523143,0.0037761384,0.6348337707,0.0879927721,0.6420818407,0.2706216356,0.1073072714,0.0808908064,0.7687654980,0.3789682892,0.1763270937,0.6597526725,0.0549919632,0.5401303840,0.7034280985
0.5987397069,0.7721744046,0.8153240018,0.4945559770,0.4935604722,0.2900975617,0.7363565924,0.5146473627,0.0854072772,0.0725474352,0.6073795559,0.8115485649,0.9009988903,0.4334904438,0.0193009220,0.5090926367,0.4288389392,0.7668998670,0.0718486007
1.4238115073,0.3556687761,0.5684067667,0.5954461629,0.5968883342,0.6211032451,0.8344218445,0.2642046465,0.9223512175,0.3958037734,0.8699583343,0.7960801110,0.1106158056,0.7281219018,0.4241475583,0.1925179604,0.8588129477,0.0176699047,0.7154853967
-0.4691335653,0.8909396293,0.7854440461,0.3496868832,0.7136533134,0.9278774187,0.9013375972,0.2551671742,0.2064285747,0.2034828653,0.1702957357,0.6116655643,0.0477071121,0.3104857180,0.0050499344,0.5135773394,0.8370409250,0.5678848723,0.1452860881
0.9106205321,0.2890440164,0.3262325609,0.1109169547,0.4545169609,0.9327563135,0.0656214882,0.1569875288,0.6547163253,0.4219588165,0.8871662776,0.1463356035,0.1042353226,0.5896825541,0.0104662863,0.6425166317,0.0795831521,0.0081695002,0.4430751673
1.2444648786,0.2760896661,0.5206577835,0.4965987015,0.2039472583,0.3256398770,0.1196927216,0.9139166760,0.6022274394,0.0510290970,0.6207352668,0.2551620113,0.4511836853,0.6222413219,0.1716493251,0.5114920822,0.7612553717,0.7726675526,0.8676997337
-0.4247523702,0.8900506999,0.3047868137,0.3127338149,0.5416014508,0.7928762487,0.2557898835,0.1539434033,0.4359157305,0.0019353258,0.4125750241,0.7760743471,0.0871484085,0.2224893562,0.5063036913,0.8253327182,0.2754495248,0.9576373251,0.9268867499
2.1226645941,0.6851815658,0.2249155530,0.7298005511,0.6260179079,0.1859271213,0.6656332665,0.8264680099,0.0203297754,0.7765804372,0.5949205275,0.0155954481,0.4523480837,0.5285657022,0.8819488783,0.1175006831,0.1820653556,0.8468470880,0.7289194683
-0.2964877193,0.8339808631,0.1297806083,0.4260485880,0.1647881503,0.5118788667,0.3898908155,0.2070589023,0.2677999772,0.4711012522,0.7309914744,0.0557060201,0.4986643687,0.4014087650,0.2606549639,0.2958758741,0.9033639904,0.4161067167,0.3923832908
2.3396510928,0.6568392396,0.9358452281,0.9482123675,0.8321128450,0.0943537595,0.3068465989,0.9449807101,0.8774926182,0.7026982282,0.6009873429,0.5132383157,0.8612218648,0.9785067172,0.2786192702,0.8897720529,0.9190448684,0.7315261073,0.3549264541
1.2988410987,0.9026019751,0.8304415911,0.9378181119,0.5780819661,0.4116760539,0.2962111069,0.8777772394,0.3135469535,0.2356401633,0.0316172649,0.9478253804,0.7307636319,0.3260042753,0.0922562182,0.2130102348,0.6501990987,0.3364299569,0.5662981385
1.8074098625,0.7640590702,0.0513057407,0.8111430074,0.0726796701,0.1549757069,0.6046287911,0.0644058764,0.3959378429,0.3344076468,0.2400307636,0.3354280609,0.5777393443,0.3559742400,0.9953540259,0.5055458441,0.2108865764,0.9117239656,0.0312348833
2.0894435399,0.5945204554,0.3134798503,0.0266656960,0.2877352127,0.0394455537,0.4984825958,0.5222180891,0.0797200681,0.7995544889,0.2228858130,0.7244540399,0.4237600290,0.6085191481,0.6664052977,0.8196321690,0.7346937881,0.8239554636,0.6565455644
1.6650240258,0.3262403020,0.1799346797,0.9917086309,0.7015751747,0.1223119138,0.2225269382,0.9404164866,0.5092205889,0.6069447270,0.4581176043,0.8465085536,0.5299113620,0.6914422882,0.3946569047,0.1754031240,0.3871732712,0.8650603673,0.4882631048
0.0787460556,0.0751348972,0.8545176999,0.8870060387,0.6727700725,0.2426309873,0.8643086383,0.8517099107,0.6208566662,0.6876161680,0.3850899993,0.3054204452,0.3639333649,0.4402646075,0.6110906605,0.6234448137,0.2703456376,0.2825016038,0.5575798997
2.1710620959,0.6004146744,0.3676523119,0.7278474668,0.0470670535,0.0976907323,0.4134100297,0.0489835684,0.1685589478,0.5753573816,0.5009659846,0.2570203992,0.0326244682,0.0366629019,0.6481921638,0.8639646540,0.8354818233,0.2177517582,0.8461395229
-0.2691559442,0.8351851628,0.8694135453,0.1151716275,0.0532816560,0.7600346379,0.3690740204,0.3782408032,0.2693347513,0.5190123326,0.6789558641,0.9950994293,0.0543333538,0.3049495908,0.7149378971,0.6212901173,0.2475737732,0.8146943183,0.8589972430
1.7224131453,0.3461648578,0.0717146566,0.8597404919,0.5900583262,0.6702648480,0.9802685892,0.7548578141,0.6288591154,0.9051347460,0.7187458504,0.7705457016,0.3959237353,0.3812849217,0.7032317333,0.2882911652,0.0899193903,0.5363325016,0.8162531596
1.1897967888,0.5009226705,0.3222211261,0.2038808667,0.4337820299,0.3940180582,0.4463241765,0.6771789992,0.3132558082,0.5806989143,0.4006961924,0.7112527571,0.8193747241,0.7538674517,0.3793823801,0.1408713118,0.7893108019,0.0890163078,0.9651768821
1.7394190547,0.3766064380,0.6118212572,0.8230680296,0.1155964296,0.0830582487,0.8342248406,0.7203641458,0.1533481451,0.5951372656,0.0557316891,0.6673204359,0.5280549357,0.5445930691,0.2935023253,0.9983272270,0.3646117421,0.3836916438,0.8891769217
1.7827291159,0.5595592524,0.2312451661,0.3668540834,0.6340552588,0.9465629777,0.5725110733,0.1235182427,0.9901957156,0.0810007429,0.2458515183,0.0852170323,0.9546734463,0.8665933716,0.7920761222,0.9251485023,0.0300096710,0.4792743211,0.6246749531
0.2936879451,0.7924252553,0.7863370282,0.0292082995,0.1560514618,0.3189252544,0.1947000737,0.5116890527,0.8730755831,0.2677650533,0.7312179496,0.0760430994,0.4737076520,0.4908875284,0.7949304546,0.8916716326,0.9229063965,0.7898583392,0.5172409266
-0.3923567945,0.9399338753,0.9220885373,0.3329560166,0.3799146552,0.5213041995,0.3318762400,0.0894981017,0.4085352664,0.1557847873,0.5359109305,0.8711954134,0.0115955671,0.4671681173,0.0318358060,0.1499881385,0.5279923825,0.3096478491,0.9558752494
0.6150299039,0.1214017774,0.8217848124,0.7956077704,0.7551699443,0.2392066652,0.2164421536,0.2955910047,0.4037387936,0.9339011766,0.6445962116,0.4516835976,0.3428579801,0.8359441478,0.8345325026,0.4161988875,0.4122882738,0.9039089807,0.0248890734
1.6384921667,0.3486762770,0.9165290773,0.6451705722,0.9202393841,0.6431536084,0.0791800890,0.8257938039,0.2625814433,0.3052012122,0.3461500283,0.7556742495,0.0921529312,0.9577668217,0.3676709888,0.2063467869,0.2619553166,0.9356186258,0.5148403336
0.7018296049,0.4092725789,0.9949427711,0.3626073068,0.7225616859,0.2436874014,0.7809621382,0.1121968075,0.6511248540,0.8661365645,0.8176986506,0.8302653535,0.7454289138,0.8691426535,0.4280226298,0.7018848559,0.2571471217,0.1305447669,0.6843241613
2.4347417044,0.5835862427,0.4721146034,0.9521148866,0.0737476291,0.6687698394,0.6514378827,0.4918814473,0.0148520109,0.6181823777,0.8424248301,0.8105513094,0.9846812457,0.1858155187,0.1531663585,0.8911091219,0.1470668399,0.7234337193,0.2752734120
2.2758011230,0.5494003140,0.8287393170,0.9193202306,0.5325165294,0.0276965202,0.4607114465,0.2856368498,0.0297896229,0.8987805558,0.1763478754,0.6323828805,0.5924559939,0.3620210498,0.2054001592,0.3839245729,0.8521301212,0.9261705162,0.6303954269
1.9023426616,0.6689798355,0.3462325579,0.0386548277,0.6422116160,0.5226815646,0.7495661783,0.9484695312,0.3097196940,0.2009010860,0.0669750456,0.9726134636,0.5779573230,0.6749720354,0.7968820249,0.8116321254,0.6579409554,0.8068462843,0.1134094110
0.5713860522,0.0313942439,0.8760590887,0.3809711796,0.2180605369,0.3633566430,0.8847342554,0.6438668917,0.3465201565,0.4320553936,0.8516978175,0.2484382049,0.6632469139,0.3825892233,0.7624300688,0.4598797792,0.5280205867,0.8229109486,0.4420634981
-0.6112436873,0.8900027632,0.1464604946,0.2565814208,0.6145667122,0.4879192448,0.7071772163,0.6603467097,0.2232710176,0.7897445974,0.2576816812,0.9250675576,0.2823777177,0.3471765697,0.7514876130,0.4410165644,0.5347949755,0.8652897893,0.8901813880
-0.2294424482,0.8543776519,0.4334910676,0.5414023449,0.2914065099,0.5211350453,0.0692256201,0.8163020899,0.8810134740,0.1436419107,0.1600962523,0.5185204885,0.5510343949,0.7566374169,0.6175520412,0.7434716098,0.0822485690,0.4116395039,0.7748553590
0.7733193025,0.1806025203,0.5763128029,0.8674191884,0.3381145178,0.5263535785,0.8846154446,0.7763865233,0.6859125367,0.2107016582,0.6707727763,0.5157669148,0.8257951464,0.7026388671,0.7103946034,0.2304008457,0.0794127826,0.4667363815,0.4530948420
-0.0727332110,0.8114236161,0.0935400772,0.3269466457,0.6578032333,0.5058172262,0.3493212503,0.1996859457,0.3508845509,0.4436553119,0.3580857394,0.4075187591,0.9453907710,0.2985418789,0.6089120726,0.5879532638,0.0575044908,0.2121887422,0.7249741010
1.7896302484,0.3920861410,0.0046360814,0.7583793249,0.4534213558,0.9662053949,0.5384965568,0.7437149638,0.3534263881,0.0094179510,0.9504567489,0.8167026580,0.4137538185,0.6552015751,0.0736021398,0.0083802088,0.9615263188,0.5540862583,0.1037219710
0.6219936801,0.1278903662,0.2912060073,0.2725553133,0.3418693354,0.6487195377,0.2561774887,0.3003151830,0.7157904167,0.3823521096,0.7906114001,0.3873690685,0.0594837646,0.1487280326,0.5824023095,0.5363300865,0.1271584618,0.5657700180,0.4045129895
2.4437111242,0.5463679471,0.2058808639,0.9732970338,0.4896940311,0.2306883945,0.3056545458,0.2778092084,0.5928624416,0.9833109534,0.8721588808,0.3114081666,0.7904131349,0.0802193735,0.9900978947,0.5371698575,0.3916316731,0.6098535250,0.9228682595
0.1050166125,0.3488973628,0.0803108975,0.1220660509,0.2047323562,0.5339742542,0.1756227079,0.8948844419,0.5608416566,0.5085761391,0.3858716474,0.2500522300,0.2883382898,0.3277956836,0.3894149582,0.0050990803,0.9722078595,0.1964290303,0.4705271654
0.7104915660,0.1408082625,0.0884305964,0.8862398434,0.2371888285,0.2850987143,0.3876998845,0.4365433619,0.0099018465,0.5774999145,0.2184517084,0.7086265913,0.0083249507,0.9587906974,0.4038624840,0.0256517202,0.9461277255,0.7360346219,0.0840195536
-0.3276836994,0.8301199234,0.0714213715,0.3538462612,0.9613030550,0.0895303846,0.2319883885,0.0537211598,0.8629591538,0.2809886368,0.7578496041,0.2117640857,0.9122667434,0.8593746965,0.8932967572,0.0590592227,0.0937380074,0.0733827386,0.4379042110
-0.4563402424,0.8948761382,0.2229841601,0.5603438117,0.6803186221,0.5961278046,0.1544463562,0.3909019355,0.4104039554,0.3088033752,0.7682080981,0.5125973558,0.4439825223,0.4028989487,0.0451803476,0.6721116175,0.8868251208,0.5129175659,0.0138682502
0.6864381465,0.2615893617,0.0123650120,0.0590016605,0.4167754600,0.6197896202,0.7265459001,0.9544115275,0.8956395370,0.4903073108,0.2744498170,0.6236313700,0.5887775885,0.6477536578,0.7347552809,0.0477940896,0.5470105897,0.1077152927,0.4263527726
-0.4825115923,0.9168596676,0.7923492605,0.2597513881,0.0049469173,0.5607945628,0.9296910922,0.8970193051,0.3519141446,0.9468258428,0.7251472520,0.9000752343,0.7399431205,0.3954211618,0.9568914127,0.5931500221,0.7073918109,0.8181383117,0.7176796860
2.0417891562,0.6762838132,0.3937620887,0.6595379349,0.8778955281,0.1428291806,0.7670528737,0.5598975288,0.4907385115,0.9995355223,0.4271199304,0.9505156121,0.3687027189,0.6581657481,0.0474418563,0.1933947904,0.8476883577,0.2774876542,0.2722875568
0.6537416246,0.3400097365,0.2248824292,0.2681341827,0.0557461787,0.5507729019,0.6007091859,0.7614465363,0.4593977834,0.0285441058,0.2069859686,0.3143257598,0.8891116454,0.4411115863,0.5797811686,0.4024015302,0.6908543160,0.1561390922,0.5075136544
2.1036027372,0.6183631302,0.8678673807,0.2396189846,0.7290787109,0.2279190951,0.5244213648,0.6120121876,0.2112185848,0.2787020361,0.9372548521,0.8365938261,0.8281312567,0.8829983382,0.6840634174,0.7814449989,0.5565911489,0.4604329646,0.0770232021
-0.1090176529,0.9566068155,0.6153934974,0.3862844610,0.8701631233,0.3892855401,0.7062205614,0.5178637934,0.0826633695,0.2903585497,0.2621202792,0.8542192283,0.2520893369,0.9227471589,0.2431385250,0.6396295219,0.1195237901,0.2085507093,0.5902334159
0.4820876755,0.3126213977,0.2488173537,0.0144366268,0.6420012390,0.5747277652,0.2398226648,0.1950160824,0.8476775621,0.1565664141,0.4431081709,0.2914932296,0.7087177343,0.7736478907,0.4963224895,0.0447141238,0.1998344916,0.6346299341,0.7213587447
1.0495839162,0.8453356094,0.3686434713,0.8381344332,0.8718357340,0.2139320463,0.9184548656,0.9171985206,0.9028267676,0.8712330256,0.0328746026,0.0217916319,0.9193851410,0.2436551071,0.9346132222,0.1917094967,0.8772306950,0.9060399230,0.5352178544
1.0103140373,0.4729659206,0.7003624397,0.2072160590,0.8945634901,0.8125227176,0.3855692932,0.6368658912,0.9370744998,0.0406776168,0.1779571921,0.0251855613,0.3170166632,0.2689675210,0.1090167230,0.7151137961,0.4213627279,0.8758460596,0.1893956802
1.2334023103,0.4872765666,0.3869006752,0.4210459309,0.3889307909,0.0555728189,0.3477966093,0.1465025115,0.6397904563,0.6354705619,0.8188750222,0.3304296618,0.7170774017,0.4575350913,0.5365907690,0.1840796031,0.1032689765,0.0475127705,0.9471941524
0.1893959512,0.3489218587,0.8399368591,0.0129365248,0.2832570315,0.3521342627,0.8200362479,0.1165837369,0.1017515681,0.0922178490,0.8308464010,0.9901451622,0.8752820293,0.8956421848,0.3036547384,0.9959387898,0.0453284115,0.3882593030,0.4473679787
1.5911399067,0.3921105081,0.5266325570,0.5985507596,0.6356889365,0.1378187894,0.1666813546,0.2653430578,0.0344749423,0.4588075763,0.4755233209,0.3225350452,0.3431912057,0.2662085485,0.0022318656,0.5220333796,0.8025903757,0.2711856694,0.4378597016
0.3835961634,0.9340854934,0.5260964187,0.8339079370,0.7317308603,0.8319979199,0.0318193397,0.5348390867,0.5479083620,0.5779848299,0.5998029737,0.3732927585,0.3730977571,0.5122023578,0.8455558078,0.0530627585,0.9663942356,0.3230647735,0.7768404803
1.4469343745,0.3059531071,0.9809807445,0.6955471040,0.3927120031,0.8464850303,0.5546046428,0.3380073734,0.7876977440,0.6723306323,0.2227627970,0.9298603034,0.3762908751,0.5621453123,0.8199595937,0.7462759790,0.2385513033,0.2987065943,0.8864075723
1.2921898984,0.2685640781,0.5435787776,0.6381138934,0.8252817471,0.5938659173,0.2864231882,0.2736764014,0.1723967303,0.5758576092,0.5950561808,0.4910114977,0.2610879706,0.6257483093,0.3701254865,0.9112772970,0.5763319636,0.6366656888,0.5346919953
0.0172704200,0.9294264402,0.5496137661,0.7301529800,0.1251734967,0.8473601981,0.5917150957,0.4814690635,0.6362436702,0.2800727274,0.1745270858,0.2332624229,0.8401958127,0.3528861008,0.2455095367,0.9252650717,0.5821550984,0.6490727462,0.6397828512
0.5108147884,0.0883099233,0.6557730981,0.5690034761,0.7730351887,0.6634854907,0.0077507987,0.1983161375,0.4962392793,0.6326840068,0.3399305082,0.9174350383,0.5334555709,0.6264815792,0.6899969467,0.8319087012,0.8942160573,0.9861486521,0.8500022223
1.1246615278,0.7462589754,0.6938712717,0.5949341959,0.9080437869,0.9504049963,0.0311768329,0.1140921771,0.4026185222,0.9570528768,0.6379960627,0.8675370166,0.1103944878,0.2627617468,0.1531913096,0.3055226887,0.8531522836,0.0267030202,0.2290952792
2.1686330128,0.5622193301,0.8557419432,0.8946278893,0.0092433188,0.7811016018,0.9265652487,0.5622057883,0.7831442235,0.7659540061,0.1459506995,0.2969490361,0.1178530564,0.8637079389,0.9455055537,0.2531446296,0.3990686417,0.6720866999,0.0415041645
0.9528562902,0.2918756483,0.3644150683,0.0256533325,0.1930477731,0.5345172674,0.4421473184,0.8378302113,0.1314324218,0.7354071646,0.5112048234,0.0924390209,0.2267140522,0.6296146565,0.0957436258,0.2795417831,0.9733105485,0.3018676465,0.4552737555
1.9543341140,0.5863052797,0.4140755418,0.2722188896,0.4091737128,0.6658579579,0.0955417922,0.7844091246,0.0765222174,0.6441722778,0.8833481129,0.1289527018,0.0298687592,0.2048947087,0.6408328132,0.1808121313,0.8201834047,0.4300320368,0.4030950106
1.2569106710,0.2963414592,0.2259021227,0.5160735801,0.3927703638,0.5574414355,0.9317677215,0.0166456136,0.2171034956,0.2663553556,0.6672386751,0.0326969968,0.0528990514,0.2551609717,0.4004203999,0.2119316292,0.2938187362,0.0787948739,0.9433507087
2.1116253183,0.5414715635,0.5753634005,0.7995454990,0.0931029078,0.6547534172,0.0794146516,0.8566157470,0.5761416108,0.2485944703,0.9449543623,0.2209978016,0.9393013684,0.6919525918,0.7958266243,0.9653583603,0.4123026397,0.8866952798,0.9281929854
0.8178829707,0.3848454811,0.3814852012,0.2261033092,0.4512063353,0.7275795850,0.6085380736,0.4863727043,0.0992001522,0.1981590967,0.9644168161,0.5318470993,0.7227990698,0.0253477386,0.8361748051,0.0866360165,0.6984086667,0.2560397413,0.9316452548
0.9001445035,0.8789122987,0.8070357705,0.8816924579,0.3841954751,0.5732645674,0.9212594952,0.1219226628,0.1050816764,0.1810803963,0.1967952744,0.1558441200,0.3258888685,0.0826119518,0.6297133894,0.8309684223,0.3777742463,0.2574396649,0.1977898999
-0.7385919192,0.8918495817,0.9668815628,0.3496921820,0.0808981174,0.9611652010,0.4275415491,0.2354214611,0.3168608682,0.1692049191,0.6419388612,0.4184693955,0.5280911617,0.3513551296,0.4262026377,0.3812102759,0.2961133582,0.6762625070,0.1551464708
-0.1914044095,0.8341696524,0.9295580837,0.5872527527,0.3675624971,0.6600558432,0.4595966806,0.9649130272,0.1695463047,0.1510674493,0.9613679169,0.4748798241,0.4746668826,0.2950117602,0.5169104664,0.0720528321,0.3808891719,0.4270046994,0.5032999651
2.0428021480,0.6290132994,0.2028511538,0.5888506416,0.1309682081,0.1084346946,0.8895205368,0.9613793514,0.2385724597,0.0140973000,0.8727155036,0.4504576965,0.5634582130,0.9041596395,0.9261505603,0.2795763264,0.4578608800,0.4340082728,0.5262493167
1.4691048583,0.7079640081,0.4776501077,0.5044681930,0.6576080047,0.5932401920,0.0796260963,0.2646024124,0.5305111590,0.8788626341,0.6590240887,0.1107042524,0.8797781394,0.7203467778,0.5073786180,0.9104445074,0.2996315950,0.0283792138,0.6830482683
-0.4077544967,0.9119724455,0.3333292456,0.0681131236,0.7194937400,0.3050110261,0.6838098364,0.9291722105,0.4568573748,0.9099645666,0.4095021685,0.0373207458,0.1882964098,0.1089465938,0.0419078384,0.3607837553,0.5013013614,0.3231346143,0.8420850771
1.1326203838,0.2302739019,0.5537378032,0.5750604960,0.7212555252,0.5084520982,0.0407984244,0.9963234617,0.4099477549,0.2391513091,0.3320368965,0.6211242563,0.6968240972,0.9905211696,0.1048201169,0.0487338825,0.0033990346,0.7616232469,0.1134691235
1.6125959577,0.6976530772,0.8575996330,0.1595166608,0.1893900616,0.8516168202,0.7830370595,0.8054071124,0.8448253958,0.6870711204,0.9216261051,0.7166864156,0.9219043285,0.5044434622,0.4687238984,0.6445609102,0.6093712741,0.4788893712,0.9567967779
1.8821565406,0.5599466153,0.3956872992,0.3123772629,0.0771737441,0.3213854547,0.8660433115,0.0422345717,0.1445336861,0.9522363944,0.1100072672,0.8075833975,0.6328984433,0.5142332508,0.9139435920,0.7104489708,0.1284572595,0.3921399097,0.0249783525
0.2615278639,0.4187761073,0.8956274323,0.0379477727,0.2797075845,0.9586006070,0.8772599311,0.8865504582,0.4950571142,0.0390911020,0.2642398516,0.8928132631,0.3420600791,0.7595630400,0.0866912837,0.3603366539,0.8529682276,0.6117987564,0.4343026664
0.6684309907,0.3822785214,0.9223507759,0.3078170416,0.8273670547,0.1415707532,0.6207142348,0.5304221008,0.7705346608,0.5108929177,0.9614825262,0.6953364637,0.4938835386,0.4871166916,0.9644116416,0.4072407143,0.1052108347,0.1181232494,0.4225489743
1.4889075411,0.3217325267,0.0037254439,0.6240835262,0.6318320093,0.1648851101,0.8009202149,0.7778146833,0.9965076533,0.6432965978,0.7350665553,0.9669283458,0.5434886990,0.6820857607,0.1311009794,0.5172218588,0.2261982171,0.5468796797,0.4434197279
1.6504258770,0.3473204152,0.3612561331,0.8297665576,0.1736507105,0.0887948882,0.0663941222,0.4431033782,0.4145175857,0.9310492298,0.0918272030,0.9053946912,0.7638074990,0.5783734321,0.8755689208,0.7843528487,0.6907455723,0.0723910778,0.0228283282
2.0909974723,0.5777040640,0.7557978700,0.6069193502,0.4660622740,0.7364821008,0.9703468453,0.4220348345,0.5762080344,0.6941092830,0.6900440156,0.7116887054,0.7104288567,0.7640703744,0.4778236693,0.9361764873,0.8827680591,0.2045567470,0.2397978001
-0.2493233031,0.8284424321,0.8843373097,0.3129398163,0.8071905361,0.4991045150,0.6009312776,0.2474659454,0.4803505421,0.9514036523,0.7981517397,0.8270642652,0.1540627034,0.0259278367,0.0949423787,0.9390573462,0.7257632571,0.1059642710,0.0192923960
0.1200057345,0.0082714066,0.3830779715,0.5285005269,0.6983943260,0.9441382425,0.5694584549,0.3299091168,0.8893146656,0.1151750798,0.1704616342,0.7564895429,0.7107254007,0.8806846133,0.4966207442,0.5620643266,0.3339736820,0.9411132783,0.4705991218
-0.4671988322,0.8865082245,0.8536273147,0.5083835623,0.3761605386,0.7139051008,0.8659928029,0.4321504322,0.9435668789,0.6286387158,0.9100091427,0.3314304633,0.1174308998,0.8775393378,0.5475679756,0.8094573002,0.4820477753,0.3851694712,0.5169553355
1.5798530271,0.6978667219,0.1127450812,0.1601842185,0.9483965513,0.0846821024,0.9364916090,0.6106752113,0.2109521587,0.0237262967,0.7458979928,0.1029344507,0.9468250124,0.2727854488,0.0652783250,0.3287035905,0.0630002224,0.2825722490,0.7448747110
0.6959027634,0.1380316973,0.3038521007,0.6889258473,0.8799282036,0.2756271622,0.8453852083,0.3880323015,0.3190641701,0.7343405838,0.5844239511,0.4457280836,0.1498404417,0.8322592229,0.0455017854,0.3189798970,0.4672365000,0.0170322091,0.0694149846
1.5093339904,0.3572121383,0.1653485938,0.6478782266,0.6785636031,0.2554569618,0.1518319390,0.6830161314,0.4357231335,0.1332828520,0.0687083240,0.8386656793,0.1642062872,0.3998791817,0.9585549813,0.7812277177,0.9858715795,0.5495488012,0.9352985793
0.5670825144,0.3622014252,0.6969060610,0.0457988033,0.7910829543,0.4209390360,0.4847735696,0.8401508261,0.7329896253,0.9045647981,0.4201392698,0.5335215848,0.7703148076,0.1315544997,0.7979077491,0.7466767421,0.4233264437,0.2720005131,0.0267515223
1.3575606545,0.4027612050,0.3656092234,0.5339644240,0.4103289738,0.6848490979,0.8383434585,0.7361202560,0.3403021611,0.3901491248,0.4859993054,0.0524595881,0.5652370784,0.2266903981,0.3955405890,0.0436845500,0.6863748970,0.2478133617,0.5350459944
1.0704680598,0.2082885228,0.4492083000,0.5719099211,0.0486050159,0.9250687658,0.9180217674,0.7637682911,0.7028891051,0.0392145353,0.2962293142,0.6436503860,0.2434967575,0.3263837687,0.4252715872,0.0554388129,0.3856294052,0.9169488197,0.3408004135
0.7298027647,0.0796583011,0.6906262744,0.0735837802,0.1328377142,0.1652909891,0.7557633468,0.2240844753,0.0092547918,0.0394984893,0.5400445951,0.8982282606,0.5957984427,0.8888989347,0.8682677828,0.2620107514,0.0880620212,0.7742818382,0.9891517824
0.0484141988,0.0295530716,0.5418028749,0.8729839865,0.2055672266,0.9061763467,0.7070588786,0.0068441242,0.7072683501,0.8409638110,0.5568528698,0.8586967676,0.2931013733,0.9636126926,0.8402337574,0.7144746050,0.2028270058,0.7025038851,0.3309931836
0.4117661960,0.8212121897,0.4827977039,0.7059640014,0.6752681039,0.0496042455,0.0269275081,0.9373221472,0.6672557892,0.4426961481,0.1188214682,0.9665629041,0.5200270906,0.6244251608,0.6451621863,0.9582293230,0.0426663498,0.7511599379,0.4518562568
0.9829239247,0.1743007099,0.1161811199,0.8118926652,0.0194096843,0.7243358431,0.4500480906,0.4849588163,0.4545495786,0.9409232827,0.2002571578,0.3346265476,0.6378167662,0.9273158690,0.5540787234,0.4656095687,0.1076944128,0.6369163546,0.6012947698
0.8921684763,0.1099373738,0.7881005465,0.2958958983,0.7652935666,0.6594127980,0.3750301681,0.6506616307,0.6869401678,0.0935684343,0.8883966505,0.4637405701,0.0170392289,0.7545552685,0.6723416217,0.6146665704,0.1108434436,0.3256759779,0.0458687944
1.2290849888,0.5053170384,0.2423115527,0.1379527107,0.5376701033,0.9579281443,0.7584826455,0.0169806743,0.5919096869,0.7056082381,0.2919102659,0.9642093860,0.7471197725,0.9807242357,0.2106753756,0.8312307410,0.4948991012,0.3348711442,0.2963639036
1.9557891839,0.6651819943,0.7697727428,0.3012959081,0.9320460864,0.1383988874,0.1810306486,0.7958340305,0.0074176857,0.7842077984,0.4655551701,0.0883936311,0.4959250290,0.8157934035,0.8214290418,0.4417257851,0.0122222710,0.8460740377,0.4652536813
1.4384979394,0.4955926610,0.5931837762,0.3845657237,0.4166462925,0.1773069276,0.6097681154,0.8131269101,0.6135804068,0.7250921435,0.7190219775,0.5115534686,0.0160343071,0.2308139945,0.5415767310,0.4776308532,0.8875116170,0.6046958194,0.5265140930
1.8964115993,0.3351650883,0.0945672141,0.9085285318,0.3983925814,0.4730776273,0.1038960520,0.4160958887,0.0086589013,0.7058031399,0.6918268113,0.0339936523,0.5291903815,0.3399565701,0.2961042329,0.8863682870,0.2702747518,0.5784217092,0.2706959866
0.1820225202,0.0090166354,0.6019929359,0.4976346292,0.5717421592,0.6967380333,0.7707342762,0.1837447090,0.2927364828,0.6631265035,0.6161741973,0.4695948394,0.8918414079,0.3027129314,0.5020149828,0.2421609585,0.3994403044,0.0668874592,0.6350405087
-0.1544022403,0.0176332857,0.7485705185,0.9769709967,0.0627865761,0.1204343505,0.3613102513,0.2172748634,0.7972087029,0.0617830231,0.2716607052,0.6004128038,0.9876797037,0.1504571611,0.5121973266,0.1336375140,0.2859281090,0.0505795166,0.7987779003
1.0638532752,0.2093485799,0.3930912620,0.3993387016,0.2712151340,0.4463355881,0.3593651169,0.6352125542,0.2120738519,0.2043690022,0.3425953590,0.2191939311,0.0817610382,0.2140286045,0.6422501067,0.7817230923,0.7580444376,0.0377487020,0.7537123649
0.3840020301,0.0801644794,0.3403417926,0.8303791193,0.0195574447,0.8694217593,0.0872848943,0.6001887843,0.9239659889,0.0505664219,0.3236753371,0.0530264012,0.6992532540,0.4907837062,0.3016573475,0.0832692167,0.9111847380,0.2299202557,0.0969342045
0.9296176546,0.3345309355,0.9876763519,0.3393405709,0.6192803850,0.6896177234,0.3149298353,0.2342309047,0.8320955089,0.7311781861,0.6018752564,0.2262565092,0.4012604124,0.8622267413,0.9238078273,0.2062872278,0.4370953718,0.4092384237,0.6679350868
2.2860253791,0.4989663484,0.5244466767,0.9352747078,0.8458747768,0.4856861787,0.6702308870,0.9769644823,0.4696086332,0.4629568779,0.8539381370,0.2495402057,0.0708276374,0.0910675854,0.6544681967,0.9181669490,0.3842840809,0.8337858253,0.7955393727
2.0970521486,0.5844446910,0.3541448442,0.5976500464,0.0246517423,0.1549407317,0.7453630445,0.1577261147,0.5652348368,0.5167043127,0.6938158210,0.8487742060,0.8691915865,0.2395694913,0.6675724065,0.4526198334,0.4322264841,0.0353535307,0.7595114728
1.6460884649,0.5340524598,0.3812645417,0.2002028627,0.0070640934,0.0313876387,0.4536016845,0.8525344084,0.1524818707,0.9715143356,0.3100066782,0.2000281542,0.3948360594,0.4643633724,0.9015225166,0.8195366517,0.9871361643,0.5932972168,0.7199313548
0.2526305629,0.4162975213,0.9019125111,0.1532976071,0.2359875464,0.0694358029,0.3867258023,0.2958827292,0.4312673052,0.9201668585,0.1012132665,0.8106891147,0.0000011143,0.7683956225,0.8217438479,0.9623239353,0.1170281644,0.8450136916,0.2453638072
1.1832227396,0.2606618082,0.7308818481,0.4475552173,0.1901956851,0.4871752619,0.2380342208,0.5568456773,0.9586333334,0.0945173322,0.8510351005,0.3314730021,0.9591028105,0.3771318987,0.9117336406,0.1127656020,0.7539929938,0.6189870349,0.1407256080
0.8519220176,0.1857624526,0.7365246931,0.8488836693,0.2114456033,0.3527898603,0.4335219435,0.3700227272,0.6202609623,0.7810955981,0.5549908408,0.7562006902,0.6910313809,0.1276836399,0.9320381809,0.7828028557,0.0454782146,0.3962962962,0.2622982647
0.2203579246,0.0837392942,0.6612369794,0.8595769369,0.0983636150,0.6688099285,0.3690517076,0.2014800887,0.1810885390,0.2804553062,0.0302163355,0.1534688759,0.3847134493,0.4493236549,0.7150556565,0.7963594797,0.3030248943,0.9098297185,0.0364351585
0.0434486861,0.0315397534,0.1253888338,0.0823491005,0.2832601745,0.6639102416,0.5700320523,0.6510453558,0.6521856184,0.8533624033,0.3797670197,0.8859179318,0.1343515590,0.4660008215,0.3775802830,0.5973784739,0.7515719638,0.4044272294,0.1046752200
0.1303333573,0.0301328360,0.1743655926,0.5976051862,0.1386225587,0.8541687392,0.8376191342,0.6322399600,0.8068335715,0.8450036650,0.6351032957,0.3541788777,0.3318979031,0.4017189762,0.1897478845,0.2893526567,0.6924248736,0.9394586695,0.3989689222
2.4789121369,0.6753391299,0.5884624377,0.8865852148,0.4297498960,0.0985103585,0.7604317253,0.6595403543,0.3919501538,0.0537134222,0.5447061547,0.4189391903,0.6901756257,0.3430831427,0.3674174756,0.2004090797,0.4145818516,0.4828133720,0.5611113282
1.3751146059,0.5142885497,0.2826622045,0.0658729739,0.2772185925,0.8503626259,0.1962773949,0.0264508263,0.0337129574,0.7264018434,0.0023607118,0.8136433844,0.3169583672,0.7146560138,0.7456949419,0.3521406237,0.7314102237,0.1540764444,0.2092698231
0.7349330595,0.1068120169,0.1138285068,0.1197792256,0.8098962776,0.0878726795,0.0146192640,0.3839953444,0.5324416205,0.6931668189,0.1842810351,0.7793514941,0.7593584182,0.3288077286,0.3652976337,0.2937169508,0.0930279677,0.4921120909,0.9562762157
1.0518371895,0.7380170303,0.2026953211,0.3871133482,0.1487116175,0.4010665318,0.3635732470,0.2839275860,0.2582535885,0.7254717610,0.3911016188,0.6032189030,0.9702504137,0.0344525034,0.6939982911,0.3498140507,0.3988970129,0.4443504908,0.4819860373
2.1210860746,0.4829557718,0.5652732662,0.9841187718,0.2909407101,0.0965579299,0.4276610673,0.2680616238,0.8548897008,0.4520512758,0.7916857474,0.1372695905,0.6661246746,0.0622069706,0.5441513833,0.9926668341,0.4050886850,0.5859304669,0.2964162351
-0.3751854203,0.9316578925,0.3629949487,0.4802650818,0.0486561104,0.2447259761,0.6148900217,0.5507507507,0.3881425089,0.2317157839,0.9915393215,0.1240636242,0.1544710496,0.4962595714,0.9467228150,0.8479551922,0.2096525929,0.7819488684,0.1430053390
0.7852925578,0.1062969090,0.6528604207,0.0896527724,0.0005283361,0.6887702569,0.9459555416,0.4125982005,0.1944883741,0.8388751080,0.8555055854,0.8143639667,0.4498291989,0.1276538984,0.1108603035,0.7577511664,0.9438903875,0.0926817126,0.2467462419
1.1991828856,0.5095599730,0.0468151495,0.1407324211,0.7561734251,0.8276456893,0.7328418453,0.9342233063,0.5312227663,0.7926173106,0.4743554954,0.0947810302,0.8417664146,0.8188127253,0.3096133850,0.9291141020,0.8688508791,0.2375796491,0.0595093152
0.3937304169,0.0330342802,0.5842185576,0.3906089971,0.0505758348,0.0054126753,0.9558661398,0.7466570230,0.3689046866,0.4305814727,0.5165549344,0.8976570343,0.5426126473,0.2535590097,0.0478539178,0.7203109341,0.8651372454,0.1942589729,0.9158241822
0.0039702512,0.8209262902,0.6156814556,0.3751468771,0.2797342152,0.9195319726,0.7698610612,0.8859013369,0.3256420706,0.6978313942,0.2423635595,0.7513822044,0.7712575508,0.8999724273,0.1680840378,0.6550176412,0.1353279331,0.3541807725,0.2878858836
0.8273108579,0.2914973764,0.2442252327,0.3130435625,0.6680318899,0.8993911274,0.1064492393,0.4897422031,0.9993325566,0.1634375291,0.9540787408,0.2566799978,0.4311693031,0.9195339339,0.6479495956,0.2856972822,0.3054699357,0.3465960882,0.2803559223
0.7631413404,0.1188187914,0.5690586566,0.0008957900,0.1233662671,0.0936728689,0.1426078272,0.0807525202,0.8960945933,0.1881875113,0.4930281339,0.2888770122,0.3954637033,0.9527379994,0.5846261538,0.6050341611,0.4285567044,0.0826797948,0.7116391834
0.7956724658,0.2077928786,0.9357126730,0.9118472421,0.3804058370,0.0938718276,0.8504968591,0.2355264312,0.9658952931,0.3472401129,0.8597258557,0.7089602714,0.8997322943,0.4230292050,0.5817568141,0.4477050929,0.3264339466,0.9964370371,0.8356914963
1.2624143049,0.2521616503,0.9522225329,0.3257743825,0.7140930177,0.0902565838,0.5998556212,0.1130674667,0.3449831601,0.4402680623,0.3018467139,0.4161354841,0.0390296228,0.1525742864,0.5440372217,0.2298262917,0.4102936647,0.2571777603,0.8707954874
1.1426794205,0.1580014491,0.7274308038,0.1479412978,0.5435465412,0.7981081540,0.2683308972,0.8211538591,0.4530552736,0.3830380803,0.4235050843,0.3587765688,0.7370562367,0.5682888433,0.5048629417,0.2889328394,0.8025840087,0.1139390047,0.8206306086
1.5179066042,0.3370254407,0.8065318245,0.8457319408,0.8534999716,0.7309051093,0.6074812093,0.0950378540,0.6682494581,0.8670964057,0.9630236209,0.3599468891,0.8924159067,0.3702637581,0.0370113100,0.1165151078,0.5245610975,0.8534056490,0.7689982761
-0.3733294169,0.8879899582,0.5203658307,0.6192656844,0.0437130350,0.1347477216,0.3691817540,0.0375091018,0.5883141577,0.0802598064,0.1978511078,0.1353431622,0.7280989446,0.9595265428,0.3273080344,0.4876212519,0.5524903503,0.3735182110,0.2792158519
1.7740394105,0.6803053363,0.8409594943,0.2314637318,0.0811398074,0.3384930644,0.2837824628,0.4545720864,0.9746577091,0.7968421512,0.4224193290,0.9481838271,0.0315616221,0.1791139256,0.6868362155,0.6739703946,0.7007691057,0.7373783909,0.7179366043
0.8817115040,0.4602040331,0.1023704225,0.3852655258,0.4680170153,0.7588879917,0.6687999848,0.7719587531,0.7594098609,0.9649308182,0.7908341098,0.2505189769,0.8513471381,0.1807825655,0.0760626972,0.9999066779,0.5560536783,0.6255821558,0.8069397424
0.5133270470,0.4498755623,0.9455986825,0.1734373355,0.2072291179,0.1503523525,0.7140299774,0.3806291610,0.1803918230,0.1438758325,0.8785685206,0.1198467411,0.9379010115,0.5975502872,0.2819673683,0.5876670524,0.5678118736,0.9359684229,0.1561325759
1.2993025359,0.4819539473,0.6332048735,0.4386065900,0.9888447124,0.7796632443,0.2926494286,0.0693685189,0.9126249505,0.4672671212,0.0343525517,0.3909761833,0.3837001095,0.8338964112,0.2519061275,0.8422551968,0.5990373287,0.4969517206,0.5876312028
1.1918748137,0.4893239470,0.3795974345,0.2230539747,0.7910523698,0.1900296228,0.2104371122,0.8905772363,0.4954257629,0.7448922730,0.6914713692,0.9311446553,0.1321270586,0.9867917614,0.9973455854,0.6248035767,0.1818285921,0.6637455622,0.0012880788
1.0591629151,0.2005393485,0.5942040157,0.4911678030,0.6528751519,0.0239179669,0.1420583801,0.1438369698,0.3267413538,0.1363214684,0.3694014571,0.0927003902,0.4940086865,0.3839500769,0.6422364068,0.2530509335,0.1308821533,0.8945699872,0.6927700447
0.6764977981,0.3552288217,0.1922937584,0.3421659390,0.3236362839,0.1334393159,0.7954889859,0.9235426615,0.0098071946,0.4298012525,0.2611481133,0.3579678427,0.6878482952,0.9971516864,0.3173875586,0.1189881623,0.0186099302,0.1649344941,0.8432268811
0.8246400367,0.0828089714,0.7464943957,0.2850316251,0.2893780484,0.9478288814,0.7771230690,0.9154090520,0.4293699702,0.1804194608,0.1595881612,0.3635401775,0.1118593093,0.2601098840,0.6965246132,0.2577818519,0.0122218465,0.8476078828,0.3959891512
0.9867159844,0.7989565863,0.5410957201,0.7539208318,0.0813011200,0.4126179863,0.8198828355,0.2674018945,0.6992549713,0.5405160533,0.1198392665,0.0912611934,0.6100849494,0.8492343784,0.6839675320,0.2709275817,0.9205487204,0.8208852849,0.2803833244
2.1445948114,0.5191328085,0.2835097120,0.7834210229,0.4513552533,0.1236380428,0.8217127630,0.1383538754,0.7624320124,0.8806475221,0.8819408711,0.0205203390,0.2530796682,0.0420265905,0.8696655164,0.9731500887,0.1105549291,0.1331348273,0.5984626260
-0.0743399426,0.0191857735,0.5376220502,0.9691189114,0.8411992039,0.7557229464,0.1978970615,0.2264407483,0.0965289456,0.4976119178,0.6009284153,0.1881918018,0.4746818420,0.7770454993,0.6705377574,0.0034512357,0.5374508253,0.3317010245,0.0290206489
2.0608365995,0.5948285273,0.9092725459,0.1689095425,0.9537254546,0.0462923863,0.9484645450,0.9183128596,0.5721153907,0.9197831241,0.6864854783,0.1456543091,0.6799568148,0.8858384281,0.8844440300,0.5952401505,0.6095409753,0.6580010622,0.8627264123
0.2478122770,0.3635227466,0.2028332538,0.1391631095,0.9770739219,0.6264533700,0.3512164001,0.4605881712,0.8349822285,0.2774707134,0.5495664436,0.7567481862,0.0803527769,0.1159872713,0.7512324348,0.9877948729,0.3111828268,0.4373418014,0.1992341041
0.1849294992,0.8536694412,0.8570672256,0.7565865286,0.0524912464,0.8483907945,0.8207609559,0.4446214509,0.6752180131,0.3558637841,0.2772366021,0.2542323117,0.3303232261,0.7434587750,0.4625832719,0.7636155563,0.6221561629,0.7586785660,0.6827695396
0.3336031144,0.0782851981,0.7194987152,0.7172395117,0.3521547474,0.0035382929,0.1592404306,0.5434178632,0.2767558603,0.4849437716,0.7256206271,0.0752354786,0.6940571811,0.5176946459,0.7679663217,0.6400465878,0.9256410463,0.0625942735,0.9446092590
1.4634615563,0.5246149383,0.1385235557,0.4297115642,0.9197714690,0.3070346914,0.4532566803,0.3307804992,0.4557541010,0.4112085297,0.6813403186,0.5804032914,0.5313189690,0.2713576346,0.9404817992,0.5639655167,0.3780593292,0.2081987153,0.7664241023
0.3572407302,0.0793402007,0.1597151351,0.5336872008,0.2993090218,0.1786496305,0.2446214885,0.3216963270,0.3074393094,0.7846979487,0.8509213285,0.3225717130,0.7117084057,0.7501967560,0.3373027376,0.1841471164,0.5346480562,0.3084283854,0.6176564000
0.0259700042,0.8262855361,0.4790458416,0.5054654872,0.1187250103,0.8522926685,0.4366660441,0.6537219875,0.7898243057,0.9378833887,0.4281537540,0.4644312694,0.6433407209,0.8306764529,0.7629587917,0.1717765118,0.7677045692,0.7656814215,0.3852259346
1.3188430829,0.2242080497,0.8776563694,0.4022830948,0.5035106634,0.7513134251,0.1044077998,0.0966143402,0.6058607955,0.9483294595,0.8001890018,0.7325491093,0.0833387366,0.5862824241,0.6250414922,0.4152730994,0.4324782102,0.0764325640,0.3268486818
1.2854404845,0.5082662717,0.7447357150,0.1382228569,0.7606084267,0.5136632741,0.2495553279,0.5709942136,0.9422424630,0.2530990102,0.9266980563,0.8617671695,0.4198582518,0.6126973521,0.1009797181,0.9630154431,0.2151978045,0.7884420681,0.8835570296
0.6521798985,0.1324213180,0.4016920044,0.1148900500,0.7134001097,0.3956901792,0.3505267231,0.4803749399,0.4433284615,0.1104577719,0.8763231286,0.1660120963,0.9351443069,0.0695830326,0.8916658021,0.2189077053,0.9798347828,0.7498935406,0.1256402688
0.6946534749,0.0863024639,0.7149959907,0.3847995581,0.2513432144,0.6154664051,0.0562851112,0.1324626985,0.4456749119,0.7568563710,0.6690943052,0.1939421455,0.9307487016,0.3192731708,0.2829194731,0.4281447944,0.2553519971,0.7789577567,0.2046684603
1.6652375690,0.3856275003,0.9060020570,0.9685460229,0.5002622447,0.9071781555,0.1086497052,0.5137161444,0.7786775035,0.0174648577,0.6513925091,0.3937219740,0.7951514171,0.4343950419,0.7171589070,0.7326737834,0.3547531029,0.2133764252,0.4447102458
0.0807392655,0.0098927261,0.1881780142,0.3353312625,0.0770979886,0.7513992384,0.4805455850,0.5217914731,0.2850105586,0.1374558622,0.1702955276,0.0610014154,0.9229357716,0.4397535567,0.9179079505,0.1391450078,0.5496618900,0.4130343590,0.8557028954
-0.4378077719,0.8773824404,0.9164893500,0.6090591403,0.9471952257,0.9577792062,0.8046872546,0.5925623233,0.8616791669,0.3179770330,0.1163375040,0.4849297373,0.1638253808,0.4419741463,0.8837903383,0.1655491661,0.3662881176,0.6188949768,0.5982780225
0.8989711690,0.1869541900,0.0786879309,0.2835401820,0.1319490523,0.5187350038,0.9847545245,0.6271935515,0.7521108976,0.7238315809,0.2982568034,0.4412186101,0.8965801262,0.6140271582,0.9979592187,0.0665116668,0.6003031398,0.0788495022,0.4130004176
1.8462236626,0.6793496489,0.6982422735,0.4039757058,0.4290820913,0.7055123307,0.5837338815,0.5267571460,0.9895987863,0.1050893886,0.7472488328,0.3951444815,0.5831143762,0.0071103752,0.3216173816,0.6263400217,0.4519571779,0.2226346741,0.7910850366
0.2374693612,0.0464303851,0.0735388053,0.1553040563,0.5124814890,0.8780790511,0.0941888789,0.3240842538,0.0330761881,0.8395957273,0.9035553906,0.4333046501,0.3086093603,0.9740309504,0.0533235882,0.7920487238,0.5658500494,0.7076930078,0.2113944614
2.7693673896,0.6361786694,0.0345101834,0.9510144567,0.1014255948,0.4515091064,0.7350324253,0.8241873181,0.7108602706,0.3499877185,0.1927880604,0.3458096474,0.9591724696,0.9486865162,0.8394380168,0.0765697623,0.3736747991,0.3768027473,0.3068042650
1.8424117025,0.4057049989,0.6130869010,0.9677256819,0.4145931945,0.8701441939,0.1130257504,0.5482611514,0.9544626308,0.9706004599,0.6694346567,0.0325889735,0.5068186415,0.6812892011,0.5740263627,0.9243976486,0.1389286912,0.8825959520,0.5310365158
0.7748141169,0.1518333050,0.0550503339,0.8278849025,0.9652286117,0.1663211909,0.5324186593,0.2462793910,0.0764617732,0.7288163187,0.3722994079,0.4326658184,0.4693241718,0.7837234287,0.2214117922,0.5667494387,0.4412949439,0.7524804599,0.4452479839
-0.0086458701,0.0269075467,0.8291387849,0.8104795277,0.2160025907,0.0283135389,0.8018039308,0.8563162453,0.8571661581,0.4566973837,0.8822146418,0.7578345653,0.4800764768,0.1984610075,0.4214354888,0.5603144427,0.6685218368,0.5553489070,0.6495487346
0.8396055793,0.1799317411,0.3949009055,0.7866134473,0.8777857184,0.3883208503,0.2881186957,0.7772242915,0.9042065828,0.5639161568,0.0670891938,0.8694153914,0.2824695720,0.9761786974,0.7025240315,0.3405893331,0.3182138563,0.8026349838,0.2658365467
-0.1421619274,0.9728642536,0.9277016047,0.6819325000,0.1198967658,0.8241295932,0.5262835303,0.4873207795,0.7760245352,0.8083149122,0.7625978559,0.5776709566,0.0253037809,0.8458935932,0.8450395829,0.3331524862,0.7069760377,0.0242987233,0.5227719963
0.2439617293,0.0457858506,0.3257779145,0.4996660355,0.4111609419,0.9064270612,0.0437754264,0.2245265632,0.6108247087,0.4063584577,0.5845108863,0.3052959135,0.2882264770,0.0512550327,0.9113020025,0.0879232085,0.5567981244,0.3577950275,0.9742178871
0.5020019265,0.4190668557,0.1626089840,0.2992568636,0.6188188847,0.4211341303,0.7132322310,0.8258993931,0.3671995891,0.6979859577,0.9646135969,0.0770237429,0.4617324128,0.7025671749,0.2358462261,0.3512256814,0.8662477109,0.2025359341,0.5621984619
-0.2339900837,0.9181736383,0.5280000837,0.6791111503,0.9490180660,0.2438783504,0.5420878941,0.6355986313,0.8465540214,0.1645532471,0.0827148065,0.8726773228,0.2480492511,0.1378915360,0.5189292573,0.6207047328,0.6230503145,0.4539858088,0.8477486553
-0.0339595845,0.0101023969,0.0822638496,0.0940945757,0.4506247130,0.2896148317,0.7407054191,0.3206665903,0.4679594233,0.9620445818,0.9382324873,0.9567314723,0.8856073924,0.2298087350,0.2159930647,0.3962637980,0.7742052773,0.9430238592,0.8093599599
0.8051295423,0.0536076924,0.9447107417,0.1968968165,0.5015072840,0.2544195257,0.6646627177,0.6198369278,0.6907010286,0.7424129162,0.2140645633,0.3109590914,0.0904759486,0.3519969112,0.7447898672,0.7813637064,0.4874144611,0.5021158048,0.5207256499
0.8978346385,0.8250146179,0.0166992156,0.8008203806,0.9035273635,0.5711814459,0.3204612272,0.7975328405,0.4230101858,0.3869936595,0.3576679846,0.2752577486,0.6545267097,0.1386982748,0.4684663525,0.8474081470,0.9837179750,0.0127990999,0.2095948407
2.4971708492,0.7385848202,0.7416130742,0.9766767115,0.0324313458,0.2342755981,0.2896864866,0.8414922588,0.8714342161,0.2023072350,0.0618117010,0.8548388619,0.3488294492,0.6700846117,0.6708172902,0.1358122102,0.2499006950,0.3865358314,0.3619113548
1.8640515027,0.5614922786,0.5550445609,0.3905506312,0.5279065054,0.2759059925,0.7763950650,0.6764598455,0.9495278003,0.0772800305,0.4992032929,0.8949671106,0.7155634722,0.7551120473,0.6192806676,0.3656407489,0.1431797970,0.1367458453,0.4693385349
0.0715024061,0.3564338371,0.1424234396,0.0513405011,0.0321138794,0.8420332116,0.1163253577,0.6240046229,0.3565021519,0.4088823239,0.4109591954,0.1952339845,0.0872854340,0.8561166207,0.2885194923,0.6621223032,0.6887696140,0.8690124733,0.2957200997
0.2104054031,0.0392787417,0.0204948692,0.2835936298,0.1963755527,0.3809901429,0.4541860679,0.6923963843,0.2013514293,0.4814147501,0.2949088572,0.4714271463,0.0022149811,0.0877663992,0.8526447215,0.1770253415,0.7099499460,0.6198127077,0.1126431852
1.9840882846,0.6390083726,0.8149560646,0.1541386002,0.4018627688,0.8953001495,0.5089823106,0.2277696063,0.0443119792,0.6266989605,0.8425637266,0.1137407824,0.5324217328,0.0971229384,0.2763463519,0.3125469546,0.8999282125,0.5535207820,0.8253027633
1.4933395456,0.7052096287,0.8342463776,0.3336419433,0.8691900182,0.4131175419,0.8816631244,0.4799242920,0.1538297159,0.6386325973,0.0207609781,0.9839001550,0.5447706750,0.7569242595,0.5872444917,0.9273431632,0.5897449686,0.2302294073,0.6768489433
1.9526582807,0.3695460317,0.0897695560,0.9008490134,0.6292842270,0.2608656521,0.2120273496,0.9755084713,0.0146131087,0.0778892322,0.4689572666,0.1382175924,0.7736657042,0.9397163124,0.7323281006,0.8388011156,0.4116645748,0.2848599524,0.0804408380
1.5318316199,0.5142797214,0.8584737742,0.4264012659,0.8418560381,0.1607338059,0.5557261491,0.8966538689,0.0774714240,0.5416717170,0.4866336372,0.1221660549,0.3573470425,0.4953726343,0.9009532967,0.4868616214,0.0977903413,0.6405324766,0.6462079000
0.7279049787,0.0892756895,0.6519960076,0.2768985209,0.2595707949,0.0655204588,0.5368706580,0.5999803784,0.6218742073,0.0981784129,0.8081907375,0.2453120353,0.8128909577,0.7707664501,0.7764031115,0.9336554623,0.4123579324,0.1232051228,0.3430866854
0.9062265603,0.4823477483,0.8198726770,0.2362716281,0.1815035228,0.8641499069,0.9046144706,0.6510190468,0.4014903263,0.5402962605,0.4371204878,0.0424915244,0.2616596165,0.8887870017,0.0813732906,0.2610570767,0.3895793261,0.0353739143,0.8541145409
-0.0001911730,0.0137242588,0.1012792995,0.0709203627,0.6360163661,0.5923474122,0.2976398129,0.2807078689,0.7813079205,0.7235700518,0.2720754037,0.1094426634,0.0888764275,0.1440104585,0.4459313509,0.2013041382,0.1133320370,0.7391862929,0.1737142727
1.7967661329,0.4355647663,0.7451763431,0.7189498624,0.3428906790,0.2000897833,0.6376773595,0.6084519934,0.1454627955,0.2953137636,0.4890438482,0.3377375051,0.9058289167,0.6356672917,0.6979611305,0.2001701253,0.1492994283,0.2777081412,0.0891343960
0.6686662401,0.3909172047,0.7139001532,0.2750006560,0.2526109628,0.2573462500,0.8920427821,0.0322880608,0.2128565564,0.1719600041,0.6279812706,0.3270564714,0.5010961149,0.0519102409,0.2478208411,0.9266564686,0.3900958495,0.4355348623,0.3453267387
-0.2583376173,0.8567499944,0.2268401503,0.5706282304,0.1543159853,0.0290777226,0.0714160094,0.8566540652,0.3006993836,0.5792552598,0.1987952623,0.8825520000,0.9965650890,0.9341042880,0.1162601032,0.7543748089,0.9149929913,0.2776385430,0.1298099282
1.5145754102,0.7038429513,0.1837305124,0.0634027170,0.5545682745,0.4475342737,0.4971717857,0.0929060294,0.9578327982,0.7675444401,0.1097741362,0.4072163158,0.1284878106,0.0305515040,0.5570173657,0.6320325263,0.0738826705,0.7106381958,0.8516397097
1.8850269133,0.4654761734,0.7677249132,0.8310265042,0.6207019557,0.5447754507,0.9619750352,0.2806854231,0.3295507156,0.6207163891,0.7187726658,0.4983456257,0.4525708774,0.8871493611,0.1771845581,0.8784694476,0.3636482960,0.3199426687,0.4838061104
1.3928767983,0.3156153178,0.4628649067,0.5162390393,0.1540320564,0.7501626301,0.9274775342,0.6029355898,0.9048987505,0.7554969195,0.6738381040,0.2843369855,0.4782534824,0.6018514045,0.4400857313,0.6760932271,0.5314467899,0.5440580521,0.3199246981
0.6072346025,0.2912009852,0.9453652357,0.1579831899,0.3052198651,0.8448647059,0.0669149602,0.8965220451,0.5741992170,0.6577009260,0.2976211867,0.1516652660,0.4412326732,0.9322587533,0.1069813048,0.8498465073,0.6237620291,0.7372792858,0.3783924165
2.0560623765,0.5857159018,0.6301512534,0.4351803807,0.1190563239,0.3115529851,0.3501136394,0.2426762607,0.4477863093,0.8366359548,0.3773315713,0.1802419846,0.5941914506,0.2575789029,0.1222961810,0.0899774859,0.2736316378,0.3863678194,0.7303851471
0.9337278559,0.2032200652,0.2244610483,0.8323835070,0.5394965892,0.6224585278,0.6346491884,0.1977193769,0.9723217554,0.3498043997,0.2854261224,0.3250993526,0.8410889295,0.9146514337,0.6176977911,0.2447104878,0.0974362351,0.4497781663,0.1273478168
1.0805429123,0.2079510807,0.3550075040,0.8702224490,0.6362616614,0.1303664742,0.2543276759,0.6042773174,0.5231754072,0.5687010947,0.1049171413,0.2716162584,0.0064724537,0.6554358780,0.6502790359,0.7621428275,0.1781833329,0.0512000944,0.8006019897
1.8129254275,0.6672689510,0.9080320646,0.4691258816,0.8510994772,0.5122748255,0.6179735129,0.1963510055,0.1562371977,0.2069518521,0.0623316188,0.8441598635,0.3019422230,0.2954080571,0.6628425530,0.0215809378,0.3199062710,0.6249752613,0.2267993827
0.3315898250,0.9837624577,0.3275383945,0.8087189089,0.5685646947,0.3901959732,0.7262025966,0.3316757265,0.2537956169,0.1985577346,0.5908826599,0.0307659514,0.8840865065,0.0608807412,0.4615747963,0.5715500392,0.1886713264,0.3462932492,0.4649737096
-0.4114795787,0.9003692008,0.7534694538,0.5187440599,0.6871180385,0.7758061976,0.0405776704,0.7770258088,0.7080619309,0.7550507514,0.2936624178,0.5316114934,0.1692098440,0.5204538642,0.4359122916,0.1404034651,0.4217023436,0.0570457508,0.9575157628
2.2329006804,0.8228299529,0.7520263064,0.9919892484,0.4292214768,0.2198010475,0.4078887395,0.0598473476,0.7109513975,0.3147261787,0.2527622454,0.2419477897,0.3061613505,0.1925619977,0.1957078740,0.2483250060,0.0257062643,0.4898675434,0.3678196187
1.2238626750,0.2474274273,0.1436282636,0.8404099371,0.7472904153,0.4004107262,0.0392409043,0.2635542026,0.8150000490,0.4961796315,0.9081093807,0.5382685071,0.0842023164,0.3485353385,0.7521559791,0.8972347884,0.5137392351,0.9803170211,0.5845080136
1.0349014415,0.2014886634,0.8606069255,0.6830786917,0.0660828615,0.6247287103,0.2584324576,0.4241520290,0.0798197852,0.4432683975,0.6457850630,0.9845017748,0.9062279046,0.1989335333,0.9675638919,0.7450570394,0.8152581445,0.5736073976,0.6092806924
2.2399360249,0.5159205264,0.3856678197,0.8736506059,0.7001611265,0.2814493744,0.7574423458,0.0024359353,0.0862309405,0.2610110338,0.7373101562,0.4883960054,0.9676882759,0.2114270639,0.5161971391,0.5220976212,0.7319740040,0.3232404452,0.0103697657
2.1665751978,0.4199359427,0.0675213254,0.9504216058,0.9441005680,0.6759873620,0.7494065600,0.1765995445,0.5533091468,0.2235252822,0.8014898602,0.6505476272,0.7448209281,0.0314483303,0.9945455544,0.6769784980,0.8605055883,0.8817405048,0.7019059385
1.3543068899,0.5214591636,0.2536875406,0.1308794118,0.2943693019,0.3231799417,0.5313398158,0.2540576643,0.7921329565,0.9817236360,0.3220003795,0.2623700777,0.9331349135,0.0031741816,0.1480993415,0.1260354918,0.4715302221,0.9629686618,0.7414661446
0.3708960826,0.0515464230,0.5945016324,0.6037920671,0.7672871194,0.9689282201,0.3082937523,0.0356197636,0.7703360583,0.2037507953,0.8234970748,0.8643182568,0.2077517077,0.4718826341,0.2597195810,0.7649491642,0.0410686355,0.7327799443,0.6498448931
1.2812860792,0.5005159792,0.4095168979,0.2427632870,0.4094539792,0.9270960652,0.6310110255,0.2430359032,0.0838194570,0.6130476036,0.3391573110,0.5477848115,0.3603184043,0.8493913497,0.9963201121,0.3873605332,0.9494803814,0.4858570044,0.2477696863
0.0929378251,0.7933482648,0.1062308734,0.2508399626,0.2686653513,0.7624746184,0.7254292479,0.7878563826,0.6161808752,0.5564772791,0.4905637634,0.5687770044,0.5395718967,0.3977597620,0.5609876745,0.6013694377,0.8597722465,0.8440006418,0.7462820306
1.1259960272,0.7482834422,0.9325404675,0.6638643149,0.3181504201,0.2146306836,0.1023610281,0.6120712354,0.8887021026,0.1668409986,0.7764399581,0.2924342700,0.6629839766,0.6115910181,0.1353947838,0.3788457782,0.9114247522,0.9943777698,0.3916058401
0.1525418211,0.9980015126,0.7647920553,0.5635253251,0.3123034665,0.4043533002,0.1589997637,0.4734508724,0.9070506483,0.1392370151,0.6241814328,0.7194244054,0.3508049357,0.4831705852,0.4814472679,0.4105123612,0.8037493290,0.6856234012,0.6440813898
0.0085552416,0.9134523110,0.8529853308,0.7805316531,0.7130370623,0.2691588083,0.1913173558,0.0708585958,0.9661922816,0.8206708593,0.3359324452,0.6499109393,0.3372834171,0.8517967858,0.2475644475,0.6703872295,0.4281435359,0.0204390584,0.1373566449
0.6251303213,0.0530774375,0.7550210150,0.0835433440,0.4306904646,0.3630443710,0.4907407341,0.1474722641,0.2388973137,0.6280143621,0.9885620694,0.4347775360,0.8912229693,0.4976037260,0.5030102285,0.0447217878,0.7699931142,0.0898890727,0.6229632773
0.6655771560,0.3072195662,0.9724890256,0.2199894994,0.4199984734,0.7744957506,0.5435119269,0.1444947493,0.5230824425,0.1820971900,0.7028514118,0.5567795432,0.2209397744,0.4110609366,0.0882059209,0.6170968298,0.9923937654,0.1500910690,0.8827696939
1.9039011904,0.6864238991,0.8579774423,0.6658947767,0.1508870697,0.6200605215,0.0843076572,0.8365659380,0.2504866346,0.3769565524,0.2501834424,0.6042393834,0.6267953402,0.0441582689,0.9108875997,0.2648003933,0.1756278755,0.8056194220,0.1894006504
1.5000737442,0.3506627825,0.7071708439,0.6326963267,0.8479908163,0.4954277118,0.3485368239,0.0766212728,0.2491244689,0.8185072503,0.3224380559,0.2270819957,0.1254066090,0.0964434145,0.4623867235,0.2556068665,0.5751278727,0.3096133287,0.1863630537
-0.1552082911,0.9516366990,0.0440557515,0.7099261357,0.9830242403,0.3964697814,0.8950207271,0.3364831257,0.1550806315,0.4596961748,0.1537491021,0.3786872416,0.8416361969,0.8603592257,0.1428312624,0.2210182769,0.2892470147,0.8181086013,0.8968077787
0.7230104628,0.1527874591,0.2444640262,0.5368385879,0.8427047839,0.4378452745,0.8130359163,0.6768212634,0.8857628500,0.0172325497,0.6746220857,0.1433140308,0.4737712258,0.0615278336,0.5911981374,0.8736844681,0.7351918399,0.6089691405,0.6936618784
1.0175506176,0.2636623942,0.9545310239,0.9999628277,0.0841263352,0.0840873733,0.3650583941,0.6257245161,0.2970852251,0.2017120441,0.3465461233,0.9141434080,0.0509929017,0.5284298862,0.1968908549,0.5887202272,0.8036499523,0.7274985050,0.0471108055
1.7542429440,0.5511661718,0.6405948805,0.3444192239,0.1372358416,0.0508997565,0.4224414270,0.3881477999,0.4977107225,0.3512053857,0.8299235575,0.1087993460,0.2741295804,0.4427176167,0.2652897862,0.9401473265,0.5649653788,0.2899431975,0.2280999553
0.6434677069,0.9886003673,0.2113624415,0.8920903568,0.6745099544,0.8979645463,0.9485741045,0.8586486634,0.2823658888,0.1755416886,0.9315655834,0.6796718471,0.5378158987,0.8264781121,0.2091949743,0.7255565698,0.8911169185,0.0854558905,0.7640390202
-0.1845634533,0.9483464274,0.1545540461,0.2767247233,0.1073760805,0.6262251325,0.8076617273,0.0419567247,0.6816608834,0.4375428473,0.2074121848,0.0412139711,0.0174958170,0.7934915588,0.8917158008,0.7650600505,0.8921220565,0.4073762734,0.7446835023
-0.3672945298,0.9353051579,0.5818111215,0.1025598654,0.9778312366,0.0444370154,0.8233942143,0.4192106844,0.7660872077,0.9482574401,0.2130079586,0.9957220392,0.4038102188,0.8514345805,0.6243237184,0.2614190035,0.5925311599,0.1308211807,0.8113093132
1.0310054416,0.2161409465,0.6799131555,0.7352258327,0.4761377078,0.9895543894,0.6753466809,0.3390368213,0.5733430645,0.7165136685,0.9507532194,0.8082344711,0.7432899940,0.2369750031,0.4115515273,0.4467923878,0.2098714343,0.2781285707,0.8241598585
0.8844082903,0.1729916602,0.1032901573,0.2063406732,0.8284919293,0.0699800916,0.5289352334,0.5402491535,0.6154199542,0.8312488413,0.1543734586,0.3480127168,0.7602486365,0.7164077231,0.2997998758,0.7525124900,0.9311717893,0.5123227500,0.0671670420
1.3126640818,0.2445576227,0.2730680199,0.9538485082,0.1647209602,0.0684997080,0.1915591066,0.5992277687,0.9413090519,0.8488762831,0.9858532013,0.8119484817,0.5704651900,0.5792573948,0.3077269228,0.7276729002,0.4894921576,0.8167647367,0.0288399086
0.9385189766,0.2095626854,0.2432586238,0.2514176898,0.6469123561,0.7117872719,0.6551769919,0.7896213038,0.5697143901,0.4991631886,0.3182128956,0.8067210655,0.9531807058,0.6072452141,0.3547399101,0.2297624656,0.7969929336,0.6272471899,0.6365359620
2.2844942698,0.6177292248,0.3839758880,0.7736475081,0.9485111682,0.1798515111,0.8180778508,0.0641910031,0.0360160795,0.2807070948,0.6333503635,0.3127759608,0.9299868487,0.8442060631,0.8565506133,0.1141121077,0.5157959768,0.0441810373,0.1531302333
2.2483020490,0.5620342227,0.2147328544,0.8037491584,0.0775496696,0.7006234309,0.4364895025,0.4504215208,0.9344626757,0.5990758096,0.3952999962,0.8530607579,0.6529290699,0.3911804229,0.9059595417,0.1158928314,0.6483809718,0.5969009800,0.7883136961
1.2497942668,0.2690967324,0.8960590833,0.6905001299,0.1387040734,0.0900686479,0.0569009416,0.3994824420,0.2212248361,0.9878563981,0.9191309865,0.5384705675,0.6689000743,0.2897563295,0.1372781683,0.2752042044,0.2283188754,0.4699661219,0.9527449849
0.0730703093,0.8095018314,0.2220959529,0.0276541028,0.7404407080,0.4716050273,0.4559906724,0.2155845461,0.6110367518,0.2727301239,0.9580232651,0.8166020602,0.8304145997,0.8659864262,0.1501567264,0.5602655037,0.7858397936,0.3456809501,0.8196918188
1.2055372866,0.2471073443,0.3037297343,0.6540428535,0.2644212535,0.9076677757,0.1495473202,0.1855525618,0.2774771464,0.7182595702,0.0636153742,0.6595885978,0.4368368895,0.0116004173,0.4824495782,0.6803170694,0.2841587134,0.1197494285,0.7501778511
1.6733952947,0.3440439220,0.1657898358,0.8439942239,0.0793200628,0.3979507139,0.0424638488,0.0707929348,0.5789865162,0.3140446822,0.9214354293,0.9312062975,0.9517817952,0.4640513512,0.5215382795,0.1810882356,0.8731119570,0.3560152948,0.2773546862
-0.5422299708,0.9109121189,0.9459550524,0.0810883121,0.1903019891,0.3046536052,0.4561675381,0.0422142193,0.2381927295,0.7489955720,0.7810510834,0.8397831565,0.2100851809,0.9896201780,0.8175356400,0.9694029158,0.3363387426,0.9379150407,0.4638374348
1.4348185931,0.2783503390,0.8860736806,0.5388616909,0.6740162451,0.8590598735,0.0440043347,0.6705518605,0.0496531977,0.9022745596,0.8009271066,0.8696652615,0.0234931899,0.9385743830,0.0050635898,0.5157890748,0.6369776327,0.0941876702,0.5812070986
0.0775284306,0.0017184994,0.2417179361,0.6834885634,0.5844371838,0.5078816261,0.5262070079,0.5440049425,0.3990798117,0.0331840822,0.6923152970,0.0495753068,0.9317123011,0.1484624420,0.8764098887,0.9742624384,0.0523311940,0.2331640683,0.6980761090
1.1644846155,0.1087869793,0.8779357322,0.1783905218,0.8635023666,0.3721308342,0.3932684680,0.1337249765,0.2902298268,0.6943192421,0.0331804189,0.3879519146,0.2586421268,0.4456036259,0.2530110993,0.7288876517,0.0611786695,0.4134049806,0.2594428623
1.9964420841,0.5891943825,0.8370588419,0.5451989771,0.3767565487,0.8727442109,0.6431245165,0.9069679450,0.6232077505,0.3228049362,0.3947326036,0.9246095654,0.1404107280,0.6453100115,0.3681909353,0.1993546487,0.8460479840,0.7241223984,0.7099764444
2.0358172546,0.6972055296,0.9857068004,0.7598653858,0.3305981560,0.2500218362,0.8979694991,0.7228625199,0.4234164579,0.6684389781,0.4440601455,0.0708992241,0.1809789125,0.8390762395,0.6541777115,0.6250264516,0.1971740607,0.3466305419,0.6817576081
-0.0609354665,0.9742537557,0.8495762595,0.5352028652,0.7142726454,0.9996419003,0.5653740534,0.3114451396,0.9617652346,0.0440968259,0.9519602215,0.1972703098,0.7117867251,0.3922928074,0.9181412159,0.1613482887,0.9952176136,0.9670712380,0.7319649898
-0.1602080961,0.9790373813,0.9055510901,0.3394386878,0.0052558468,0.6434099691,0.2720521221,0.5592922887,0.0207624730,0.5298454273,0.6631630369,0.4150429019,0.1183319565,0.5570231413,0.4110557264,0.7737009564,0.6077087430,0.8950830780,0.5650480231
2.1299715451,0.5969959225,0.1444590568,0.6957916635,0.1977767481,0.0639276087,0.2726912370,0.5023479572,0.7311047756,0.0186894241,0.9982978770,0.6275807801,0.0926753975,0.2809687828,0.7785612584,0.8002816620,0.6179893590,0.8573858236,0.2352024642
-0.1422445046,0.8524172277,0.6038895436,0.6079919506,0.9170078687,0.9306334779,0.6913564335,0.6058447731,0.1160262947,0.1351338913,0.9663194301,0.4683810287,0.9250720027,0.6880422584,0.2167235984,0.6039012237,0.0398530715,0.1226071486,0.6395159266
0.5679793924,0.3589550312,0.7101177026,0.0155665772,0.2631791076,0.7692215958,0.4943308746,0.0842833786,0.2065320111,0.2376065334,0.6046178474,0.0731058095,0.2054737869,0.7477989538,0.6576423313,0.9469334718,0.0634431427,0.7873829938,0.2780661208
2.4074785514,0.5480672978,0.1470785306,0.9326048135,0.7738239216,0.2780220111,0.2972772354,0.8553808965,0.2915728229,0.2975493280,0.3968928321,0.1785965887,0.2693623169,0.7106538311,0.6300127186,0.3590237710,0.6687773106,0.2508629625,0.8249513674
0.0884852488,0.0423315497,0.3953493685,0.6110242026,0.1982370518,0.8626068169,0.7066801207,0.2367769105,0.3696733409,0.1621129702,0.4399100757,0.7314727965,0.8380899874,0.8824365523,0.1743217045,0.4350527259,0.2609169280,0.3172067462,0.7007773629
-0.3580359349,0.9418285670,0.9379239145,0.4375431283,0.5956544995,0.0561599857,0.9203036825,0.1870973243,0.5404233483,0.4194963753,0.6511868046,0.8502199805,0.6151926054,0.9696269164,0.7977388536,0.8833850806,0.0533082739,0.2662772657,0.5634682497
-0.3213340488,0.9293807026,0.3554105037,0.4004544988,0.1037650986,0.6159230777,0.0710513424,0.5034220403,0.1090282957,0.9481392973,0.8523203933,0.0317294084,0.4321528980,0.2783892183,0.2990704390,0.5504447765,0.2607572238,0.1334207038,0.4666163651
0.6158090160,0.1311546384,0.5605497481,0.7153617663,0.4248323217,0.5029806381,0.2871882813,0.2925389021,0.6321145178,0.1703470591,0.7064045955,0.6736306279,0.0834393254,0.3639141347,0.8031117033,0.2931023249,0.5629567212,0.2766439577,0.2385209010
0.4947382623,0.1118128499,0.8662942452,0.8133758679,0.2038883409,0.0006881167,0.1251746774,0.5535019255,0.5241805171,0.3502604398,0.8916616305,0.4689633364,0.6478720516,0.6133470081,0.0135994355,0.2621645703,0.1308226009,0.2617918232,0.4925146057
-0.0406748216,0.0277649119,0.2343813740,0.0426315170,0.8598681164,0.7906134015,0.0268685826,0.5854260619,0.9324339503,0.3091461950,0.3511592678,0.9332807844,0.7024112452,0.2841004581,0.6147577553,0.7568115402,0.1523677891,0.9172754146,0.9798757980
1.1234205337,0.7279435629,0.3324579241,0.0750016445,0.2194949497,0.8809065030,0.4383929263,0.5786386211,0.0157146616,0.5520334678,0.5016559419,0.4304006099,0.8159065778,0.5833204414,0.7000864311,0.4630019822,0.9126736516,0.9037807122,0.0058520380
0.8303545129,0.1581732708,0.6449933389,0.4976752214,0.2691601924,0.1601681174,0.8959831102,0.4183168482,0.0740709699,0.3805686795,0.7721411902,0.0494961251,0.6524858069,0.3577876134,0.7289598015,0.1801013986,0.9657081629,0.1221177400,0.2753999962
0.0310437374,0.9975621407,0.0696324290,0.5920918546,0.9941869108,0.1629038721,0.2992418459,0.7837137974,0.7087403324,0.9454230641,0.3452830874,0.1380798455,0.5360702584,0.6113744595,0.5701390205,0.0418559801,0.1369380132,0.3120587583,0.3680558332
1.1771440042,0.2264481825,0.8840486632,0.5948059883,0.9429989500,0.2870911626,0.0051401347,0.8757983007,0.1918488485,0.2494369234,0.2594064474,0.0417353336,0.8281852263,0.7877269771,0.5607888374,0.4289620301,0.0705824997,0.5724051454,0.0358735595
0.7406478644,0.1422587232,0.3661034011,0.5801038060,0.6131700266,0.7438310664,0.9218831743,0.4434687073,0.7524508080,0.1238723155,0.3328043487,0.9218871280,0.7356887157,0.8631444054,0.8480927910,0.6290528729,0.4285902543,0.1703581857,0.8075484253
0.8984830830,0.1628448928,0.1729944359,0.6489929414,0.7645470315,0.4213179616,0.6115540239,0.9134258163,0.3257389599,0.0625469062,0.8163543876,0.3579944437,0.1283090351,0.0287100340,0.3105725727,0.3809604837,0.8418640433,0.1250788437,0.3119762410
1.7788312977,0.7629933699,0.5023490056,0.8106598088,0.7627092064,0.7816873927,0.9630328957,0.4215109454,0.1085157603,0.2031859533,0.3607570617,0.6841214155,0.4262466174,0.0881547283,0.1944356639,0.2233728896,0.3600272650,0.4164328236,0.1163733204
-0.3406251405,0.8633002941,0.3161907808,0.0163449945,0.0455981125,0.8490427085,0.3040348311,0.7397971222,0.2972484999,0.5617165853,0.3347117417,0.3429266505,0.4151449968,0.5888053619,0.5281829016,0.8335326639,0.4204391659,0.2675318055,0.8320633797
1.3587061156,0.2923637844,0.8050167492,0.5039723267,0.5037144875,0.3519283182,0.8254465571,0.3024269336,0.1881323739,0.9003002953,0.8181606727,0.2761730964,0.6861304850,0.8188216904,0.6416622231,0.0433129286,0.4647081170,0.1735614990,0.3115481173
1.2089521975,0.4786421832,0.5621930829,0.0621417147,0.9995274603,0.2616472611,0.0655352023,0.2406079239,0.9602206225,0.1067592755,0.8118449128,0.8218577129,0.0379207113,0.2500730993,0.5518466019,0.0291929791,0.6916393574,0.2832769500,0.4173572949
0.0549520424,0.9998685012,0.8368852414,0.5111763012,0.8823583954,0.6991617960,0.1505981590,0.3381082633,0.5971716059,0.1628436437,0.8651236764,0.2775691128,0.6463367179,0.5624397490,0.1656071069,0.5616753419,0.8668884845,0.6922218632,0.6751447605
1.8239545679,0.4317873368,0.8972399718,0.8725329731,0.6290584352,0.8084490709,0.7479997677,0.4883067741,0.8351174385,0.5320704255,0.6151578372,0.7259841240,0.7441435908,0.2543196645,0.8605329274,0.1812576458,0.9013573583,0.3737023309,0.9383437961
2.0582603682,0.5526283824,0.0415616272,0.7091505178,0.9145726815,0.1501907700,0.4401310201,0.2853958940,0.7571581456,0.5368722605,0.3180123833,0.8796645200,0.4734655302,0.0446661707,0.8056934581,0.9882459839,0.2650151715,0.8175167965,0.6383120299
0.6331882411,0.7704971055,0.5063618009,0.3414659489,0.2625562045,0.5240912272,0.1210101548,0.5984805580,0.7547215804,0.2023481268,0.9252632918,0.8254808904,0.5690539465,0.4098694834,0.2267755887,0.0729039974,0.2354210485,0.3031211984,0.6218248577
1.0021960333,0.1532351641,0.8964399039,0.4720278311,0.7805844457,0.5071011387,0.3362107934,0.0129662542,0.2627202189,0.4114083923,0.4514499896,0.8809125380,0.1856952766,0.0860811151,0.5876564908,0.0527278071,0.3140103049,0.3835644430,0.2200865409
1.9699720052,0.4391534016,0.1897848685,0.7726359859,0.5054888630,0.4408076706,0.9842362856,0.0062122664,0.4687442913,0.3813668688,0.9582235315,0.8706734125,0.3500117461,0.5331287595,0.7284175979,0.4499400530,0.7942829670,0.2769631745,0.0666068396
0.2109974962,0.9999687812,0.3262943821,0.3857791346,0.0144375191,0.5582390036,0.1931663693,0.9055116099,0.4779289360,0.9350487398,0.2621305795,0.4004768343,0.1231573810,0.2089534107,0.8777517163,0.1150076692,0.4829869815,0.0531890434,0.2378698642
0.3666393967,0.0562766247,0.0653491813,0.7044022273,0.0585465951,0.4073880033,0.5033841095,0.7930460249,0.1346514301,0.3877720558,0.5570735565,0.5174455219,0.9153939737,0.3856768682,0.5790921086,0.4753139578,0.8577707303,0.1620069496,0.9357316622
0.1885901958,0.3817870597,0.1919139113,0.0936068078,0.4662274120,0.8439375819,0.5792608425,0.6442264863,0.9349933672,0.4303641086,0.4474723618,0.4648761208,0.5001038142,0.9216821095,0.2673967486,0.6589163273,0.1649196111,0.6029839303,0.0934583391
1.2249757729,0.2403461279,0.4912176739,0.2453020647,0.0452766227,0.3871505123,0.2832851323,0.4384405898,0.9016833410,0.8231949800,0.7744483275,0.9616119960,0.9134723598,0.7375841536,0.2900323840,0.8393464962,0.3444488940,0.3895434147,0.6833532406
1.8160813341,0.3906829544,0.6314688622,0.8005998092,0.1634774918,0.4472560423,0.6066523020,0.8937983072,0.4436270500,0.3852818092,0.3206855450,0.5832634320,0.0123524261,0.4374165958,0.9648025762,0.5122110394,0.0177067511,0.1088589869,0.0943212325
1.3405838655,0.4545123026,0.5423306293,0.4676999498,0.5625230172,0.2204822327,0.4758541491,0.7708124100,0.5938360668,0.4408753398,0.4959251760,0.1396693873,0.7391282654,0.3790887650,0.5588373703,0.8370379593,0.0974317910,0.2384874388,0.5565118018
2.5156187846,0.6436988679,0.6677478006,0.9769070642,0.3200806093,0.1874418412,0.7676879732,0.9749972366,0.5987004221,0.9627549855,0.9405454858,0.7908174723,0.1672101541,0.8705930635,0.0503775678,0.0247958436,0.9085649865,0.8344822389,0.9840553440
0.1846750569,0.8773619589,0.1274157524,0.7825691517,0.8829442909,0.5953751905,0.0853382044,0.5698077899,0.1666226547,0.2352574705,0.3191727575,0.1822076483,0.1517044537,0.3889489996,0.8532457611,0.6304210209,0.5282283772,0.1074077099,0.3640449949
-0.4195926908,0.8995272795,0.0800514483,0.6043221154,0.2384379374,0.0858607602,0.6553989839,0.7612461880,0.8242150278,0.9125899677,0.9663003526,0.5626815917,0.9891798081,0.7384461434,0.1922197919,0.3017056057,0.9939646194,0.2570773302,0.7648917212
0.7825388828,0.1411491360,0.1212688033,0.7553657887,0.8085125974,0.0040810088,0.6049784710,0.7234723204,0.0433899402,0.2274313680,0.1866876588,0.9161900553,0.6244804457,0.1894565615,0.7989997333,0.8172815606,0.7354282192,0.7751903708,0.4363943195
1.2564271978,0.2863158929,0.8631308882,0.3679964523,0.1125056515,0.1495758862,0.0919722163,0.6143593212,0.9894289026,0.2631287939,0.7935241412,0.9324192963,0.9033755010,0.9228977663,0.4885355788,0.9849085517,0.5235397511,0.6747522146,0.5865922934
1.7677272030,0.8765570330,0.6746627371,0.9491595998,0.5949165487,0.7517756438,0.0503168694,0.3243765854,0.3107937340,0.5910240877,0.0713463669,0.4069945138,0.3280865961,0.9209927580,0.1704814959,0.4848286878,0.2598241743,0.5222125626,0.6189931866
-0.4048339527,0.9139495875,0.7292532842,0.5860849303,0.8854129196,0.0215001233,0.5627106042,0.7068305524,0.6120617266,0.9963900424,0.2882677347,0.4423528416,0.1790001296,0.1486810288,0.5722326895,0.7383429047,0.5140681203,0.1633143435,0.4915598516
1.3183422296,0.1442934779,0.8847454319,0.0191998516,0.0481435883,0.8004074995,0.9937301857,0.9307558090,0.5259503376,0.0861098734,0.0088230356,0.7712188368,0.5207710123,0.8994533687,0.0332518791,0.7790606284,0.6192214044,0.8029240084,0.5347083880
0.7802063604,0.1264597743,0.6946103108,0.4554608817,0.5499937933,0.2656433724,0.2008349128,0.8464262163,0.1047681181,0.0546056638,0.2958633773,0.1526890169,0.0404132925,0.9885545239,0.4074294735,0.4270423444,0.5278582604,0.1064645495,0.6063854835
1.7146768621,0.6904999253,0.5081693372,0.4832997890,0.6014004705,0.7234729774,0.5363574208,0.7556512590,0.5886521495,0.8090380339,0.4634969380,0.4454760809,0.7403373895,0.9406045396,0.9222669973,0.4267989215,0.2710076582,0.1365511500,0.9074220310
0.6553022526,0.1843843849,0.9645481432,0.9272348921,0.3354343976,0.9629556346,0.4528497921,0.1570328332,0.2695861507,0.4311491900,0.6503539385,0.7035882772,0.4470977225,0.9543190868,0.1472658714,0.6775679394,0.8400012077,0.1777703057,0.3141187971
0.5787836921,0.7747484967,0.7103056415,0.2068122203,0.4173896275,0.7790862228,0.9588422416,0.4042001600,0.8062713227,0.0708433884,0.3712653690,0.8530051428,0.3958646027,0.9816806355,0.1368187407,0.3325338463,0.7723565451,0.5798104683,0.4624785012
1.5792363116,0.3153710733,0.3909133860,0.8843150150,0.3890485161,0.6419394542,0.5374537788,0.6835261344,0.7690334703,0.8332281640,0.8863783099,0.1905030857,0.5198439169,0.7086581875,0.9723641889,0.0316233487,0.3611160108,0.6936915209,0.0415588916
-0.0385677452,0.8118490567,0.8068059092,0.2509977420,0.2228232055,0.2599735913,0.1734117458,0.5658318703,0.4048833365,0.8732689293,0.4345749927,0.3338466576,0.8701125798,0.8472238579,0.6510257381,0.3989291320,0.3002890080,0.6716385372,0.5941647341
0.4031804464,0.4481683898,0.0183036583,0.1109903278,0.1774208215,0.2679536999,0.1949326823,0.1621018807,0.9851258546,0.4316845926,0.9542399783,0.6563226660,0.3541079902,0.0087884547,0.7885087939,0.3976868598,0.8722878920,0.7768352863,0.8236122753
0.4089361260,0.9915689956,0.5383593860,0.7932262620,0.4546591485,0.0396711444,0.8789268977,0.0756963174,0.0441594319,0.7213454985,0.9133010641,0.1419717838,0.0968382379,0.2626792900,0.9305236446,0.0741783555,0.5991080424,0.5104126376,0.1437826457
1.3045847581,0.3378374795,0.1513666276,0.5064246300,0.8423452169,0.4816569851,0.3574986171,0.7112988700,0.2213561927,0.1845333737,0.8412874985,0.7590803327,0.7447387168,0.2253626387,0.7785960085,0.0501812027,0.8693479100,0.1631877093,0.4257286271
0.5535152064,0.4070814383,0.7207452697,0.0082653367,0.2380754766,0.4066160883,0.4070790721,0.2383291832,0.6559786782,0.4110744026,0.5453765704,0.8871328477,0.0599168777,0.5469930042,0.5034952176,0.6931737399,0.1294457600,0.9320714268,0.9426631039
1.9802843037,0.6491317384,0.1633689773,0.0970343537,0.9846353283,0.3869613451,0.1624736225,0.3139294182,0.6770336399,0.3145864790,0.6751085945,0.0224756020,0.4360391398,0.2829149545,0.2786776067,0.8600001578,0.5764247926,0.3919368957,0.0304617114
0.0391965692,0.8056427879,0.1559436006,0.0785887644,0.6278573086,0.9821547295,0.6835903309,0.8613352521,0.3691128192,0.7624749179,0.1445593726,0.7513796801,0.3597920529,0.6132459620,0.3670935560,0.8622175132,0.7535415113,0.7124223938,0.3161627509
1.9811140372,0.4317794941,0.0768852711,0.7757722898,0.8204512440,0.7901036386,0.9214147995,0.0145035905,0.3774584771,0.6799203108,0.5988139594,0.7143932003,0.3616969998,0.0061536488,0.0160859168,0.7750675269,0.4585037465,0.6399736455,0.5721927804
1.0217391322,0.2695330853,0.3849435373,0.1685237616,0.2021605132,0.2947121185,0.9084574272,0.3899754358,0.2933085542,0.1553764135,0.8554844659,0.5566827359,0.6893795770,0.7993726673,0.5690194421,0.6710280986,0.6410991715,0.5549375510,0.4238344154
0.9865930596,0.2451631913,0.3707759723,0.2129141922,0.8238980837,0.5515312872,0.2270128602,0.1185089900,0.7425306258,0.3471705637,0.2898739790,0.5563324806,0.1950417634,0.8107238328,0.1743720868,0.2181831174,0.7351084298,0.0525217502,0.8775215965
0.4046146890,0.0742155510,0.2589265248,0.6298627359,0.5713506753,0.3244001474,0.3585967106,0.0735561633,0.5228053166,0.7868369614,0.0858725955,0.7611536415,0.6282608433,0.8255003606,0.5527781785,0.8073672150,0.9443834712,0.2705908456,0.1592565953
1.2602174493,0.2531378962,0.7197144886,0.3365607132,0.9285263896,0.2111424925,0.9331235184,0.0346939682,0.3056347040,0.4777772640,0.1461877818,0.9826591791,0.4172043387,0.2029859126,0.7729460559,0.1569817237,0.8144703878,0.3030000728,0.4722915321
0.9135768915,0.1592250342,0.0557804060,0.9884198947,0.0965355343,0.6446375349,0.1448000430,0.7463788205,0.7471956383,0.4113009723,0.6226877946,0.1845380273,0.4373552810,0.8719274398,0.9604590763,0.9034209569,0.7914331353,0.5706426306,0.4520288254
-0.4249576679,0.9007720864,0.2469064509,0.3251581238,0.6329211537,0.3665235588,0.8413656724,0.5468698332,0.1142265210,0.9125382140,0.2360517142,0.9022496210,0.3753872213,0.1655480512,0.5151186386,0.8135990573,0.7630321858,0.0313250848,0.4637685117
1.9282287567,0.5886631391,0.3021362851,0.5067654998,0.5258853420,0.6140916300,0.1984447209,0.1711665808,0.4799019787,0.6477943503,0.1731367338,0.9618414932,0.1032515991,0.5703845018,0.7589529830,0.8965830208,0.4005075811,0.3815548869,0.9357916270
-0.2652974775,0.8774492733,0.5656659774,0.6185823489,0.2110296206,0.3837229085,0.5544249456,0.4329938586,0.9830761393,0.6564419784,0.0816633565,0.7597164833,0.9430121748,0.6282670262,0.0221534619,0.8450885855,0.2098742974,0.7909361842,0.0719700925
2.3582702919,0.6171018286,0.4712359185,0.8877607967,0.0676007012,0.1019317064,0.7267984157,0.6171233314,0.8453011109,0.7925750406,0.3491466976,0.2014632021,0.4404818485,0.4458356106,0.9360175772,0.1537199150,0.9566938638,0.2008672834,0.4037311390
0.8418703982,0.1607106587,0.2655409902,0.2764698899,0.3213959669,0.0295286535,0.0305843091,0.2530935299,0.7824021258,0.0435699309,0.2478212951,0.5420032012,0.2444658287,0.7388933134,0.0208508759,0.3117349516,0.7372305409,0.4913921502,0.5585264834
-0.5582525950,0.8549435929,0.0017481419,0.1646337751,0.8500334854,0.8842744159,0.5432677667,0.9519203656,0.4891665442,0.1539176243,0.3276686844,0.5854775090,0.2493277033,0.6700821552,0.6059147753,0.9253510853,0.0737935364,0.2777684324,0.2463758865
0.8861993508,0.1779706069,0.4172358749,0.3593063153,0.8817619095,0.3682048116,0.5273672562,0.0548951702,0.7404730612,0.6849319140,0.4244778879,0.3596768680,0.6328397809,0.5431922706,0.8104253289,0.0234305699,0.7042377039,0.5032385532,0.0932211080
1.3760305052,0.3400142904,0.7134775352,0.4796226950,0.6650085227,0.7150489973,0.6895955745,0.1600202655,0.5664619362,0.1704268781,0.8362722146,0.2494913444,0.0498632980,0.7003781655,0.9063438670,0.7493834942,0.2102534336,0.1240048840,0.8850616353
0.8324801449,0.4548350712,0.0262957306,0.3856539618,0.0717063471,0.0010164196,0.5990143745,0.8335788982,0.4000137752,0.0858150836,0.7787423870,0.2255287148,0.8053599120,0.0091042177,0.2876673992,0.6401848884,0.6876513725,0.4876537574,0.4506059936
1.2745998290,0.2534273005,0.7993456341,0.7653142085,0.1222983592,0.9948191439,0.3000128272,0.5289008961,0.0294095029,0.8898175217,0.2229549899,0.2970466415,0.3839357090,0.7556296404,0.5532284402,0.0828805873,0.4786703877,0.3711031975,0.4428324340
1.5317405774,0.5206210335,0.7304833431,0.0583013540,0.7949896518,0.3902277379,0.7383899658,0.4576345843,0.6616302570,0.4570165035,0.3809986605,0.9575768566,0.9720448768,0.4422631407,0.2023788979,0.3144740235,0.0225101628,0.5052878030,0.0677244428
1.3296225972,0.4418467166,0.5536872455,0.5062426093,0.5147102128,0.7982128413,0.3402890323,0.2853720604,0.7840800173,0.2257236580,0.2131338740,0.5168757240,0.6639159821,0.7751386169,0.9920052074,0.6922477067,0.4922417258,0.2010643245,0.1502792568
0.7783435682,0.3184762068,0.8618801979,0.2626614329,0.4362863639,0.0264393797,0.4465389198,0.1007671954,0.0216264839,0.5153509172,0.0101751107,0.7398067072,0.2669583561,0.6913542111,0.3194453464,0.9416929182,0.4390180966,0.7227174473,0.2285181816
1.1316134208,0.2344361390,0.9095254306,0.1190209650,0.8056981408,0.9071562252,0.5939412523,0.2927399171,0.4260780090,0.9452820499,0.0675322708,0.8086000303,0.4310488708,0.4342503035,0.5992428193,0.1297319070,0.4951787348,0.7628060153,0.4855917744
0.4277672885,0.3934279879,0.2687138392,0.2628618052,0.0006666580,0.6074741172,0.0415016675,0.1213068178,0.6391471235,0.4042642449,0.0250215353,0.6267295756,0.9233590725,0.3993869598,0.6881958858,0.9005579246,0.0163447358,0.8945185362,0.6334610783
1.1422262866,0.3748627447,0.4366110633,0.3964314911,0.5143356225,0.1212861362,0.1054242404,0.5190906434,0.3992916776,0.1089045637,0.8656361186,0.5912453910,0.2487843306,0.7235350014,0.3946012880,0.7945247139,0.9682039909,0.6286306801,0.0881937511
1.2671372977,0.4910741450,0.5164120074,0.0219675913,0.7856957427,0.7780199833,0.5067813403,0.7122041842,0.8475045323,0.5781819111,0.5317254464,0.6280384194,0.9621667758,0.5833589960,0.9366175147,0.4736943361,0.5686895066,0.6001307412,0.0988909859
1.6861428037,0.6928947684,0.5398396690,0.0024198295,0.6088468203,0.0977383172,0.6783178753,0.5186472331,0.8379555887,0.0434296174,0.5578494969,0.6358703502,0.6977328327,0.9365727963,0.0070544526,0.3221540685,0.9731157684,0.7215250371,0.5819626158
0.3452415822,0.0149530052,0.9229118211,0.4848453251,0.4234773697,0.1732809425,0.6317690740,0.6139810917,0.2552034270,0.0853611505,0.1157209047,0.8513822831,0.8675225252,0.0126043209,0.8519738253,0.7861213787,0.8773712842,0.5030083585,0.8525138106
-0.5794357787,0.9217837676,0.9704253176,0.5616174954,0.2123303268,0.5200071505,0.8238559603,0.9006086085,0.5536540017,0.2226454364,0.2232180563,0.3586799014,0.0195933738,0.7805813758,0.6335415184,0.7904493887,0.1144899701,0.2442538022,0.3851016459
-0.2541865689,0.9545234225,0.1265434159,0.5012804372,0.9222601569,0.7964616721,0.2371348352,0.9790021735,0.6381645673,0.2789004340,0.0196844806,0.7515158593,0.2896660048,0.8761469105,0.4870824145,0.1798715439,0.7784752499,0.2886580685,0.7224549157
2.3119221719,0.6252635344,0.9966343901,0.9913179858,0.9633058503,0.0466989764,0.0606073873,0.8595822991,0.4559362604,0.1492313346,0.4990856613,0.6545486572,0.9710895330,0.8327023693,0.2774121545,0.5329330844,0.3968536479,0.8790396344,0.6674156441
0.7069000878,0.4488264775,0.7864530992,0.0025134001,0.9415990433,0.1377076327,0.9454942433,0.9232173480,0.7767323584,0.0286124738,0.9964193964,0.7062463555,0.2522993843,0.4244954650,0.6526983776,0.1032475254,0.1895912805,0.3136273733,0.4494046363
0.5928468611,0.0730671509,0.6092695781,0.1905325068,0.0552728592,0.8217744357,0.4432099384,0.9178007479,0.8760427212,0.5204005120,0.5332161980,0.8336313483,0.1300841203,0.6853844614,0.4090183484,0.2129299932,0.2991838511,0.9200803946,0.7733017710
-0.0971612966,0.8193618216,0.6517436149,0.2157863248,0.4822581731,0.5100389960,0.7403119950,0.5503669253,0.3212646620,0.8008378347,0.0977398439,0.5525856634,0.8263897768,0.6024058095,0.5980013649,0.8604745611,0.4053183118,0.0393216013,0.4716835836
0.7499039912,0.1444970733,0.1423977048,0.9028501051,0.0270637183,0.3990182991,0.3334681796,0.6544344195,0.5597844589,0.4960032137,0.6513267847,0.7836557167,0.5551799596,0.7560483474,0.8768702880,0.8275489627,0.1829242869,0.3594962234,0.6739853585
0.9710156871,0.3996839212,0.1250177756,0.4428376909,0.6279601505,0.6787625102,0.4875146135,0.7371670556,0.8933788331,0.5394850083,0.6220384018,0.1257488994,0.5034052643,0.5117822042,0.0353491857,0.4761185428,0.7998195492,0.7697998142,0.4798356417
2.0214506001,0.6623841335,0.2866196444,0.5741383575,0.9547897680,0.1721448283,0.6686245405,0.0940264691,0.9753578282,0.8668585218,0.4248939419,0.5750067328,0.4833762868,0.3939628716,0.5210961050,0.4803119860,0.1618224017,0.9589251563,0.4086668552
-0.2336026093,0.8572070793,0.5221986362,0.3439513642,0.0319034619,0.0956877142,0.4748824904,0.4733604979,0.2955692245,0.3949210742,0.1447072956,0.7983331096,0.2100658981,0.2286257862,0.7711899621,0.5329434385,0.3351187536,0.7965124793,0.5845508649
0.9936784168,0.4204698016,0.6037753084,0.3148491938,0.6877145245,0.6826110513,0.9692142914,0.7398211519,0.3035598002,0.7401830807,0.4797594044,0.5878435529,0.3103099425,0.2730516120,0.1968594444,0.7634553166,0.0650056717,0.6958302428,0.2531509706
1.1843502533,0.2453786035,0.2740192125,0.8421650035,0.6413122347,0.5948481222,0.1603654712,0.5676509633,0.9995316109,0.5824137585,0.5583865144,0.0747173333,0.4188580450,0.5569321879,0.2300912202,0.6758501789,0.5972700279,0.8592629992,0.7014484929
2.3444810611,0.5767012107,0.0713095241,0.8134098463,0.1384811134,0.4646541123,0.7091655882,0.2645284325,0.4256734677,0.4282339831,0.5774161397,0.4605031512,0.4129939978,0.8373254924,0.2492229142,0.0552395307,0.2654610570,0.8726142247,0.3520621083
0.0956780914,0.3365666856,0.0059334048,0.1161832720,0.9997350726,0.6126945876,0.4433353536,0.0599964115,0.0967920419,0.6831983095,0.2861606601,0.4658596595,0.5129084608,0.6358602776,0.2857201052,0.1703650083,0.4610430145,0.1850127840,0.1482683803
2.4010022417,0.5169049262,0.2486211384,0.9589845547,0.5453469784,0.9635834613,0.6956271363,0.6075415055,0.3962397071,0.4688186757,0.9146805558,0.7079656133,0.4482720901,0.1670004153,0.8677869221,0.2245609823,0.9750637943,0.6780739225,0.0629222115
1.3587528224,0.3068150589,0.9952701183,0.6961778857,0.2377915046,0.7068708843,0.4214377724,0.3097085541,0.1191680730,0.5576540031,0.9771372179,0.3236063036,0.1998451973,0.4272917038,0.2294564480,0.0353016688,0.3871905673,0.2139750143,0.6953333468
1.2613865761,0.1752167601,0.9722521254,0.2760755264,0.1452413508,0.8902742820,0.9636919960,0.9074351801,0.1548599809,0.7733918547,0.4160755849,0.2378636612,0.1109541054,0.3792881734,0.0182125463,0.7552735401,0.9489936690,0.7451093310,0.8575701552
0.5362525569,0.0907253317,0.6898062043,0.5788159831,0.8606027726,0.4963332159,0.7884385000,0.4112390672,0.5675113693,0.2425894674,0.3162028743,0.1407134094,0.0720179652,0.5245781805,0.9468327275,0.1057612162,0.8632711127,0.6405691599,0.8011830059
0.3461149353,0.9696856883,0.3412766739,0.8347059102,0.7022623139,0.8846737676,0.3157521315,0.5986786863,0.8665477965,0.9743352720,0.2534200082,0.7317801241,0.7917476726,0.9978561573,0.9910742695,0.5579601780,0.6045839569,0.1387505556,0.5958598289
1.0955924809,0.7365533031,0.4430630353,0.2158487353,0.9259368733,0.2147839559,0.6298638141,0.2637060755,0.7085966308,0.9051915267,0.7504834349,0.3885874431,0.1609031836,0.3303580443,0.6260788773,0.9462574432,0.9031987764,0.2812264121,0.9953489126
1.5491370341,0.4478949024,0.0864604767,0.5784435820,0.1865384670,0.4776803031,0.6277003817,0.2745586631,0.9907284888,0.5815329749,0.1491998579,0.4328647835,0.9924894784,0.7744912077,0.5642597300,0.4391291990,0.3883321268,0.3378781382,0.4770653313
0.6987425609,0.1481045180,0.7788735983,0.7416289530,0.2339755126,0.5177410571,0.5331738758,0.3684839447,0.4611277138,0.0560062934,0.2439723612,0.1280578670,0.8926352579,0.1167521056,0.7941410916,0.9437110463,0.7038163429,0.2847647894,0.7831371088
-0.0291817962,0.8209224407,0.6056649782,0.2496578540,0.8074106131,0.2788701820,0.0445779396,0.3443484135,0.4642831397,0.8646886108,0.1077516519,0.9978051685,0.8542824737,0.4571513614,0.4133173710,0.6002150721,0.8685581595,0.3841467259,0.7464439568
1.9428660703,0.6729728566,0.3821082905,0.4475644635,0.0663212389,0.3597537161,0.6202139560,0.7493746114,0.5638647644,0.3820142899,0.3808222187,0.5192095981,0.9583448060,0.2860199532,0.4610278604,0.8671362567,0.8913253042,0.0923492014,0.4738003673
0.1420461327,0.0581962145,0.7764393188,0.7935285671,0.4768129530,0.3190613945,0.6879309808,0.1223342560,0.9831773575,0.5610694341,0.8258760146,0.2247752007,0.8645217776,0.7636749773,0.7543992212,0.1302772608,0.8292613722,0.4116611534,0.2874719805
0.4212327098,0.1241194052,0.6009384827,0.8946271470,0.9064331505,0.2553715946,0.1966159995,0.4788972563,0.2108534351,0.0250021151,0.1277753013,0.6784493377,0.2574114244,0.2632663958,0.7989628565,0.3806130111,0.9583797205,0.8985773842,0.9524335867
1.0718912149,0.7340093009,0.8253899168,0.3066317137,0.8547543303,0.9627530439,0.6212001877,0.2867401406,0.2696238612,0.7968687419,0.6413601518,0.9230247921,0.9228700808,0.0784422225,0.9058185735,0.4955175381,0.2664140134,0.2075897860,0.3469868057
0.7755467982,0.1341592961,0.1383267852,0.0730645539,0.2403545505,0.3749215811,0.1730321450,0.4553422472,0.4642133161,0.5672901803,0.6454597287,0.9049829675,0.7086329152,0.8847804792,0.4129036761,0.0260880806,0.8552938181,0.0946389120,0.3157709355
2.3318353007,0.7519203598,0.8252665043,0.9223157622,0.9210118240,0.2205782265,0.9230367145,0.1305333733,0.8788495463,0.7795620064,0.1328808404,0.7757617061,0.1698408923,0.5767680368,0.2920386591,0.7057507197,0.8135414286,0.8563026978,0.3484898347
-0.1735889589,0.9808077502,0.8737667677,0.4467739359,0.8826022454,0.3022709784,0.6863835250,0.6316450469,0.5440415027,0.7189450915,0.7766105245,0.3633870926,0.3176533780,0.3804900812,0.7606938048,0.3304560378,0.6032331032,0.7180317851,0.8559684290
0.3127454661,0.3589483672,0.8162531856,0.1401750416,0.8820519679,0.7377900214,0.1621780262,0.5687691779,0.7420235659,0.1154097993,0.6067657940,0.5565187667,0.7654187103,0.2529187817,0.6812196728,0.5561524639,0.5943857611,0.8554082090,0.2449205532
1.6248016870,0.6780116986,0.9651348990,0.0445657939,0.6426232717,0.7916959809,0.4662500938,0.9530644765,0.1914941101,0.1760988022,0.5334216093,0.5536160316,0.2760280027,0.7550641121,0.7099934633,0.5365873506,0.0755423430,0.2010709531,0.3551661875
0.6368104297,0.1629077962,0.9737439169,0.8310630353,0.3889995674,0.8751483821,0.7779221492,0.0000856462,0.3170736928,0.2370658680,0.6467213822,0.7295297412,0.5590383073,0.6597042632,0.8449517018,0.4505557424,0.0741908967,0.7385689873,0.0013114312
1.3726552375,0.5220945042,0.0302765244,0.1873113781,0.6938165370,0.4098544547,0.8103172428,0.4584863194,0.5646453635,0.9722592822,0.6534678336,0.5175517669,0.8430190364,0.2468885913,0.0221337877,0.2737170994,0.7227254549,0.9533077651,0.7926299400
1.7357321443,0.5421840010,0.4135303370,0.4286716109,0.6053154105,0.5881570914,0.8791818897,0.3494545901,0.2156203038,0.6947729870,0.5718054462,0.6290373953,0.3337536075,0.4111945805,0.3876671240,0.8043368720,0.8347220662,0.2554676629,0.5788357094
1.0353219029,0.7351030184,0.9274819376,0.1788660380,0.0099402015,0.1286425637,0.7205365458,0.2015222208,0.9913007625,0.1374775315,0.8573018408,0.1765323090,0.4014777261,0.0941259313,0.4409285200,0.6716090108,0.6602222980,0.2496520930,0.2170349182
1.0361616285,0.1897548552,0.0698139457,0.7490775874,0.7691820953,0.7352989481,0.4143925954,0.1616533575,0.7770596690,0.3453483461,0.0603035336,0.5513960699,0.7389908426,0.4651776706,0.4868336573,0.7038288555,0.2379280607,0.1271389060,0.1468097768
1.5316997549,0.7050180462,0.3167746427,0.3801088029,0.5678253138,0.2504474655,0.2777793659,0.0169363400,0.9504190909,0.5927869067,0.1111437047,0.4818464051,0.0784904711,0.0437193212,0.7371645430,0.6225663216,0.7336059196,0.7061927616,0.6846927655
1.2926702056,0.7290613675,0.3666097473,0.2942313879,0.0838597073,0.0751730711,0.8360638311,0.1919519370,0.6499655044,0.3495063117,0.3277749012,0.1334292987,0.0340187015,0.0452367671,0.6750521745,0.7267600443,0.9421720657,0.4246867105,0.1586175700
1.0427633194,0.2344113220,0.8973830954,0.9414763480,0.7015525735,0.3509402235,0.4304742773,0.7876009159,0.7106215250,0.3380102732,0.5375475283,0.5383878960,0.3924884061,0.3951275503,0.3653023180,0.6351862667,0.8426149499,0.5836893958,0.0202147056
1.4558893129,0.4079438185,0.2787005784,0.5636467974,0.6697607126,0.0736670784,0.3235386510,0.5661135949,0.7942547136,0.0437516933,0.2125321398,0.7266523359,0.2440439292,0.9207727453,0.0295334817,0.5044627348,0.5016378290,0.3886031127,0.5263195266
0.4259255520,0.0035178916,0.9570414313,0.4034619949,0.9822815632,0.1669541684,0.8174651188,0.8283947233,0.5230111095,0.8607456041,0.4253394522,0.8154508861,0.7630070770,0.4889510284,0.7265704795,0.0848971628,0.6334708797,0.0854378852,0.1492005885
1.9246362989,0.4397171119,0.7743175609,0.9131996703,0.0494803307,0.6917525467,0.9456267565,0.6474029438,0.3290163649,0.4535259932,0.9525970033,0.6190927680,0.7818660710,0.9955137051,0.0054041985,0.9087077739,0.0833299749,0.2931012320,0.3217262283
0.6684417381,0.2633647183,0.1071959226,0.1535344098,0.0491826771,0.2363931073,0.0246056419,0.9468589061,0.5162539558,0.2070615894,0.0824428215,0.3375923930,0.3815104137,0.4194778854,0.9963342136,0.1871473739,0.9032370659,0.1677029194,0.9255775350
2.0277306388,0.5985942338,0.5333011878,0.5722642201,0.2809710988,0.9034694632,0.3826237875,0.8487788348,0.3181668593,0.7274761307,0.6875211815,0.2998243810,0.3455231577,0.7234362985,0.4767327908,0.1112957400,0.3913661124,0.1901577358,0.7903125388
1.3622965661,0.3058337946,0.7027123310,0.4262941296,0.0128505330,0.5279030603,0.2533623019,0.9174616727,0.7967275678,0.4881259564,0.4322878148,0.0477511241,0.4415328955,0.4814071056,0.1337701060,0.4673648512,0.7723225747,0.0621798095,0.7702642808
2.2862437915,0.4812389918,0.2297267342,0.9507617814,0.2607604990,0.7411310567,0.8228397422,0.8968272803,0.1039937228,0.3002297421,0.8570512239,0.6358173950,0.2223056053,0.1093964951,0.3718946482,0.5304284586,0.4280921023,0.3423199543,0.1829558088
-0.3453415247,0.9080433514,0.2657236105,0.3945418208,0.2625004895,0.2615838178,0.0904111519,0.5619537086,0.5884039476,0.1875874592,0.4869746641,0.2394032440,0.1280926562,0.3384441125,0.2053217616,0.6156550472,0.3856942382,0.5387198044,0.5595358670
0.1403354542,0.9825115232,0.5045771202,0.5210397294,0.6568357661,0.7344461507,0.0329580844,0.7941042379,0.6178640542,0.6905968702,0.1239583509,0.6278247235,0.1465653959,0.6723151601,0.4632884885,0.2001506441,0.5011611863,0.4683352471,0.2124820600
-0.3154482324,0.9482013768,0.3743764606,0.4184076672,0.9592440573,0.8515180688,0.3131734407,0.7771291693,0.5545957832,0.0351967847,0.0306890487,0.8794077231,0.4511087287,0.3943617242,0.2902263229,0.0395229885,0.2105580359,0.5246218329,0.3369986871
1.6053223780,0.7802874724,0.8949151825,0.8250459711,0.9468201598,0.1031166131,0.9757856533,0.4684867979,0.3730986064,0.8898867531,0.0027991241,0.1585578856,0.9547206011,0.4730022012,0.2582914073,0.4137791789,0.9347304049,0.3605808819,0.9859486384
1.0270658857,0.1183677951,0.0196714704,0.0140125229,0.6992698278,0.6213875806,0.1720464202,0.0962963819,0.4892244691,0.9032676932,0.4514580593,0.1981807311,0.5371249825,0.2505478987,0.0213959335,0.0830391773,0.1579082655,0.8066060796,0.8395790547
1.4654532844,0.4945496883,0.5986322789,0.4328160059,0.6590471725,0.0060873993,0.4674729091,0.8002554552,0.7114090560,0.5316686666,0.4407418425,0.8854061893,0.3728204496,0.8665460718,0.9793905656,0.2355981427,0.2446552710,0.2687009610,0.5241110439
-0.4419642450,0.8500260931,0.9625474699,0.0174301844,0.3722451947,0.9759098995,0.5026037063,0.5506613474,0.6659509002,0.0477164546,0.7226341395,0.5716426924,0.1102790674,0.9027614703,0.4582452350,0.9652466454,0.5433332051,0.3754026014,0.0082054431
1.7048970945,0.6893387410,0.7563923842,0.4001606639,0.5841811116,0.2863589378,0.4761862838,0.6080910742,0.8352718487,0.4224880254,0.4924817626,0.4292094361,0.1205102419,0.6132151574,0.4772608331,0.7245487626,0.9319531555,0.4600429661,0.4050565410
1.9742057311,0.6380177405,0.3084033450,0.4212847250,0.4153948959,0.5454680648,0.8012483593,0.0758920881,0.3794055296,0.9583034877,0.8467112203,0.8320757538,0.5615481948,0.8611179261,0.8983215364,0.0638939068,0.9895340857,0.1810262267,0.9360581864
0.0279894900,0.9777711370,0.4297214250,0.6760781510,0.0351557225,0.0592781738,0.0799412893,0.3749777188,0.4369501873,0.8879522263,0.7224985745,0.0869870285,0.6650698041,0.5110234789,0.4468672243,0.5901862469,0.5492028681,0.6233135431,0.6859425917
-0.0896621106,0.8263747604,0.4646838762,0.2662947851,0.6456655095,0.7179959798,0.1019142002,0.3921018903,0.2424103045,0.6420149709,0.5057879408,0.9180979778,0.8614490633,0.9562542510,0.4954545131,0.0914257486,0.5371490795,0.8372108734,0.3420223629
-0.2613071817,0.8740191931,0.3131719625,0.6291702732,0.5568836138,0.8423188387,0.4110355416,0.7498640027,0.1741972288,0.3799206215,0.4856708394,0.1806330757,0.1924736664,0.7974486760,0.2246661945,0.5271121372,0.8445759160,0.0684937251,0.2396428592
0.8220461417,0.1541944502,0.1140029875,0.4800599951,0.7209261317,0.5542941423,0.4484828640,0.1357658486,0.6999761374,0.8858209183,0.3505541940,0.0449420505,0.7518921018,0.2064535419,0.0398746345,0.5642871685,0.9781232384,0.0269205525,0.4338341114
0.9454436954,0.2203217107,0.3419187599,0.1798458244,0.0623833923,0.5098019334,0.5087470373,0.0129599481,0.8265478904,0.4171920817,0.1569913100,0.2493735424,0.0228693785,0.3910980713,0.8981024457,0.9408792054,0.4984993677,0.1453852606,0.2778459589
0.8592443775,0.1700559774,0.3713309228,0.8235965753,0.9805621152,0.1521285630,0.6683688310,0.4986896124,0.9837300738,0.2955967931,0.6023914049,0.5034259429,0.7796412404,0.1178453723,0.1936985818,0.2508067278,0.7544189158,0.4193266203,0.9263960749
0.9712937302,0.4805555535,0.2836226485,0.0184441013,0.0890377216,0.5964043667,0.6248998275,0.2720066887,0.7293468706,0.0053073363,0.7471251326,0.7567147804,0.1623925203,0.8653280862,0.8949901669,0.7712386239,0.4017970137,0.2662250589,0.6297332136
1.1198687393,0.2344367199,0.1915904099,0.4729980791,0.7674508217,0.0046057216,0.4350787791,0.6355308656,0.5613795473,0.3503948752,0.1578987922,0.7031732459,0.7965225161,0.9321419008,0.4105634153,0.6109932767,0.2467489355,0.2423984131,0.9317151549
-0.2513486344,0.8704254021,0.4424670777,0.3970026868,0.4734156359,0.2206322664,0.9012206030,0.0494082307,0.6699295973,0.9334121394,0.3383622337,0.7091822060,0.9661806606,0.7101051550,0.1844794026,0.0865617171,0.6586861030,0.8130653121,0.8728294141
0.4192989568,0.0752877483,0.3072036195,0.3995387478,0.8135689010,0.6044361910,0.4966123637,0.2689983052,0.0196390234,0.7446248503,0.2060908836,0.7395867999,0.5993791639,0.6553112581,0.8380850946,0.0728195354,0.9143897848,0.0927844783,0.9455940121
0.7556034393,0.4271240422,0.9504293247,0.3854887361,0.0796593587,0.6338849314,0.3388549360,0.3577221428,0.4666531188,0.4691662564,0.6516593315,0.1694405424,0.5603355637,0.5324363755,0.3878590784,0.6349947067,0.9002600542,0.7715750900,0.0727504961
1.9432620018,0.5769053832,0.3593169702,0.3751655461,0.3689139808,0.0064358923,0.0755552172,0.5598967673,0.6638074152,0.1073038376,0.4758039590,0.7814835775,0.5380830247,0.8883534457,0.7871015600,0.3852575140,0.6926497799,0.1565739083,0.6268993745
-0.2340069003,0.9398565146,0.1268034647,0.7528196829,0.1630997727,0.2921339102,0.2127001099,0.4202485189,0.9770919876,0.9123876549,0.7813120469,0.4369426927,0.1889651954,0.5191100492,0.3259802308,0.6120828387,0.8605443146,0.9013839835,0.5920147310
0.5800225405,0.4544374052,0.1263591844,0.1262792891,0.4125903273,0.9662369705,0.8315586357,0.9597963126,0.6182752470,0.4160974349,0.5811737789,0.1323073965,0.7906952741,0.4605964255,0.1135499848,0.1854886424,0.7096101861,0.2549947035,0.3397947432
1.0089000451,0.2408965427,0.3171942054,0.0164400427,0.3700246168,0.7689989533,0.6092798091,0.9007645966,0.5422214888,0.7064554308,0.3976953755,0.5313973150,0.2467559646,0.9942697015,0.7741434696,0.9026600105,0.5411503215,0.4599671771,0.9306697548
1.4405521732,0.3546690280,0.9172471542,0.9159819962,0.2950387690,0.5160498928,0.2816988972,0.7403185408,0.6869916593,0.6570040366,0.5359271275,0.9351548195,0.1773172907,0.6317772276,0.0707491301,0.9339781189,0.0274865871,0.8642978289,0.3005653939
1.1114498377,0.2206817878,0.4911919859,0.3944742339,0.7224383219,0.5669982994,0.8005135222,0.2377400255,0.8885789418,0.0599037566,0.3242011938,0.1711310783,0.1776312708,0.1812488815,0.1387218682,0.5030597495,0.3918995601,0.8474005096,0.1577291087
1.3923869048,0.7056261905,0.0602120286,0.4169191983,0.8137828571,0.6613458863,0.4226882805,0.3504893066,0.9532593454,0.4598557381,0.4000997130,0.9193356098,0.5748427593,0.5442278752,0.6763751193,0.1062211159,0.8369482719,0.5843280509,0.7776653916
1.0325735626,0.2031523329,0.9774690098,0.6258873149,0.6526151008,0.3168149393,0.1282560658,0.4624164775,0.9725679081,0.9450518474,0.0455599859,0.2677325367,0.2096298408,0.3015208457,0.2803763460,0.6067345322,0.0605346976,0.3103395644,0.6253358574
0.5399426425,0.1013523626,0.3715887712,0.1379508652,0.7337656644,0.5973607410,0.9712249209,0.8706399771,0.3221194688,0.0309160038,0.9685686533,0.3089045368,0.1136984147,0.1524179095,0.2116914761,0.8772661993,0.7102155148,0.5392517246,0.7179358176
0.5743706671,0.7797612683,0.5235565770,0.5214450765,0.5839045080,0.4832395755,0.2663264257,0.2275530557,0.8265924071,0.3741415775,0.8493532138,0.5830524657,0.7021026218,0.2744564917,0.6109647193,0.3911842092,0.9180580902,0.2185331392,0.3301418791
1.5134331039,0.3242447195,0.5362020310,0.8819259869,0.6258966185,0.4694673230,0.7243557660,0.0406674799,0.8380159536,0.1114063556,0.3102505248,0.0077382379,0.3225991870,0.5943663277,0.0105573461,0.8786556437,0.2174510845,0.2000829204,0.5839450805
0.9588314116,0.1192986506,0.9726558694,0.2952665589,0.8213575896,0.2003844548,0.9233142316,0.3532322518,0.4629321193,0.4537930692,0.0878108776,0.2916284190,0.0396310536,0.7397877842,0.2211782619,0.3050338816,0.2291217225,0.6971829543,0.8341095402
-0.2773820839,0.8672793881,0.5271615515,0.4726657074,0.7980919343,0.3816082452,0.7747562970,0.8343561840,0.1535437047,0.8497956542,0.8405312399,0.8390087603,0.6705894908,0.8976174247,0.7711674160,0.1826633764,0.1687541259,0.0923915581,0.9543054884
1.5834903769,0.5302916838,0.7931374136,0.2238510512,0.2311400786,0.7235995195,0.8504971532,0.4231980609,0.4195390038,0.2603370615,0.2748062406,0.4621705508,0.3149974906,0.4038373460,0.9971430273,0.3138984286,0.1369631327,0.1083935783,0.5857008006
1.2602313734,0.2409903187,0.0041094031,0.8701543666,0.3089589835,0.1578062400,0.0448795660,0.5257061793,0.4479611821,0.7546416913,0.0015695104,0.2656199094,0.3611454422,0.4553580263,0.9448513780,0.7457651304,0.6516014277,0.8928610274,0.4250599849
0.0927039539,0.8039704413,0.2373027717,0.4823462279,0.6290371363,0.4362311487,0.2643536295,0.8675368836,0.3266543966,0.1207431285,0.6430052178,0.4452118555,0.3587117447,0.8096285495,0.3636841553,0.7607716214,0.7638726166,0.8721454657,0.2604163448
0.3069472958,0.0327615467,0.6165410291,0.5102831031,0.5534164064,0.9179694625,0.3247604214,0.4784975477,0.3562602729,0.5650091692,0.1927931225,0.4566104452,0.8991181256,0.0777483014,0.2621479458,0.8298425623,0.2947582302,0.1008279151,0.7066687867
1.4165782543,0.7085317610,0.6246683113,0.4205122884,0.7572902925,0.7589582742,0.2473818833,0.9097008890,0.2308071956,0.1669634489,0.8508039783,0.2928025571,0.9168435688,0.6327487189,0.8923174087,0.0101880087,0.2620045633,0.7136744338,0.7110885624
0.6108568279,0.1399146583,0.7266479129,0.7217541969,0.5360911653,0.0748915602,0.0504171790,0.8383841957,0.5768466347,0.1840526153,0.6587929368,0.8055926215,0.9976036696,0.0761070883,0.8240147237,0.0118098723,0.0553327765,0.9697597014,0.1218264327
1.6935449337,0.7073331789,0.5499695348,0.5856364100,0.0383266384,0.0719901431,0.3233138348,0.6696408359,0.2221541262,0.3470319721,0.6022915681,0.3065655599,0.8446038617,0.8811063342,0.8348773113,0.2418134969,0.6673954478,0.6655387528,0.3468376966
1.5097524173,0.6942718579,0.8974476328,0.2602526019,0.0171873311,0.1119956768,0.4589882632,0.6788881249,0.7270562041,0.2547675896,0.1626082697,0.5592209147,0.0429907407,0.8912377066,0.8653578517,0.4908696187,0.5981642527,0.9340716414,0.2032730783
1.2676770554,0.7263671606,0.7252940385,0.0142166689,0.7929562775,0.9395575373,0.9275296999,0.4833651090,0.3473667497,0.1785603783,0.3414716261,0.0841049957,0.3356690986,0.6417028299,0.3703683246,0.6296392163,0.2775072515,0.0765771264,0.8744605766
1.2782770325,0.2495940293,0.8582737394,0.5276853285,0.8239658802,0.3810995646,0.4197746584,0.2963533206,0.7331905460,0.2155329618,0.6271741879,0.0977754230,0.9145287962,0.4918807974,0.5995572975,0.6880643395,0.5570833525,0.4190961170,0.5479045718
1.1427509691,0.2516993228,0.7207274497,0.7545906552,0.8795276301,0.5265796202,0.2735098248,0.9629330537,0.6501845379,0.4661559721,0.6530045806,0.0400199752,0.9600900990,0.6501345401,0.9781923336,0.8030798704,0.3297800657,0.2788683864,0.8622072382
1.8802451912,0.6756077227,0.6328684664,0.0746133232,0.1094201756,0.1295726299,0.9825424701,0.8784940172,0.6234749903,0.9263195013,0.3236482547,0.4551630317,0.8926513534,0.1460066732,0.1640003602,0.5325039759,0.1620555821,0.6941990261,0.5612107980
0.1237839286,0.0006842170,0.5370532714,0.3350129409,0.0266098594,0.0419064347,0.1891061232,0.4150883804,0.6691577746,0.2021710360,0.0578654026,0.9343413387,0.9129705058,0.4794319874,0.6060870900,0.9602405415,0.9291117961,0.2729889417,0.0039410824
1.8304810147,0.4044629997,0.5117683697,0.8897706703,0.3892045477,0.8178102823,0.2081455249,0.3381383605,0.2974942842,0.3468712890,0.4138275877,0.8448107823,0.2098616384,0.2633454938,0.6037957466,0.1046375975,0.0077809540,0.5835476067,0.9611060489
1.1984827291,0.2623163420,0.4868903885,0.9879990294,0.4564305803,0.0482881217,0.8772926263,0.7818988478,0.9692211572,0.5182213636,0.1927734748,0.9809879336,0.6440652939,0.9005509017,0.3861709175,0.2996437851,0.2922926489,0.1642990304,0.4060751344
0.0572360795,0.0129145224,0.4059103233,0.7699918972,0.5461997054,0.5190204417,0.3677621035,0.8428120692,0.6238196377,0.6042686903,0.9194727681,0.9883308817,0.7347016595,0.1276452390,0.6796382597,0.2892472561,0.9719353950,0.2707133291,0.1403160195
1.1819189643,0.2829248672,0.9133425272,0.9281898412,0.2552138419,0.2768789682,0.9996453761,0.8626766566,0.1076959208,0.8945048618,0.8217390410,0.9049687823,0.0099027875,0.0740390034,0.8484003044,0.2063527265,0.4113565120,0.6119780789,0.5078200842
0.5767304841,0.9740812359,0.5724051672,0.8716985862,0.0258842127,0.8175712196,0.6834191313,0.3590635162,0.2813823416,0.0589369150,0.6678894866,0.0422404609,0.9712395774,0.6231809795,0.9194842308,0.2810066349,0.8884671007,0.5200366113,0.6928150513
0.6503097694,0.1323771941,0.2039881555,0.2740059076,0.9287044450,0.1441832199,0.4072226937,0.9965702667,0.0502333365,0.5551980644,0.9746853456,0.9279461235,0.8840717823,0.1197311410,0.9395437532,0.4031280447,0.7923267307,0.9355620948,0.5287454155
2.0761542246,0.6469495873,0.8050180133,0.6724947806,0.6248779439,0.6849652845,0.3001316952,0.4805728037,0.0744191920,0.0671268985,0.8500749336,0.5619776279,0.6011862809,0.2242256898,0.9371985921,0.3379217432,0.6217024430,0.4685259554,0.3008910074
1.6544833825,0.5389134487,0.9866242134,0.5275086148,0.3545477282,0.6946529122,0.7571016223,0.3666135628,0.0971842005,0.3470348094,0.0158615486,0.8278394741,0.7574670320,0.3665971204,0.9345071681,0.7163261498,0.5520785625,0.1178727016,0.9111278257
0.1488307091,0.0307395867,0.1859998997,0.7130064709,0.1222822427,0.8027035074,0.1052883676,0.1700537516,0.3546876132,0.3717394983,0.7879087610,0.3149595496,0.5341649892,0.1764935178,0.5086721756,0.4436814927,0.0745909763,0.2435047840,0.4423239397
-0.3155838255,0.8631617525,0.3995973243,0.4130881729,0.5575975136,0.2729560041,0.4300361677,0.2413336079,0.2615463173,0.8604239334,0.3418193386,0.1863703565,0.7700221556,0.7281828109,0.9715350007,0.4754677235,0.2878411757,0.9611083004,0.8376418941
1.5020226961,0.3290177115,0.6244060660,0.6188645480,0.5196453226,0.1615870502,0.9253979650,0.7073029246,0.2869036146,0.8983175083,0.9888262564,0.6335079207,0.0441746524,0.3417899055,0.5198921224,0.9487314491,0.1051188124,0.9101966681,0.1917850082
-0.2076501025,0.9443258174,0.5404082281,0.5948543266,0.6286454033,0.5814259223,0.9267965307,0.9276111494,0.0639392059,0.1266638114,0.1237738941,0.1478586179,0.8622382541,0.8935275699,0.2192640720,0.2074166796,0.8253393742,0.6850301080,0.1847458093
-0.3905210556,0.8746557498,0.2483454455,0.1535859714,0.8680611839,0.0868724792,0.4450930087,0.3141204349,0.7093642292,0.3652936203,0.7765760534,0.9356186608,0.5155074731,0.4047695157,0.2017216627,0.1960364702,0.2236419185,0.2052267337,0.0668978588
2.7912464968,0.7088143656,0.0917494535,0.9695983813,0.1699578386,0.2175929133,0.1007104604,0.6572875989,0.2225365376,0.0993525077,0.9552515648,0.8855954416,0.3902527038,0.1583992820,0.9428894498,0.6712338352,0.9148136117,0.5366150138,0.9736413810
1.7720152462,0.6920168024,0.8454169645,0.5688226757,0.9747398705,0.3424682242,0.8087758294,0.7292331752,0.7063351485,0.9114012008,0.1685634205,0.8141037678,0.4517787774,0.0093894813,0.6802968656,0.2382756792,0.6562337848,0.5296440409,0.8085023963
-0.2952253188,0.8851893667,0.4367751499,0.6308551383,0.9215505759,0.7882628016,0.1044950159,0.0969056741,0.1441089491,0.5138118166,0.2591900875,0.9111264604,0.0665493256,0.6895159123,0.5314880109,0.9341451704,0.5159522164,0.0149877845,0.9646739643
0.9978337096,0.2208698319,0.5990601600,0.6779586160,0.2385087050,0.8749376478,0.3803563160,0.8135936896,0.7350086093,0.3886376473,0.4807368648,0.3252422483,0.0490540727,0.2636790245,0.2176298928,0.8764429832,0.7759046253,0.2324214931,0.7548482540
1.4914438842,0.8570712010,0.8243162593,0.9186767643,0.7020643445,0.5128021464,0.6264874519,0.0126667291,0.4725218032,0.8745305994,0.4280032243,0.9876162317,0.9323897769,0.6034543085,0.1565376120,0.0779927686,0.0931018392,0.6507920808,0.4581481948
0.8838186583,0.3681597995,0.9264052154,0.3880071745,0.4243726675,0.8430992196,0.4290206943,0.8018209418,0.7201852173,0.0831677772,0.8727653130,0.7473495336,0.3090742638,0.8122798661,0.3471166272,0.2524196609,0.5307571710,0.2207242696,0.7974490020
1.5951109585,0.5252608218,0.6786358288,0.4429246398,0.9498575148,0.5044753584,0.5744538778,0.0809245054,0.0083285037,0.0844525479,0.9966542083,0.9266309538,0.4490497698,0.0152090944,0.5833337582,0.7538724535,0.5686079759,0.5627395137,0.1948012380
-0.0771552158,0.0196409233,0.5803764926,0.9157191419,0.7711821617,0.7488666927,0.8395029330,0.9237163871,0.1981949536,0.2672321386,0.0356880672,0.8238924825,0.3789517811,0.7851016117,0.6235798452,0.4672052837,0.8203892048,0.2373821512,0.3579221034
1.7420681347,0.4967747115,0.5019486911,0.5764443052,0.6121051555,0.9183338208,0.9397543791,0.5597700606,0.4420404186,0.0000313891,0.0830932776,0.6232291287,0.3314745992,0.7248734138,0.9689497710,0.5089797296,0.1397799110,0.3756865171,0.1735196415
0.3358944458,0.0482027074,0.3740494160,0.4354112304,0.3947236061,0.0763578566,0.7487091583,0.6052194943,0.6064215313,0.4155715966,0.4024649954,0.0773573927,0.0548188687,0.6118701500,0.3737949815,0.4000740550,0.4917418349,0.9776989156,0.8949530061
1.9392853499,0.4707514078,0.9031171712,0.8484740491,0.9483215573,0.0182842415,0.4862859661,0.9810579074,0.8309883375,0.7629630733,0.0233240809,0.7254491084,0.8741112512,0.9841797211,0.2380570287,0.9178540693,0.8692870888,0.9938075111,0.1990250130
-0.2743345922,0.9069357357,0.3484543555,0.6459572931,0.4484195121,0.3890579922,0.8563635820,0.3155248936,0.1004963970,0.9667676080,0.2151851325,0.8863731334,0.4662256856,0.9138058810,0.0032120000,0.0339197590,0.0716230769,0.9265959626,0.7606689905
1.4575460892,0.4953568809,0.5840893727,0.4417136516,0.8984680570,0.0460169640,0.5186652535,0.4114769144,0.1109761960,0.4919052598,0.2905998763,0.4178213622,0.5056749583,0.2685582257,0.8512439873,0.6012408590,0.9884141959,0.4725425672,0.2530159150
0.1871574818,0.0491345914,0.9444048523,0.7068719475,0.8033832147,0.1480091338,0.6442919848,0.4594198673,0.4055113917,0.6582055253,0.2332645546,0.7513254983,0.0154098449,0.3211082292,0.9937195965,0.9285030148,0.5564081176,0.7345867091,0.5953836753
1.8866184355,0.5613491459,0.2338264020,0.1300447617,0.9754536335,0.4102476074,0.3412826764,0.2094146629,0.4403412953,0.9117955463,0.8913947975,0.9035383136,0.6129349995,0.7853967985,0.7225768285,0.6882303901,0.1242339677,0.3618436142,0.9576000875
2.1138970853,0.6197657059,0.2916798293,0.6752719720,0.1459920110,0.1363371770,0.4263165461,0.9157052558,0.2647097238,0.6090306925,0.0515536608,0.7720507622,0.9584205879,0.0919888544,0.7599308756,0.4867039095,0.3072416746,0.4385112018,0.7926283031
2.2741724032,0.5474134323,0.0404611161,0.8116325802,0.6767289130,0.3974988292,0.4438132376,0.8384616107,0.3339110138,0.8015928755,0.3836282089,0.7979702220,0.3935353463,0.0439408382,0.9735144377,0.0971781222,0.2880269244,0.4098561144,0.8685839204
0.6724011481,0.1329613125,0.1403494693,0.8484582162,0.5751553434,0.8613591012,0.8720438085,0.6042164330,0.8329167090,0.4755211516,0.5546612242,0.8952498244,0.9320787176,0.7973291140,0.9932201496,0.0278204301,0.2027958184,0.1380087312,0.0442244546
0.5568417109,0.0701001916,0.9262304096,0.5604878012,0.7390922278,0.3150220025,0.2191338338,0.1914886538,0.0936783351,0.2908591762,0.6910210012,0.5866352431,0.3314932115,0.5061606504,0.3056506131,0.8259575820,0.5863906679,0.0877780038,0.6119402635
1.4576072045,0.7168377351,0.6035825792,0.2870848570,0.3423093744,0.5882605331,0.9183552567,0.3196838498,0.0856544034,0.0094365123,0.6504837911,0.3519853691,0.5545584673,0.2707343370,0.6338740012,0.3135599224,0.8940873167,0.9348871108,0.3825481661
0.0916848006,0.0147280211,0.3302842902,0.4476228087,0.2815602747,0.8662850640,0.1655430720,0.3469756137,0.0942618553,0.6619361396,0.1050327216,0.5668744863,0.9697243674,0.7255472399,0.2738972051,0.3455702905,0.3339773431,0.8624276929,0.0892366706
0.9180306465,0.1761341689,0.3271548143,0.4859067089,0.1720374789,0.7822916195,0.8753884588,0.1315389825,0.3086414620,0.1771656857,0.8580990466,0.9159205673,0.7233302291,0.2820038206,0.2409574659,0.9022063052,0.4154749756,0.6901004074,0.3420806913
-0.0830684314,0.0030826892,0.0401547795,0.7633752970,0.7148133979,0.0601696087,0.8272731912,0.7809851323,0.0639349814,0.0012151896,0.4698523879,0.8976689524,0.9697494633,0.8640732011,0.9677337691,0.6499933565,0.2738751519,0.3318361740,0.1404503381
0.1066106618,0.9912307251,0.8892563486,0.2025730927,0.4826407392,0.2520863177,0.6111723770,0.3172964603,0.4970433895,0.3701247479,0.8833951708,0.1241414781,0.3892232553,0.1279739297,0.4032408345,0.4191475358,0.3483088587,0.2834648343,0.4045313559
1.6565730387,0.5396816074,0.2675011211,0.1796134828,0.8405497590,0.6039913016,0.0425115317,0.2002858178,0.2261697123,0.6484111551,0.5170868440,0.7918287637,0.8237031502,0.1348218005,0.8790971790,0.7347343738,0.2313432860,0.5801141772,0.2859435117
1.1906534710,0.7142038775,0.0423527161,0.1517853769,0.5671677544,0.8693458465,0.1516284421,0.5696062321,0.9739698851,0.0428003738,0.2274813580,0.8890919586,0.7872953945,0.6889316202,0.7586283983,0.7684690904,0.9176764360,0.3820128720,0.6157747905
-0.4454668126,0.8842573780,0.0841270605,0.4139397330,0.6276216833,0.7103192720,0.7397345121,0.5967950732,0.9910341256,0.9211826652,0.7294383470,0.6468456682,0.6308341520,0.6112520274,0.8550970353,0.1160746368,0.2952648565,0.5258336381,0.7520943201
0.6888429104,0.1486780369,0.4555584434,0.2819627417,0.9384901389,0.8886321747,0.3550535533,0.2984315321,0.3165656441,0.6938959705,0.5449527874,0.9117763173,0.4751357683,0.9744330280,0.8537831927,0.7872633511,0.4993208490,0.7094198555,0.2012383732
0.2044464203,0.0280166497,0.5023065420,0.5486834554,0.7159061440,0.4824703231,0.5444960086,0.5232027374,0.0173720886,0.5622751412,0.5827288793,0.5129044116,0.6574053155,0.9925152886,0.1415568701,0.8424341677,0.7421801456,0.8286407642,0.3979506293
2.0001984443,0.6384976353,0.9705350183,0.2054825681,0.7114011284,0.6677103886,0.4764126091,0.4785653549,0.5648257243,0.5814143105,0.5875558821,0.9567024764,0.6297603388,0.4902840409,0.5196144799,0.8714269262,0.5368217218,0.8428087307,0.2624751814
0.5654821731,0.4576270681,0.1170298372,0.0808436596,0.7949454138,0.5995044736,0.7020899520,0.0651173914,0.6010386514,0.5288871795,0.6700996166,0.8709533748,0.2769354142,0.9628605176,0.7125466981,0.5592861815,0.8061968072,0.4479236371,0.3401030904
2.2257635316,0.6323576836,0.8959479295,0.8016675845,0.5749139519,0.8578228258,0.6197486069,0.8594023017,0.7731923107,0.4601461130,0.0186357018,0.0726955570,0.1702128338,0.8369156642,0.2171366227,0.7492743911,0.5831660124,0.5882344391,0.6971477659
1.7876715266,0.4531648436,0.4051795360,0.6644820882,0.9380261304,0.7729802376,0.3973455254,0.4956024551,0.4268122808,0.4403126508,0.8433372237,0.4457916089,0.0218008884,0.1571385980,0.5016615339,0.1719964670,0.7362287521,0.9125279447,0.7185888255
0.3270250584,0.0879798515,0.3262444961,0.0432647656,0.5642859101,0.9912346132,0.3159391922,0.6213479620,0.5927609286,0.7027281985,0.8876513316,0.2194735060,0.6958422852,0.6605188882,0.1110424482,0.8665999181,0.5653321978,0.2669945978,0.2459866763
0.8872031196,0.7532935512,0.6478923177,0.2814859949,0.5105558287,0.6607733571,0.9217905965,0.1753606832,0.1469284682,0.8138644846,0.0055130122,0.4869400881,0.3614018782,0.0257879921,0.2159589753,0.3357039965,0.8025401289,0.6173402238,0.2787535925
1.8131059121,0.5676490346,0.0441255850,0.1072021053,0.7662117321,0.9548729733,0.7915298000,0.3556418389,0.4317753312,0.8105309825,0.9169640914,0.9605023528,0.2214117641,0.5602315868,0.9794436001,0.0636843732,0.3067764189,0.2098274793,0.4792771441
-0.4673351973,0.8988061123,0.2149565604,0.1190515142,0.1699067398,0.2528190105,0.8451485027,0.2372704168,0.0507080875,0.2319548404,0.6156095555,0.3748429934,0.4424720368,0.1018579194,0.0056274346,0.8518000345,0.9067618063,0.5807931163,0.9478466854
2.1435918617,0.6054691615,0.6811521494,0.4842461446,0.5904171707,0.3824474511,0.2756656628,0.3986533743,0.5890219814,0.5501641673,0.8731449457,0.3242174876,0.4976663615,0.9574254961,0.2591301751,0.1825698116,0.1685482767,0.0149831103,0.8219494551
2.0005773484,0.5626915347,0.8622662975,0.6431538689,0.6828315141,0.1477473017,0.9102551919,0.2316183779,0.6202642456,0.3210253748,0.1629935213,0.2335162190,0.6727633505,0.8821418510,0.4283757777,0.7320192751,0.1213867144,0.3481294395,0.2089969097
1.6365402381,0.7054000175,0.2013822763,0.5295157348,0.7832469883,0.3622306071,0.1000945637,0.6960586394,0.3570954727,0.5030834259,0.2585329288,0.8970941094,0.0141245562,0.7283387936,0.7162395009,0.1075222853,0.0781166557,0.4724695712,0.2190868078
0.3330634280,0.0381469767,0.6111333758,0.4792069833,0.8402341482,0.9383912866,0.5585707588,0.1493903385,0.6346135524,0.5392135336,0.9095898174,0.8538257883,0.8066903550,0.4803839828,0.2199079259,0.8389161631,0.3373005989,0.5673261869,0.5162380057
0.7741921294,0.1906922187,0.8230054610,0.9217109915,0.8495330992,0.4400294907,0.6583352156,0.5307948580,0.4992744713,0.5330737168,0.3056669237,0.2028078973,0.3668638903,0.2046467675,0.3528136580,0.5768717692,0.5502525934,0.1626798528,0.2670240562
-0.1704328164,0.9661127717,0.7126379413,0.3641838891,0.2170215098,0.8498224356,0.0755642678,0.5882099950,0.6816054378,0.2011433299,0.0959852847,0.6411506110,0.2223514666,0.7879439198,0.0722450263,0.4622013188,0.6418158064,0.6266031979,0.1653894716
0.9957869641,0.1862363723,0.2565186016,0.4323593278,0.5015692627,0.7617442713,0.2341015306,0.4687945906,0.3166631699,0.7120027221,0.0361993113,0.7203552919,0.1235258571,0.7508378430,0.5108106508,0.2028480826,0.4389780762,0.5190753757,0.4299492756
0.2198646915,0.0368095143,0.8214143710,0.5604216093,0.5781794938,0.3862640378,0.0072691998,0.8971125479,0.8547808246,0.7487495983,0.7469722081,0.2067837159,0.0240563578,0.8228008702,0.4439858822,0.6349550494,0.3812139476,0.9061951150,0.8797757714
1.0589126782,0.2886481307,0.6893649892,0.1925367235,0.7227201764,0.6247662057,0.1634077710,0.1449415811,0.4525330698,0.7672293370,0.5386239862,0.6730786608,0.9830990945,0.6462144373,0.5329968835,0.3787731952,0.6695560277,0.2225388212,0.0947575366
0.5931584310,0.3460055563,0.1759598760,0.3170004980,0.3747834522,0.7888195163,0.9572948374,0.6884216383,0.0855943367,0.4392660244,0.5291151136,0.0296281008,0.2687925517,0.0028202676,0.8204675126,0.0966116797,0.3524745049,0.1344078172,0.8252115076
2.0091209833,0.6580628098,0.5710862035,0.2397503851,0.5395088961,0.1303951993,0.7250682173,0.6145415438,0.0143841512,0.4467475959,0.0684351876,0.0232547062,0.5236604808,0.3826750608,0.3601752846,0.9901192545,0.8136424185,0.2926897354,0.7968709819
1.8239104818,0.3843768843,0.5835961819,0.7999557787,0.2945507600,0.4236063379,0.4825886488,0.9927237305,0.2992484410,0.6860053072,0.2074839260,0.7468001096,0.5789103188,0.5722551505,0.9697044896,0.8029948462,0.7828452089,0.3038973280,0.2499607652
1.2429944603,0.2939932903,0.7002304227,0.3956471230,0.6241127341,0.3731703015,0.7572623411,0.6521517859,0.5051224168,0.2280876412,0.8057635673,0.2508319402,0.9952520026,0.5156424282,0.9454688568,0.6210667773,0.0716900749,0.8012608277,0.8226237103
1.6296951969,0.3771330737,0.8375285699,0.8384403274,0.4546044306,0.3139398553,0.2751612018,0.3979999847,0.5360767817,0.1519361946,0.5069382881,0.8637952509,0.0990749682,0.2836231143,0.6275531157,0.8378510176,0.4929702730,0.5755410176,0.3863244797
0.2204416877,0.9827587770,0.9198450161,0.8288537425,0.9454017480,0.8470323087,0.3578099570,0.0694320725,0.8441431377,0.6014984390,0.8913163589,0.2950209227,0.6496439780,0.5706483666,0.9139713156,0.7170024504,0.0015515047,0.3709455873,0.7221261230
0.5834495517,0.4302327952,0.0976590563,0.3458202723,0.9035842219,0.4949153353,0.2694144558,0.5661830544,0.9257134339,0.8334026081,0.7795886809,0.1931504792,0.0772749842,0.3794193648,0.1462943605,0.6337659214,0.9507356010,0.3656529993,0.1356330909
-0.2325721931,0.8991938422,0.8858912796,0.7250338293,0.1025227074,0.8133137414,0.3795217925,0.2129104341,0.9149648592,0.7077851853,0.3512494878,0.6133211194,0.5161889985,0.9697967536,0.8105835636,0.5282187101,0.8906925983,0.9018306825,0.4163306398
1.9564124542,0.7208556838,0.1516883344,0.7612654604,0.1697212158,0.4354298104,0.5788277410,0.1892068217,0.6492345455,0.4403700916,0.3742973388,0.3637877016,0.8081963425,0.3865489109,0.2206153131,0.8211548626,0.7864542501,0.5188930721,0.7663608075
2.2268207931,0.6148692537,0.9368530663,0.8431210152,0.4926155140,0.9495778427,0.9934581712,0.4826475850,0.3677115835,0.7206485399,0.3043999208,0.0095514106,0.8123435569,0.1215334627,0.9946854337,0.5437773689,0.8270645464,0.6097385741,0.6529334010
0.2008649498,0.0458879194,0.2072119478,0.0934424105,0.8600465196,0.5697062942,0.3517761241,0.3250787281,0.2750258921,0.4203229549,0.8179529213,0.3461063322,0.5717207647,0.2709676200,0.1441897455,0.3295790776,0.9781779338,0.6178214590,0.4675076957
0.6864777597,0.1512102272,0.1867847172,0.8091047471,0.6100508612,0.8532753643,0.9703165537,0.0407766821,0.8930216567,0.0519799096,0.8043876234,0.7115772826,0.4291685897,0.6931422525,0.8171758695,0.2267551789,0.1893569701,0.6003664876,0.6884297444
0.3103358092,0.8822491094,0.6501760249,0.8019415840,0.9914080021,0.7777429438,0.7794540308,0.0691251344,0.8518306035,0.4103077136,0.0317549897,0.3915354803,0.6305741848,0.6594255675,0.5086937002,0.0308254098,0.8953122635,0.3815575114,0.2594981579
0.5296609455,0.8010881923,0.2910601290,0.6563048306,0.6246555506,0.2795827992,0.6003785573,0.7434355392,0.7541385557,0.8203507654,0.8428478447,0.0868906662,0.8488244445,0.6621067399,0.9244528533,0.8014976455,0.4623203166,0.4117074801,0.4043112662
0.9985838066,0.0964296198,0.8283503084,0.1287419694,0.5470455999,0.3631449097,0.8222498395,0.6309583542,0.4005023687,0.5913979689,0.4832978389,0.9474693705,0.5616606856,0.7922684035,0.0600313478,0.4539165664,0.4062231122,0.1897575620,0.1031309730
0.3977423999,0.0991663513,0.2600761625,0.9661703607,0.2079082512,0.5503850015,0.5173238031,0.4691587385,0.7878652156,0.5854230029,0.6345914760,0.1328597882,0.0677532317,0.2410789489,0.0288600815,0.7994099845,0.1268740033,0.1045246576,0.0905876257
0.6675919503,0.4292273261,0.9406539147,0.3499569000,0.8041748856,0.6945248418,0.3720944344,0.3286503575,0.7862811059,0.2317490964,0.4187264505,0.1567285700,0.3059120361,0.9711625891,0.8146343885,0.3995913890,0.1087279506,0.6393817965,0.6025566813
0.7710667608,0.0961269118,0.7064237502,0.3537258943,0.7195904901,0.0272246915,0.4589423951,0.2995453672,0.7466033159,0.9550354845,0.3209313977,0.0965797128,0.9050198158,0.7525724888,0.5056379847,0.6688775738,0.5978175650,0.0653114459,0.6107292225
0.1208320528,0.8084779485,0.7339771698,0.4497144042,0.1057386695,0.7231503014,0.8719347051,0.8597679640,0.6305553582,0.8862086207,0.8449232843,0.1751497777,0.0068381611,0.8861807251,0.1002036470,0.2641146577,0.8834999558,0.5000445730,0.6784219415
0.4260368706,0.0703159059,0.1695799882,0.8052183332,0.9075500877,0.4880265444,0.1027232273,0.1491490548,0.3416399902,0.7044287664,0.6223021739,0.0039808578,0.5757550392,0.3008294302,0.9507383025,0.5353223535,0.7221780448,0.8413030537,0.1241604205
-0.2301301954,0.8646058425,0.1876267901,0.6330172949,0.1656453450,0.0438909307,0.1725714039,0.9479206664,0.4520304275,0.5446285137,0.5191790140,0.5872283139,0.3762474393,0.7282208021,0.8029411875,0.0442586852,0.5228962994,0.7485982070,0.6936095389
2.4478143854,0.7919858829,0.4768620225,0.9910694310,0.3704120585,0.5290460810,0.6505675664,0.8148944800,0.2611698880,0.1266475806,0.4855806465,0.5610898480,0.2003273724,0.3806978674,0.2630355559,0.0544900572,0.3100283686,0.3936369758,0.4929960219
1.3933127752,0.3402080880,0.5593642570,0.4499141565,0.2230670438,0.9062070026,0.2792975730,0.7030909923,0.6351174074,0.2890968074,0.5880775697,0.4198003367,0.4323872044,0.9560136014,0.2215638209,0.8562598526,0.2318510072,0.8644507223,0.2977788115
1.2703533614,0.2951726490,0.1892800319,0.4986588204,0.1824993612,0.6172584075,0.1082323068,0.4037700460,0.2708240787,0.7374086654,0.4030355300,0.0432641077,0.6157132177,0.5720689291,0.5879306581,0.9951213930,0.7845065183,0.9562809929,0.3659441426
2.6301254203,0.6378716898,0.1395899211,0.9095151964,0.3110211001,0.9698845920,0.3831614941,0.8057794563,0.7591236946,0.5744531714,0.8913743244,0.8132081773,0.7410693373,0.2674648947,0.0511900618,0.7209646068,0.2534978544,0.9596884278,0.4686920731
-0.5961119205,0.8933820901,0.9257184067,0.4177650605,0.5505843541,0.7499813603,0.1382762614,0.4247189004,0.1508315855,0.1622451790,0.9711966136,0.9576570126,0.3499593310,0.8025253983,0.6829803007,0.0841743842,0.2250299020,0.5725664576,0.8868731141
1.9574326291,0.5874425844,0.4694223841,0.0527179766,0.6778077671,0.1280490545,0.0392299278,0.9873610772,0.2281162172,0.2250168975,0.1014655318,0.1936886121,0.7327014961,0.6006109506,0.7526405666,0.1267287539,0.3256959571,0.4863484468,0.1450397327
0.4253174902,0.2879896802,0.0860753013,0.0632794213,0.7971621111,0.7520994271,0.9422677475,0.5854483602,0.1899882867,0.0626903988,0.6137254152,0.2654455662,0.2010797380,0.3547158356,0.6060058644,0.5362888365,0.5680052192,0.5980179322,0.5398646077
0.2100083506,0.9918723849,0.8524842183,0.7912484154,0.4712479524,0.9675875897,0.0060101878,0.0840534577,0.8755831590,0.8552021294,0.5650555433,0.3153217148,0.9198481305,0.8618309935,0.7150386263,0.4057532992,0.9665069862,0.1526125135,0.0818748842
2.2455895527,0.4468449414,0.1862974447,0.9751965634,0.7114446453,0.7528530262,0.5457964649,0.3903995733,0.0765174621,0.6942684282,0.5850982107,0.3781922843,0.1163479301,0.0325228995,0.9584963328,0.3401997349,0.0928250157,0.6965073149,0.6081775291
1.3974133632,0.1519420541,0.8799390135,0.1423167680,0.2106544557,0.9092677126,0.1679955170,0.3035879057,0.7245670619,0.1137292343,0.4708899557,0.6481043988,0.5672684262,0.4073143410,0.0640635255,0.2053388868,0.0897104543,0.8656562165,0.4318316920
0.0607881819,0.9852366881,0.8168673611,0.4438788923,0.3453781634,0.7098793504,0.6551974657,0.3827745294,0.7389917270,0.0842467302,0.9793773033,0.8296153012,0.7634106287,0.7816064725,0.6050648070,0.6729119131,0.0637065444,0.1216332684,0.2372765130
1.1849728670,0.2482951931,0.0593756280,0.6857659643,0.9474482099,0.3924908408,0.9702535678,0.7269027393,0.3244453925,0.8978857007,0.5954231169,0.2722921882,0.9208146905,0.8558086577,0.7142244634,0.1808813527,0.8807065393,0.2568242608,0.2244018623
-0.1496291997,0.9073740542,0.8266511156,0.7355899608,0.5089477210,0.4848055698,0.3664783626,0.3301724645,0.9214769345,0.3888900447,0.2293528154,0.8106147410,0.0427920208,0.9851544573,0.9552151267,0.9813708756,0.3197450905,0.3202031109,0.9614638987
0.3442139965,0.0795929159,0.0859524484,0.6621234057,0.7648737748,0.2742221883,0.1432109561,0.4479355737,0.0973453397,0.8260338325,0.8772719639,0.2672222355,0.7128149409,0.3142367492,0.5441202708,0.3293632820,0.0345004497,0.0277174232,0.1266562397
1.4988664958,0.3958118307,0.6329555691,0.5440260985,0.8882595994,0.4518633974,0.9691767376,0.1839748446,0.8040099921,0.2929204905,0.4343250143,0.5147721901,0.1735923037,0.3468166781,0.0997373527,0.2339833448,0.1666867813,0.6971787277,0.1342287377
2.0989900794,0.5908774698,0.3166759054,0.0262413470,0.0869649963,0.8080965943,0.5122870485,0.7652277674,0.5571474486,0.7414807061,0.2293290293,0.6396954446,0.2099754431,0.0599011970,0.1797853313,0.7264877515,0.9140786308,0.7606503269,0.9774327891
2.1574458966,0.5122276104,0.2254881249,0.8369351505,0.3276253617,0.5961066705,0.8303141101,0.0807630406,0.7160607199,0.1046208408,0.8257223913,0.3025512972,0.3932631796,0.8674161785,0.9476855447,0.4741816887,0.1476387300,0.1864906102,0.5877357182
0.1135175349,0.0174588725,0.4062447525,0.3847745948,0.0441553285,0.3929054198,0.2700620989,0.2114782569,0.3371684595,0.1355737450,0.8113191136,0.0426785997,0.5615917714,0.1812103824,0.0780048699,0.4703592798,0.8021959830,0.9397769280,0.1153969114
0.1892046695,0.8566858545,0.4918324497,0.7093724679,0.2545877448,0.1090614916,0.2704937346,0.7220992416,0.8381624103,0.9043891441,0.3260785155,0.8981100345,0.1698209005,0.5865370949,0.2352071934,0.9345738571,0.1367383606,0.1066949416,0.0080115860
1.7150920191,0.5349399376,0.0984018833,0.5644092236,0.4095072232,0.2718216841,0.4921739197,0.4348999932,0.1676885813,0.1134490324,0.6495038699,0.6786014231,0.6568727840,0.4027733284,0.6089615373,0.5578541400,0.1431922085,0.4259365800,0.1052538080
1.6820256495,0.7925609065,0.5024376855,0.8435231362,0.0381558297,0.7231093050,0.5072073396,0.6215374490,0.2462372579,0.3925812639,0.5351061039,0.6597338389,0.4977966083,0.0253328585,0.2290219073,0.3501213792,0.2652730118,0.9874133634,0.4009456250
0.6691683365,0.7704408957,0.7515994132,0.5129961490,0.1928569773,0.5534546210,0.3262022474,0.3339257714,0.4322167320,0.6201354252,0.2707071574,0.6279459341,0.7181230421,0.5649173594,0.2735298475,0.2796737658,0.5540794793,0.1806575042,0.5995824038
2.2087370046,0.4728787313,0.3419035107,0.9838140469,0.9214634386,0.0954911044,0.5301675582,0.7939210563,0.1127561409,0.6956648586,0.7448041276,0.6785037029,0.0361114552,0.8515191737,0.5485570232,0.1224945222,0.0294546795,0.3457502225,0.3768779513
1.1839826282,0.3109029619,0.7862786349,0.3862935559,0.7633116606,0.9766354909,0.0428246537,0.2787282621,0.2942293060,0.8793437313,0.7331606566,0.4907300797,0.7404890572,0.1644865633,0.0403519901,0.8793108363,0.8382624904,0.6858516345,0.8309861712
2.1739077551,0.4615594639,0.4158360822,0.9911059323,0.9160416292,0.5454107279,0.3457885267,0.7144456745,0.4653248434,0.4113323472,0.6736612752,0.8251959278,0.0740270235,0.9088236942,0.4058449695,0.7420544272,0.8168097489,0.8175656570,0.3430876207
1.5989154695,0.3519737126,0.5045272686,0.7614122131,0.1556351718,0.7625499726,0.0161452509,0.8716484649,0.8062897911,0.4909200649,0.0798019985,0.7212395594,0.6863735570,0.0446290534,0.9793742299,0.9081765263,0.6203762569,0.4813991571,0.5958167212
2.0129562603,0.4928884237,0.7988097185,0.8477964933,0.9034328525,0.5901386697,0.1211302870,0.8206141948,0.2504159757,0.9771597037,0.6708528825,0.9541809566,0.9730406754,0.5078089355,0.9032602735,0.4920092077,0.3075084661,0.6024268725,0.2061591874
-0.5297345131,0.8914129401,0.8257877295,0.4462305526,0.5906170359,0.7051220005,0.2443280602,0.1526845403,0.4564342611,0.8378108882,0.3302102851,0.2002676474,0.3273563646,0.5876643535,0.5606518906,0.8230146937,0.4379765122,0.2604319738,0.3054920828
-0.0946162085,0.9580803500,0.6976615958,0.6099150439,0.4633866854,0.0295174552,0.5528068389,0.1187154761,0.8134491558,0.7398977178,0.2091519195,0.7440173801,0.9117049212,0.8459822504,0.0970413020,0.8925659346,0.5085492414,0.4030870530,0.3212244555
1.4312372451,0.7077433234,0.8997883033,0.3208462606,0.1005952605,0.8733174247,0.5077423187,0.1181085895,0.3170135505,0.1471518487,0.5507618506,0.1008699134,0.8666561801,0.9193653100,0.8023649714,0.4741821603,0.5880889997,0.1210726298,0.7948002691
0.6092664012,0.1135968009,0.5070788457,0.4035193653,0.3917839597,0.4239890500,0.8692234984,0.1026527017,0.3480732331,0.7399679274,0.8349904287,0.0665203249,0.7168114976,0.1240833166,0.0820674064,0.0215833109,0.6113490023,0.3937266226,0.9404596627
0.5026658333,0.7876410452,0.6050945148,0.5506982339,0.6292423736,0.7304505731,0.4829734874,0.7152442719,0.3825840058,0.6299381536,0.5288459952,0.4223201324,0.5695418669,0.2500378582,0.4996598025,0.3699953303,0.9319179362,0.9611126829,0.6376487313
0.8243098297,0.2780081459,0.1506816861,0.2661509338,0.7783809987,0.4129532385,0.7362508793,0.6608372752,0.0923958034,0.3321198692,0.8980588178,0.1642536583,0.3124748151,0.1789308486,0.3727427836,0.2245640438,0.2469058709,0.1080592298,0.2274817333
0.0487495324,0.0011725882,0.5845426537,0.6788520822,0.3272710315,0.9368721476,0.6056765723,0.1062847851,0.8270724377,0.0011164001,0.6257084958,0.6818043854,0.6813052145,0.9351138107,0.7551238630,0.6371495842,0.6647903326,0.9286067660,0.1592964985
2.2488331631,0.5301903218,0.1826133838,0.8458846651,0.8136963483,0.3017373909,0.8761461972,0.5052515888,0.3101770530,0.2856165248,0.3140189913,0.4761098333,0.2892240705,0.7636117858,0.1337751334,0.7133564067,0.0149704350,0.7805910822,0.8367677517
0.2909385519,0.0048968519,0.8654462811,0.4767919451,0.3848115431,0.5652065903,0.1959357450,0.4713503200,0.5087031730,0.6905696638,0.8105771822,0.8213761019,0.6070102112,0.9238348507,0.0231382820,0.9713428452,0.9223986962,0.7527147687,0.6027590165
2.3176429151,0.5341889380,0.5690711685,0.9719006588,0.5513413198,0.2911851433,0.3834898653,0.6553175841,0.5777985118,0.8929191299,0.3573014104,0.6001189245,0.8613372047,0.5119745254,0.0566591624,0.7159703963,0.6225047831,0.1737088302,0.0511365747
1.8476990712,0.6728452199,0.7615253212,0.3466576594,0.8157957353,0.1080982296,0.9382324342,0.4012796921,0.3267430852,0.6966202645,0.0720961127,0.4813709655,0.2486273464,0.2463418501,0.5720242486,0.9845341386,0.3643265392,0.0952410192,0.3617158896
-0.2666840567,0.9357372370,0.5810341418,0.6476641313,0.6249536314,0.5657963261,0.1718618522,0.8592736746,0.5500093114,0.1109929305,0.9817615437,0.1122805174,0.4898259988,0.0028351715,0.7819417907,0.0906855720,0.1723317303,0.8060098956,0.9900445168
1.3630290537,0.5234971804,0.1285795448,0.0694904812,0.1422037108,0.2979401191,0.9201671309,0.0777715605,0.2195030359,0.5210200708,0.4404321454,0.7799276094,0.0563158720,0.8721659339,0.2405268009,0.9077126565,0.6541557596,0.2120263259,0.3536671568
-0.4239339517,0.8735737472,0.6681207343,0.3542095170,0.2505861522,0.5757313781,0.0889675892,0.2022915558,0.5554276775,0.5280941774,0.1166524956,0.7389641409,0.1741160286,0.0872579037,0.1425105837,0.3244736763,0.9007473797,0.0668111516,0.9517424802
-0.3604043061,0.8572972758,0.6825274841,0.1828896844,0.0919521720,0.9092259193,0.1560499046,0.9391977957,0.4353146800,0.6895305109,0.9959761126,0.1289576785,0.0824327688,0.7593348440,0.5439175134,0.8099512196,0.4796842222,0.1544365840,0.5298546718
0.7792357312,0.8572094533,0.3143807870,0.8211421550,0.7884195094,0.3687979860,0.0311111915,0.3830023363,0.0811414735,0.3667891815,0.4769007098,0.4544528990,0.3881359624,0.2074381211,0.3457624932,0.4822049530,0.6902948607,0.9937141341,0.3653562502
1.4955873390,0.5110473738,0.4322071060,0.4897667943,0.1252953884,0.5485650821,0.0118092521,0.4085204686,0.8720778545,0.2177462541,0.8681979095,0.6112277226,0.9281926673,0.3631745450,0.2860208204,0.7861742792,0.9183876253,0.8802449472,0.4436292999
-0.1928179760,0.8303655136,0.9085688927,0.0126550323,0.8678451412,0.7692817349,0.2104929554,0.3003481767,0.0622286762,0.6211432796,0.7521610768,0.3854751773,0.9705702821,0.9142215742,0.1679110079,0.3970364829,0.8857580852,0.7849916160,0.4691906764
1.0868903047,0.4492642804,0.3088947212,0.4464275482,0.4381519196,0.6898219337,0.6245135858,0.9390318768,0.4566175332,0.1110176405,0.4290288447,0.3967048578,0.3660403686,0.0129960958,0.6812636148,0.0342003189,0.5219744686,0.4191523904,0.3139691330
2.1708909435,0.6025492809,0.8813631710,0.7971291337,0.0071321840,0.4017289332,0.9571100079,0.2527588229,0.5046054142,0.0721852939,0.0537859489,0.0149727964,0.7731435929,0.7530069905,0.1585892793,0.8549653430,0.0799805783,0.7327989556,0.6360965972
0.7633064496,0.1219379323,0.8301525311,0.5733518147,0.5817756346,0.5584712470,0.2595837741,0.6985062511,0.4194646407,0.5736262588,0.7752481834,0.8361479744,0.0973174969,0.3783158429,0.9738439474,0.4508334083,0.5586539653,0.0999752241,0.7475514870
1.2504041045,0.9995864995,0.9263579668,0.9899000838,0.0190701683,0.8027230145,0.7012267533,0.0762878636,0.4926711014,0.7198872548,0.2644795453,0.6210706168,0.3931670603,0.2571203769,0.0333270842,0.0698900219,0.2277433735,0.5476588055,0.8525076659
0.8778882869,0.3882502984,0.0319251928,0.4323151631,0.6672187007,0.0489659095,0.3699802530,0.2832879069,0.2410233428,0.0568600460,0.4952851184,0.1086145040,0.9335637986,0.8289532337,0.8298118059,0.3920671628,0.4594736563,0.3094376200,0.0121139715
0.6130224236,0.0652646718,0.8593343286,0.4656328587,0.0042431561,0.5879562736,0.4179642877,0.6580182319,0.4854378363,0.2450833154,0.4088876259,0.3582052961,0.5644779140,0.1115769782,0.3316479412,0.2707892759,0.7387926080,0.3830926965,0.0934841725
0.8791112775,0.4663344022,0.3584527732,0.0956869157,0.7171055918,0.8241721485,0.7659717578,0.4860176694,0.0315832867,0.4191806438,0.0067384414,0.2177757194,0.3786018846,0.6278499885,0.9151868100,0.6207748193,0.0630293306,0.3040946821,0.5647621534
2.2017747140,0.5373729089,0.3799825261,0.8099703715,0.6320065838,0.2139335724,0.7465581529,0.3052613738,0.8912079905,0.4088735940,0.6745075234,0.6298158243,0.8225342737,0.3889389440,0.8871057704,0.2239733429,0.5830345430,0.9373136121,0.2706857148
0.5483829961,0.2858086711,0.1252716322,0.0022178232,0.9478932581,0.3206309571,0.4062805898,0.4912916029,0.2848117816,0.7113651512,0.6593281527,0.5682937685,0.1612249368,0.4507956218,0.3758668466,0.5909171196,0.4995634927,0.7215214395,0.1773122141
2.3013249830,0.5994031697,0.1735317206,0.7831025694,0.4698960390,0.9947896908,0.7687268613,0.9479455986,0.7255005397,0.9039365418,0.2291886891,0.9843285865,0.9764865136,0.3340021426,0.4381132974,0.6364543910,0.6218260207,0.0862636896,0.9104688333
1.6600686956,0.4107859316,0.6400818919,0.6211403149,0.5985312887,0.1017282683,0.2861624591,0.9174684684,0.8597949297,0.5082578736,0.1826768917,0.2542688076,0.6634187717,0.0730178839,0.1290802744,0.8062536454,0.2014915189,0.2569003390,0.9112298296
1.4424554357,0.5241622495,0.2790324874,0.3129599007,0.0862273250,0.9617585950,0.2606428612,0.0918228414,0.9622112368,0.6699089953,0.2826080168,0.3463683321,0.0176784109,0.9435870091,0.4271476957,0.4276957466,0.7857104660,0.2231155068,0.3801254931
0.6845964632,0.1181454681,0.1922204249,0.9243483571,0.7308897659,0.6355416928,0.8822143024,0.2996257706,0.5050872585,0.6387581564,0.0685805309,0.4844933424,0.1063446512,0.0346163934,0.5778121330,0.8931014875,0.1657619750,0.2689881808,0.2046464083
1.4833599731,0.7081965625,0.6742050173,0.4393536026,0.0469149589,0.5311302734,0.4081160686,0.2243663290,0.2579861304,0.3901983219,0.3148831178,0.2541694192,0.9109540358,0.6519586681,0.1792516631,0.6415680840,0.7639832380,0.0827892488,0.5408967756
0.6158060522,0.1335717707,0.8480765910,0.7838700040,0.1205356457,0.6632431216,0.2740439956,0.7573314097,0.4369193395,0.9914353220,0.9987814748,0.6516693344,0.1568926402,0.4255170135,0.7425463077,0.1951782013,0.6918345864,0.7966203998,0.9946683511
-0.3588133136,0.9180957883,0.3567737513,0.5991855548,0.1356732051,0.6351042628,0.0360117116,0.8971094989,0.0305186355,0.7647946236,0.1047276255,0.6843244607,0.0303705974,0.8637733302,0.5280984712,0.0259553511,0.7261900458,0.6137199369,0.6080567081
0.4654415206,0.1034686226,0.1530798407,0.4412955288,0.6864290796,0.3297783714,0.9958294784,0.9755407889,0.0957201234,0.8698789889,0.8374091995,0.9514967321,0.7092360292,0.7106677762,0.9917504466,0.1948234580,0.1733085888,0.3523024102,0.5017011749
1.0780313391,0.2188714328,0.4194919481,0.6387964330,0.1975244995,0.6766271981,0.6706165453,0.6061520791,0.0565818503,0.7610856778,0.0941078913,0.4454083148,0.2824670844,0.6603589529,0.8373562394,0.5508690127,0.8098079937,0.4757690469,0.5061767013
-0.1652458079,0.8306441637,0.8108705501,0.4028349309,0.1440112653,0.2093837923,0.8927132600,0.7988794000,0.7948624973,0.3232327680,0.3791274706,0.7759405499,0.9603233022,0.2648220582,0.6117491168,0.2196910110,0.9076648262,0.0640613401,0.2633675024
0.7068302331,0.1411251201,0.4077381345,0.0487123240,0.5633928317,0.7292357731,0.6198825537,0.7033735867,0.9749458772,0.7514448998,0.2959125421,0.7504869966,0.7260853599,0.2704489745,0.0954691739,0.6460579310,0.6231376051,0.1443484162,0.2566824168
1.3491617602,0.3036697376,0.9465684046,0.7563407595,0.5822666861,0.3844514595,0.3479481270,0.7575552750,0.7922054671,0.4945770432,0.8020036199,0.3980911237,0.9575093477,0.1376397203,0.1171620795,0.0938181312,0.0610361645,0.5633697738,0.5170243597
0.4816478273,0.1073210844,0.0789562167,0.5100086360,0.1260249345,0.5441579558,0.8394005321,0.4979067429,0.2617915733,0.9763214290,0.1466882093,0.8452745196,0.7761297474,0.0175040508,0.6459656731,0.6856138835,0.8095584180,0.7571924298,0.9595713813
1.5923562400,0.5170657699,0.4966940238,0.4139095942,0.1284946429,0.0706133843,0.3375489755,0.0494816824,0.2289362537,0.7402644361,0.3990680421,0.6802732349,0.5742102443,0.3712824089,0.1542294885,0.2854583992,0.0790967352,0.8398565406,0.1002881220
0.5839467063,0.8023468917,0.3806987253,0.6749943827,0.0569220138,0.0135020318,0.8160748130,0.1768436118,0.3285164318,0.6592675826,0.9355605860,0.8877287564,0.1760948021,0.4886761363,0.2475799562,0.3695662527,0.8772262841,0.1638804466,0.2989989780
1.0723358823,0.9242953172,0.2831206936,0.9164495457,0.5565129722,0.0056233325,0.7321016677,0.4829181778,0.4721637595,0.3179035034,0.3276678172,0.3693113280,0.3471692700,0.8290006844,0.5702581710,0.8402463420,0.5692424713,0.8773203175,0.1768934923
1.2894955937,0.7284427720,0.4896667486,0.0907940647,0.6680414277,0.9715417710,0.6231790378,0.8733093219,0.9514408300,0.0307911510,0.4378360807,0.2570071198,0.8696554954,0.7741436001,0.7096511268,0.0299720022,0.7485568795,0.9184121677,0.8070152960
0.9351228070,0.1918559698,0.3768606256,0.9908603769,0.9422511221,0.5438306568,0.2989125220,0.0902953054,0.7095363114,0.0622086410,0.3912067500,0.3665920067,0.4371842939,0.7016854214,0.8323254197,0.8525504359,0.5013133143,0.6627600170,0.7731699447
1.1396751778,0.3199513489,0.4159362060,0.3528889845,0.8088953238,0.4434830130,0.7464482714,0.9156710300,0.0600371651,0.8751914536,0.9562803656,0.9495935879,0.8758508167,0.4391518556,0.8566706570,0.4463322111,0.3253584324,0.6332630048,0.1490976455
0.2893793192,0.0082158651,0.8102260742,0.4039922256,0.9507460654,0.4950321382,0.2682086314,0.7448699636,0.7160138346,0.8656056904,0.1154175703,0.8120878222,0.8900536163,0.4083955985,0.7591027073,0.1750265776,0.2669279180,0.4608580302,0.5330798616
2.5436895833,0.5817208217,0.0963145687,0.9266930695,0.6821967633,0.1727878434,0.9012308683,0.6144805231,0.3339069933,0.4314213034,0.2480580305,0.7423902986,0.5721040359,0.5764281427,0.7816988829,0.4505796261,0.9256388313,0.5534230609,0.7121760346
0.0312933621,0.9800892612,0.8239730625,0.6231944397,0.3746701393,0.3757955862,0.6916351061,0.1685510120,0.0617034018,0.6413980780,0.5004321226,0.0629113564,0.2851433981,0.8345037260,0.1248237799,0.6092723641,0.3310630926,0.6940261573,0.0339839694
0.5902572869,0.1652254524,0.8376794693,0.8560600373,0.6212158953,0.1767931835,0.0869540235,0.4576248634,0.2413859097,0.5148451517,0.8667629195,0.6602430524,0.1666701344,0.3806032250,0.5311469961,0.4184924913,0.4041025898,0.6639372186,0.4418209839
1.0605564438,0.9688929200,0.1062653585,0.9472177300,0.2529583518,0.5167155989,0.7887679852,0.0636012025,0.5344649790,0.1127118770,0.3702342655,0.7184553471,0.7653813331,0.7813130957,0.9488694404,0.8386142103,0.2971871131,0.5281898866,0.2606271823
1.9984461589,0.5808158490,0.8376355217,0.5711814050,0.0367097524,0.0037885855,0.5352175912,0.9830250635,0.8998274226,0.1244332759,0.2323024794,0.4694222416,0.6448551929,0.0508778783,0.2016615175,0.0113557005,0.6339231575,0.5789021203,0.6189873926
0.5715321891,0.1188231161,0.2892316853,0.0448391764,0.5005183962,0.0669986613,0.5532041405,0.7326264734,0.2704754865,0.7467483363,0.7780613643,0.6765749430,0.9591599352,0.8458932718,0.2479987216,0.1664905892,0.3561339294,0.6533532526,0.6521605584
0.7734245207,0.1443468832,0.3159796949,0.6490745043,0.0910390937,0.5398494682,0.8571948282,0.6668627366,0.4404104216,0.4315459680,0.1375687877,0.2724157873,0.0164422633,0.3289068496,0.1435720826,0.6181456308,0.1808310806,0.4769763357,0.6154483060
1.8325785487,0.6693576006,0.5431187679,0.2068136978,0.3238997754,0.8398117258,0.4140113010,0.4909323482,0.4414248738,0.3390601871,0.4813504643,0.8098137375,0.0152830953,0.9201395041,0.2560868349,0.8926082832,0.8237922495,0.8933372945,0.1613750502
-0.3612197109,0.9421902843,0.1268197322,0.4940214304,0.7757901924,0.0986304359,0.7054480611,0.6546442527,0.5602438412,0.1925457471,0.1394540651,0.9940118104,0.9323098679,0.0399556339,0.4202969265,0.3720593145,0.7616326586,0.9812025183,0.0632817388
2.0673542106,0.6535268854,0.5686867366,0.3308049957,0.2016702158,0.7568884520,0.6900991808,0.3850187034,0.7956116472,0.8669957349,0.9313114446,0.0517948742,0.1454248622,0.7511885394,0.7918326631,0.0373135625,0.7986378732,0.7971218685,0.5656721026
0.9712616093,0.1900509488,0.1526049287,0.9766513053,0.4022643227,0.3839918022,0.7142371266,0.5093659341,0.8146995443,0.2720856467,0.2828213232,0.4246132067,0.9368966234,0.2476819068,0.0871282586,0.2583215336,0.0006362298,0.9123115574,0.2208869524
1.6061407480,0.3052202985,0.2546974056,0.9220757174,0.2728547785,0.8875154598,0.7570772722,0.3253503433,0.5221057876,0.6663814705,0.0340557450,0.9392530184,0.6647253407,0.9522687698,0.8430761968,0.1003722499,0.2673249136,0.1203481811,0.0842991118
0.1068817161,0.0182433822,0.5858454995,0.2757238309,0.2847191254,0.6617300087,0.4139904299,0.8934367094,0.7571164849,0.2677590828,0.2624479618,0.3859763913,0.1601592887,0.9518746409,0.6741512572,0.7176351016,0.7526888788,0.0013743214,0.8944329057
2.0020405539,0.7056127996,0.9793748429,0.7626662353,0.9228655745,0.1715822632,0.7457026971,0.6982900385,0.2433495529,0.8656933888,0.9515868426,0.6083974996,0.4377112753,0.0187668808,0.5489966573,0.2985080864,0.9298559899,0.5033102034,0.2079311964
0.8556791613,0.1763537009,0.0394278305,0.5552734807,0.5836355460,0.8214462102,0.9419607302,0.2051343706,0.9074106425,0.9948813863,0.2648709405,0.7880210309,0.5124171452,0.9518636138,0.3257929947,0.7026147700,0.7794558665,0.1147975357,0.4328933722
2.0009501838,0.5435264521,0.7802116907,0.6472690916,0.8127834663,0.7050133162,0.3620285213,0.0457038409,0.4573965615,0.6170848942,0.8344862554,0.0730464764,0.4714618560,0.7854914494,0.9822872855,0.1530440923,0.3164551031,0.9998837408,0.6102278895
1.6450362236,0.5430741312,0.8846149995,0.3947502030,0.4958670250,0.2115186986,0.0877111816,0.7912251290,0.4679835443,0.8828780492,0.6359961664,0.3285177639,0.7325260449,0.6652145593,0.0312773094,0.9446506662,0.1007659880,0.4908465865,0.1825879756
1.0123422876,0.9590723314,0.9321896521,0.9502522164,0.1644907579,0.1333634546,0.4364312481,0.6355888478,0.9893429009,0.6414379338,0.4303044023,0.3355359954,0.2960863670,0.9791277713,0.9425510813,0.7358526328,0.1927906980,0.3966366392,0.9338973176
0.9444787899,0.1959234898,0.0736351254,0.5345157891,0.6370114500,0.0566231197,0.2974427521,0.4456602387,0.8661481193,0.1959737753,0.4114829485,0.6185035255,0.1926940071,0.1261346825,0.6932831717,0.6121952381,0.9776625088,0.4003260713,0.5953499935
1.1772973784,0.7255528249,0.0690423610,0.4762518024,0.7331372369,0.6789292668,0.1807241366,0.4486503649,0.4977027630,0.4155387451,0.6108967894,0.9238355408,0.2596236976,0.9781850089,0.5658273649,0.5851542832,0.7341694796,0.5599452092,0.3020259341
0.2974000523,0.4016813343,0.8344207481,0.1076245232,0.3537891819,0.1690310919,0.7167527804,0.7906316629,0.5302447806,0.3909888588,0.9788271572,0.1209694739,0.3325311848,0.3837579022,0.9533828118,0.5758114428,0.2718809694,0.5472482962,0.9329750919
1.9206571839,0.5846590334,0.5941181721,0.2315471967,0.9049460214,0.7213596896,0.0073905015,0.1692276037,0.1748569534,0.1700755429,0.5733764559,0.9585595407,0.9654313187,0.8583206723,0.2783162450,0.1401965749,0.4489075607,0.7806904486,0.0623628410
0.7312071322,0.3273532914,0.2897434038,0.1684558452,0.1524523060,0.1618404107,0.5301372788,0.0811096314,0.7810070419,0.8747163127,0.5874776104,0.0700012437,0.2976258651,0.0349686893,0.7487060275,0.4051104363,0.6144318766,0.0433946503,0.0096203999
-0.1737288992,0.8286086062,0.9313792229,0.5008400084,0.0563770428,0.8856931084,0.9481720792,0.0395720392,0.2302116497,0.2401788325,0.5064210377,0.7006310916,0.9590215998,0.4484726874,0.0132189839,0.2838574818,0.0810665444,0.8987728254,0.0642217064
0.7563311773,0.4401124285,0.6804841941,0.1601757967,0.9918950623,0.3276439079,0.9012026212,0.0802997384,0.3925853070,0.7119698276,0.0279113181,0.1449985589,0.6043188267,0.4868199978,0.4418358807,0.7190368326,0.9307823206,0.5772959092,0.6972430985
1.9637456933,0.5712359095,0.9832876814,0.3720967930,0.8936305511,0.6825374659,0.2003594620,0.6577848724,0.4342505769,0.8545576659,0.5615836542,0.0957411617,0.3041776437,0.1745966212,0.7783028791,0.0710619105,0.4399232119,0.3665789405,0.1354930098
0.7271048168,0.0241783429,0.9793309931,0.1241891765,0.2435681024,0.4774659683,0.8722312136,0.1136087038,0.4705611809,0.4017633373,0.5206847537,0.8151911111,0.7262483407,0.9014268622,0.6594139320,0.0338829722,0.9722607649,0.4708639331,0.6744469378
-0.0601320884,0.9511953437,0.0133295504,0.7808208063,0.6735811222,0.4515571164,0.2893962738,0.4946789012,0.4725592898,0.8092040313,0.1337368244,0.3126236017,0.6096267973,0.2421517559,0.5742353175,0.9670643969,0.6345210764,0.1197015797,0.1497677240
1.5740832232,0.3702753439,0.9701908804,0.7864777004,0.4367169792,0.7413414461,0.5635615780,0.6454352595,0.9462400886,0.5738808006,0.9678535751,0.0910258037,0.7243365487,0.0882421696,0.5885395043,0.1488559045,0.5986536691,0.2560065754,0.4605187076
1.5780138627,0.5211936599,0.4848029179,0.4807872899,0.1542271957,0.1103439330,0.4299818360,0.0714965631,0.9276680849,0.0794539253,0.6922321187,0.9034278960,0.3748177687,0.3248171154,0.0843603389,0.9799314235,0.8489565740,0.5897679689,0.1683586721
-0.1184860490,0.9576228101,0.8361108994,0.5286577991,0.8819311868,0.8498919549,0.8404315580,0.0189482543,0.0357273710,0.2037992712,0.3187114287,0.9240154368,0.1650941670,0.7716676568,0.4838619105,0.2987791187,0.5551359140,0.2720233765,0.0110064755
-0.2258527805,0.8437883105,0.3028196094,0.4446197941,0.6762347483,0.2504145001,0.7779312937,0.0030810174,0.5239356571,0.9157384317,0.3673494538,0.7917922258,0.7264618280,0.0647717600,0.9965763261,0.3430163678,0.4391117272,0.8051928582,0.7877655182
2.1195854104,0.6404091962,0.6165514369,0.1482977931,0.3507539942,0.2062367399,0.0795332863,0.1792340555,0.2735214790,0.5250824060,0.0716260227,0.2008484894,0.1679663971,0.4021717387,0.4763607085,0.3955740435,0.8505551997,0.4575542187,0.9123085545
-0.2995890169,0.9183365498,0.2802354645,0.6410094869,0.4951055327,0.6657766591,0.1839063138,0.5830527677,0.5608047499,0.9106772809,0.4054468723,0.7968024341,0.0157871478,0.1095167761,0.0629055796,0.1069434098,0.2394795997,0.7206465851,0.8065401379
0.3286759247,0.0724059603,0.3481693266,0.7286099568,0.2977513930,0.4009105794,0.8029847116,0.3169665219,0.2099378068,0.8725424868,0.9671599346,0.1861035149,0.6840635474,0.6153441061,0.2622753972,0.2599449799,0.1152932141,0.2625093291,0.5002359989
1.6232284751,0.5394761480,0.3300253638,0.3353056141,0.4786972235,0.7155029968,0.8509780453,0.3916895649,0.0361370262,0.4078745244,0.8550569761,0.8085985807,0.7619286355,0.3566473453,0.8868122534,0.4721605045,0.5339569820,0.2206855456,0.0004046170
1.3482013584,0.5179031646,0.9550481003,0.3253295373,0.5873714244,0.7381048993,0.1039507275,0.9291160983,0.1136918409,0.1181092132,0.5968364798,0.1437169404,0.0674526826,0.7868645031,0.8076898823,0.2359826466,0.2028787577,0.7549528028,0.4971904987
1.0798412140,0.7643270014,0.3721635347,0.6397741254,0.3438561029,0.3980820994,0.2787570214,0.1715956818,0.3641330445,0.8552913660,0.6674120282,0.0991709108,0.9644364917,0.8216171336,0.6524505947,0.4706934702,0.0813159276,0.0908641942,0.0901153641
0.5388496588,0.0980055756,0.1315089807,0.3226914796,0.3936171251,0.5405251126,0.6591600143,0.7333271072,0.9722175681,0.1311459984,0.6707463183,0.9678298449,0.9688425089,0.3889689742,0.0680894077,0.7385776031,0.7499585192,0.6081494874,0.9388117078
1.8645617930,0.6316020711,0.0210621895,0.4383133452,0.3044513133,0.9590634113,0.6133555396,0.8992085454,0.5995475648,0.9161208866,0.5480660910,0.9220616956,0.1519860419,0.4601175507,0.5914476438,0.0569942960,0.4330613823,0.9040608306,0.3701476215
1.5736821555,0.3923333612,0.7689752040,0.6254318093,0.6272193128,0.0494514129,0.1590582067,0.7320493937,0.5810998064,0.1913855308,0.9769249513,0.3978088336,0.4722293363,0.6718222826,0.7474874090,0.3351117507,0.9058456195,0.5783010399,0.4495969216
0.0554889017,0.0004872535,0.4277035548,0.5200789894,0.5688441392,0.8744252284,0.3348858417,0.9313626421,0.2244533677,0.7856675799,0.1951553378,0.8164064040,0.8428128675,0.4079667492,0.5565891618,0.5597876000,0.5835520015,0.7803296051,0.6791214769
0.3211840492,0.9242784328,0.3102642725,0.8281973318,0.7800392022,0.1154959135,0.3300977207,0.9376447246,0.0847392273,0.0252643327,0.9419471938,0.1213956395,0.1945423451,0.2342176605,0.1772373969,0.0283164256,0.1316537786,0.1036102702,0.7602330470
2.3987624115,0.7838589156,0.3376879662,0.9441917313,0.0580463100,0.6673523413,0.1755994762,0.2396747413,0.8917855637,0.9626992297,0.4159320150,0.9558250801,0.6571584161,0.8117628036,0.6067450120,0.0044850631,0.6891463409,0.1960030859,0.2880362878
-0.3011709465,0.9190724350,0.3302873098,0.0755940263,0.9261532508,0.9456657227,0.6882887045,0.4905167026,0.1699721301,0.8958634806,0.2880939909,0.5366460258,0.0980542695,0.2066921143,0.1638983480,0.4073686840,0.5954420222,0.5164602022,0.7635119597
1.6008182299,0.3871409891,0.8987486809,0.6109003348,0.5215332768,0.7320620911,0.3285006365,0.4654447267,0.1492310781,0.9244541514,0.7095099513,0.3442658338,0.8622638275,0.3678966780,0.0143213745,0.5971108746,0.2679099681,0.7543006192,0.3210604881
-0.0096701735,0.0180212647,0.2563817943,0.9499692935,0.9418392367,0.9326930440,0.2621144088,0.3996431961,0.8405262058,0.3806964791,0.1080480789,0.1417426072,0.8380208343,0.1925667249,0.1945463040,0.2595687011,0.3495553692,0.6548833439,0.4597354649
0.6834149305,0.7687242907,0.3761739535,0.4449339409,0.7171613749,0.9012994607,0.7576119516,0.8949846435,0.7047970467,0.4546929217,0.8462549931,0.5098688477,0.4674360119,0.3808321516,0.4660226636,0.0440560084,0.7988781882,0.0184633241,0.7402318255
-0.3995242118,0.8567398021,0.6414394973,0.0023730669,0.2816621216,0.1958220763,0.0924483896,0.9714997585,0.9380477784,0.6701404835,0.6404060344,0.4923945903,0.3968692337,0.8933623451,0.7734801537,0.7496055455,0.5245039557,0.7918698478,0.1668167406
2.1947364957,0.5877634525,0.6920278157,0.5459132776,0.0227194782,0.8564810680,0.2732047679,0.3750261591,0.7873174473,0.4659617791,0.3595133421,0.6294023038,0.5318170172,0.1831410633,0.4519235643,0.7384730920,0.9578146983,0.5100610176,0.9357768969
0.8623691907,0.1931435967,0.9900215654,0.7527852087,0.2104250963,0.4504741335,0.8922865803,0.8352669631,0.3700147494,0.6543675375,0.3940143046,0.3306379959,0.6649441479,0.7052745588,0.1421537725,0.2581683953,0.2622855167,0.1921274681,0.4057744579
0.7715935086,0.1505448446,0.4267851330,0.6134410062,0.9063711522,0.9139925533,0.4112170280,0.1640577438,0.9562728539,0.3169818854,0.4485965251,0.5616394747,0.3302877479,0.8738335709,0.8213713367,0.0105212133,0.2630230101,0.9947980725,0.4364363538
1.4924976030,0.7079657068,0.9499246065,0.3537047005,0.1220762878,0.0140108776,0.8396911884,0.5432307044,0.4490123421,0.9848121316,0.9851782895,0.8552231916,0.2979343153,0.4738513194,0.4801198752,0.4620655021,0.0875312708,0.7517349471,0.8771975086
1.1895026073,0.2560253497,0.4512518252,0.3305320875,0.4893871101,0.5999965548,0.0786192745,0.3716237227,0.0004158077,0.7903192634,0.6649026831,0.0631725931,0.3878594418,0.1087186528,0.3874676307,0.7774387915,0.2086152821,0.2278580716,0.1880620812
1.8275756487,0.5821437520,0.0664063863,0.3096715864,0.1044420460,0.8176448368,0.2520535750,0.7423488243,0.5307414590,0.3512786261,0.3326139346,0.3609607487,0.6650128773,0.1550988140,0.0952135843,0.4243841029,0.2420908319,0.0063222864,0.8390054083
2.0747290424,0.5642369948,0.7969797023,0.6604006571,0.8612474558,0.9803635197,0.8931282611,0.1874054785,0.6164679986,0.7807256904,0.3609649484,0.3564533341,0.3709827159,0.2564857929,0.0949111976,0.7446896300,0.0157182637,0.3519584511,0.8713525999
0.4717632472,0.7846018716,0.3439540939,0.3962867030,0.7962980919,0.2183291298,0.1395921446,0.5286584032,0.4052287549,0.0062103699,0.1293389756,0.8681947434,0.3408099167,0.9552010931,0.0630650050,0.6403203843,0.2309071136,0.9680237430,0.6083191800
1.0296284142,0.2486962908,0.7795568781,0.0070263559,0.7365624426,0.0250901919,0.0508867417,0.2267731832,0.9015720123,0.3352834257,0.8836944024,0.2935424835,0.4918868026,0.0351551736,0.1598908966,0.5046918299,0.5248469003,0.7694767290,0.3398997979
0.3626386162,0.8983118970,0.4012335256,0.8099529876,0.8646237022,0.9726127383,0.2884176830,0.0077720236,0.4835891811,0.8900860400,0.5592619108,0.1508664270,0.5408715053,0.4761099082,0.6595819309,0.8506247974,0.8757845296,0.7719849027,0.1759117916
0.8925815824,0.1980273471,0.1628954799,0.2900589298,0.4270603379,0.0969550239,0.6108107353,0.9793224482,0.1746367764,0.1037421373,0.1883158451,0.3469356738,0.7731984365,0.6184432738,0.2342528043,0.7976383658,0.2312362289,0.9331067139,0.0954407498
-0.3558478280,0.9454513160,0.8620821264,0.1876671846,0.7553964200,0.3710603256,0.9137304051,0.8528001370,0.5508722148,0.0865578458,0.3075591653,0.4896666707,0.3332755436,0.6849034235,0.9857215604,0.7397996858,0.9629424099,0.7487111285,0.3338588890
2.2439017126,0.6128204972,0.7198572616,0.7348396920,0.5757841850,0.1758027596,0.9814309467,0.1755797169,0.9259984493,0.4149994886,0.5548467042,0.6575755604,0.8405850521,0.3854588234,0.4325354308,0.9447591456,0.4521556134,0.5824557083,0.1654685230
1.8868859040,0.4229288139,0.5030271193,0.8077178976,0.5177560010,0.6965085272,0.1157670299,0.2957657931,0.6856561708,0.7662992242,0.3666651188,0.1839117782,0.6954570902,0.4186801887,0.0573467735,0.8021277608,0.6469368558,0.5052183764,0.5851905782
0.4933157249,0.0711083936,0.5262803721,0.3394692989,0.4617580602,0.8654536115,0.6424438277,0.4782084688,0.0167151175,0.0271833858,0.2048144959,0.7751854706,0.0581338970,0.3484711532,0.4133716245,0.2689468522,0.2501612038,0.8786984171,0.1685562682
1.6569986655,0.5284664342,0.8975795359,0.5165275690,0.7404408606,0.7606534837,0.7989108213,0.2586493805,0.6022277708,0.0605722241,0.1124433780,0.1708029133,0.9640486137,0.5483164978,0.7379092682,0.5033294798,0.1260172692,0.5247145074,0.2984234704
-0.2216548135,0.0181528825,0.9653613185,0.8515179048,0.2791962747,0.5979234794,0.8206666081,0.6100498973,0.0458783260,0.7114598569,0.6499880677,0.9228432726,0.7240480309,0.5110035534,0.4753358137,0.7291711201,0.9662636423,0.3714401199,0.5979298479
0.9149240258,0.7564961578,0.3937017814,0.4665776683,0.3660370188,0.3795194026,0.1011604078,0.4596236457,0.8203192165,0.6346972551,0.8675456463,0.2980845853,0.9703819085,0.4773588487,0.9839463534,0.2162791650,0.3110265707,0.6341007593,0.6592849062
-0.4544766322,0.8396839577,0.0051124715,0.3556642294,0.6244931491,0.6993346441,0.0367211446,0.8645509868,0.5486653887,0.1489253083,0.8452541252,0.3708698033,0.6998235105,0.0156532472,0.5131526388,0.8371571222,0.4519626238,0.4186144375,0.3651328322
0.2133133292,0.0393589524,0.1763984762,0.8905926535,0.2925572973,0.3766839807,0.0435591150,0.8692804257,0.6780645974,0.3641779189,0.9363944913,0.4466333235,0.3480044656,0.2358319101,0.1539632165,0.2606799474,0.4822567180,0.1759361614,0.7060799294
1.2016200340,0.2784888588,0.8244247765,0.9325754206,0.8960835701,0.2940357850,0.4310223678,0.7903529686,0.1994211024,0.0659687926,0.2297836474,0.1712590528,0.2401726389,0.3775357347,0.8788896041,0.5925015556,0.0567349797,0.2137013261,0.0351204080
0.7058497480,0.1340018523,0.4586324322,0.4531982025,0.2528061975,0.1517495370,0.8717003738,0.1813700468,0.6664472847,0.6416965095,0.3517657211,0.9526073293,0.9978600706,0.3174979462,0.1040946819,0.4541244134,0.0551573047,0.0205181814,0.3965948645
2.2843886129,0.8076050644,0.7602971256,0.9928477865,0.0948812049,0.8469097198,0.3331229314,0.6591901260,0.6720766227,0.0457015792,0.1406936652,0.3916507451,0.3695955793,0.1784459224,0.9482696081,0.9676142815,0.7583643647,0.5577794078,0.9465064048
1.9960590545,0.5753663545,0.5903622347,0.3244404079,0.4738918222,0.5311680379,0.4602173219,0.8404852828,0.5238640929,0.4097430363,0.4116846787,0.3778117122,0.3669324830,0.8824805387,0.0814721457,0.2124003476,0.2666423457,0.6947317933,0.7743669486
0.6403514613,0.3803278918,0.3784916420,0.0611422903,0.9228885010,0.8868363270,0.7684369241,0.6251636882,0.4442708921,0.0032644649,0.9309367288,0.0841628409,0.4162445719,0.3086950916,0.5090496614,0.5544723388,0.3832778506,0.3909711310,0.8753263413
-0.6048298399,0.9175047900,0.9840271894,0.4524270694,0.4138824177,0.3528953182,0.9646038333,0.9894098306,0.0706805284,0.0127676936,0.1391593609,0.3751320803,0.7105721992,0.8795678957,0.1657848536,0.4900349696,0.5257330227,0.4325174136,0.0448374676
0.6362720885,0.4436369954,0.2633856520,0.1711730729,0.3907463097,0.5801289482,0.6244257794,0.8171268279,0.1697728957,0.9385373272,0.1140385124,0.6239253542,0.1178354610,0.5885072605,0.1651756464,0.1585543197,0.1343532951,0.5448722273,0.9546479676
0.8388787901,0.3340824137,0.7159943311,0.2041732418,0.2418362522,0.4698220785,0.8655182814,0.4612346813,0.9940207773,0.8125560912,0.3924624810,0.4764626237,0.3522495480,0.0566183663,0.6114943457,0.7545833004,0.7141793175,0.1192517766,0.8088148481
-0.0389190457,0.0038287879,0.1092165318,0.9211824603,0.7284528036,0.4290943197,0.5960263431,0.5626116141,0.6247083482,0.4204541924,0.6692528616,0.9441677109,0.2963898942,0.2910577707,0.6862023006,0.1799869199,0.8631228749,0.5562548285,0.1558543543
1.2157292132,0.2589787745,0.5852025681,0.3124384721,0.9141307215,0.0349429312,0.2849514938,0.6379656554,0.9137841465,0.2865996090,0.5127638136,0.4759476225,0.8736351783,0.5330414131,0.9162544851,0.2946888306,0.5735462910,0.3990312907,0.1785607830
0.1731680963,0.8512300264,0.4082420529,0.7133963751,0.8461763523,0.1230783558,0.2206692078,0.3234892288,0.3711023064,0.4059960650,0.3372272578,0.0671352386,0.3371916008,0.5137526084,0.4677874591,0.6603043631,0.3139142396,0.6328573047,0.1876378443
2.2743474381,0.6176237761,0.8603091607,0.8178502955,0.1675460638,0.4880180340,0.5682366134,0.7960428725,0.3780142037,0.0372366968,0.1078674638,0.9494411909,0.4856586412,0.1903685697,0.7286196911,0.9791951789,0.5702360149,0.0002250422,0.0119938991
1.8528975311,0.5603747353,0.6003012638,0.4605209254,0.8620856015,0.5218606618,0.9872058126,0.1580178103,0.2177842316,0.2409839651,0.2461192929,0.6490421509,0.5275984286,0.8781027165,0.9352569727,0.2798544541,0.0354023019,0.5062651745,0.5553393326
0.2509788798,0.3675501644,0.2299900482,0.0785086797,0.7211287808,0.2447354308,0.7737044462,0.3501811127,0.6512514502,0.9169441485,0.5542126630,0.1397935241,0.3042325767,0.4075425502,0.4671989164,0.6846571443,0.3911409854,0.5030739736,0.7222431605
1.9330835987,0.3732125350,0.1460061364,0.9376367948,0.4907666961,0.4711715435,0.1270792675,0.5624771626,0.8900209524,0.4869206239,0.9577673633,0.0268137296,0.6862927220,0.9415651001,0.2741441208,0.0999284690,0.4894211201,0.1842735809,0.1562057991
0.1523476576,0.0627155653,0.6713108504,0.9535392834,0.1079522415,0.8029978224,0.3606111712,0.1133634462,0.1061775100,0.9367209063,0.0444466618,0.5260576568,0.7630241066,0.1517517892,0.2256998772,0.9184332877,0.3381643125,0.5272072265,0.9919253679
1.2507672568,0.7288808208,0.2996594776,0.1126213243,0.9853930008,0.0120949860,0.9040500574,0.7864310812,0.2393113669,0.5236459339,0.0079789667,0.6706920741,0.5393941003,0.1468376654,0.8243288433,0.7347268332,0.4558882632,0.8770212557,0.1874776731
0.8810237542,0.1631916047,0.2798825268,0.8843574572,0.7313387295,0.4669437878,0.1843070997,0.0882941271,0.1483679488,0.0639152148,0.8775441022,0.2105359077,0.7094348044,0.2273329526,0.5571800027,0.7430598554,0.8435264431,0.3152929452,0.2233387719
0.3463749365,0.8915873853,0.8390080077,0.8161840549,0.7095206270,0.8892951487,0.5347323921,0.3723703667,0.2201005001,0.6134479179,0.8152662001,0.2048924053,0.7466339224,0.0293875519,0.9634396613,0.9772194949,0.1573115473,0.1358477638,0.6394485873
1.0410853514,0.4755573328,0.7650401177,0.2243618300,0.7587640231,0.5143002109,0.4467373443,0.4549039574,0.5424572816,0.7705313334,0.1994685212,0.6557827746,0.0408863655,0.4703682579,0.5772799014,0.5314693817,0.0189241911,0.4948375295,0.4629727740
-0.3300633196,0.8456149312,0.6808110089,0.1113606225,0.7827235443,0.8348927471,0.8625736226,0.7236167933,0.1921072944,0.9265437653,0.7752261999,0.3673475777,0.1309552825,0.0593243376,0.3296105390,0.5644290134,0.3973903717,0.1423164513,0.9006513552
1.8854338556,0.4677824697,0.5834645642,0.6852850575,0.4374004248,0.8915352731,0.5406026062,0.9564307321,0.9433729528,0.2328273610,0.8305135312,0.6830911768,0.1670688248,0.2506729919,0.9506301438,0.1326487758,0.0476516299,0.5953051579,0.1455508942
2.0408861887,0.6457993662,0.7931889338,0.2991102862,0.4729102793,0.6830746014,0.6477129614,0.5738274709,0.1520779799,0.1542461848,0.4729479360,0.8660817823,0.3812692902,0.5992682747,0.8675339619,0.6132833352,0.9080968220,0.4915410108,0.2133865517
1.2284788349,0.3901112991,0.4664886755,0.4144276008,0.7915478832,0.9521547036,0.6130993886,0.3611860618,0.2718740605,0.7635645091,0.3249268426,0.0344780345,0.4862101550,0.6155754526,0.7488442114,0.1787070804,0.3066285275,0.4383711539,0.8339051325
0.8149437765,0.4822341385,0.9096921837,0.0096608980,0.1184150010,0.6653766415,0.9251231896,0.7379793324,0.3388192010,0.1068560473,0.1983961728,0.8743803217,0.2207316714,0.7226035155,0.4013880382,0.5283530537,0.7520582672,0.5787797288,0.2934562920
-0.1483184797,0.9715538772,0.1221845310,0.4329408437,0.4384982395,0.2303794970,0.8850307060,0.2789668596,0.4020091559,0.5658254829,0.1915144604,0.4885518283,0.7903690045,0.0704813053,0.4802079635,0.5088933904,0.4132332371,0.8645278332,0.4186970560
1.0868146422,0.2632285085,0.4159592528,0.3241395882,0.3549601643,0.6450030736,0.4828860678,0.8709981333,0.9889894580,0.0351958057,0.6867991888,0.5410167430,0.8405230340,0.8646639526,0.2435514432,0.5105805123,0.5314698908,0.6748772360,0.4377035270
1.4072299565,0.2947917181,0.4512631688,0.6951149149,0.0008966459,0.7496333686,0.9167092929,0.1815928601,0.1154422723,0.8897246366,0.5992826897,0.8511724176,0.2238349017,0.2012825438,0.7287972762,0.8460220361,0.7403242691,0.5364030810,0.8831068693
1.9102177532,0.5823688993,0.0030590137,0.3377552410,0.2084745221,0.0525180598,0.1580361653,0.4317971463,0.3351653813,0.1011612274,0.7877912227,0.8807940247,0.7647311030,0.2068453267,0.8080545782,0.1162896609,0.9057536256,0.0923823335,0.8291099050
1.4844778484,0.3394925528,0.5830952620,0.5739020124,0.5993237341,0.2501774410,0.7542928233,0.1603266914,0.8960495373,0.8276989469,0.2593565149,0.6546670332,0.0012254620,0.3117178138,0.0316506250,0.2028210778,0.0651539383,0.0018605791,0.9645892123
0.1617662596,0.0138221573,0.6584678558,0.5409151135,0.3505949647,0.5566364606,0.7337616382,0.8142190990,0.5217920304,0.6782886696,0.2191280847,0.1561410755,0.8260639434,0.4672589017,0.9604751558,0.3227987945,0.1114305156,0.2877900460,0.2490829606
0.7544853289,0.8905133607,0.4803871815,0.8522949934,0.6567258378,0.8116592607,0.0894279856,0.1765009307,0.9579184882,0.2445396870,0.9851199221,0.9901970985,0.4995567630,0.7851920860,0.3015129062,0.4262675871,0.4054449910,0.9946808667,0.8907468334
1.2503786169,0.2194663015,0.7895549687,0.0426112860,0.9101422482,0.9046742642,0.4339204752,0.2107882645,0.4375552726,0.3793516205,0.6178143464,0.1754010283,0.9969867574,0.8219893957,0.0671656338,0.2530593607,0.3078047933,0.7111471192,0.8012433095
1.9351511231,0.6593892317,0.1606301957,0.4971265805,0.1500924956,0.2867738886,0.2013533292,0.1779881143,0.7974784560,0.2080812323,0.6657747363,0.7768753006,0.5401689549,0.7961916007,0.9551127511,0.5453769018,0.5236866159,0.2455605325,0.6238608992
1.6919256742,0.8545968068,0.1502078312,0.9157531666,0.7953832386,0.1728488258,0.4363790790,0.8679363486,0.4201508138,0.0663984660,0.2054862326,0.0822749825,0.7395965538,0.3137395559,0.1125242326,0.1775059024,0.1687596482,0.7663555562,0.5982484024
1.1733224613,0.2197342298,0.5951005224,0.2574994882,0.5059626142,0.9305715552,0.3590721507,0.2045192981,0.2688154437,0.0888132870,0.0302049614,0.0359926368,0.5529183017,0.8503190292,0.4202257956,0.1608039043,0.0799354730,0.4327978316,0.1998548082
1.1175525467,0.2325501044,0.6856111720,0.6976663250,0.1327574685,0.4868191036,0.7265409523,0.1694788864,0.3637358701,0.5551658384,0.0897105626,0.4094109106,0.4985191531,0.7907047803,0.3385836554,0.6570155535,0.6718623624,0.3602967549,0.5312138045
-0.3872328883,0.9180857133,0.4496082919,0.0258193327,0.3171113474,0.7002532720,0.2591930618,0.6877629522,0.8452523311,0.0829868164,0.2308304112,0.6207218482,0.0807383569,0.7129351365,0.2736552944,0.2685036326,0.7587261958,0.3036052741,0.1776691299
1.0815402965,0.7243788212,0.9237298626,0.1805827061,0.3852511655,0.3080993782,0.8297858145,0.3338893515,0.9761184584,0.8511312698,0.1141067594,0.7720857430,0.3162091551,0.7617956557,0.2665412730,0.5260370765,0.4562753774,0.7968134658,0.2958919671
0.1751528584,0.0419216516,0.0707234782,0.9188910116,0.5326643121,0.1371387117,0.8475393215,0.5256470129,0.4242730995,0.3483175890,0.4762539477,0.8600825984,0.5987169645,0.6249271364,0.2754720518,0.2185778901,0.5566720201,0.0709170124,0.9252381091
0.9818055163,0.1827331356,0.1200676797,0.1575971816,0.5218524560,0.5895291342,0.2129358329,0.4851421855,0.7758423202,0.1563664698,0.3223455427,0.2366525876,0.4160603541,0.7319367036,0.4037514992,0.1420107550,0.9487395955,0.5700240669,0.6214278435
0.5162837202,0.8184286480,0.0910873152,0.7456308313,0.7805300938,0.2654360021,0.7376508616,0.6252328641,0.3196475376,0.7085027697,0.4757626871,0.7778739699,0.9503920841,0.5205560712,0.0611218292,0.3528377363,0.2357284695,0.5650572694,0.5439018058
0.3842157119,0.8200551343,0.5173781529,0.6894049509,0.3215185463,0.0713485715,0.8688294849,0.3777732569,0.8640040641,0.0039529851,0.0516387241,0.8876094449,0.4873783417,0.1458879237,0.0838914732,0.3962044523,0.8240113016,0.1504250181,0.3648400282
1.4447104592,0.7124831801,0.5794230477,0.3554041308,0.5890128620,0.3241194400,0.6550435186,0.9860633102,0.2110695927,0.9138474042,0.0713785427,0.0146875471,0.4622561637,0.1183251057,0.4602477337,0.7680406434,0.8210147189,0.9374587130,0.1313492292
0.7721429285,0.1293261823,0.6065479088,0.5492372457,0.0289761420,0.0465038865,0.9239046368,0.7025959226,0.2132281910,0.8853485750,0.6794309095,0.1795542988,0.6783616253,0.9651708485,0.4767511374,0.9762335214,0.4574948303,0.8337056957,0.7834497327
1.1242431926,0.4610722193,0.4602268402,0.1304624883,0.3057377165,0.5452320914,0.3507380024,0.8990717081,0.6254964719,0.1436924562,0.6090306260,0.9911633153,0.0135256716,0.3611536694,0.9270546376,0.5624671503,0.3695904103,0.8366470346,0.1692164299
-0.3126807064,0.8767485893,0.1513878552,0.6957708277,0.7603418258,0.9399108629,0.0451623488,0.2803513960,0.7729724537,0.1950327921,0.3172147835,0.4339004599,0.1930583442,0.3503656267,0.0871758223,0.6592907447,0.2778217420,0.0100726921,0.6375890192
1.0421280557,0.1887723277,0.0424120521,0.1102547582,0.1555642012,0.4654600984,0.7823437435,0.4323707995,0.5798442135,0.0094479790,0.7892665287,0.5017760433,0.4308552553,0.1562427407,0.9040056362,0.3665726793,0.2950319972,0.8638690018,0.4252479950
2.5074668211,0.5891041389,0.3392630313,0.9650274026,0.7989068370,0.5932381054,0.1135535001,0.0350809753,0.3932865072,0.1561548279,0.5328745552,0.6040446652,0.8406878433,0.4725026644,0.2234061710,0.4949680042,0.2224362152,0.0905501247,0.6263422092
1.9529341765,0.6670506990,0.5248821885,0.2146603195,0.1456773098,0.4940195190,0.7589938798,0.6135819950,0.2501646996,0.1942611659,0.9179810856,0.6158025818,0.0660992099,0.4944084099,0.9405324239,0.3072892578,0.2635797167,0.5260271475,0.4753080882
2.5267191148,0.6756848282,0.0915931409,0.8754403830,0.4099694060,0.9687425907,0.8213062682,0.0044542882,0.3292914481,0.6874591094,0.0571442167,0.6145561009,0.9255007131,0.7766560940,0.7535858115,0.7265093856,0.2659540134,0.9930863216,0.8957581390
0.5404246416,0.1068280264,0.9028921269,0.6851235845,0.9186965407,0.8063529030,0.2573473965,0.4850619226,0.9841351748,0.3129156551,0.3394205449,0.9187152313,0.3256674309,0.0569383618,0.0016451926,0.8623753140,0.9819365449,0.1399425371,0.9565624634
-0.2738452658,0.9487000941,0.1996289174,0.4818103686,0.5271009207,0.8259121919,0.9295291525,0.8369285014,0.7078246133,0.1199823042,0.5698468849,0.1021463574,0.8212616345,0.4545625256,0.4969162510,0.5717792233,0.9263997375,0.5820630025,0.3802368359
0.9844979859,0.4667095531,0.0417312347,0.4008842487,0.4625357116,0.1898992429,0.2710933435,0.1186321245,0.9355883139,0.7120093749,0.8771796202,0.0490032458,0.2286369735,0.2218587805,0.4063691591,0.9040588608,0.6343320113,0.2322188796,0.8291663108
0.8386734670,0.2047063756,0.3631969276,0.3194509361,0.7066785700,0.6920870924,0.0979753171,0.5034100974,0.0783771568,0.3336764838,0.1820402722,0.4841189555,0.5227380017,0.8433276460,0.6325573200,0.5047055752,0.9002186113,0.2354134129,0.5981350726
0.8553640957,0.0740941898,0.8188013113,0.1502313240,0.9088499778,0.2059730414,0.4042131555,0.0257164553,0.6566075477,0.9838567598,0.7982634539,0.8807697960,0.9447139832,0.2934690342,0.2085867518,0.6816093813,0.0872566483,0.4345278238,0.8129519682
2.3719101635,0.6444362495,0.5112127343,0.8449163509,0.6813171156,0.2918214819,0.1950436536,0.0672667757,0.8231595553,0.7517393914,0.4034396201,0.9613633844,0.7213521221,0.3388858685,0.3987076758,0.1794923634,0.3477099480,0.0899646527,0.1711299418
1.5041993546,0.8370397125,0.6500823934,0.8695029998,0.5014288580,0.1490324526,0.8758010839,0.0244587902,0.5057771404,0.0087754586,0.5728951368,0.1727400495,0.4895050073,0.5607860183,0.6397417122,0.8673846630,0.2929673295,0.8571013960,0.7568818283
1.9082190347,0.6592087132,0.0731430979,0.3742480470,0.6486509837,0.3073909130,0.7238660117,0.4467395463,0.9799684755,0.8224620561,0.8468529886,0.6852625356,0.4382696073,0.9160511540,0.2454256656,0.1324924870,0.9089085642,0.1512755866,0.3003323947
2.3312860101,0.6247105601,0.9162413245,0.9640526115,0.8179413773,0.7501976344,0.4414075043,0.3326594135,0.1688447392,0.2326388595,0.5294439909,0.8157060978,0.4902780567,0.2809139684,0.4191122656,0.2659694136,0.6703180704,0.3640524189,0.6884003276
0.9310659083,0.1494404428,0.6508293298,0.3724525217,0.9513043710,0.6020768041,0.1517408743,0.8422718652,0.4194503950,0.1123624525,0.2737538354,0.6736101640,0.1270073764,0.0017625890,0.8723004139,0.4940757149,0.5350805813,0.1660585031,0.2218529264
2.2914150044,0.6395344134,0.8078809851,0.9016680361,0.4075434287,0.5532365404,0.2041045286,0.2894626991,0.1799656575,0.4080273469,0.0206839143,0.1510464599,0.6850955850,0.5084863645,0.2450756361,0.5056985958,0.4554768132,0.6883908951,0.4922010453
0.8242255363,0.1615718005,0.5264970391,0.0373180109,0.8537459917,0.7624226098,0.8659285100,0.2245861181,0.3715282470,0.7231188640,0.2096177903,0.0591548349,0.7192440543,0.8488322047,0.6895648309,0.5025665960,0.5461764965,0.6596749579,0.9953018801
2.7587853999,0.7702231634,0.0392531667,0.9772460313,0.2482529530,0.7103018708,0.7387031625,0.7154886396,0.2396014198,0.6644741727,0.2747979893,0.5352958807,0.2971453793,0.2405318277,0.4394536004,0.1138218355,0.3529817513,0.7970237899,0.3984775983
0.6729592532,0.1175935025,0.6812556721,0.4871074988,0.6693851955,0.8658073815,0.0012444304,0.8061006181,0.9484384896,0.0640032633,0.0506902808,0.3975322729,0.8160905846,0.8357580023,0.4496822354,0.3871484379,0.3215957019,0.2053472630,0.8025843043
1.9228970097,0.6625258796,0.0541683566,0.3421120112,0.3774012943,0.9709735677,0.6460137027,0.8595991961,0.3237989826,0.5323967255,0.0364111388,0.9982308801,0.8031092562,0.4173598795,0.3169050257,0.7375532639,0.8458238352,0.1277601300,0.8788980984
2.7011025331,0.6536634140,0.0896116786,0.9699389753,0.8711675021,0.0933369391,0.2045917238,0.2741555844,0.5654640196,0.5940649460,0.2158411840,0.7622105281,0.1519945408,0.8473568485,0.9788862119,0.6843439788,0.1427738424,0.4418160124,0.3797259457
0.3556710325,0.0760067545,0.4957228086,0.6042588049,0.3410671007,0.5635467262,0.0414322707,0.9249508029,0.9561482358,0.2780995302,0.6084518187,0.7743764552,0.1574565379,0.7866182944,0.2531648002,0.4474025294,0.2363664053,0.5019075020,0.4485862741
1.1264323290,0.2446073122,0.5549474644,0.1865369324,0.6149222099,0.8232085180,0.7930378076,0.3887427060,0.1043334374,0.8985047568,0.4079044639,0.2084286460,0.0351972638,0.6014576406,0.6423783930,0.1747966035,0.4331592412,0.7209694123,0.2574927195
-0.3201461219,0.8481356324,0.8297482858,0.4903409700,0.7565726334,0.5947062011,0.6637087161,0.6502792026,0.9006416080,0.9700904822,0.2006262343,0.0221411981,0.5861415539,0.0800743059,0.3575769877,0.9712448800,0.8391440854,0.0326580875,0.6717263209
-0.0822735873,0.8282967822,0.1564286847,0.2957216515,0.9614770190,0.6720370252,0.2590127864,0.7114179816,0.3505510825,0.2532933188,0.7809749819,0.6449840358,0.3962600098,0.1431276148,0.4379817068,0.2087948446,0.3685398810,0.9740144764,0.5416078373
1.6800933770,0.8584685687,0.1928825355,0.9143368923,0.5271178530,0.3770639890,0.3554848342,0.8850176243,0.6487307754,0.2796594143,0.4641239207,0.2951321794,0.5322398335,0.5448234116,0.5390409763,0.2946331519,0.6299209957,0.3644800827,0.9876554904
0.3784440890,0.3819767568,0.1787091247,0.2768993299,0.1064767451,0.5870730865,0.8396511599,0.0124001230,0.1725009178,0.2380262125,0.9874286104,0.6957847620,0.0235496032,0.6987283799,0.3177479433,0.4674477115,0.6684773570,0.4895494460,0.4737997935
-0.2982425497,0.8383848378,0.9770315118,0.0667270772,0.7890549330,0.1528941119,0.3855662742,0.8286224081,0.2029590416,0.6626425521,0.2628212203,0.9434719096,0.7996796201,0.1076830924,0.8145722254,0.2997341253,0.9654180703,0.6630685358,0.0849302615
0.5363211522,0.7856809111,0.5588970524,0.3702304171,0.2231281987,0.7641737734,0.8199757288,0.8198315096,0.9421069145,0.5960765031,0.8709970363,0.8812102830,0.3846896177,0.0322142752,0.5310445268,0.7965999460,0.1439803913,0.2868071756,0.1879323494
0.3422682527,0.7995641148,0.6241273310,0.3888975267,0.9895586675,0.9600256276,0.5708595752,0.3256291282,0.5668685681,0.8917360020,0.5106515140,0.4830727506,0.9698085621,0.0192541195,0.5394599558,0.3072602691,0.1906948276,0.1807987416,0.8673921924
-0.2361805487,0.8255758083,0.1325276225,0.2016044159,0.2555815760,0.7183662211,0.3135131238,0.7374775976,0.6731819867,0.1453979185,0.4310752423,0.7767781055,0.8315252801,0.6419123385,0.9872813805,0.8092686252,0.2790480801,0.0935160470,0.0450553083
0.9814185169,0.1968926735,0.4203614101,0.0194135604,0.1429687471,0.7525290269,0.1757824410,0.7782639406,0.9973092253,0.1502002732,0.6100387282,0.0220773303,0.6759591087,0.9421920703,0.7819827413,0.3947198495,0.8202172907,0.0164237288,0.2730602564
1.7306491737,0.4021623586,0.6950296651,0.7445259980,0.5064058229,0.1258725411,0.7946331014,0.4796266730,0.9038464743,0.9188638313,0.7137852889,0.3742280139,0.0042176402,0.6944952584,0.5113118817,0.9088833262,0.8198646217,0.0162240831,0.9562684993
-0.2725582274,0.8455802588,0.7365920237,0.4068423731,0.7245092925,0.3173998689,0.7252950106,0.5702677888,0.5216944940,0.0354840693,0.1399057652,0.4795231995,0.1516144316,0.8851045560,0.4207182699,0.3150354332,0.8035717733,0.7323580405,0.2675174934
1.1676211358,0.7333093129,0.4926965096,0.2239430138,0.4433394851,0.7322667160,0.2547698669,0.7066376039,0.1108047044,0.9007230804,0.6834674008,0.5446627157,0.4690397985,0.3740970033,0.2899244630,0.2161690855,0.9377614531,0.1229775622,0.7181993512
1.3447396974,0.2799825871,0.5489381828,0.8323622496,0.6886425770,0.7605416798,0.1636346096,0.0971779641,0.1867109524,0.7354245387,0.9702178893,0.0244931890,0.9400598499,0.6183788992,0.2383099260,0.3987404850,0.7853084794,0.5188855574,0.9908141197
2.0751390576,0.6194787559,0.7033210859,0.5444423887,0.9077239793,0.0558630189,0.5313053196,0.4653400677,0.1265747162,0.2414462478,0.9551203696,0.2389625787,0.5576463788,0.9639717775,0.5009806127,0.4367887391,0.0187764171,0.6921228886,0.6477253410
0.7368086704,0.1132822107,0.9438736757,0.5555454292,0.2712192878,0.6481799935,0.4623771628,0.9506992423,0.4391415978,0.0964531181,0.1093205168,0.9333586394,0.4423845299,0.0023294026,0.7118183805,0.8201720276,0.8372218390,0.8607008452,0.2641379020
2.0090658977,0.6235366549,0.4962029690,0.2835744138,0.8759836048,0.5422346416,0.6426524054,0.3588902565,0.1287107021,0.0519008781,0.6407083093,0.0058807181,0.3909514338,0.1623559566,0.4366940476,0.1706986934,0.0178077086,0.1602777486,0.3768134862
1.6908045041,0.3880856046,0.0903551717,0.7379271689,0.4557403688,0.2901715952,0.9985022762,0.3402823318,0.1398500144,0.6906095490,0.4004608110,0.0919739383,0.5007287364,0.4581380819,0.9977653523,0.5005412605,0.6860680462,0.4530925418,0.1669915494
0.8871115113,0.1654651746,0.3083167172,0.4952307370,0.6828488919,0.6789544097,0.8062678758,0.9563201533,0.6998641071,0.5970521734,0.4699740518,0.7097807509,0.8120528844,0.8277430278,0.7553656822,0.6090287326,0.1192625285,0.8277303689,0.7218723582
1.4473619432,0.7232383311,0.3606591352,0.6082491256,0.8704688357,0.6149587433,0.9072952433,0.7026274498,0.1917619539,0.6866993182,0.8672128745,0.1639881077,0.4445671067,0.7244817842,0.3538153874,0.7509355798,0.4645882068,0.7241155900,0.4294947766
1.6035639860,0.3275133541,0.1103997711,0.8135084711,0.9355614204,0.2451857063,0.6730596562,0.2966240709,0.8583981374,0.4933421392,0.6467590306,0.3220886333,0.4549080835,0.2778993968,0.4629528222,0.0248920124,0.6707562339,0.7473190235,0.9856837870
0.0240134361,0.9815051636,0.2432015338,0.0241929458,0.1448470211,0.4350759087,0.4308103008,0.7781830649,0.3246748727,0.6054539044,0.8365271706,0.7246858427,0.2829302909,0.9411354459,0.4157130583,0.2752180059,0.3937192137,0.3886995507,0.2326614619
-0.0981806928,0.9190070869,0.3092718922,0.7694536489,0.9718209807,0.5580189137,0.3977270268,0.9230339565,0.5115667114,0.1192963368,0.1649358278,0.4766983848,0.7778117601,0.7024869045,0.8741793445,0.9383895754,0.7189021347,0.7432691008,0.0548378757
2.4689561794,0.7727021147,0.2405101227,0.9355021398,0.2775772797,0.2413967659,0.2079568972,0.1339256845,0.1192144867,0.9244071330,0.8640889236,0.3236610885,0.1954265731,0.2546724637,0.3694479532,0.3946084650,0.1371053855,0.0222512140,0.4338982608
2.2610514841,0.6024498664,0.8935073717,0.8498845207,0.6053235906,0.3898851143,0.1946286179,0.4535937464,0.0615861495,0.3939834995,0.6320111065,0.2269070185,0.3533735542,0.2179113417,0.4328087185,0.9417294670,0.5001503440,0.2121773968,0.9975054190
0.3566422034,0.0989863662,0.4849818991,0.8043795267,0.3847209561,0.0649474488,0.9200706489,0.4411997858,0.6640531849,0.8175041993,0.6516264310,0.1192571763,0.9720859239,0.3838644751,0.7102310583,0.8681801518,0.4169661091,0.8705279358,0.4769045957
-0.6585251171,0.9036132960,0.0495556196,0.3946153977,0.4176572633,0.4899834900,0.6859679618,0.2789320105,0.7487150994,0.6249133621,0.1029862557,0.3283149085,0.8193274767,0.6420053559,0.5378258681,0.5776368149,0.0302577919,0.8304221439,0.0967071773
2.0863279261,0.5975743650,0.3746408299,0.0562235039,0.9139540789,0.4400408906,0.7227576423,0.3246359059,0.7319375208,0.7566077854,0.1666693364,0.5945529687,0.5557835794,0.5568843252,0.3868735305,0.6811041803,0.7436421163,0.4897398359,0.0914905371
0.2562421680,0.9966689025,0.4655222357,0.3280596714,0.6641300575,0.0430401475,0.2755425343,0.3183587461,0.0158316820,0.3419524265,0.3984239272,0.4256137961,0.2167371713,0.4465154448,0.9777705885,0.7444669248,0.3740029621,0.2327363598,0.3411466530
0.7498710282,0.0321272744,0.9918588034,0.2338134121,0.9732034119,0.0767515979,0.1875599635,0.8997123288,0.7906036552,0.6702237348,0.7561738809,0.5014371207,0.4251910896,0.5312182466,0.1885536745,0.4250048901,0.1728342047,0.8571002397,0.9475598561
1.5718896966,0.7033154141,0.8226526789,0.5286868114,0.7743818761,0.9290535497,0.8010470168,0.6929624787,0.9049580759,0.8452418519,0.6168155538,0.0162375781,0.4511254534,0.0776266749,0.2851694781,0.6477740524,0.3353263897,0.5316252280,0.0318028439
1.8096622070,0.7572455554,0.3421958109,0.7930892770,0.2888930950,0.4363135843,0.0498817495,0.1988242365,0.1125706525,0.8254791091,0.9739667558,0.2177091069,0.2147089921,0.1560282108,0.2615610200,0.1468626950,0.4664501843,0.5412080519,0.2059385317
0.1151005700,0.9869681631,0.3512394626,0.1001450379,0.4088995729,0.1605922224,0.2709570917,0.4079099741,0.2786873722,0.3370277075,0.5141422731,0.4289491032,0.3211741795,0.7817156981,0.8776907600,0.9200358866,0.9910596970,0.9680894012,0.3703375954
0.3967515285,0.0800898673,0.6804256007,0.5631577644,0.5901499097,0.6730313787,0.2051627419,0.4507195633,0.1430777298,0.0257270998,0.2362102476,0.7041994879,0.4329776562,0.5576420652,0.6906235496,0.6956200514,0.8818241616,0.6012794076,0.0690011531
0.5811243141,0.4271052489,0.2869216182,0.1936067023,0.6381620040,0.8427440315,0.7828315345,0.3141022249,0.2619925215,0.4959637586,0.0883774253,0.3541130148,0.3674474078,0.1153617949,0.0165167495,0.3782944281,0.4919347704,0.5798392883,0.7531275129
0.9796592540,0.1933826780,0.4548403889,0.4853619292,0.3404372958,0.8426753861,0.7898087757,0.6957198335,0.9170116156,0.0323635056,0.1879208508,0.0897422177,0.6628414272,0.0222121134,0.6852698296,0.5369220095,0.9128695465,0.1596198250,0.2741508113
0.9093404545,0.2089702967,0.0384499027,0.5312739890,0.9416738417,0.2216654313,0.5294910618,0.9599406688,0.5561179622,0.2443387766,0.6267348855,0.1776981333,0.1667881871,0.3824516193,0.0423298363,0.8164899378,0.5077233587,0.8590651706,0.9784153108
0.1665075681,0.0168325981,0.3005220432,0.3992420163,0.0751810155,0.6928414966,0.2586335126,0.1687605176,0.3070859700,0.3857280256,0.9013075063,0.4030718511,0.8082112296,0.3194850042,0.8718401662,0.3897124802,0.2531177705,0.7281140815,0.5814298142
2.1163418400,0.5932758146,0.5476603358,0.6173411412,0.9228191446,0.1019544847,0.0801642951,0.9054470813,0.0779643735,0.7633626108,0.0133164796,0.3678062816,0.3404626486,0.6361033761,0.6400724489,0.3759714616,0.4701410932,0.8212986362,0.4633326066
-0.1967914522,0.8441319250,0.4660496928,0.4612061521,0.3502932599,0.5535532395,0.4694838360,0.4744947117,0.0060763617,0.3483857161,0.8248736449,0.5642844615,0.8288656391,0.0517495681,0.1385324607,0.5225519445,0.2761888675,0.4592085520,0.4545137809
0.7255264313,0.9914963091,0.7391618565,0.9051724902,0.2422135434,0.6881838617,0.4750003080,0.5927115276,0.6337242942,0.8443662778,0.0426309408,0.3354090398,0.4515166077,0.0036913780,0.5299233434,0.8571892375,0.5305690588,0.0692285865,0.3348439974
0.0588881011,0.0203641363,0.1472556881,0.4690504125,0.8308325654,0.9875659760,0.6948404587,0.0270586529,0.5602794849,0.7468999068,0.1538304078,0.5158977544,0.7988959374,0.9498716936,0.1132236128,0.4223861512,0.7337467760,0.7848791259,0.6014946928
-0.4600775646,0.9198820958,0.1633991613,0.2321751512,0.9598861194,0.0161923219,0.9346313389,0.7117423454,0.9109742037,0.4740959556,0.0440443951,0.7680883424,0.3256398756,0.1889554138,0.8898664684,0.5371863942,0.9528211683,0.2072446443,0.7957279548
1.8704483054,0.3688915372,0.2328157900,0.8560411275,0.6267591039,0.0340891195,0.5611448011,0.6664052079,0.0673524355,0.8954143380,0.4035449681,0.5244288667,0.2562589151,0.7523977690,0.1500759209,0.8603637348,0.2299542447,0.4276094641,0.1079278694
1.9097280904,0.3525305162,0.0438740885,0.9359285937,0.7401318642,0.0465634908,0.3163835257,0.0639549888,0.7242265433,0.9082426427,0.5711220234,0.1744571775,0.6615622023,0.3919258380,0.5371901551,0.6127548670,0.3317078704,0.6203297886,0.7138495249
1.7735992870,0.6742470975,0.4671403117,0.0936003559,0.2521315890,0.8028796546,0.6223193113,0.5267142148,0.4702069948,0.6480834896,0.8341932556,0.2852124217,0.5830407463,0.2686369520,0.9757397671,0.4891958664,0.5928601222,0.5129021017,0.4499192029
1.3079478830,0.2746491920,0.0767114945,0.6821716901,0.6703821789,0.2381652112,0.8314924732,0.5506772083,0.2125412582,0.9733046933,0.2761772024,0.8536904720,0.4579744400,0.9374913649,0.8608611160,0.6127076889,0.7705369317,0.4641080795,0.6148282196
0.5472499362,0.0984573230,0.0812035737,0.2380655308,0.3719472048,0.7932312382,0.5665521227,0.5709758586,0.3543180161,0.5144857089,0.8622939438,0.6602961188,0.7461051860,0.3801453481,0.3547702892,0.9874962608,0.4136474139,0.0970792006,0.3675527814
0.2926551404,0.7969251153,0.7864050710,0.3888370280,0.3477977962,0.8609012123,0.0317242163,0.0792289477,0.2194599965,0.3141925204,0.1230887816,0.8278218824,0.7589448824,0.6494330721,0.7587814553,0.0510507426,0.9069017054,0.2589456032,0.7295469996
1.1858096134,0.5151431576,0.9807711606,0.1262341948,0.4882434804,0.0301724704,0.7545440135,0.3563628178,0.7511304118,0.0806757190,0.8144163603,0.1017174932,0.9949416394,0.8912488171,0.9090255936,0.4472320742,0.8531108162,0.3472180809,0.8456114680
1.2438471809,0.4969494997,0.0250580677,0.4696638646,0.2417563055,0.8880882125,0.9117355240,0.4518581100,0.4875558452,0.7990221426,0.6633341929,0.7403875591,0.5328511256,0.0532470338,0.4603801260,0.7204435306,0.2637788705,0.6421396824,0.0462448605
1.6549137654,0.4553819807,0.9712412005,0.5739282412,0.9157459525,0.7660223975,0.3985930838,0.5899105736,0.3721335870,0.7449377385,0.1319169119,0.6364824170,0.1845812279,0.1898514027,0.9093081544,0.3525998157,0.2969091334,0.6198818126,0.0574739534
1.7711267928,0.6973369826,0.5370464916,0.5320569667,0.2284074474,0.1240273736,0.2560716986,0.0696030639,0.2971246051,0.4846879572,0.9040239132,0.5092339317,0.8746988475,0.2212818000,0.6240016233,0.3104098286,0.0720794979,0.6441219356,0.3235785777
-0.5041449522,0.8671293410,0.1769580558,0.3318920462,0.5188107258,0.4444684657,0.0776690561,0.4762138846,0.8676836567,0.1313375471,0.9366845204,0.2014541852,0.4614605082,0.8011145788,0.6342677195,0.0384821194,0.5027426788,0.3602293755,0.0456072024
1.6911829461,0.5369211526,0.7589951991,0.3540901027,0.5060368667,0.2720424832,0.3271974350,0.3883376218,0.7174605319,0.3005672427,0.6710700702,0.5683091306,0.2129728312,0.9326556699,0.5141727291,0.3739676066,0.5959393647,0.0479827020,0.7991818507
0.1998895224,0.0249757386,0.1743690550,0.3845811914,0.7714241716,0.2026024848,0.8669666432,0.9099673425,0.5410511664,0.9397247607,0.3526595341,0.4084201267,0.9335872584,0.2023957880,0.8975960979,0.4822638071,0.8237825372,0.0364812997,0.6861695277
0.2937858158,0.3117907267,0.9814681468,0.0275091922,0.1409163220,0.3522135931,0.6892135371,0.1177142485,0.5273205234,0.0722384978,0.0746325418,0.9176447988,0.0957015646,0.2935780072,0.9977220374,0.4240806233,0.6687016847,0.0354168483,0.0212763734
-0.2357273206,0.9041471714,0.4822982522,0.6386347954,0.6039831958,0.8688274121,0.8143559292,0.9092387316,0.2676083339,0.7027336875,0.2953357059,0.5436801734,0.0501192713,0.0243023761,0.0015514109,0.8944340849,0.4441433293,0.2619444051,0.3408926803
0.6343414426,0.4328871674,0.3359199325,0.2021280423,0.5062678993,0.6929016295,0.1074579031,0.2650796439,0.3364008626,0.7616979136,0.1864981599,0.8096774454,0.2120837298,0.2174918479,0.2951278035,0.2853910825,0.7658633212,0.9222417711,0.7803280481
0.7247700036,0.7708005433,0.6400643021,0.0220975124,0.8160843792,0.7222502622,0.2797370631,0.1800158919,0.7899352356,0.0904100705,0.1970646448,0.9159444745,0.5598122084,0.3125080440,0.2792858659,0.5921881406,0.9395155335,0.7702328198,0.8553004656
0.2300278493,0.8007886199,0.7437228108,0.4472601204,0.3974685821,0.0510114537,0.9159555273,0.1628751172,0.6106181077,0.3003455657,0.0326263137,0.0831321100,0.1102590565,0.3002596495,0.3363396741,0.9407669477,0.0622174637,0.7591658707,0.4385075448
-0.2843319599,0.9299256126,0.7136319599,0.1422246973,0.0103252585,0.5418430626,0.5304471063,0.9090376824,0.9334716197,0.1745075184,0.0506131726,0.9059492296,0.0066197717,0.8798390788,0.5335747690,0.2107142789,0.2046770623,0.7468620096,0.9817819999
2.0759750270,0.6881243472,0.3116277286,0.7092899788,0.6893632328,0.0497726247,0.3243368784,0.4124795538,0.7093450038,0.4438092430,0.6147849913,0.6272033163,0.2878139024,0.0448543412,0.5804292017,0.4098680211,0.1279914942,0.5455041255,0.6912387107
2.2039527000,0.6350634228,0.8245324255,0.7309531167,0.7500287747,0.2133887372,0.1348779384,0.9740226490,0.6941542419,0.8613885385,0.7459134481,0.2941366222,0.2673278535,0.4027044534,0.8146088203,0.5641050974,0.0888395569,0.5938620862,0.8227435225
2.2820486212,0.5347084530,0.2350023912,0.8840330274,0.0238367600,0.8937586604,0.6403483455,0.4311889328,0.8557311413,0.7749209037,0.1935747592,0.6014664558,0.6405115414,0.5312462614,0.5222285387,0.3753988488,0.1831770349,0.0042775291,0.9005423000
0.8258905411,0.1402800419,0.5333118781,0.0964713224,0.4043135399,0.6011038486,0.4764230865,0.1676444981,0.9999702325,0.5642663829,0.0638982668,0.5581954078,0.2642577354,0.5301501594,0.2862462190,0.2443144014,0.6954788813,0.6619928186,0.4208319363
0.1534899372,0.0363538656,0.0489750126,0.7791834694,0.9343888668,0.1914352186,0.6347390420,0.2656068479,0.3921441415,0.7967638766,0.3757303870,0.6809897315,0.7019127003,0.2667700874,0.8585187681,0.7637318548,0.7689328966,0.9891133507,0.1049675425
1.6958471983,0.5496645982,0.4940722414,0.3072507145,0.4495543357,0.7917167508,0.3945966608,0.6526876548,0.0165088387,0.8942690316,0.5169846130,0.7222112620,0.4213587255,0.7207689333,0.9326537782,0.0226706232,0.3687343863,0.7225948705,0.0541812863
-0.2849159088,0.9303306321,0.5279810684,0.2329554830,0.0545811845,0.8790198743,0.6758763016,0.1819176069,0.0694010391,0.6945738070,0.2744074648,0.4897597011,0.1741567104,0.9516867439,0.7585017280,0.7062621774,0.5663844085,0.5441523303,0.5917277259
1.3488008088,0.2521377556,0.0597642987,0.8670254062,0.3552167677,0.1549971092,0.7063708818,0.6113350970,0.4265351976,0.2085931688,0.4467548735,0.0167058844,0.4572600431,0.6703319178,0.9997895565,0.0130753173,0.2278223281,0.8000059050,0.0961599859
1.3737680147,0.7197203101,0.6340749515,0.1063943352,0.7443070013,0.6958028912,0.5906439790,0.7764954858,0.4616658636,0.0594292362,0.0323183998,0.4859106981,0.2084384425,0.2086313897,0.5320744665,0.5714626443,0.5311384305,0.4454948946,0.3761319095
2.3871751894,0.5918416662,0.6545343645,0.9986439001,0.2318198701,0.0285970989,0.3164234796,0.0903111870,0.8792826226,0.0678376537,0.2707209951,0.6877898504,0.4323875119,0.2201127875,0.2579119156,0.1050316496,0.6272374994,0.8691157797,0.0765199094
-0.3889743111,0.8864725527,0.7564008686,0.6146169480,0.3164792652,0.4975846299,0.3469720749,0.4531849526,0.5766887445,0.5382254087,0.3291451207,0.8945712729,0.3664791834,0.2925945039,0.7583657823,0.7596835733,0.9669303384,0.9938970434,0.7375751723
0.0258394575,0.0236850841,0.2627300920,0.1517093710,0.3277691783,0.6080475596,0.4908756588,0.3848692355,0.8309637854,0.3328591184,0.6005680947,0.8655956075,0.1028979475,0.1161926215,0.8531038795,0.6525282292,0.7822607633,0.5739847410,0.1484937741
2.0418263360,0.6036647324,0.5181782677,0.4828532682,0.7143770933,0.7122679353,0.1335134342,0.2922833903,0.6542036151,0.9688926133,0.1575236932,0.1110381181,0.9255567620,0.7096541581,0.2410563990,0.0767664600,0.4994832051,0.9960371820,0.4268037127
0.0941142713,0.9846864861,0.7089299249,0.1131717144,0.6462634417,0.6833268897,0.6491101368,0.3663992419,0.2544133755,0.4886183117,0.1818339890,0.4048649401,0.3193445831,0.7396225077,0.5200473125,0.7488171579,0.9396386891,0.1947479265,0.5756529869
1.3128597565,0.8422806526,0.7169368856,0.8596424263,0.4341381412,0.9113603482,0.4436917422,0.2219082998,0.1449387675,0.7232725798,0.5162390220,0.9018260191,0.3952377926,0.1380940206,0.2140504824,0.1371341585,0.3166020431,0.4283743090,0.2143576254
0.0995205480,0.0123720747,0.9632271501,0.6496097937,0.1825797515,0.6136838638,0.5085929276,0.3146436147,0.4032634917,0.9269743006,0.5980601628,0.3017130411,0.9823017843,0.7523571001,0.3406584228,0.0734992667,0.2271737654,0.7529582997,0.2569371949
2.6162276312,0.6692782168,0.2007570750,0.9544337924,0.0556204352,0.5501865658,0.0539049701,0.3005978581,0.8003612502,0.0217789174,0.0990250114,0.4501273796,0.0261753765,0.6811568084,0.0115862789,0.8577827798,0.1934724243,0.4762348252,0.2575926408
1.1272876235,0.1944275744,0.5939925938,0.4055661102,0.5339474948,0.8685509549,0.1099226530,0.9440279649,0.7854390763,0.8560515690,0.8321644919,0.8987400889,0.1671215176,0.4127198411,0.0619626183,0.5989307961,0.0581643633,0.5429669127,0.6783521680
1.5597126002,0.3341513843,0.7102216624,0.7371124310,0.1922286755,0.7429000550,0.5443336647,0.9893905418,0.2688946169,0.1820020632,0.2392521351,0.4199861996,0.7260434843,0.9452225399,0.3230867956,0.6448292633,0.1258931898,0.4534398685,0.6760674103
0.0938087757,0.8166152302,0.5223383008,0.3247400326,0.4761147018,0.4193243098,0.3947303736,0.4829431731,0.7128769529,0.9889704997,0.6868221993,0.3914174018,0.3811917158,0.1553388538,0.9217205821,0.9448685534,0.2418760877,0.5895706177,0.6613975045
2.3184794531,0.6254458721,0.6059195043,0.8288621839,0.1521937554,0.2251547637,0.1990220230,0.7294790578,0.1832648047,0.4400384061,0.2346344191,0.8284899707,0.9899419477,0.2244772849,0.9385082766,0.6865209036,0.0472928714,0.6215528560,0.4000952259
0.5113807402,0.9251581499,0.4450503261,0.8494205803,0.3660981324,0.2175430526,0.7888387300,0.3762391708,0.2160199807,0.9497604649,0.0282892026,0.5586526894,0.1647283168,0.5053564886,0.7515386874,0.1358670817,0.0552098110,0.1306856334,0.0131135268
2.1695789868,0.8381582428,0.0705017993,0.9501995902,0.0139752322,0.8562580780,0.0893304538,0.2622887624,0.0525131218,0.8876297308,0.1512401744,0.9179761417,0.1527074692,0.6875063468,0.1501113167,0.7921902637,0.3672669718,0.6033868914,0.6720465215
1.4216427271,0.4829236551,0.3254140860,0.4816197511,0.3421647679,0.0861202658,0.1851327729,0.5945559731,0.1369952897,0.1882406721,0.5987947404,0.8710807563,0.7292855471,0.3728956406,0.7604785334,0.4616200090,0.5868644839,0.5341791495,0.8759648966
0.4061784120,0.0645380604,0.4599810170,0.4041119601,0.0297958818,0.9111772028,0.7395401256,0.8189407204,0.2049557846,0.5316298640,0.1494740667,0.3214621710,0.5819655909,0.5729527271,0.5669594599,0.7690621463,0.9743239725,0.9966966561,0.0405012066
1.3783940395,0.4911314366,0.8137363521,0.4671165954,0.7203578488,0.4125367856,0.7314064861,0.9276399858,0.9746304397,0.4970553497,0.3298286601,0.1738540287,0.2200980159,0.7893090639,0.1459641390,0.2882051450,0.8269004492,0.9351903498,0.7044492491
1.5536927944,0.5053394863,0.0551911200,0.5278741697,0.9737575749,0.9649439009,0.5004599663,0.2534464229,0.3514173283,0.9609459661,0.5867166305,0.7660785402,0.8869005968,0.5294224491,0.4392754977,0.3703609604,0.9837678177,0.6329667290,0.3975637150
0.8110228879,0.7574953879,0.5326790378,0.3247695352,0.1719717665,0.8195814952,0.3098335444,0.2359262780,0.6464711650,0.7829626224,0.6214222575,0.4508000039,0.3081208034,0.4264695932,0.6315987000,0.7117991340,0.5725191838,0.8657819047,0.8087842062
1.9995754560,0.6559373184,0.7864336576,0.3173564547,0.8418728812,0.4287925089,0.2712159717,0.7943022815,0.6604898016,0.2233114418,0.1370706540,0.3193275941,0.9043202010,0.9068933322,0.8494915127,0.5225033502,0.5623318566,0.1262921089,0.6501122646
0.9805541912,0.1947124314,0.4229216326,0.5982531329,0.0451215495,0.5944749437,0.3365301598,0.0029159221,0.3538344679,0.4028726886,0.7975250868,0.3037418105,0.6929440963,0.9902708497,0.0137369648,0.6023432840,0.0225216467,0.9926489705,0.1337481398
1.7997935275,0.5627524721,0.3074764828,0.3281191719,0.0708770450,0.1815123467,0.4345960618,0.2977920139,0.7457948900,0.7821433967,0.3558865337,0.9436327401,0.2025672694,0.4004434497,0.2517968361,0.4892812554,0.8903788738,0.0418371787,0.8634567955
1.1778701613,0.7882819384,0.1274259117,0.7683541955,0.1561512932,0.8192867686,0.3928590897,0.1638949372,0.4114741930,0.8061798096,0.4598091982,0.7817083454,0.0305551319,0.8623435227,0.2410209404,0.9031488827,0.5687071608,0.2843740896,0.1414491591
1.2762613809,0.2864706858,0.8096451207,0.9463882242,0.7079959878,0.6954846817,0.7244585971,0.0509365100,0.7650773024,0.5026977500,0.3589837129,0.7977269238,0.6868219584,0.8715357434,0.7699284455,0.8894017112,0.6589890122,0.5400544192,0.0696557114
-0.0062202765,0.8308525096,0.5038941458,0.4989793494,0.7462275399,0.6594398691,0.8532792769,0.2479574523,0.3793423433,0.4578784372,0.2466403665,0.7943308922,0.9146173186,0.8221578791,0.7954663339,0.6520833153,0.9835647782,0.2961850234,0.0444988821
2.1962009238,0.6852268139,0.9028509105,0.8202927476,0.6467484380,0.3974755030,0.9557016035,0.1167483831,0.2529566861,0.5900086841,0.1495436008,0.0133443273,0.1934395594,0.8186391453,0.1406371205,0.1735163623,0.8915660974,0.3617059685,0.3703317700
0.8196972121,0.1398530810,0.0809506470,0.8780309548,0.0069006852,0.0706422822,0.8742835682,0.5967003781,0.7369911522,0.8884068409,0.4471996423,0.3010956966,0.2611727180,0.7636186058,0.0875797063,0.1676483796,0.5567856376,0.8327318399,0.3855695909
1.1517899119,0.4969498194,0.7884027429,0.2581097097,0.8259225995,0.2896334325,0.6534061357,0.1531564758,0.2951203226,0.3128967327,0.6891820822,0.1574105776,0.7226724447,0.8459415720,0.0409983014,0.8936617751,0.0442027766,0.9796725102,0.8024696468
0.3059706339,0.4086247479,0.8262070096,0.1158287901,0.5561976367,0.0042887337,0.5018133846,0.5004366086,0.7368814164,0.5048731049,0.8337792211,0.8639486386,0.0170931455,0.3055597168,0.4918136372,0.9873958618,0.4131436318,0.7337285093,0.7524396999
0.8635738235,0.7445696779,0.0023554163,0.5360672964,0.7184478344,0.2160606049,0.9835542991,0.7193152222,0.3876703848,0.0553998839,0.4025527713,0.5617467014,0.2378169757,0.5422691289,0.0816036195,0.3191374776,0.0055053840,0.5131399552,0.6173416953
0.1521414824,0.3932568591,0.0517407627,0.1645890018,0.3801504440,0.4489694923,0.8650513345,0.5680201198,0.3088858269,0.5606125404,0.0760185135,0.6635493458,0.4668718103,0.4211757508,0.7194168038,0.1634306304,0.7727287032,0.7969418330,0.7786285075
0.6109103597,0.3367558222,0.9464149896,0.2708417606,0.3415692669,0.4416627253,0.2415717554,0.2781528070,0.6117840673,0.6224566120,0.2098652857,0.3727404122,0.5763280186,0.7368610208,0.7940267929,0.2356752042,0.1100871273,0.3154324029,0.6088210781
0.7968239217,0.7697638184,0.6724292020,0.6206407066,0.5402278080,0.5378846030,0.4788552641,0.1927821354,0.1874196731,0.7326247559,0.2139034242,0.9806354328,0.6667851509,0.8840533083,0.2019933147,0.0557441819,0.8499108660,0.7132112681,0.1427268359
2.2140280224,0.7121849169,0.9866094549,0.8897367709,0.0391842872,0.6886407285,0.2361316633,0.8231731411,0.9433487383,0.1464458247,0.8313768503,0.2382855886,0.5949792956,0.9250844496,0.2912311455,0.3222954639,0.2140695652,0.4879095714,0.6546311008
-0.3253446345,0.9374898248,0.8932404476,0.6023382956,0.9206857784,0.7728902057,0.3840436109,0.3196069081,0.3749097039,0.4870375959,0.0689197262,0.9962759553,0.9129155118,0.7455270285,0.4989491883,0.6615206377,0.1862064195,0.6016201931,0.0446424103
1.3164174049,0.4756439213,0.5852026025,0.4123135747,0.5367636589,0.9779357664,0.4734076403,0.1680781311,0.4096460075,0.3205171571,0.8986687160,0.0553837546,0.8101392006,0.9200636350,0.1428850633,0.8820269860,0.3137019605,0.2740369398,0.1624901258
1.1706360010,0.2813815558,0.6436257861,0.0543083425,0.7839429736,0.8383652684,0.3583926400,0.4559811952,0.7196241198,0.2304928234,0.0540858646,0.2014187780,0.6694613027,0.6452726311,0.4595408838,0.6934554516,0.0893461699,0.7110658586,0.4932792418
2.2574953030,0.6505180900,0.9646361074,0.9045472267,0.2148546199,0.3091103100,0.0841460965,0.1860907592,0.8690138162,0.4109571465,0.9977962265,0.1406485860,0.2105682233,0.0598067456,0.3971578243,0.8300004420,0.0701664031,0.8594928911,0.1418377385
-0.3719369948,0.9362724533,0.8187357777,0.4598185059,0.9553336829,0.4045295453,0.6978637422,0.1683632854,0.6826298025,0.1659897916,0.6739690769,0.2396834632,0.8060797666,0.6244664862,0.4173384143,0.0721568395,0.7629855393,0.8202215884,0.2871170379
1.6798857960,0.9612855629,0.6443602110,0.9978629814,0.7288808337,0.8911748064,0.0264593486,0.4060469589,0.7881259643,0.6960087533,0.1674769552,0.6804274141,0.3092713091,0.5907696755,0.7611393565,0.1493974691,0.5481680163,0.0554464048,0.0003287611
2.1791119064,0.4495803489,0.0580043955,0.9371934377,0.4933581337,0.7003947165,0.5370935397,0.9783429403,0.8868534682,0.6095562232,0.0248643087,0.5171168638,0.1559490897,0.5699353318,0.8545913620,0.7952614168,0.5139216899,0.4735541311,0.2939269701
0.2836145147,0.3938686209,0.1970579172,0.0252144192,0.6286871065,0.7017502270,0.7253009472,0.9543746266,0.9550579288,0.7353497635,0.2541829143,0.8019641875,0.5710004773,0.4490410522,0.4236332852,0.2154003172,0.4280382278,0.1208945417,0.5563660957
-0.0201258286,0.8222111253,0.1778586710,0.5844239672,0.4698099158,0.4752668818,0.8973440147,0.3350771413,0.4574771858,0.3616460463,0.8932769256,0.8468102727,0.6916315674,0.9566004036,0.1734144603,0.4719472660,0.8100175084,0.2156829339,0.3090023802
1.1415920660,0.2381581328,0.2596272011,0.6407167704,0.9173443246,0.5161905647,0.3537337485,0.2833609889,0.9382093795,0.8229354520,0.7375975616,0.1240007387,0.8565306102,0.5832988876,0.6691615783,0.5222189151,0.7476605686,0.7653948858,0.5426138961
0.3295727860,0.0889518283,0.8835593096,0.7088594908,0.3005885698,0.3533483345,0.6153267744,0.7256651287,0.4700986769,0.1299194747,0.1547251310,0.4966283891,0.9218522363,0.3699680475,0.0225069435,0.0673026314,0.3745768470,0.7486237289,0.3061950917
2.3500211532,0.7011601316,0.2793925328,0.8302158606,0.9344682198,0.2806008446,0.8903652132,0.4698785679,0.7912057091,0.0345956079,0.1706109415,0.2483653072,0.9060551388,0.6287702966,0.9263604798,0.3770442719,0.3326985670,0.2442914306,0.7905556193
0.3920307444,0.1147757420,0.6320451802,0.8950533582,0.1741057304,0.9625359240,0.9941677397,0.4395307065,0.3130938352,0.7089114350,0.5345461360,0.8200003764,0.6668197379,0.2182447631,0.2601268797,0.8873944673,0.1615738154,0.2789521312,0.7445079627
1.3785091459,0.3808052153,0.4037147913,0.5245537325,0.8796498733,0.4512542066,0.6295698883,0.2528734265,0.3741346035,0.1294559149,0.9239816122,0.4489685840,0.1274797034,0.5048127006,0.4080294987,0.6618945083,0.1666842432,0.7187773335,0.5102605531
0.4794506990,0.4030972404,0.8214114949,0.2295030422,0.8986121082,0.9198146439,0.0587838168,0.0586143258,0.6875106483,0.2852772730,0.3013371981,0.3915134578,0.7966357677,0.7558356641,0.7207005629,0.6673009769,0.9752525000,0.8838871814,0.5346342872
1.9442007840,0.4190850270,0.3892948978,0.9469873196,0.1350085366,0.9707917654,0.5522716462,0.8846006861,0.8420593102,0.9567739696,0.8980796489,0.9432581285,0.4385556122,0.8209417759,0.7826071215,0.6326709068,0.3482346571,0.7700705814,0.5698840190
2.3866305793,0.6153231418,0.6332262530,0.8677743768,0.3416347836,0.2569112383,0.9652470519,0.6611802498,0.0561542260,0.6489287448,0.5382632037,0.1547733344,0.5478725718,0.2889565856,0.8593203675,0.5141376054,0.3626044603,0.0518499244,0.1819599680
1.3301950914,0.3878377353,0.7465400288,0.5198321176,0.8988137332,0.5448818502,0.8658328629,0.0824451144,0.7995266202,0.0917157063,0.5536562957,0.7764572973,0.3068534342,0.9321514902,0.2790239682,0.7466061833,0.8125896661,0.0716857189,0.7601828213
2.1569638753,0.5958845714,0.3402305923,0.7293640453,0.3725798675,0.1851463660,0.1744372151,0.2850006054,0.8455116816,0.4385742679,0.0915669632,0.1300558302,0.1264301473,0.2092953542,0.4219587725,0.6308481990,0.2331265093,0.5914221436,0.5137386725
1.8463809925,0.5650649749,0.3073792271,0.3665669995,0.0883652613,0.8791768094,0.9019501667,0.8395602743,0.4179283814,0.0802870631,0.3977063479,0.0613640295,0.9407652805,0.2807472817,0.9606143720,0.6127016286,0.3568590432,0.1723295144,0.8657599899
2.1934468597,0.5688282289,0.3735698382,0.7945182515,0.6752736861,0.3303134683,0.7476610567,0.3854631399,0.2375563447,0.6653504520,0.1666575065,0.7419662533,0.1236307943,0.4485367946,0.8716905810,0.6541688247,0.3494470421,0.9517745522,0.9530056657
2.0576781140,0.6577697759,0.4784743702,0.1934747794,0.1519458525,0.2652063934,0.6096928494,0.3437695831,0.1361262682,0.5427107941,0.7102416338,0.1652006559,0.4230338742,0.2088749398,0.5256351064,0.8559365113,0.2318277947,0.8481763236,0.6420415728
0.2574037022,0.9414848496,0.4829466041,0.8127884293,0.1763781032,0.2982919654,0.0913972935,0.1800546563,0.0004946051,0.7107497789,0.7929372084,0.4058608391,0.0045985254,0.5925081546,0.2095353994,0.6095534303,0.0471253455,0.6104779822,0.3621741722
1.8928793370,0.6346383180,0.0565700989,0.4983000414,0.3835789459,0.7320876158,0.4326691490,0.4136174343,0.3042640323,0.8966657502,0.2866281200,0.4785846012,0.1756789554,0.1163692400,0.5642606697,0.9098286340,0.1975406165,0.9302689638,0.5241188521
-0.4508558103,0.8971915647,0.3750744917,0.4761845008,0.6029064657,0.0179792699,0.8616578481,0.8270152130,0.0535648682,0.8444723904,0.6311516334,0.5853057415,0.8937993738,0.8146559283,0.3320053876,0.5558985171,0.2770579462,0.6477780749,0.4235898016
1.9097252222,0.6676335218,0.8552720625,0.5031824282,0.6955953023,0.0814378197,0.0679955122,0.6707136303,0.0091400204,0.6186362778,0.4973739053,0.3636181527,0.1889918240,0.5703382922,0.7870083607,0.3759562658,0.2311013341,0.1079855966,0.2280409966
2.0117087989,0.5650050663,0.1923021102,0.6080273617,0.7778659278,0.3330769578,0.8414022875,0.7072202844,0.9761030589,0.0719561957,0.1304878713,0.1214745641,0.9824837003,0.8964307932,0.7846505628,0.7169938181,0.8361188446,0.1702113446,0.8933520751
1.3968639405,0.3477033062,0.6365642165,0.5126208596,0.6436666090,0.5204866004,0.1654209698,0.3410301256,0.6231661990,0.5686387187,0.1618478748,0.1633550810,0.8449185841,0.2843568343,0.5032072975,0.4001104074,0.0096270244,0.0397932692,0.6762374695
1.1507927091,0.3376645299,0.5900799332,0.3272839597,0.5511780638,0.9387589381,0.7984630270,0.7974831881,0.0509593297,0.5083031461,0.4326506318,0.5778649724,0.6269696885,0.0275330874,0.6920177403,0.5577987008,0.2136322982,0.0196299829,0.1365459898
0.2090319229,0.0520228665,0.1335961893,0.6567356722,0.6014258258,0.5784012518,0.9023296503,0.8581035593,0.7895609143,0.4346219394,0.5781360894,0.9656919328,0.7246924195,0.5006680193,0.6233846989,0.4889736980,0.6639563683,0.0699186026,0.6466729709
1.1958423459,0.2206207348,0.0869042620,0.8456516011,0.9548256569,0.3605151262,0.0044532796,0.1888564242,0.8586318181,0.2959578460,0.0934101106,0.6803789187,0.5496533341,0.9179548183,0.5955205997,0.1038273825,0.4978663744,0.0421220367,0.0399034350
2.0084510166,0.6276219811,0.3513969584,0.5123662840,0.7766252432,0.7592207847,0.4885755358,0.1988497309,0.0057209304,0.7626881139,0.5572694988,0.7926260080,0.4453478863,0.5547576262,0.7147306423,0.1319400888,0.0348775532,0.3196458336,0.1103817913
0.1260236260,0.8027988819,0.8806681910,0.4762902519,0.9484829962,0.4363110494,0.0847593261,0.2500535105,0.1232382888,0.6996808473,0.8941677862,0.4760891342,0.5141785855,0.0929650920,0.9233634062,0.3407326159,0.5231041172,0.1169084259,0.9076714141
2.1413697697,0.6001768977,0.6187233094,0.6360039087,0.0087079223,0.2117689201,0.7806277129,0.9082749283,0.2321370329,0.0607956592,0.5546449978,0.5509752824,0.6668801031,0.7428340499,0.5773721488,0.5443686551,0.9448540457,0.6761713992,0.3759798146
-0.5926750615,0.9105484915,0.0190570801,0.5435060295,0.8507147253,0.3209189652,0.8831288428,0.2764811349,0.0131808048,0.7296859778,0.8217307337,0.5359839974,0.3405491213,0.5618164389,0.5707346231,0.8764510800,0.5759298733,0.6104293573,0.1643157354
1.5625340730,0.5011224539,0.5127237776,0.5117787974,0.1467769272,0.6001620726,0.6075859298,0.9929747944,0.0427910143,0.3688280671,0.8471676164,0.5762845266,0.6752053447,0.3511703701,0.1171783257,0.3772416362,0.6215010542,0.4497666444,0.7037284310
2.0956948940,0.6025387578,0.0757245762,0.6804547499,0.3601506976,0.8961459556,0.1271735396,0.4423973889,0.3071524491,0.5823069486,0.0429998527,0.7812367912,0.5470506435,0.9944497623,0.4120111447,0.7318692326,0.2128166097,0.6248023927,0.5043885027
0.1360333683,0.0318360032,0.1704832455,0.7738481856,0.9923921418,0.2463507720,0.8503625891,0.7580913155,0.8457299031,0.8002999105,0.3925236951,0.1619102331,0.8909289661,0.1852225370,0.5683255935,0.7488850640,0.7132358201,0.5156187816,0.6106135674
1.4973505455,0.3131501369,0.9089741745,0.5547450389,0.4526181844,0.2281744236,0.7063304837,0.7622641909,0.9759318673,0.1278244805,0.4281612406,0.5439102916,0.1955460634,0.3981446320,0.6753319034,0.7635773521,0.7085033728,0.5357330544,0.9624814189
0.1484334439,0.7921833664,0.9579015367,0.3079972013,0.9254455379,0.8285846054,0.5128384649,0.7855451032,0.0219440756,0.4662393832,0.2032585268,0.3476264145,0.0354071030,0.2752678114,0.8279878113,0.6045348348,0.9474361024,0.9183849664,0.4138816313
1.7796672922,0.3678585093,0.3823723830,0.9689696006,0.9291823421,0.8370780241,0.4233332742,0.4209335519,0.7401417521,0.5769108018,0.3606919358,0.5392294489,0.5469321811,0.5238976929,0.7713473957,0.4361517596,0.8804247624,0.3378700793,0.3054953590
2.2212758361,0.6002198452,0.9363413046,0.9418776418,0.7318283932,0.5698901948,0.2146485153,0.1527994843,0.8712823979,0.4752949403,0.0729013980,0.1996443121,0.5705267445,0.9419334758,0.8485067371,0.6544582116,0.1815441336,0.0153165631,0.4099707310
-0.2255508311,0.0010393720,0.1838907820,0.0582795379,0.8469537335,0.6722430097,0.8764254142,0.1964918616,0.5958667121,0.1116730810,0.6266203691,0.9783985526,0.8472084025,0.9005186225,0.4932221018,0.3509991256,0.8672950344,0.2045138136,0.9956123146
1.8837216635,0.5617628174,0.4193392145,0.5909250680,0.4764297200,0.7622332057,0.3610497294,0.4577588361,0.6467505386,0.3242414317,0.4700307758,0.0944174635,0.4719877163,0.6639107524,0.5734577838,0.1662968576,0.0470965334,0.6630674621,0.8435146133
0.8629530796,0.1699423032,0.3174646976,0.3954786869,0.0974792470,0.2576958491,0.2665855571,0.5204569297,0.7554982292,0.1816858554,0.3030976215,0.3648333566,0.3735553303,0.9931586997,0.0451672334,0.6290189992,0.5516741807,0.8201141649,0.8418598630
1.5955896313,0.4211650794,0.1909664317,0.5755584270,0.3592629781,0.5388603498,0.8253032695,0.7818510309,0.2125020426,0.5780929028,0.5031335667,0.5586213814,0.0468984504,0.3417738104,0.6384219936,0.5421470869,0.0732649080,0.7997521636,0.3920372982
0.4481263208,0.1144957727,0.5767934012,0.8333687107,0.1832210438,0.1812614650,0.5004150150,0.6509116609,0.7666974097,0.3271640194,0.3121967444,0.9749189187,0.4796766851,0.0206139008,0.2953530889,0.7528788269,0.9959951104,0.2931032683,0.9188808180
-0.0535492361,0.9919681762,0.0141366843,0.4816542810,0.7463913434,0.5301497205,0.1424394070,0.3746742320,0.4453416493,0.5790192908,0.6474356425,0.8144519191,0.8924099072,0.7184262692,0.2855869304,0.3124364625,0.5845000842,0.2074088197,0.0102987056
0.4743603661,0.0652541610,0.6363105744,0.0237699953,0.9594706948,0.3470184327,0.9935848508,0.9885414654,0.0525937519,0.6646885663,0.7425656717,0.5465929488,0.8183355640,0.1681583849,0.2470229191,0.3070441217,0.0892213435,0.7897571959,0.5308544493
2.0153616233,0.3971080611,0.0262741019,0.8551970765,0.0424748443,0.5931627376,0.1705968167,0.6932330964,0.5961420739,0.6841776434,0.6719437402,0.5310685077,0.8561577828,0.2188845983,0.2913661977,0.1013552126,0.9622456362,0.9527911039,0.1570054206
0.6565136109,0.7753720648,0.5724837641,0.0033727015,0.0326625260,0.5775418210,0.8702155765,0.4148265754,0.8341990284,0.5629584083,0.0937775215,0.5269131369,0.8461910735,0.7769121969,0.9726308895,0.3282263327,0.6915295725,0.0033331639,0.5555875374
0.7043764021,0.1555842282,0.1501466483,0.4526980490,0.1053029877,0.4277328286,0.8630408980,0.3444744045,0.3376008692,0.2306883369,0.4559560223,0.3425286762,0.6514522040,0.4372412383,0.6771864037,0.1485043840,0.1072679914,0.7223676772,0.0220105247
1.8586319853,0.5732467387,0.8664708368,0.4684188259,0.8792565901,0.2702085939,0.7335961593,0.7232333412,0.4464829752,0.1054591015,0.6843529677,0.3204891644,0.9176584868,0.6091577618,0.5378356603,0.8174413197,0.5613914110,0.9440512025,0.5999366606
1.0490289961,0.2398517482,0.4122336668,0.1898762566,0.2938941419,0.1087831105,0.1894723177,0.9393872704,0.3421712842,0.2716041738,0.4117927793,0.0971550265,0.2120438923,0.1390785506,0.8978576569,0.5913207628,0.0336018302,0.9996554639,0.4948736604
1.4040661710,0.5212207129,0.1964620607,0.1052180752,0.4545357919,0.0100037689,0.4882510000,0.0301961920,0.6579166351,0.0500655177,0.5209968547,0.2731287270,0.5801444314,0.1116830882,0.9827608889,0.5773102132,0.5637764364,0.3557812101,0.4212473303
-0.1431312369,0.8293053385,0.9560942743,0.6086049655,0.9320068548,0.6960384611,0.5415373716,0.6261670887,0.2310812309,0.6121369771,0.4868276257,0.7718502798,0.4917425006,0.3129312757,0.3387933271,0.8334294998,0.3494305677,0.3814783764,0.5448030944
2.0107526869,0.6632216636,0.5456003275,0.6172222393,0.5418700844,0.6516013945,0.1704301827,0.6290973578,0.8638952726,0.7003938115,0.2045560612,0.6921701185,0.8378281274,0.0681507550,0.1261655577,0.8663445149,0.7148137818,0.5980255189,0.7433634547
1.2571022600,0.2756384353,0.9232616359,0.4006713669,0.3805228313,0.5431868608,0.2250490299,0.0380232862,0.9161885582,0.4911000400,0.5900483316,0.8450253743,0.3111073206,0.1622482975,0.6543005770,0.7120927512,0.8263009367,0.2668714305,0.5473743273
0.4995738399,0.3756025829,0.3054816124,0.0506420343,0.1984463297,0.0895770861,0.5900943915,0.0217513971,0.5171494767,0.0590146779,0.2212768754,0.0900552098,0.6483740053,0.0209789193,0.6481342031,0.9463200983,0.3727264251,0.5921164900,0.4869669779
1.8451144167,0.6863820413,0.1802728231,0.6505581846,0.0163456874,0.0827296353,0.6335180753,0.8420521903,0.8189318786,0.0379525526,0.7052156248,0.4771787253,0.0886777527,0.7495673309,0.1212513694,0.8999432354,0.7628033698,0.3065776638,0.3683545160
2.0795001767,0.6608208634,0.3324426102,0.6640808014,0.4212259487,0.0612446368,0.0884736886,0.0409614095,0.7551201031,0.8751810975,0.9512681260,0.9289798264,0.3630463910,0.4900574347,0.6023170628,0.1993691842,0.0666430586,0.5391509246,0.2771381008
1.7894189634,0.6812794493,0.7134700715,0.0051893272,0.5674536377,0.0057980562,0.7288597042,0.3574431251,0.8469393056,0.2699739183,0.0827310659,0.3545041425,0.9874598950,0.2700398220,0.8248496235,0.2045791874,0.8447290602,0.2277710493,0.7475290204
0.6989595200,0.0860964599,0.6199023034,0.1944154581,0.3575903193,0.7493935383,0.8120288251,0.5290848039,0.8475820622,0.1543247344,0.3319688118,0.2033375409,0.0076587455,0.7905635032,0.8097486814,0.6001170962,0.1126688394,0.1782761756,0.9972273362
2.0687391811,0.5166043095,0.9401634139,0.6943915916,0.9162179209,0.8656056539,0.3079508776,0.1303084248,0.6795537980,0.4278244746,0.8694734797,0.1942843288,0.4458503107,0.8257390650,0.3775249751,0.0953479638,0.1256140399,0.2224541088,0.0238829310
0.7593022333,0.2957674390,0.1607467150,0.3313437473,0.7197159000,0.3088746352,0.5633592096,0.1735484409,0.0265270121,0.0018409505,0.5272992058,0.3738706583,0.6852664388,0.5160589045,0.8497939349,0.6910588794,0.6419378705,0.3532529278,0.4421163026
1.9013124534,0.5710987286,0.4557539983,0.4126816318,0.0476176270,0.5752592611,0.6248218444,0.3283056204,0.3381328483,0.4008129455,0.1644209877,0.0506761157,0.4263943350,0.4134025097,0.4616504313,0.4822979264,0.8996419309,0.6573006176,0.4491498923
1.7907694509,0.3608277697,0.3683309875,0.9358518023,0.4626461873,0.7983181573,0.0272328027,0.6921244654,0.0031076484,0.3029228872,0.2090045314,0.0271324823,0.1504797933,0.9413035892,0.8953856014,0.0024539598,0.9437725174,0.5975145463,0.2452103643
1.9724622119,0.4830145607,0.6016006510,0.7942077882,0.4800674330,0.2078498368,0.6433943478,0.2674092388,0.2556879118,0.8970369970,0.4622992191,0.2031897172,0.9478395131,0.6974834766,0.1315708227,0.2481310152,0.2263618504,0.3409399529,0.9374885548
1.0351606289,0.2130688176,0.4190708252,0.7007386353,0.9232388721,0.4623691864,0.6963124799,0.0959183099,0.6975190815,0.6434794440,0.2987424985,0.8474581831,0.0217314236,0.5357150562,0.6280218396,0.1843660075,0.8994053682,0.6694754029,0.4731193973
2.1658605368,0.6943938349,0.3623671563,0.7813479362,0.5753598665,0.4406614411,0.7500125109,0.0932897890,0.7416924973,0.9936729208,0.4830133026,0.4677351833,0.2305044669,0.1721975484,0.4567540927,0.6061298115,0.2752156752,0.3080379916,0.8721083671
0.3628281625,0.0858305123,0.1286958440,0.4688520637,0.8360544934,0.8017784426,0.5305727142,0.7543884834,0.6300311706,0.7960376689,0.8543424205,0.8571211516,0.8541238387,0.5520223599,0.9977069751,0.2699615632,0.7041624483,0.2562116365,0.0286980581
1.4607921126,0.3431726256,0.3335734597,0.6334012383,0.5738863977,0.0169916601,0.7966274333,0.6601941681,0.8942274525,0.9566553507,0.4134372824,0.1454068188,0.9231571993,0.3719439350,0.1324777034,0.9102052604,0.8806625736,0.7223594917,0.7585896791
0.2754722027,0.3823817217,0.0577213030,0.2394590859,0.1246277092,0.4267119073,0.7311378753,0.9152810421,0.6433926267,0.6710565517,0.3383905109,0.5515503243,0.3802792694,0.8495572780,0.9005248846,0.6094701693,0.4539347685,0.0962941766,0.9929430713
0.8117339105,0.3414141770,0.3737429221,0.2404817869,0.9322700855,0.9753766899,0.6344537639,0.9245730615,0.1700192786,0.8517309356,0.9896277516,0.6066331799,0.9284760203,0.9536845327,0.6511135701,0.8710229787,0.1186900716,0.4985699764,0.5686341521
0.6380638713,0.2968560091,0.0326142377,0.3175954382,0.3387271575,0.2949291535,0.4225645991,0.1558340497,0.2677223534,0.0698295411,0.9846905733,0.1155829300,0.4510846986,0.4197658845,0.5148581695,0.4277181195,0.6989225187,0.0824840892,0.0506931257
1.1850614218,0.2274803823,0.9355266832,0.2308927617,0.8785052904,0.9262942285,0.5786949177,0.2377131829,0.0287036645,0.3695637812,0.8413752211,0.0509548869,0.9768141624,0.8761861115,0.6093423366,0.2256397847,0.0368956246,0.9352310146,0.7596240808
1.0171519620,0.3133512943,0.0802361198,0.4395632994,0.7726695847,0.7408035135,0.4517288889,0.0163960850,0.1446508667,0.1922172908,0.2376515252,0.2186068400,0.6741214880,0.5684118350,0.3800535019,0.1197463374,0.0534870348,0.7394151098,0.7708338398
-0.0155389685,0.9828441591,0.2631605092,0.5392120646,0.8265544895,0.7802741739,0.2546562247,0.2195686231,0.3292729241,0.2925390984,0.6538200904,0.2439508037,0.7390638614,0.2902673775,0.1215610000,0.8660430399,0.9807821194,0.6198124644,0.4310666151
1.2631580643,0.7879546144,0.3768927114,0.7707567872,0.8468887333,0.6199719754,0.6288396677,0.3255283519,0.7702016672,0.0379663832,0.6307325884,0.2721513870,0.4170467858,0.1565258610,0.3824237050,0.2883212886,0.2411580386,0.1960206496,0.0574390059
-0.3688386327,0.8543433783,0.7954452840,0.2045170499,0.5528112084,0.4168170040,0.2986663718,0.1269826653,0.0664798578,0.7424760970,0.0921339510,0.2305594294,0.6673270357,0.0728262831,0.6166654697,0.0185545120,0.4006025159,0.8844543772,0.6471379093
2.0225189431,0.6257454591,0.8974385475,0.4739446860,0.7890646325,0.2418650403,0.2685249302,0.2964516850,0.9417429481,0.9749793497,0.9640212368,0.0051901893,0.6935853689,0.8738275994,0.8410481132,0.9164657671,0.5981755574,0.9806533439,0.1535216283
0.9657430294,0.1767473601,0.0944932859,0.8860574249,0.1403195185,0.3613350984,0.2762328670,0.7112947807,0.3529525900,0.2610818894,0.7129692029,0.0808031816,0.3079081715,0.8508123338,0.2564838875,0.8103021021,0.4474458473,0.5866423159,0.1740317232
0.8837731911,0.2014904942,0.4265368249,0.0440030989,0.4894938779,0.7632388157,0.4475707896,0.3887693649,0.0639895863,0.5687527623,0.3285019066,0.6649732496,0.8387093253,0.8660229839,0.8475305365,0.2025955077,0.3681739079,0.8607811960,0.0288637402
0.9364569267,0.4597947606,0.7001079675,0.2564571425,0.0990300551,0.4322982812,0.1866949113,0.7236408657,0.8174199367,0.6292564166,0.5826922994,0.2344531337,0.1345438654,0.5763541374,0.7069465208,0.2328631012,0.7779309466,0.1268137474,0.2001314819
0.4296565633,0.1054325966,0.4332805903,0.7544356988,0.1937669676,0.2905323176,0.8901470197,0.1580599339,0.3603032722,0.7026582413,0.5241141524,0.1732547861,0.8030113136,0.4322040535,0.5230276109,0.2966487335,0.0436432572,0.2055270347,0.3783148009
0.6654055677,0.1764698470,0.9794887989,0.9206448945,0.5764978665,0.3217909421,0.6463936287,0.1908560461,0.5226813581,0.5817992802,0.1650152150,0.4030908919,0.4263916611,0.4496071718,0.7721977992,0.4699781985,0.1384977691,0.3550123473,0.1310271811
0.3682570105,0.0770688005,0.5679053178,0.6160246526,0.2742578716,0.0402652852,0.2702007171,0.6395082305,0.6955038969,0.2740768690,0.2338508033,0.0546281663,0.4089909780,0.5639840478,0.7833835034,0.2147188343,0.7908026463,0.3804897557,0.0845004798
1.8153174981,0.4034827826,0.6216731085,0.7254789342,0.5485559306,0.6009217361,0.0360480569,0.2961898500,0.3157486575,0.8888038485,0.5816535975,0.2317760510,0.2433188363,0.6093924052,0.6827035589,0.9615129629,0.4143883540,0.7812650235,0.4234906719
1.7250805047,0.4154850019,0.6463902003,0.7982881914,0.2868129664,0.7588238681,0.3207925681,0.4025611769,0.8956173315,0.6160441750,0.3586861118,0.6023520056,0.5633906483,0.8011404970,0.0880813640,0.3960752720,0.4187858661,0.2025742425,0.0374561569
-0.2976599068,0.9416842936,0.2984615374,0.2280789831,0.3399370063,0.4176837917,0.2835592518,0.1081413939,0.4130966666,0.3669370373,0.5751301400,0.2784279446,0.2213439739,0.4024583742,0.3350936135,0.8053322903,0.7392019303,0.9055893996,0.8570121515
1.6655928168,0.6865770809,0.1367167281,0.2667987245,0.7703801015,0.7254021912,0.6999649738,0.7487515673,0.0799381888,0.1524000101,0.1977430081,0.0165830536,0.1647738367,0.5228633162,0.1281943936,0.1594010612,0.9321151739,0.3039696173,0.1515908320
1.8397696499,0.7561213346,0.2558356599,0.7894945729,0.8320078023,0.6236386525,0.1562851375,0.1439453128,0.7797767582,0.4226126589,0.5461045818,0.4340342815,0.1315277556,0.4783439256,0.1595692234,0.7101311301,0.8516864398,0.3529565041,0.8822550490
2.2535801905,0.5175402816,0.4301522623,0.9081578601,0.6691933340,0.8684882963,0.1599757742,0.1100071908,0.7371295774,0.9166794731,0.8642671117,0.2043640733,0.9604770636,0.1878413858,0.8680823302,0.0002376755,0.9693053658,0.4923817620,0.4592159158
1.8446785287,0.8725209412,0.9445011462,0.9730208161,0.5239190649,0.1409113190,0.4068595005,0.8256249633,0.6957735220,0.4215990385,0.5364574794,0.1828500262,0.2815801276,0.4495772213,0.7663628154,0.3979534651,0.8081970792,0.4931850770,0.8746837153
1.5295320153,0.3139900132,0.4490277426,0.6685597331,0.2603941440,0.4080478898,0.3801633670,0.9610800617,0.3483345308,0.6119670869,0.4467701375,0.4019186983,0.3457272352,0.3720923958,0.6692906462,0.2529030693,0.6442805525,0.8986287135,0.4029242161
2.4164023177,0.5956078165,0.6075213363,0.9612381984,0.3155884463,0.8190246127,0.5271146703,0.5182626268,0.5071605647,0.6390883505,0.3074534754,0.3372696142,0.5646520301,0.4164162513,0.6542322902,0.0988005068,0.6804743617,0.2529982796,0.8011304305
2.1107387523,0.5961736608,0.7032362364,0.5376109180,0.4255296675,0.6173530228,0.0028717714,0.9371585833,0.1851950003,0.6803371127,0.7821694114,0.9522051726,0.1759173679,0.9175043902,0.2370924555,0.1534560286,0.4400075447,0.0005904095,0.9439991294
1.0531106231,0.7521739786,0.6031604138,0.6015274731,0.3926834175,0.5555386288,0.7694933830,0.4231410651,0.2476580893,0.2571391303,0.5330657572,0.9738877767,0.1936491910,0.3538952853,0.4935530448,0.4934287157,0.6759474818,0.2842895153,0.9017962832
-0.2480282230,0.8549469279,0.5714707038,0.3944898462,0.6994503685,0.1389716296,0.5014222301,0.1093411196,0.5708990155,0.1125464246,0.7860264405,0.0306186174,0.1988040647,0.8883537120,0.9559958955,0.9077032344,0.3890069065,0.3545660926,0.4438325476
2.1748930182,0.6179829679,0.3278732396,0.2538062909,0.4024642934,0.4693204821,0.3459587252,0.3916274270,0.9879093597,0.0739783735,0.1151467589,0.9171371374,0.9367953830,0.9885325791,0.3292247100,0.8884075688,0.7137397161,0.4791133965,0.1836939638
-0.1694363756,0.8411309606,0.2518203080,0.5721478768,0.8425059750,0.4387549595,0.5080629988,0.9070328289,0.7062277410,0.3901214776,0.0852303908,0.7537933668,0.3113027102,0.9094505106,0.3092661166,0.1970158521,0.3712761473,0.6349484654,0.4791886831
1.1814408330,0.2341403098,0.3183153773,0.7653166909,0.0663705724,0.0320432633,0.2616944938,0.4417123599,0.5209139438,0.9158839552,0.1522982483,0.6523294402,0.2450529486,0.6752101727,0.8633158375,0.1940521428,0.6031017195,0.0652221834,0.2727769108
1.8008490527,0.9312707319,0.1618103968,0.9833630541,0.2522541688,0.5160555922,0.2675135048,0.7008017065,0.4125574411,0.6083473211,0.9168128422,0.5927274811,0.0270826712,0.2138966760,0.5033974549,0.8679129785,0.9526366666,0.4383263131,0.9519651976
0.5908237737,0.3620187310,0.3344002367,0.2068454012,0.1234888901,0.5088525669,0.7990030364,0.0267799236,0.7611686839,0.0354237185,0.2019000023,0.3857408801,0.8588411461,0.9089247116,0.8975401617,0.3517424896,0.6568107508,0.5252918233,0.9655797649
0.6855503487,0.1864537638,0.9420646113,0.9988115634,0.4734988612,0.8400177447,0.8111525966,0.4091929646,0.6135114126,0.0123331595,0.8743298611,0.0936125409,0.8524960687,0.9616593664,0.5876114626,0.1558617338,0.1314668651,0.7624492075,0.3367802423
1.8339248048,0.6529770781,0.7532426896,0.5692846230,0.4282497821,0.0998701814,0.0728981791,0.0143753150,0.6892799235,0.2111182060,0.7158093142,0.3242811755,0.9251689480,0.5531260972,0.8404068373,0.9060130997,0.8047175184,0.4984070225,0.6532766437
2.4558052077,0.6826415841,0.1906306531,0.8261282185,0.7343865557,0.0589065436,0.2206357673,0.0213407033,0.0275310144,0.4097955459,0.8800012679,0.3533945533,0.1313329977,0.6103668637,0.3703661404,0.9239161279,0.4415137715,0.9997963567,0.3214454899
0.0984165484,0.3752906242,0.1017598049,0.0768936657,0.5527891614,0.7549245958,0.3520991039,0.5569310854,0.5137653546,0.0718579391,0.9573634588,0.4302935142,0.0141526253,0.2225883216,0.8401235299,0.6716200621,0.7697246838,0.6304403152,0.6235141875
1.0601124779,0.7378170231,0.1541266836,0.5526539348,0.5230977285,0.5362749666,0.6837150945,0.4536431855,0.2737064007,0.9333183465,0.5690819263,0.1634718565,0.7878018276,0.7801821866,0.0219592956,0.5364416126,0.0026799426,0.7091345801,0.6944422381
2.0111560304,0.6583505831,0.1382294449,0.6624918463,0.6921253804,0.4063593923,0.4281447416,0.7650044772,0.6048288374,0.4407106338,0.6862996367,0.5893167732,0.1313504190,0.8952391564,0.6338602450,0.1897880276,0.2288593358,0.0097901811,0.2196715962
-0.1013377652,0.9724725843,0.0794491783,0.7191378976,0.3268890115,0.4195617400,0.0483357307,0.3223499466,0.9437044662,0.4374978876,0.8144248650,0.6068532435,0.6254582802,0.7543028488,0.7778123330,0.1119424236,0.4220040907,0.3181726361,0.7597069671
1.4742181322,0.3501230996,0.1408172485,0.5790264106,0.7185421424,0.5795037563,0.1351472874,0.8959696809,0.4579242495,0.5502061274,0.5026721219,0.4320142676,0.8297700302,0.0721205671,0.6132614348,0.6211754469,0.2991081348,0.5681233322,0.2263378526
2.2378272998,0.5287986854,0.1688769695,0.8313649261,0.2924055748,0.1086169261,0.2824785641,0.8199741994,0.4211254319,0.6306100136,0.1967644512,0.2930623740,0.4425793936,0.9265848662,0.2702623372,0.6176834979,0.1809535139,0.4730557228,0.1303581607
0.7444445332,0.4267698463,0.3472396940,0.2510990239,0.6890558646,0.8305629413,0.8150251809,0.4707105306,0.8926991951,0.1597346908,0.2948592326,0.6977172451,0.0145284055,0.8020123685,0.2172784020,0.2387883750,0.9541034949,0.1815941112,0.8833369716
1.9261736638,0.6634419456,0.9354837464,0.5918634549,0.8078976264,0.9854815231,0.1982646742,0.5559309836,0.8145763963,0.0671842959,0.6788571197,0.1499288970,0.3331970768,0.3377539590,0.5726966540,0.8641639791,0.8321864663,0.4083738035,0.4247816931
0.6248862767,0.3230924240,0.7695912874,0.0017010441,0.6230392764,0.4424247281,0.0357305093,0.7530088956,0.0433192191,0.4123490487,0.6942322026,0.5847018995,0.6817212932,0.1477812466,0.7167893812,0.4487308438,0.8074414730,0.9728769439,0.0774671337
0.0339387267,0.0071978258,0.8328226105,0.5797452775,0.9320116683,0.4752339445,0.6162089477,0.9254581674,0.9832673818,0.7162892435,0.9832813040,0.9322957441,0.7732995521,0.8151528953,0.8094867126,0.0737202991,0.5328381819,0.0824263920,0.6108378185
-0.2700575985,0.8283830737,0.0194045413,0.2569624663,0.9063086585,0.6914727971,0.7091839743,0.8374582262,0.7314274121,0.8649065536,0.4149243713,0.0102792076,0.5459392531,0.0132329561,0.3368286673,0.7182963165,0.7771474854,0.6119273336,0.9498475630
0.8512316929,0.1994340593,0.8155185644,0.8086904069,0.6168993428,0.1522399150,0.6396934540,0.6482308917,0.1083319187,0.2445113270,0.3021518933,0.8640725171,0.0989045950,0.5267103510,0.7807223357,0.9565876504,0.5446494783,0.8496554461,0.5772985272
0.4394597910,0.0795371446,0.4834793131,0.0287686141,0.3153387560,0.8316097643,0.4219752173,0.6834969260,0.4925800652,0.1314979656,0.7820728280,0.1962976280,0.3215187246,0.8719738895,0.2852095875,0.9289293198,0.5991001134,0.9007726124,0.4997848909
1.9714332555,0.6373483386,0.5734563460,0.4906468611,0.5761922349,0.6746191489,0.0542161140,0.2903957759,0.2269764574,0.1218261072,0.1979090140,0.3658879876,0.9204189603,0.4275494093,0.6985346266,0.2901596282,0.5518641643,0.4117593323,0.4277811647
0.3283019177,0.0586339174,0.0026910089,0.4867679337,0.4181284800,0.8792570417,0.2082903174,0.1866857297,0.9603313782,0.8656550805,0.1704460302,0.9148247097,0.0755469899,0.5024757703,0.6000864301,0.3875962115,0.6663108859,0.0702166445,0.1206255828
0.1870850230,0.0303984173,0.5568469582,0.6102503243,0.6501561859,0.7476106929,0.1053890194,0.5717886726,0.9146221081,0.0305229918,0.9637348635,0.7019729824,0.1502312363,0.8056362894,0.4962055489,0.0064606433,0.1513848023,0.0394984207,0.4421232584
0.9192727886,0.1749883377,0.2800568053,0.1368808780,0.8938172227,0.1434826878,0.4509604004,0.0903506776,0.5545185367,0.7965581890,0.1444527786,0.9167698715,0.7766995618,0.1278019808,0.4512234308,0.9945861947,0.0780105692,0.3590697928,0.5372106005
1.0152489165,0.4275253905,0.6468389235,0.3794913372,0.6172126198,0.8048566230,0.6579998518,0.3351360843,0.3512894494,0.7245085427,0.0817510506,0.7860441254,0.9645406995,0.6083464389,0.6551413010,0.3437123016,0.3576497178,0.1813488923,0.3062558653
2.0392747645,0.5239002378,0.9247710016,0.8628428590,0.0860583541,0.4847310961,0.2963835331,0.6954374931,0.4790355193,0.5784206221,0.0334464899,0.5569652824,0.2883741453,0.6460596308,0.6032181329,0.4185617887,0.9362357662,0.8682883387,0.7268780179
2.1637589416,0.6256312917,0.7389789268,0.5954762521,0.6953037209,0.2283538945,0.5366282107,0.8297705491,0.8152961962,0.4044268786,0.3781747340,0.2915945856,0.7810610398,0.7428642103,0.4235064953,0.1754066927,0.9976483261,0.7635122569,0.6969270300
2.3212728992,0.7510300282,0.7110389395,0.9198612940,0.4350539548,0.7960093739,0.2749427727,0.0810552502,0.4156022776,0.5344254487,0.2508639286,0.9281706619,0.0758397260,0.1001210548,0.1562292528,0.4546683706,0.1405957185,0.9066314851,0.5136745842
1.0891350484,0.3262693666,0.3036416407,0.4659425282,0.1993597251,0.1984817716,0.9573219758,0.5145347342,0.4018721405,0.8525620610,0.6178495539,0.4120562602,0.2401227762,0.7712138924,0.5688463980,0.0640768122,0.6371217057,0.3198438642,0.7437382003
2.0268768264,0.6298813094,0.2363877124,0.3764068695,0.8851688800,0.5807847909,0.5828779917,0.1552289003,0.3473392126,0.1985934454,0.3929520111,0.2718660255,0.8528109133,0.9047758024,0.5189757467,0.6938185378,0.6091950432,0.7653676041,0.1975967051
2.0397196527,0.5555835819,0.8512556777,0.6657077869,0.5370492473,0.4063562867,0.9727991254,0.8288924463,0.0523592598,0.8128215359,0.8493017784,0.9432919338,0.4668089451,0.8348175095,0.3447622072,0.2228953784,0.6951381799,0.1427327532,0.8616409870
1.6451802934,0.7594216036,0.5913090857,0.7722033430,0.8732420964,0.4026794817,0.8481082766,0.9005425097,0.4764495106,0.5526843593,0.5094684264,0.0228446235,0.6482755428,0.9740963683,0.4885545941,0.7161794773,0.9231031545,0.3643752899,0.6229787601
2.0833818624,0.6312680783,0.9320006646,0.7258391466,0.4363836957,0.7131198618,0.1644732983,0.3474191969,0.3200694163,0.1654779879,0.3786209440,0.1189087200,0.3501502823,0.8683058808,0.3322700153,0.5426661819,0.1966604603,0.0073135221,0.7192311420
1.2811066145,0.7356352380,0.4382588144,0.6030641462,0.1740258971,0.5957788831,0.4326146308,0.6701867853,0.0298468570,0.4744894452,0.8966576435,0.1256302872,0.0603454142,0.3102344638,0.6289772294,0.8719723963,0.4107333101,0.9645642291,0.1602868937
1.8419574360,0.5167515592,0.6174293073,0.5980587801,0.2563727126,0.8043139452,0.9856795674,0.6199251506,0.8768701373,0.6185271522,0.5767829474,0.1611965862,0.6941682491,0.0615144037,0.8393749292,0.4708943815,0.6724944755,0.3253564557,0.2183974667
2.0124451021,0.4991040383,0.4867314315,0.7008651123,0.4166388560,0.7049423786,0.9668482774,0.2824427783,0.5421299445,0.5287548331,0.8588512849,0.0488588957,0.0318408162,0.6004756776,0.8493919494,0.0012147062,0.7984406132,0.6629521836,0.6727884536
1.3246246091,0.7169101429,0.1321261805,0.4812682278,0.2947926065,0.0472308494,0.6144632245,0.4563408543,0.7945667875,0.7635921485,0.1736856485,0.8206404678,0.4097706962,0.9963645809,0.9584138565,0.5242200021,0.6976448438,0.7973341888,0.2042046776
1.0655221855,0.4193447332,0.3763656257,0.4251658911,0.5803191452,0.7912586329,0.2466172062,0.6180595959,0.5265405011,0.6889777715,0.9854236665,0.1280953024,0.6305250983,0.7683897621,0.7147183744,0.0462638358,0.9617506530,0.2370029911,0.6842958327
1.1580822590,0.2448917862,0.6332402730,0.1375292593,0.3677543091,0.9765611922,0.1415303726,0.3879778592,0.2508864841,0.7128609807,0.0065126821,0.9108280540,0.8963166927,0.2394528603,0.5003052862,0.0671983045,0.0950976609,0.9882002646,0.6346865110
-0.2462186665,0.9585785191,0.9513361369,0.7342782368,0.0234547517,0.8878516394,0.4612673697,0.1673905899,0.0817085472,0.9406877677,0.7924092838,0.1405466370,0.7508491670,0.2952756052,0.8278218773,0.2269199118,0.9861645987,0.3802067231,0.1607767370
0.1297870731,0.0730544762,0.6480733881,0.9599816859,0.1547700368,0.3282217958,0.1945184359,0.9797861842,0.2008719792,0.9980354068,0.0936501811,0.8203390424,0.5971880649,0.8517134234,0.0146648291,0.3033463657,0.7232751444,0.2245351621,0.0404553631
0.1791795431,0.9975832138,0.8120136391,0.2152743257,0.0544791256,0.1841305845,0.4175239682,0.1244112792,0.1706345987,0.3307750569,0.6454163832,0.6027264494,0.6266633907,0.7948982514,0.3507431712,0.3984745534,0.5096571423,0.5238713998,0.7245582133
2.1492008137,0.6127583449,0.4130782204,0.6503649004,0.4450653107,0.7130085519,0.7769859563,0.9267596594,0.8553009152,0.0788893847,0.8023573373,0.3561019993,0.0710632683,0.5547463532,0.0835946469,0.5058255361,0.9845827109,0.4308169263,0.4557230436
2.0110982696,0.5556408444,0.5458334791,0.6130820484,0.0737638895,0.7695600481,0.7022676929,0.9252970776,0.0083078164,0.0688988454,0.5477859948,0.2673741136,0.3058852044,0.2749115551,0.4441354779,0.1979977615,0.0846153803,0.5031927508,0.8046072174
1.6663128018,0.3775383897,0.6598347858,0.7752803621,0.7016823516,0.6630174532,0.9685043418,0.0419176715,0.2337865617,0.1502419786,0.1981176115,0.9335276601,0.4016165159,0.8563358280,0.3219581846,0.0295907952,0.2640339050,0.8115218340,0.2257244955
0.3925613355,0.0881556658,0.4016197295,0.1052187610,0.8324885457,0.2826379030,0.2516119378,0.3842538822,0.6869771256,0.0771007140,0.2403794150,0.3194650306,0.5682056054,0.4320663373,0.6320563498,0.5908059585,0.9241473722,0.0669884041,0.5858349498
1.5383819678,0.3653764847,0.9254646485,0.8890123809,0.9054904205,0.4036023472,0.0628776463,0.2097575861,0.6396718037,0.4732707816,0.9760771384,0.9633706740,0.8823148302,0.7567617449,0.8300691205,0.8294608714,0.6091061894,0.6121767138,0.0419492604
1.7925546300,0.3393623758,0.0141653261,0.9094201921,0.9192909573,0.6549591355,0.3326189058,0.8003633671,0.7308407493,0.7937336105,0.1750879478,0.6650237364,0.4480418837,0.9107744095,0.0955852082,0.7075590901,0.7208159343,0.9236953317,0.8852403201
0.2822566864,0.0592060222,0.6674630402,0.6754605792,0.1635477850,0.9906086331,0.6557807186,0.1486819850,0.0752185561,0.0448300721,0.5888438116,0.3400468759,0.9767782257,0.6463245235,0.6891441592,0.5887136209,0.1027347309,0.9839317186,0.8262679588
2.5232428040,0.6238595956,0.3154427903,0.8922499228,0.7466354164,0.5826429166,0.9012426292,0.2471887179,0.1192714200,0.6642227948,0.2653725563,0.9671627905,0.4642185357,0.3672801163,0.7278783798,0.3825077216,0.4106584146,0.7539971337,0.7427307468
0.1347957006,0.9783868706,0.5410340341,0.6247878234,0.7730557651,0.2518848106,0.2405716251,0.8342527733,0.0142870105,0.7191118292,0.9540303420,0.6581662336,0.2850400778,0.5772597323,0.0496583444,0.5874645263,0.7227334312,0.8240383362,0.8776244627
0.6125466369,0.3136759713,0.8152501712,0.1011343368,0.9248215926,0.6725967202,0.2564623550,0.0398309460,0.6433769917,0.2631676296,0.6726107465,0.8624409168,0.0896698790,0.0647403950,0.1801622425,0.5498438640,0.0002622127,0.6889442354,0.7416327450
1.1903941608,0.1756299433,0.8386291761,0.2719973922,0.6063785449,0.6727304378,0.0320629903,0.6583437362,0.7720372167,0.7543783363,0.8459221229,0.2676693819,0.6915936386,0.8532918158,0.6809609968,0.3560569308,0.3486793285,0.7751056651,0.2668774748
1.0382696151,0.1925902563,0.2486509530,0.7830148407,0.9980102184,0.2500848392,0.4117022172,0.4989464648,0.2642161512,0.5957054712,0.4674047408,0.3612279432,0.4666049607,0.7128608153,0.6832526719,0.7107513208,0.5326286749,0.6338607655,0.7293988880
0.0942310695,0.0767262315,0.9277044851,0.8969001310,0.2532486392,0.4266480228,0.5723003994,0.7454799014,0.2870782138,0.5073725451,0.9518585676,0.2567168411,0.9918877754,0.7131961328,0.4983816639,0.8679741758,0.5264732045,0.6755438541,0.4365926951
0.7135332535,0.3543053156,0.2494094429,0.3143070726,0.2530623572,0.7123571139,0.6689758493,0.3749826517,0.2622135718,0.2601254843,0.7329593983,0.2170864121,0.8036950669,0.7076549435,0.8401961660,0.6737098827,0.1202742677,0.1263865505,0.1416587311
0.0758524633,0.9914551492,0.8107709580,0.5684514268,0.0726034483,0.2640630737,0.0970370216,0.2136330129,0.6517646657,0.1157838400,0.0771402363,0.8083935933,0.2855700302,0.1968351362,0.0570978020,0.8558653954,0.2442507598,0.2345847145,0.3372607658
0.8339921853,0.1933932566,0.8157862432,0.8323222615,0.1410274670,0.1754567878,0.7719107067,0.8843204344,0.3346710318,0.2960411534,0.1664610188,0.9830306412,0.5092393286,0.5089664126,0.2055894507,0.5687553327,0.6372026436,0.6285725804,0.0133848388
0.6171238802,0.3469156131,0.0884902094,0.3235557998,0.5016987124,0.6807864574,0.4734024765,0.2199525887,0.8828972138,0.8050115506,0.9930575217,0.2235212747,0.0933180324,0.4809929428,0.0161492448,0.1338229683,0.7939561462,0.3524166405,0.5609136779
1.2433785802,0.2726018802,0.1354459546,0.6394219733,0.9685546645,0.2521890256,0.1148053073,0.9337289024,0.3070678182,0.7048583117,0.3334144621,0.4263144283,0.8214417789,0.8975332392,0.6931807655,0.3750477341,0.1777749821,0.4514277392,0.6911054815
1.4255196494,0.8460944697,0.5921355102,0.8799994356,0.0982336931,0.9692115540,0.5651018393,0.7840650138,0.3100181064,0.2605946106,0.0491023336,0.7626429097,0.5244066134,0.8149762251,0.6796022401,0.7845523357,0.9434114268,0.4857954367,0.3281547299
1.1497670337,0.2480811427,0.3135067785,0.5508644170,0.5173482848,0.0437239380,0.2695169172,0.0676329347,0.9562340816,0.9898824971,0.3627491742,0.7770904738,0.4940978675,0.3380452231,0.5774173794,0.0410140360,0.8040332228,0.6858574417,0.4283543065
1.8129327526,0.6862113165,0.8718556221,0.6401476631,0.7973860922,0.4229456524,0.0407387657,0.0872200593,0.4405868340,0.5869503601,0.4777011820,0.8263416449,0.4167985558,0.9105665745,0.6681040222,0.3687969981,0.6151058677,0.7045188388,0.0936062556
0.4825296893,0.0234824802,0.7834044506,0.2194411168,0.9987867995,0.5579134646,0.1214109833,0.1740335174,0.9809353389,0.1686968681,0.0119323404,0.0559203523,0.2119349399,0.8496312005,0.7063478537,0.1963617060,0.2793071742,0.2256049070,0.1050294160
-0.1409314144,0.8378565033,0.5899377044,0.3786455031,0.8685380317,0.1671938857,0.4483297368,0.9740522913,0.9913651026,0.4874658113,0.7284309090,0.1220353404,0.4960472238,0.9639993779,0.8904665772,0.8350653924,0.8881925884,0.7356801384,0.8360262649
-0.3668834192,0.8456155772,0.0821844857,0.4173509508,0.8597362953,0.2843387568,0.0967580735,0.4085993351,0.4105150622,0.6987121198,0.4280726513,0.4459201161,0.5415490000,0.5935039470,0.3172339562,0.6637444932,0.6380733357,0.1846619527,0.9355337191
0.9242823640,0.1723493769,0.1793812845,0.5976395805,0.0765346454,0.4080541330,0.5697913898,0.5071839189,0.7993535731,0.4115495260,0.6501264349,0.1170145867,0.8585665552,0.3729613660,0.1137187393,0.5604303558,0.1190251180,0.9253632173,0.0934672688
1.8743614278,0.4044851727,0.5226485823,0.8041494341,0.3098948312,0.3094942714,0.4177114488,0.7872397356,0.5249700885,0.9980153784,0.5958840848,0.2407967325,0.5215448008,0.2138414259,0.9905161040,0.4486947485,0.9110605875,0.9556731384,0.3434217498
0.8698878491,0.7354283686,0.0108291365,0.0566895687,0.7019979686,0.3638312048,0.3417434302,0.4721439000,0.4441298271,0.5500652535,0.6194585697,0.2978217642,0.1312543441,0.1401277827,0.0888869580,0.2220941493,0.4693422155,0.7295574861,0.7280862045
0.1559966589,0.7976189649,0.9630187249,0.0327319119,0.0554571723,0.0843705966,0.0800983073,0.1104893836,0.7737873494,0.5542944241,0.0827976789,0.1244594025,0.9823555596,0.0587148234,0.8442664638,0.2909114691,0.6400459918,0.2961521114,0.4954886929
1.5843596288,0.3506383350,0.4707461354,0.8169108354,0.7288450109,0.5421582885,0.9582463419,0.2095210025,0.2624937292,0.8483074586,0.3525532006,0.1456112713,0.9917587977,0.0576749981,0.7313257440,0.1890597471,0.5782301247,0.2220544024,0.3175835459
1.9009935963,0.6872894215,0.4734108608,0.6673051105,0.8791066773,0.3020919879,0.8210481213,0.6774610935,0.8359150763,0.1682957752,0.2283674271,0.2691383186,0.6933808257,0.0137645350,0.3693313669,0.5882455501,0.1145574038,0.5577078612,0.3530035962
1.8140139309,0.4983731692,0.4663830173,0.6269587146,0.3919798651,0.7091253736,0.2210978374,0.7941204873,0.1908979871,0.9271434675,0.0935377128,0.6089314585,0.0322020584,0.4739543002,0.6597968520,0.0558561934,0.5927778362,0.7560575813,0.3372783861
1.4813891116,0.7109420174,0.5985906602,0.3671250768,0.2311433552,0.6315656023,0.2893110158,0.7708611220,0.9967893118,0.7324572248,0.8810438546,0.9670211212,0.4381432637,0.7996687175,0.0503183174,0.1997272079,0.5730360836,0.7175551992,0.5881316017
0.9668795448,0.4864078837,0.2249214239,0.1547242864,0.5998271227,0.8421355443,0.9096674644,0.1448535914,0.1075011098,0.4165984244,0.9254161369,0.0400288721,0.3592435942,0.6639673812,0.0765887356,0.9461420631,0.1674631800,0.7564522469,0.5148177653
-0.4158682808,0.8747993081,0.3303234642,0.0763206879,0.2638508239,0.5410434214,0.8716476704,0.1810494834,0.3741578364,0.7344010117,0.7524930613,0.5778320472,0.3610157714,0.9742065756,0.3089736264,0.4522919438,0.7216865153,0.5257072360,0.5085176516
0.5356335276,0.4043730689,0.2878486695,0.2279985666,0.4342473229,0.4963327275,0.9681339296,0.0938855935,0.3595648066,0.5993494726,0.8542432935,0.9378175980,0.3744376635,0.1791311606,0.7330326047,0.7164998481,0.6632517633,0.3615892168,0.4957749645
-0.5599738043,0.9240736829,0.0388152971,0.3578423865,0.4751019141,0.3317929778,0.6754030501,0.5475179064,0.6325841847,0.1412639835,0.1558912989,0.0444673082,0.5355689096,0.8123867076,0.6018442529,0.6097351772,0.4512615528,0.6967066425,0.8006560782
0.1591397194,0.9914570364,0.9534379535,0.7931608636,0.3404725359,0.2238702698,0.1516861085,0.5171651602,0.5918108277,0.0093044142,0.9171660416,0.9094996794,0.1446122364,0.1152171930,0.0468792076,0.9503808244,0.2173528731,0.8605764061,0.6714581437
1.5675805581,0.5271901913,0.3867008458,0.3402856503,0.7610557838,0.3041274673,0.7204737490,0.9354196537,0.1987879944,0.1009041696,0.3618998125,0.1330162219,0.7900947201,0.3715230522,0.2479755336,0.9611120147,0.3520319463,0.5307030434,0.2704264587
1.0197678285,0.2529651733,0.3362421453,0.3540761063,0.9471230247,0.8471996289,0.8640640474,0.5894378288,0.4190650401,0.2935019315,0.0242380849,0.6509627176,0.9240636729,0.5675517871,0.2488202365,0.8642783529,0.4151321803,0.5642228807,0.0589350480
1.2589039265,0.4676983209,0.4938202577,0.1400070982,0.2014883342,0.2921241067,0.0443050796,0.7589657110,0.8934237458,0.3384668449,0.0099223229,0.9254020716,0.9673550269,0.3906631156,0.9318331771,0.3631237644,0.4355397217,0.2657529524,0.5607033948
1.0078258057,0.2347517912,0.2293082883,0.0763479067,0.2361666662,0.8495414945,0.0218412283,0.7266404150,0.5375714205,0.7189420044,0.2112223390,0.7246012230,0.9019423910,0.6576619578,0.3748816700,0.6500803347,0.2712844630,0.1081431242,0.3598356719
1.1110536162,0.2028928565,0.6225239120,0.4395101376,0.4139636817,0.8469559842,0.6103096768,0.7320481961,0.5513632967,0.8812283602,0.3853219350,0.1566277061,0.2437056431,0.3431065448,0.6985243567,0.4646154701,0.8900264086,0.0339084187,0.1602503389
1.9048303915,0.6554508363,0.3931452120,0.2278131426,0.6101443562,0.6387189016,0.6590994207,0.4069284313,0.2781514301,0.3311816270,0.1612451597,0.5591155338,0.7334223601,0.7726260968,0.3877627981,0.7614384488,0.1396430873,0.3230855969,0.9392018767
0.1543041975,0.3390235161,0.1309923154,0.0168775415,0.0105484354,0.8641412902,0.8178706585,0.5056056734,0.4315483859,0.1856377422,0.8159812949,0.8898368948,0.3546042979,0.7489692488,0.0431155305,0.5712083211,0.3498873959,0.7621385768,0.4249775534
2.0364621372,0.6443631553,0.5415322155,0.0689737650,0.1978383989,0.4623972828,0.1940503473,0.5170524644,0.5766218529,0.0908180904,0.9878369309,0.5345095527,0.1930249682,0.1851943932,0.7416596151,0.1033477560,0.7710641176,0.1303324767,0.7434288810
1.4256478349,0.4328452166,0.4001896873,0.4834913927,0.4077894238,0.3915579396,0.9687024902,0.1723586478,0.0282985742,0.5337512094,0.3989818453,0.8095108862,0.3080487208,0.3581326945,0.6112882274,0.5093760357,0.2789844050,0.9605900062,0.8116095602
0.5108087885,0.0770282060,0.0780592284,0.1012267438,0.2773097341,0.1932792256,0.7766071736,0.1140718083,0.8885190108,0.7558379809,0.0872446545,0.6442258424,0.4298706733,0.0400761871,0.7738955601,0.6299928705,0.3842585920,0.7503722052,0.3322000980
0.9906500277,0.2180194460,0.2174742794,0.0647357634,0.4457900661,0.5555881655,0.7995613394,0.3952002251,0.1306081616,0.1469990114,0.2574256641,0.3310723877,0.5125742212,0.7329213178,0.8728593637,0.3016555902,0.0687459176,0.2282358243,0.6933461721
0.9527173890,0.7460054352,0.3295398367,0.3510418896,0.4715509027,0.0067211630,0.4814179547,0.4566666853,0.7670779045,0.5368529902,0.3506112362,0.7227342670,0.7226937225,0.7077022284,0.6623996441,0.4234424108,0.4783337613,0.5292856867,0.1972355819
0.9285958055,0.1898515164,0.5840312075,0.7283910862,0.9729480423,0.8743180548,0.7426932245,0.3999056714,0.7884678062,0.7238287027,0.2714786929,0.4130581212,0.4271094255,0.1459399019,0.5404098925,0.1447022123,0.4983480502,0.9997807716,0.1904921282
1.9425899585,0.3964166990,0.5078728913,0.8792530235,0.5821642094,0.9666755790,0.2034630628,0.5834635486,0.2150800541,0.3307902792,0.2542072418,0.4953888584,0.6505111060,0.2249347066,0.6723866497,0.8736891911,0.8518827770,0.4660114210,0.3047846928
2.1293556197,0.5747701921,0.8982278321,0.9609310329,0.8102632349,0.8905915826,0.8334366187,0.4263513932,0.8196167952,0.5746075727,0.5591549337,0.6376430270,0.9672848218,0.7198067804,0.1107573900,0.9171835122,0.6947746625,0.1877791922,0.4783188006
0.2396788254,0.0618238733,0.2997372174,0.7583324611,0.9585340319,0.0549130442,0.2777036717,0.2937970920,0.2113877496,0.1390170687,0.7662911627,0.7411252327,0.8768056539,0.7939197593,0.0547663454,0.7036357540,0.1451939025,0.1746712331,0.5737595777
0.8883005532,0.7932251998,0.3316145167,0.7354347129,0.5171108302,0.9114671919,0.1460149589,0.2367104397,0.0677949593,0.0856351625,0.6820978727,0.5313738590,0.0610440516,0.6366045924,0.5405680796,0.9227296442,0.4816654296,0.0310538382,0.1697294915
1.5254862028,0.3689425433,0.9806648851,0.6503393897,0.9974992305,0.1188855828,0.0985294425,0.7856386170,0.0644306715,0.1629205954,0.8969821004,0.8950693488,0.2868207461,0.0805023908,0.2970473411,0.6540584234,0.5928979796,0.7046871920,0.4484779725
1.0150036336,0.4003146036,0.6202157890,0.3438383888,0.5013660925,0.0386119593,0.2696245904,0.9504070018,0.4281120127,0.5760040096,0.7863375485,0.7641739634,0.9192214910,0.2807826005,0.7982041262,0.3433700119,0.0877324762,0.3783028541,0.6461033014
-0.3697526845,0.8565472918,0.7672185188,0.1684516603,0.2850243912,0.4655261496,0.7386528475,0.5731539478,0.6537925591,0.8143873422,0.5949603049,0.1584001568,0.3796014262,0.6760396471,0.2264038421,0.7681970009,0.8173330056,0.9775372000,0.0367029968
-0.0118076190,0.9926238091,0.8757154681,0.2440226370,0.5430850896,0.6929266926,0.2397932325,0.1241599142,0.5811237276,0.1617232321,0.6827312257,0.1307664420,0.7692892847,0.8551964467,0.0411821824,0.4983118199,0.7078869887,0.7752489984,0.2334803223
1.8361329509,0.3736505919,0.2160805886,0.8934366402,0.7441874541,0.7538261665,0.1899066138,0.7638484791,0.6256916037,0.4814857584,0.3150793362,0.2496061935,0.0778885544,0.6792280687,0.6869259415,0.7707293650,0.3608543238,0.5388428672,0.5581827963
1.9742360301,0.6687110415,0.7901669316,0.6173734151,0.6254784605,0.4926342167,0.0542618682,0.6299172072,0.2098051510,0.4469571724,0.4935055916,0.5832216142,0.1607762683,0.6228954870,0.7069631175,0.1679366414,0.5197741732,0.3369490271,0.0322315516
-0.0113043404,0.9064589365,0.5524434529,0.7630872255,0.3210190893,0.4480007874,0.1260663931,0.1905360690,0.8554625486,0.6325292287,0.2388626239,0.1791419466,0.8312399836,0.1145223232,0.8296874365,0.1044230717,0.6055199543,0.6868455739,0.7373449994
1.9990745024,0.5381112642,0.1912101707,0.6659191000,0.0907020666,0.5642665866,0.8493844892,0.5792990704,0.0425527715,0.8817944610,0.8629503346,0.9525066330,0.6422884924,0.0499358367,0.5004624779,0.6757349519,0.4948689716,0.4511475302,0.1699635797
1.1713868616,0.4513045993,0.5115831703,0.3013128894,0.4827197676,0.7728556585,0.6373047015,0.5108270079,0.6773741804,0.2691234865,0.1797050763,0.7994899009,0.6758472832,0.0183777095,0.5595362036,0.1910344650,0.0298092372,0.0630999841,0.7951997149
1.5562144202,0.9453329079,0.1440242791,0.9680312803,0.3691940976,0.8262063762,0.9922277541,0.2693262255,0.5383520847,0.3144604522,0.7357465172,0.4185696406,0.9216771414,0.7584739739,0.8894714755,0.7952570407,0.5092300642,0.1028125693,0.0443486549
0.1690231510,0.0829103178,0.8908214711,0.7819507508,0.5542176733,0.7870375133,0.6879684110,0.0347160705,0.2729010865,0.8837754623,0.4111028610,0.4043498098,0.7507349821,0.1051353762,0.0474487117,0.9504451361,0.3939386484,0.3674723207,0.6699339771
1.4043643056,0.1769737080,0.9148129292,0.0692714178,0.8718737930,0.3912892000,0.5794762474,0.4279076011,0.8171395386,0.1545351555,0.6801827566,0.2189817255,0.1922207072,0.6384954562,0.3024298654,0.0329475692,0.6058731785,0.7588767796,0.4777036849
1.0398071074,0.1643273183,0.6382220847,0.0005907541,0.7026040789,0.1397919560,0.6275843832,0.0277399185,0.9168908548,0.4840467350,0.7154239422,0.7728235028,0.3768267596,0.7400548279,0.9464280994,0.8344999503,0.6093228564,0.1318388148,0.0380145179
2.0992005113,0.5377874941,0.1623831924,0.7123505271,0.6029539022,0.9609740809,0.8313311073,0.0309835678,0.6627933287,0.8462873290,0.3049782672,0.4833595600,0.1394189712,0.3629762253,0.4771491654,0.4804179673,0.5809638613,0.0701129163,0.8820674228
2.2024660608,0.6906313063,0.3133747400,0.7571700157,0.5935872844,0.6702440978,0.3660086199,0.6493281278,0.5433467446,0.8900896231,0.6105096409,0.2893437202,0.3718740606,0.2052767557,0.9953428711,0.9168038111,0.0064425403,0.7916991456,0.7509514396
0.0677307154,0.0208588877,0.1872521819,0.5851088654,0.6313027751,0.9077642563,0.6488998724,0.5657117359,0.4617396415,0.8397981049,0.1297934546,0.2662896501,0.7672092615,0.5716651348,0.0462464003,0.8129010657,0.9021787902,0.3313298866,0.8207846833
-0.2760249875,0.0030097451,0.1423305141,0.0041402124,0.7327402411,0.3987415937,0.7816194634,0.6894804799,0.3552551025,0.7497279543,0.6468517622,0.5058602898,0.5002533827,0.1455401631,0.7395361998,0.6856858347,0.4219324736,0.2641746465,0.4109249983
1.0921376617,0.1905378815,0.0378181358,0.0634563344,0.8236513100,0.0041947087,0.9195699918,0.0442468720,0.6582691081,0.3381744490,0.9018460359,0.6906827164,0.9712556742,0.0805892766,0.0747926598,0.5272992381,0.1636765163,0.7660190756,0.1907646417
0.3726698475,0.1083252739,0.7860128737,0.8759333345,0.3395516062,0.9921600357,0.4654725595,0.2980742944,0.7103079687,0.7637085865,0.9913311080,0.8834849793,0.6700802531,0.7129723530,0.0202681749,0.5593051674,0.1615693962,0.2751654708,0.4851757967
1.5726828580,0.3106065634,0.2814339568,0.8832042771,0.5211762848,0.7664505527,0.0222179173,0.2636331157,0.4433279307,0.0165850736,0.4382284853,0.5944598511,0.0640959564,0.3727500200,0.5716885427,0.9549910154,0.9809399745,0.0480277196,0.4362346817
0.8272218646,0.8865878776,0.0970395064,0.8669861542,0.3232534752,0.6319715654,0.9517007792,0.2730448061,0.6392129419,0.4521149876,0.3472168718,0.6210683545,0.3377676971,0.1370331854,0.7149838197,0.4655765233,0.0978612723,0.8307023834,0.1531471767
1.1103597613,0.7707916274,0.2301306582,0.7064423530,0.4586180007,0.1738690246,0.2686213996,0.9411800972,0.1246488270,0.9957409699,0.2960640409,0.2164385460,0.0870141504,0.0119120568,0.4110788386,0.6138029885,0.2521538560,0.9957347230,0.9496480201
0.2691503418,0.0628173217,0.2511184135,0.4649725320,0.3026064753,0.1278840120,0.6856396013,0.0124758356,0.1729066600,0.5683726851,0.3821945292,0.4239072828,0.1195472259,0.3930254468,0.5895821383,0.3895053770,0.5755923817,0.0285693084,0.6524956541
0.3858450623,0.9842995551,0.2890001104,0.7839966635,0.9431068841,0.3237835592,0.5015629985,0.0047148949,0.6004432767,0.5429922360,0.0600277458,0.8483282302,0.3166945222,0.2351717200,0.1444608136,0.3007765331,0.2837414572,0.8903093606,0.7508745337
0.9330225048,0.2601255329,0.0873757196,0.2886915075,0.9059278787,0.3454973023,0.4425720577,0.4133262219,0.3171328329,0.2582976672,0.4067046597,0.5174276178,0.4042996280,0.6857075605,0.9486094589,0.8853750202,0.9261861683,0.8888265817,0.0996408715
2.4507351836,0.5477993886,0.4077538169,0.9368426135,0.8770953754,0.8027718627,0.9394857250,0.9410576581,0.2127727392,0.8066846435,0.3154265219,0.3470318095,0.4558796980,0.8444619946,0.7946412763,0.2113767110,0.9450273267,0.2724150979,0.3431668649
1.2206038032,0.2483178914,0.4058844951,0.6763234328,0.1132540506,0.4438416330,0.7344801797,0.5416176104,0.1544070759,0.5982518131,0.8388843560,0.3331194737,0.4532410601,0.9134912250,0.0757250748,0.3005046706,0.0159090516,0.0284322335,0.7162520194
0.8746824212,0.1722303985,0.3203709210,0.9730144534,0.9829904162,0.8840104837,0.5524119649,0.9395576573,0.0693874058,0.1782346372,0.3318423494,0.4539444316,0.0476248390,0.3234205876,0.5803778785,0.8356834392,0.0937174435,0.9113293202,0.7899062969
0.6006732898,0.4540222525,0.8590419765,0.0442816670,0.6732750361,0.5727187228,0.7079090937,0.2583283935,0.1876375773,0.5456347108,0.0899710819,0.6698136964,0.9455153893,0.5889065192,0.6375231777,0.9709104296,0.6120266379,0.9889580849,0.6565261034
-0.4341619133,0.9174622615,0.2749949508,0.3981038728,0.5638591687,0.4397017317,0.9574804604,0.2406213801,0.5407627606,0.1095475451,0.0988341956,0.4504856238,0.3676648260,0.9029637336,0.6511673453,0.2523548971,0.6587153166,0.0581389764,0.0052585431
-0.4826780880,0.8541281892,0.9893564712,0.2646571483,0.1108481980,0.2090627242,0.1819907652,0.8641822737,0.3088869852,0.7317522550,0.7591931253,0.0597932656,0.9772341258,0.4615686124,0.9754604618,0.9521661810,0.5238704899,0.5690874407,0.9349416661
1.1214060020,0.2011129612,0.6842777915,0.4900514514,0.4780918928,0.0916995709,0.4582143891,0.1823324817,0.7351917495,0.2053222714,0.9409011713,0.8793721177,0.7193799786,0.4990358592,0.4634680362,0.4448904084,0.5204545583,0.8600753348,0.3603928961
0.0907854932,0.9843405106,0.3516236854,0.1892216597,0.5428089682,0.9517126222,0.7260209032,0.8289406234,0.3744974597,0.4683623765,0.0186683498,0.3718305334,0.3139958741,0.0311226235,0.9988726104,0.4347985459,0.6665560416,0.8153503420,0.2551360217
0.7009243488,0.9377286116,0.5317966203,0.8845408227,0.4215811552,0.5758851728,0.8928765773,0.1591605634,0.4961649781,0.8995997189,0.6613986851,0.1309194786,0.6540027362,0.6832855684,0.6577228275,0.2035465836,0.9587221143,0.1944689939,0.2924470143
1.7797774125,0.5604045525,0.0931534840,0.2205816235,0.3859889158,0.2437258795,0.5828405959,0.7094527834,0.4802484874,0.9259381074,0.7433513601,0.8730854582,0.5887409065,0.7970537590,0.1407406474,0.7643179751,0.6710784238,0.6175482094,0.6351623893
1.7814549175,0.4779979361,0.1079789689,0.6117758538,0.6133266409,0.2388695633,0.1684430861,0.3851395408,0.3467369827,0.1172069340,0.0242236981,0.9095141228,0.3668750677,0.8576411298,0.7313506032,0.4614079837,0.6233046415,0.2201488814,0.3518093074
0.0900622271,0.0294716291,0.4506446684,0.6761092982,0.1739360062,0.5611434345,0.2181666494,0.3516915558,0.4978000992,0.7710394494,0.1630261639,0.5063341083,0.4363676412,0.9914841930,0.9449730537,0.4522680470,0.0757253675,0.4353052057,0.4561392402
-0.0721600765,0.0253194852,0.6199245380,0.9532612666,0.0958499567,0.1654059085,0.8618823931,0.8275395756,0.5539409020,0.2852302347,0.3187947781,0.7330470003,0.9892586246,0.9319061161,0.2831613610,0.0885713835,0.4734881020,0.7387545198,0.8814349618
2.3066123019,0.5116539342,0.1291947663,0.8777017543,0.7558782745,0.8619065465,0.0377370346,0.8976463329,0.5838505571,0.4260881745,0.3048201662,0.1741655150,0.3860062468,0.2851297062,0.8060447698,0.8054892908,0.9874020155,0.1575632752,0.5047450776
0.6569057137,0.7631803602,0.8504112291,0.3691731508,0.7887285579,0.1542278657,0.6230688690,0.0973431103,0.1181176632,0.0905282930,0.7064402078,0.5461037331,0.3051947704,0.0741084643,0.3600558530,0.7582324625,0.9117209507,0.8104244563,0.1970845031
1.9107168484,0.5435884875,0.3182023554,0.6165083411,0.9261928230,0.8467379461,0.1144439338,0.2789463039,0.8493390326,0.9861758648,0.1800290630,0.2699889407,0.2350783047,0.3808523992,0.5807168306,0.1008937861,0.0980931433,0.7792398345,0.5706421265
1.2517946542,0.2875631032,0.9088958035,0.3622780444,0.3239671828,0.4262081305,0.5853743556,0.9006212853,0.5221919905,0.7005671621,0.8536577392,0.0979645151,0.5576746028,0.9988910842,0.9558881739,0.8762126895,0.4829278383,0.2731884690,0.2634973831
0.9921444970,0.9982627939,0.3036870777,0.9370676777,0.5479760203,0.5920384225,0.7095746719,0.7658692098,0.7768705621,0.9815950794,0.0980508018,0.7748249229,0.3237674004,0.6157106646,0.1753550086,0.9252154651,0.4840807336,0.4051851839,0.1469610420
0.6703882892,0.9410963596,0.9842232524,0.9083805174,0.8475918144,0.9416269370,0.2773429995,0.0091931644,0.8646649528,0.2515305702,0.2036276099,0.2781413809,0.6918765505,0.6013674227,0.0336317427,0.4678219079,0.3474993202,0.2539631545,0.6134802603
0.4349935387,0.0909546852,0.4451374801,0.2880879893,0.9979408496,0.2756428048,0.9692314747,0.0021524725,0.5477846744,0.1344835409,0.3762821989,0.9073042186,0.3191148044,0.2624273013,0.1217897688,0.6668631508,0.5090961491,0.6473039511,0.9982131568
2.0389818158,0.5022195064,0.9983541220,0.9241211647,0.3963844513,0.2807934437,0.6312017003,0.9425001964,0.6124401590,0.0397260357,0.4061048570,0.9793768407,0.4103970588,0.8533793838,0.6706292582,0.5829901287,0.0525758800,0.0911719342,0.2923492702
1.0421397252,0.2368814760,0.7327916738,0.8033407844,0.3331745146,0.9367127897,0.8452007062,0.7739516943,0.0852614793,0.9142110297,0.1545273202,0.4725902936,0.1608546830,0.6044914814,0.1597316880,0.6380789749,0.3328637810,0.4383559624,0.8425046366
1.1457545288,0.4387154134,0.8363696774,0.4304681166,0.0114947747,0.9905298240,0.7286334840,0.5964522460,0.5028698928,0.1707902455,0.9664570499,0.9794231015,0.7384904738,0.4200340859,0.9005581900,0.1419569827,0.1629702824,0.5474874272,0.9155146326
-0.2061063829,0.8859791309,0.2946283172,0.6562559641,0.8566760854,0.3375550152,0.3463088860,0.7387142674,0.8448457743,0.7934318138,0.3563413695,0.0856196411,0.0323273011,0.8705322233,0.6789064068,0.3558927725,0.7998000480,0.7675175718,0.8107240100
1.9881750904,0.6008504968,0.8103061442,0.1546049446,0.6066558529,0.2042921824,0.7468806196,0.0049210793,0.8374151814,0.0734211020,0.8742689066,0.7360282500,0.1215962489,0.2177313525,0.5515565557,0.8394868832,0.9914807478,0.7936127928,0.9908076426
0.0074538877,0.9788322350,0.7074238075,0.1745989449,0.9956382941,0.5109152991,0.1301455511,0.2680789597,0.8844637820,0.6873389944,0.1881512870,0.5733057432,0.0585326442,0.9693040891,0.9251917956,0.1699034380,0.4604990833,0.9752280033,0.4599074710
0.8447439176,0.4720175094,0.1575393364,0.0046708790,0.7153850657,0.9072376665,0.7131643357,0.7932306468,0.9687999083,0.8867682999,0.4465635149,0.8760445501,0.0387620386,0.5774622809,0.3333161727,0.6669398973,0.8769102627,0.6421773902,0.4499276064
0.5602105722,0.8916520043,0.3591455218,0.8301012886,0.1214349139,0.0249901523,0.1330985778,0.9660853551,0.4479266678,0.7354164604,0.4629078659,0.0177527984,0.0709471407,0.1457894456,0.0711981273,0.7429232656,0.3508748802,0.5358847298,0.2215522859
1.4972738310,0.4851521349,0.7437118038,0.4924835809,0.5388662471,0.1315581039,0.4836171491,0.4556727936,0.9935132828,0.4403647302,0.1069951775,0.8544795937,0.7602765230,0.1248394748,0.5847897858,0.9800550866,0.5495471384,0.3970824236,0.8327777379
1.2865103850,0.4749269750,0.4874135371,0.3540249428,0.8252317151,0.9659641599,0.2321905791,0.4035156854,0.7635085680,0.7041260927,0.6701126405,0.2837458934,0.6080921539,0.4222390583,0.8754220947,0.3905183334,0.3416811883,0.9436733605,0.8084312410
-0.5925364395,0.8976596715,0.9638025124,0.5820210642,0.0823764014,0.8528200769,0.9503552261,0.4848483380,0.9643745263,0.4548098463,0.3830215466,0.2149221398,0.7530261262,0.0642856659,0.8815119342,0.6648026809,0.6687185758,0.7977318014,0.5067194833
0.3264477809,0.9874263412,0.3959460859,0.8020157770,0.2369710446,0.4732052406,0.2486824759,0.2539887610,0.4237042719,0.4934221849,0.9224167278,0.8190120342,0.4046265592,0.9425684702,0.8738671717,0.9517054282,0.6695459955,0.0264613981,0.0477585498
2.4025466842,0.6939523268,0.9973965470,0.9812503796,0.2225001385,0.5826007159,0.6117361475,0.6970802899,0.4971422727,0.8178306199,0.8329290417,0.8697720962,0.8835799583,0.5383866720,0.5866790406,0.5242119548,0.0908035507,0.5711286991,0.2711527702
0.2813286235,0.0698497372,0.3849801336,0.8361488670,0.3625793221,0.0006542503,0.6559865335,0.8496111841,0.5920578691,0.3050114741,0.0195255988,0.7749504572,0.3501210510,0.8093037236,0.7906409135,0.0514562783,0.6237985950,0.8681353541,0.3808735768
-0.0112959678,0.0249102371,0.2611300740,0.0852155280,0.5972771651,0.4223973187,0.0761797832,0.0501969653,0.7664226732,0.1459221856,0.9296123307,0.3566061427,0.2831654323,0.3557999007,0.7685637651,0.9750555101,0.2223570419,0.5013691965,0.3210122422
2.1347380939,0.6424759747,0.1773482470,0.1732662612,0.8617452437,0.4381377936,0.2461971125,0.2250101681,0.7908720715,0.5249476861,0.5267666948,0.7009569479,0.6974904247,0.6868580195,0.3973004704,0.6909626691,0.5813713813,0.5141997372,0.2627001696
1.0019026709,0.2640911191,0.8257171122,0.1809782564,0.2233751308,0.9432260888,0.8357285816,0.9681893060,0.3910095815,0.8627893415,0.8204587427,0.4057659807,0.0030953362,0.0356545398,0.9627925157,0.6697836904,0.6173952576,0.9625856509,0.5004072271
0.0134909771,0.0177818882,0.8984601291,0.7064961668,0.6858545838,0.4274718534,0.4276610693,0.3621140820,0.0182313502,0.7260150068,0.1793277164,0.9063057911,0.8775383151,0.1586628893,0.2315195541,0.8406015645,0.9817725488,0.0241554263,0.1329354923
2.2709548023,0.7855379955,0.6945969369,0.9512664612,0.1967579988,0.5779289449,0.8656741865,0.5222792232,0.1996500718,0.8006107158,0.3595265624,0.8792085432,0.7621830655,0.0658816439,0.6207210777,0.7012908947,0.2187204557,0.5307165648,0.2374942798
2.3409672313,0.7809383572,0.6722290093,0.9779457364,0.0493064810,0.5501336568,0.2099722942,0.5694861117,0.7279325303,0.2262227460,0.2805503710,0.5136140277,0.4978222835,0.1628026522,0.3840357247,0.6291389064,0.0060835349,0.5706712625,0.5201583763
2.4666247017,0.7827132124,0.4227397010,0.9687427624,0.8459812839,0.9420524849,0.9417518517,0.2869655230,0.8648213855,0.8348686969,0.0768817250,0.3954716236,0.3767817850,0.5491246814,0.7620491903,0.9150422579,0.6861805982,0.7282342678,0.0459136753
-0.4095666444,0.9039155872,0.7293345722,0.5819260534,0.3423993851,0.0678066475,0.6344964505,0.3566443394,0.5231186246,0.6538196968,0.8353753163,0.5439972958,0.2391341462,0.6934507582,0.1611287960,0.1154053899,0.0543640892,0.2802172247,0.6985879869
1.6674173253,0.3620609574,0.6876231183,0.9530615236,0.0464021471,0.4476173419,0.4788497368,0.8482827509,0.2117078739,0.4090508476,0.5911896231,0.6119048531,0.2743103403,0.6392552284,0.1499693426,0.6342169835,0.3952587509,0.2804232785,0.8304239666
-0.1953532014,0.9472393443,0.4422878766,0.1251362295,0.7173225390,0.8322159304,0.8251830733,0.7312937131,0.4605274646,0.2229704548,0.0078848602,0.0466474645,0.3722495576,0.2464442406,0.7557620066,0.3077141912,0.1943554603,0.9786990028,0.0026706852
-0.4054115743,0.8632800378,0.0748254831,0.5884591591,0.5039961037,0.0458316451,0.4095947023,0.8824830063,0.6244972575,0.0247825218,0.9157581932,0.9996951718,0.1826451604,0.4670238966,0.2324357594,0.9911816468,0.8187817282,0.2018336555,0.3311201093
2.2253094969,0.4947733371,0.3774811035,0.9444595014,0.6468008189,0.8866869660,0.4303215716,0.7967147617,0.1205009443,0.3257244805,0.8312212234,0.8974441835,0.3148686685,0.4585616638,0.2444861940,0.2370588839,0.1983802865,0.3558127725,0.4063960959
1.5792596052,0.3423830776,0.3066046833,0.7343964692,0.3784935499,0.9567614293,0.5902568631,0.4761401615,0.1549981764,0.1885872617,0.6211581038,0.6186675245,0.2201640066,0.2351939818,0.4951618308,0.2118947121,0.9694556754,0.7875490605,0.6363216470
1.3045491550,0.7194558539,0.3158996592,0.0957381136,0.3020268923,0.5777040130,0.5535258016,0.8236025262,0.8367634238,0.4452661072,0.7348088974,0.3468264377,0.1865613389,0.0135271625,0.3636805948,0.5662595202,0.6747704661,0.6210424535,0.3532725825
1.8223494101,0.3961980980,0.3616825148,0.8136322170,0.9356545660,0.6789020273,0.9574032481,0.7674780711,0.4937253688,0.6241461203,0.0267766012,0.6787686330,0.1282361070,0.6033379160,0.6497305706,0.8278621288,0.5690087922,0.1672635098,0.8140248664
-0.3997888811,0.9136740831,0.6519801443,0.4826684031,0.9865723591,0.9220389400,0.7086563708,0.9627692720,0.8947903961,0.4010273429,0.4860824235,0.8837060190,0.1403175701,0.1996768029,0.2430728119,0.5314609513,0.6290237455,0.9245097850,0.0411749815
-0.1706389677,0.9476703596,0.6939216029,0.1366749756,0.7906528624,0.3878386796,0.7532989028,0.1331786401,0.7074408440,0.8862860062,0.3900556106,0.2514004530,0.4755885762,0.1880971321,0.1114682090,0.8178445203,0.0553202417,0.0115484435,0.2293191583
1.8231396203,0.8133415102,0.6965747643,0.8903771274,0.5410662644,0.1389865669,0.0939307678,0.9586965658,0.2195417667,0.6894290936,0.1563774829,0.9899931411,0.9599113494,0.2138538450,0.8766140787,0.7889981668,0.4781461181,0.3913922610,0.2732503972
-0.5522461863,0.8881807679,0.9137922221,0.5230945077,0.9856756249,0.4262864385,0.9390996766,0.2619158514,0.4687387920,0.8691020274,0.7475375582,0.6061040951,0.3169291098,0.4889912361,0.2297234374,0.9656325156,0.0347011042,0.4724797855,0.1423833502
1.1785585821,0.2396649135,0.9948588844,0.6548016108,0.7072903983,0.2098473550,0.1208116118,0.5512034574,0.4137552502,0.0567655690,0.4357504795,0.6135786268,0.3408794421,0.3645700549,0.0765738060,0.3676794516,0.8353473953,0.5140640488,0.1147465880
1.6124156124,0.5138392032,0.6204306508,0.4859005399,0.7037289256,0.8998125693,0.8647429891,0.0259177912,0.5892600750,0.3500171699,0.6434581386,0.1106291723,0.9326012595,0.6276932244,0.7714773553,0.3728004868,0.4927580190,0.1579379301,0.0231627858
0.8834418682,0.0932992101,0.7863673947,0.0322293260,0.0227058395,0.4433684234,0.1519717559,0.4160526121,0.6344884383,0.9048223778,0.9474621959,0.2125745919,0.1797298063,0.1614992126,0.0646372335,0.2052003813,0.0793541149,0.2770569058,0.9619419584
0.4279951679,0.3620158000,0.2668566130,0.1655887175,0.5586890671,0.3618656396,0.0646741382,0.2926435940,0.1113367628,0.1541778626,0.1671738210,0.9203498533,0.0582351138,0.3053400976,0.5723984407,0.0416114056,0.7213629307,0.8808889952,0.6194704495
0.9890240954,0.2551560496,0.4111110848,0.0573743400,0.9693075701,0.8827379935,0.1556531686,0.6247502808,0.7314343479,0.9232077684,0.9348909448,0.2820565615,0.4366252779,0.8378564323,0.7103290269,0.0709773986,0.3074712010,0.6970455891,0.9781145432
1.1898678051,0.3485964629,0.5887947797,0.3362266397,0.1924264328,0.9590239737,0.1941894442,0.7886187640,0.6054359767,0.3619828751,0.5079958980,0.2195267886,0.8817420558,0.7301013299,0.8240281985,0.1077181859,0.1412848430,0.8566604481,0.8312572532
-0.4251650461,0.9337635512,0.1180371767,0.6349983489,0.2633105963,0.4029450678,0.2568671145,0.9226220322,0.7495203627,0.7738781597,0.9505795775,0.2084255737,0.7749539968,0.6695173589,0.0718734949,0.0804774685,0.3782604368,0.3685706833,0.7951045353
-0.3506083904,0.9095202860,0.2839861615,0.5725748033,0.9912594788,0.3517875080,0.3449088944,0.1546860437,0.4780535267,0.9625917793,0.5857151179,0.2372098290,0.1671577178,0.2842303249,0.7795583339,0.0568091293,0.7110755372,0.6466641170,0.7113196928
1.5964263275,0.4526482647,0.0016115160,0.6457012029,0.9617873092,0.6011423222,0.7906883295,0.0892815286,0.2094308935,0.9890106990,0.8066599315,0.5151280912,0.4286593858,0.4377117771,0.2256291349,0.3171062797,0.6161949127,0.8465845872,0.8555180885
0.9411275388,0.1928915419,0.4931655120,0.0970848642,0.9012564236,0.3548789883,0.7708768081,0.6090555704,0.9424816627,0.3717791847,0.9799805977,0.5257981085,0.0743109770,0.0770155092,0.6632624340,0.3714815491,0.0148858819,0.9623085410,0.7169257775
0.0482795531,0.9649191235,0.6798381706,0.7349302596,0.4245860327,0.0978600139,0.2601354299,0.6966618578,0.2041617161,0.8367872412,0.8537672098,0.9710226535,0.0148015076,0.3382346972,0.2770625747,0.4553533979,0.4840055545,0.2497009305,0.7218780017
1.8437350141,0.5905842303,0.0244813529,0.3611534489,0.3715978526,0.5034313078,0.4505563079,0.0968422805,0.8721349318,0.0978797729,0.7841340725,0.4916386518,0.5221251310,0.1952900438,0.9201344562,0.3919566991,0.7540174061,0.4987321335,0.6460816113
-0.3862155121,0.8918322967,0.5313165117,0.2895299007,0.8954154027,0.0441738036,0.4407124789,0.2759137746,0.2389065830,0.9237895533,0.5215908852,0.5600208410,0.7617568944,0.3038339757,0.0876939209,0.8126603302,0.2327818983,0.0891807218,0.0373498663
0.8362454315,0.1875493674,0.6904214317,0.8434071935,0.0196055403,0.9744838376,0.7791706934,0.1805959552,0.5337189966,0.7315170858,0.6846770910,0.8027172034,0.8020807741,0.3548111187,0.2702656163,0.9007650991,0.3822238638,0.7476705529,0.1999525298
0.7619696648,0.0697314173,0.9426459237,0.3467824173,0.6669983560,0.6278679501,0.5263132404,0.6658211452,0.0835716839,0.2263253385,0.6856932450,0.5435354634,0.1240952176,0.7043301474,0.6678760650,0.8135435379,0.9156233776,0.2059400193,0.8981749977
1.6120849949,0.3640739816,0.6971916269,0.8804122367,0.7016440842,0.4815174384,0.2364400459,0.6197563230,0.6183103310,0.9758833652,0.7213501611,0.9880836597,0.8610999981,0.6941695164,0.5916726348,0.8774900403,0.0264693825,0.4341433759,0.6912403832
0.6071095359,0.7684360566,0.7938037320,0.4223964312,0.3128308826,0.8905147103,0.8917631868,0.1545150277,0.4145897032,0.7574439911,0.3946889718,0.9147073352,0.1896395827,0.2747769882,0.1436851850,0.4163495574,0.7340866597,0.1108816264,0.8741343045
0.7354848850,0.7522956787,0.0565233261,0.4650671120,0.3980792339,0.9955142652,0.8259948568,0.0763594124,0.1733900185,0.4195930956,0.6113148778,0.0660973324,0.2637201134,0.8580506309,0.5419709977,0.9084512993,0.0933190785,0.9629935585,0.5830711208
0.9675307466,0.1600184871,0.6080528562,0.1711442606,0.3811278533,0.4329863158,0.6523031290,0.9690481617,0.8892184810,0.8788598205,0.7259502816,0.0040939914,0.5432491734,0.7457464901,0.2478362358,0.1499404906,0.1676205841,0.1818152917,0.8571332080
0.7624119355,0.1499686279,0.3904477380,0.7396318829,0.0703959038,0.4912665133,0.7199636104,0.4071614572,0.4042764852,0.2974279187,0.2914954260,0.4544839846,0.7332641263,0.6993202949,0.5537695354,0.1224166278,0.8888554711,0.2436737376,0.7011128948
1.7245391876,0.5423562007,0.6146968927,0.1828419264,0.2717918434,0.3882916377,0.7527056465,0.3500159863,0.4754805460,0.8433778594,0.6656504388,0.4219891221,0.1403302681,0.7472623137,0.3437787311,0.8401496746,0.9030636141,0.6938944517,0.7216553412
1.5183945562,0.3193796159,0.7108009288,0.9229867666,0.9283200636,0.8799401188,0.2196649252,0.3782117127,0.2476370101,0.6383925111,0.0666620677,0.1565808259,0.8046201042,0.9819122861,0.8312027853,0.5796879811,0.7564216470,0.1719838136,0.7750172768
1.9410365929,0.5766665703,0.6741318195,0.2676949436,0.4186567001,0.1839600944,0.3235250224,0.2075500174,0.6437143954,0.1683087644,0.3575593324,0.6549308066,0.0139205502,0.4494417270,0.6659381957,0.1866000514,0.2139855493,0.5513865144,0.2241456676
1.3954277493,0.3170875389,0.4086768652,0.6062224149,0.4009392398,0.6529758023,0.1772506117,0.2699581538,0.1225789676,0.6231542764,0.6712033962,0.8838128992,0.2907342456,0.1866979018,0.2469327755,0.3608017072,0.7409782642,0.0385166872,0.2068291936
1.1469317292,0.4307043535,0.3615757234,0.4240021751,0.8250961763,0.4824343772,0.9380067656,0.2585927373,0.6784047942,0.6560206793,0.7635159191,0.4659866835,0.9780871177,0.6651584418,0.8292942106,0.5897380218,0.3717760721,0.4409339924,0.7685135343
2.0792438449,0.6194475725,0.4890969095,0.0423975570,0.9101089709,0.9839343201,0.2726020188,0.5353650588,0.6586805019,0.9739742780,0.4844616966,0.1131507248,0.2408793634,0.6465440697,0.3059797267,0.8698504096,0.2019371075,0.6920481277,0.2981415823
-0.3213682576,0.8632520599,0.3528942997,0.4021623773,0.9926307592,0.2038151469,0.9004793902,0.8173212504,0.0259607648,0.8079941470,0.7322521823,0.5834464282,0.3027343753,0.9253252246,0.9950991477,0.1286498762,0.7921598743,0.6618868616,0.2654417342
1.7258195248,0.9373066736,0.3417300958,0.9906780737,0.2329451256,0.0056728724,0.6712728246,0.1821711989,0.6910916391,0.3904977963,0.0100170586,0.6902283047,0.1198531641,0.2452014331,0.0010530602,0.9624962498,0.8028367988,0.1602845291,0.6728552909
1.7856174420,0.3736390801,0.3654552516,0.7637633045,0.5040784309,0.9761526013,0.8044703655,0.0165585346,0.7695135493,0.6375224613,0.0034927425,0.0581241739,0.1183452673,0.4877865128,0.7079596049,0.6995889955,0.6221889073,0.1996396425,0.6403432515
1.3585876429,0.1674781548,0.9735528299,0.2137430553,0.2034180121,0.3118440656,0.5939013215,0.9027095384,0.3148776510,0.3333219829,0.1112783398,0.7183786391,0.4395838605,0.6167941309,0.3506263492,0.7425773248,0.6017521611,0.6315031310,0.3279798044
1.9580559924,0.4393345779,0.1695930441,0.8401030527,0.6525601032,0.2914965587,0.9183002009,0.6502689008,0.8883246909,0.4597077481,0.0913510103,0.8430941340,0.7992154105,0.1982154495,0.4338747534,0.9480430686,0.6214272731,0.3533440312,0.7046268895
0.8624980299,0.2597659763,0.9557138256,0.1230100926,0.8785403069,0.3935982512,0.0407846721,0.7770117316,0.7419501834,0.7442254730,0.0383691932,0.6629204341,0.2981971303,0.9559919073,0.1149477720,0.8239893790,0.6284160506,0.2113041925,0.1078093007
0.2494666144,0.0473044622,0.1622031114,0.9085156054,0.5992258198,0.8111332304,0.2323052976,0.8576942806,0.4409712185,0.9391490357,0.7141085568,0.1590905831,0.9151154763,0.7606565087,0.2250182676,0.1822658016,0.9129249051,0.1390803970,0.0118339033
0.6458346330,0.1436397328,0.6119445688,0.9739828988,0.6219819624,0.1916284955,0.8314457810,0.3941889882,0.8537789549,0.1331545027,0.2965155983,0.0141829163,0.2700137952,0.9951380882,0.9750948212,0.6894594207,0.9054439722,0.2766617507,0.9957639005
1.0373293866,0.4675049559,0.6966198239,0.2977130153,0.3350034030,0.4524938583,0.9120659184,0.2055374999,0.9432150023,0.8362924348,0.0055548868,0.8964017896,0.4344744534,0.6372862759,0.4819682913,0.4267531347,0.9218329766,0.4906297355,0.7153456961
2.2770735970,0.5797393108,0.7165178914,0.8596049355,0.7016754654,0.5946292310,0.3735417292,0.6337737545,0.1019647912,0.8530716402,0.5383719679,0.7139315910,0.6489717151,0.0945798190,0.5027618029,0.6766254200,0.7852647267,0.1941378899,0.0945848110
1.2504886016,0.2556666292,0.8624862438,0.5502980298,0.4333584230,0.9802783422,0.7629068116,0.2959035137,0.7813016884,0.5551952052,0.1861826293,0.9319202250,0.4988676828,0.1585858713,0.4577648512,0.8311763459,0.6025580787,0.1055019070,0.9537432932
0.6355197117,0.0801981130,0.6713512770,0.3231759779,0.2568305456,0.9234885311,0.9102072036,0.4676638166,0.3585094767,0.6893257921,0.2201695387,0.8949655708,0.4480806488,0.4237628153,0.7258557288,0.5626860103,0.5053463200,0.4090323124,0.7241311363
1.0966962997,0.2491516325,0.8067481382,0.0697165149,0.9035236546,0.2182757067,0.2145844421,0.4257640277,0.7659033059,0.3720466002,0.1510259747,0.7464390559,0.5858042578,0.5270176662,0.0283699579,0.1015470762,0.0342506302,0.9501101219,0.2550581917
0.2138181371,0.9420661503,0.4638558518,0.8035105069,0.6616296690,0.2367323159,0.7982839609,0.9199213909,0.5591975967,0.2791179043,0.9405639430,0.5297772516,0.1847428642,0.4972304956,0.5886629371,0.9578663069,0.6891368228,0.8021484165,0.2940923906
1.2708388221,0.2409185160,0.7465869137,0.0812710595,0.1694460764,0.9104970660,0.5371075009,0.1960191477,0.0557934642,0.1538705585,0.0183993199,0.2131956852,0.0145497810,0.2994498637,0.5108807968,0.4250965404,0.2030529339,0.6991447681,0.2755681116
-0.3300238464,0.8583173014,0.0631542289,0.6430974368,0.4462103091,0.8491474138,0.7216799989,0.6883530595,0.3607038538,0.0111444741,0.4185672043,0.5679763183,0.6754529363,0.1937116587,0.3327118258,0.9667973167,0.7535569996,0.4005041376,0.8749968758
2.2651247044,0.5493486925,0.4504699403,0.8214898669,0.9524646455,0.6751958023,0.9446441502,0.1721337530,0.5677572459,0.9284884837,0.5441112637,0.9595807986,0.0611154914,0.3564345779,0.0096950258,0.1901424904,0.4027337286,0.6390181184,0.9695134206
1.8577097130,0.6835398491,0.4301492066,0.5687855466,0.4559613677,0.0075815518,0.8053054054,0.5633283330,0.6396381418,0.4538181220,0.4982818904,0.2249358214,0.3972441673,0.0191261860,0.0220962847,0.2664540140,0.1046074217,0.7042553016,0.8374870100
1.1235601428,0.2957728084,0.3781608154,0.4199126250,0.6200827360,0.5181679519,0.2746754343,0.5518333269,0.4147416699,0.2864514747,0.5148020538,0.9128206802,0.1001587878,0.2047110149,0.0810835344,0.3385445334,0.5179687407,0.4569019512,0.9224354664
0.7849679069,0.1535824358,0.2041323185,0.1886214995,0.2997287195,0.8161716837,0.2843643218,0.1764062001,0.0295187802,0.1998932831,0.7508815478,0.3768831393,0.3679438916,0.2119748077,0.5337219801,0.1936501255,0.9990681436,0.9180829118,0.2122241567
2.0589169126,0.5951116629,0.5002571696,0.1372585847,0.5465409700,0.3348056778,0.8092319884,0.0526616945,0.9258651105,0.8831202710,0.0359326880,0.1117806207,0.4906703174,0.8035289357,0.4318528773,0.6709574832,0.4719502562,0.7258393577,0.0604716112
0.0650223555,0.9933161583,0.0762740774,0.7307140366,0.3300603098,0.3626628008,0.7646909432,0.3604357033,0.0382854070,0.0034990266,0.2156430644,0.6154183106,0.7057965406,0.8826420062,0.3655318186,0.5108070774,0.6981144794,0.3549385251,0.2673114808
1.0863292420,0.2410336523,0.8983113337,0.2234340343,0.0913942898,0.5333833178,0.7833231889,0.9722376923,0.0302323097,0.0729009867,0.3521716668,0.0210113442,0.0770659685,0.8252968683,0.0976863815,0.4179608996,0.8231693210,0.9296003999,0.4575831886
1.8320680978,0.4662725682,0.9908169050,0.8943168352,0.4123739866,0.0322487488,0.6478556377,0.8391161411,0.3673998453,0.4715605848,0.2898008448,0.4209456300,0.5866172486,0.8992429612,0.4852518462,0.6514559125,0.7662407215,0.6640718259,0.2697819903
1.0688883872,0.1394868412,0.7143978755,0.1088189999,0.1872620327,0.3728157704,0.6973621978,0.8720715811,0.6732592450,0.5621867943,0.2336008481,0.4012950954,0.5592664793,0.1727623880,0.6616704153,0.1087254824,0.6817560091,0.9330079102,0.4575024549
1.9957629851,0.6147725000,0.9523998178,0.2412825984,0.0121202693,0.7765393527,0.8841206968,0.7282570987,0.2569341419,0.3949069489,0.0215518323,0.8909764884,0.1585237469,0.2712031495,0.4971552805,0.1822069295,0.3945942532,0.3832148894,0.0632043878
1.0969300428,0.2587796954,0.8546755513,0.8545852296,0.2039386588,0.6480333836,0.0449379465,0.4512690045,0.4910311584,0.6701562915,0.4658651211,0.3998648328,0.9307688725,0.9293500059,0.5120559569,0.3343355400,0.6000882948,0.4767475865,0.9660330047
1.7266006687,0.5529892898,0.0684907710,0.4263335185,0.6257453900,0.4794806127,0.4695363528,0.5155240849,0.8148388070,0.4157188270,0.9447480620,0.5112046667,0.9644053105,0.5765618829,0.5248876097,0.7355680270,0.4101395453,0.8826322636,0.2418979663
-0.0660778209,0.8711925428,0.6972749604,0.7062339498,0.7530892730,0.2726215635,0.2183214779,0.8206044358,0.6562940769,0.8124792062,0.9248593563,0.1914307684,0.6305621902,0.0294948163,0.6454051507,0.0220347927,0.5860518570,0.1290559003,0.1849148756
0.4815772606,0.0553793876,0.7227149406,0.4410941660,0.9309410063,0.0411881474,0.0054586038,0.1837305673,0.9583062596,0.4226336750,0.6416977339,0.2112026808,0.6052075116,0.5272059938,0.0274967165,0.1711608750,0.2137691760,0.5570494324,0.9498271381
1.7489644221,0.9072143223,0.5763093473,0.9725334633,0.8032040103,0.4117558747,0.0269111265,0.1967169120,0.9232374033,0.1278776857,0.5458253881,0.7517477182,0.0291759650,0.1010315294,0.8584827631,0.6299270563,0.6946044276,0.7974663094,0.9828455874
0.7835915830,0.1434157574,0.5840143694,0.5036411405,0.7210045674,0.2892318508,0.8396815571,0.2257358991,0.0793367012,0.2197412627,0.0968664784,0.0685865576,0.7881874022,0.3818744109,0.4101488661,0.2523354669,0.6711271792,0.6637192808,0.7383742720
1.8788462534,0.6776388612,0.5696290510,0.3274403393,0.9183889579,0.0263385982,0.8196306950,0.5400589811,0.1205370660,0.7629601827,0.8642671882,0.8272952311,0.0236063364,0.4747917961,0.5266938999,0.9900785328,0.4150445270,0.5201941141,0.5177101524
2.0503220303,0.6330744730,0.1440046870,0.4317103702,0.8640843422,0.4863593110,0.8689723407,0.8925509198,0.6642674583,0.8847067352,0.4419550804,0.1012022987,0.8527683544,0.7914181281,0.2784151429,0.5547108468,0.2931157388,0.4252347245,0.1531879606
1.5973751863,0.7028819570,0.5554856347,0.3322591999,0.5493653808,0.6766152081,0.4691793704,0.7006918382,0.5862066770,0.2384476806,0.4900725042,0.7402932875,0.2648956273,0.4057354253,0.4965301134,0.3524284109,0.7755498983,0.7810139254,0.5122290258
0.6950330028,0.1610239548,0.1476096250,0.3836272659,0.7418660469,0.2634205165,0.3763388430,0.9841753389,0.1461977103,0.0713522288,0.1252210480,0.2659234207,0.0620271997,0.2414386167,0.0794925657,0.1596956940,0.5907071467,0.6122794754,0.7518262643
2.3413148462,0.4802197604,0.0582113079,0.9689926438,0.2342307541,0.6513473290,0.5918308000,0.2379131152,0.1430754729,0.6256488822,0.9683918112,0.2680928398,0.2195440061,0.5531196275,0.9480813484,0.0859987906,0.6521963961,0.6585278239,0.9489566591
2.1549937670,0.6050004671,0.7005143413,0.2363848914,0.5177310662,0.4514457969,0.7158063092,0.4640689619,0.2414471823,0.0852327855,0.7616111028,0.8634223143,0.6322911377,0.5213151330,0.4627410196,0.5210731049,0.9283101813,0.6614479755,0.6038902262
2.0634483051,0.6052002402,0.8129415624,0.3796971282,0.4284814914,0.0494578624,0.3039004312,0.4500775673,0.7771279614,0.1547041263,0.5121094838,0.8242169438,0.1497863382,0.8043891158,0.0828599827,0.7986381545,0.7673304672,0.5154468440,0.3167404724
0.2851878382,0.4289562686,0.1082773904,0.0271383758,0.0497270307,0.5563803339,0.3959910296,0.5148938082,0.4065524825,0.8686338775,0.7764273894,0.1577317882,0.0942073189,0.9474206272,0.2855163949,0.1978646639,0.5155114981,0.9007033380,0.5730147746
1.1573139469,0.2470593238,0.3753699028,0.6251279037,0.5373899196,0.5241623387,0.1647470193,0.7763761026,0.6755553344,0.7814460578,0.8281274331,0.0919106650,0.2737474003,0.5465539353,0.7920739590,0.3289797251,0.4647749392,0.1685688110,0.3711980579
2.0118698514,0.5514686805,0.1003374844,0.6884896232,0.3768055372,0.2255184362,0.9777418519,0.3467737809,0.5214282813,0.9365893398,0.6817029881,0.3637919986,0.7298115465,0.2161437641,0.1191317971,0.3198144400,0.5447855918,0.9538711918,0.0806600828
1.6123362845,0.3593591141,0.2354115291,0.7000920740,0.7330468396,0.7748070768,0.5690150176,0.4090816917,0.0458254272,0.5247899257,0.5561851755,0.4362766862,0.1015209512,0.9249482313,0.0946018215,0.5033758724,0.9661204783,0.8128826632,0.2421228474
1.1117914245,0.7454785548,0.3929891007,0.0030814488,0.1979311519,0.2230572002,0.1847104232,0.7591872625,0.3386758771,0.0707469488,0.2041775959,0.4290035737,0.7570152182,0.0934313259,0.8292738909,0.5090589405,0.9218241938,0.1196233154,0.3321166132
1.9554167893,0.5907258176,0.1789889041,0.2831382297,0.6560142341,0.4069491585,0.4461691296,0.1649126496,0.4262091646,0.5152714028,0.5131446763,0.9900042149,0.2800804146,0.9541801161,0.3655779248,0.5926515350,0.8002653184,0.9744801609,0.3309693752
-0.3895808314,0.8778930748,0.3053744442,0.4943076118,0.5952223675,0.1549580718,0.7942542650,0.3767156186,0.3915403170,0.4668951651,0.2431716356,0.4695252938,0.7496919613,0.9964235590,0.2801541283,0.3907850489,0.0737964259,0.2801972235,0.8979217734
0.7383858767,0.1416707245,0.0593057113,0.6374313908,0.5418201852,0.3364616611,0.9767319361,0.8220814566,0.0923089883,0.0213117888,0.5341930044,0.8577852207,0.4903215654,0.7387417620,0.1414404383,0.7770564242,0.6717326220,0.0045780232,0.1665650277
1.1785569393,0.2460563168,0.6160321401,0.8384219276,0.9084346149,0.0201564128,0.2200655091,0.2944423178,0.5554322733,0.1842993877,0.9496638015,0.9051607045,0.6379043676,0.4292610927,0.0393792331,0.0766386487,0.0848073163,0.8690717869,0.1286076237
0.1347977679,0.3571490806,0.0269906393,0.1715637580,0.9451067336,0.0829730293,0.3451172964,0.3183933015,0.6220078298,0.2448872425,0.9403893255,0.9479450034,0.0878389840,0.7696907223,0.1527204874,0.5695369032,0.5172436838,0.0610104902,0.3184237796
1.5700038274,0.3366531419,0.4691136039,0.8834837442,0.8671918126,0.0370212300,0.8918026557,0.3683123791,0.3959309403,0.4549825424,0.1374242064,0.5945964691,0.5622511164,0.3916796544,0.2338031121,0.4448600362,0.6226342240,0.6017934394,0.3599316041
1.9068492113,0.5930234681,0.4995411147,0.2744091835,0.2712279177,0.3521402452,0.6645736321,0.8855923761,0.3524782984,0.5148222044,0.0950794557,0.0568265460,0.8510480256,0.7864933665,0.3436240013,0.7028871737,0.4568025226,0.1813268466,0.9720597408
1.0521359462,0.4922491149,0.9167268161,0.2856549739,0.1121218984,0.6541832799,0.5665513711,0.2879079572,0.9492687377,0.2564188203,0.6260320840,0.2579185499,0.0438049550,0.2525782283,0.4296008729,0.8578114106,0.7760931483,0.7348352621,0.2033994184
2.3141500057,0.5226540184,0.3903822922,0.9373867442,0.0748010875,0.2804999170,0.8924767696,0.8828802954,0.4614924834,0.3026869877,0.1824679039,0.9254353022,0.6133534711,0.4504703337,0.9824941741,0.1990102675,0.2004610191,0.1757348073,0.0579258851
0.4092809209,0.3192255578,0.1361861679,0.0879609071,0.4307940887,0.5580816715,0.0657003085,0.3945961475,0.9418853064,0.4440622280,0.3214716652,0.8805745523,0.1174350551,0.1381541581,0.5841793208,0.4203949886,0.7719732281,0.5238575471,0.7272713220
0.3927959356,0.7953827675,0.0339365870,0.6495777777,0.9446877653,0.6186399362,0.6763364117,0.0731384712,0.8445354381,0.4067573410,0.5203016611,0.8024628982,0.3355394585,0.3592360038,0.6743105544,0.6459174519,0.2723705394,0.7415063774,0.2561281412
1.0594456081,0.2310051393,0.3812248389,0.0743451677,0.5686902803,0.1047129312,0.4230280234,0.8580629788,0.6262934152,0.8178342216,0.4196838073,0.8925283417,0.9079785217,0.3610067749,0.9542675601,0.6174669768,0.7726044914,0.8907975868,0.4937446879
0.7935619829,0.4403850571,0.7090558765,0.2972326697,0.9123067874,0.8914438573,0.5585583834,0.2875979789,0.2786486952,0.1965916365,0.2649370854,0.8188916454,0.4259167281,0.8043368842,0.2070626839,0.8746289251,0.5950547022,0.5658090545,0.1320153430
0.1291485826,0.9808555072,0.4971234792,0.6822216735,0.8363941051,0.2583526991,0.3962802252,0.8236483421,0.8512220057,0.1069874950,0.7661082335,0.4605190266,0.3656732899,0.6664644838,0.2036059652,0.8586755092,0.5214122400,0.1892948325,0.6722391372
-0.1596140174,0.8283732001,0.5940751902,0.4870665372,0.9638979729,0.4397984828,0.0702247904,0.8714232878,0.3872927590,0.0968017144,0.0047385611,0.2876537173,0.0470287574,0.9154106346,0.2887980779,0.1595633588,0.1617371449,0.2914869752,0.0526898833
0.6070441910,0.1196140077,0.2604913264,0.1366667599,0.7124256518,0.9368788430,0.0191554461,0.3840757484,0.9107261763,0.8708286851,0.6129422288,0.8163807308,0.2280422821,0.8784115134,0.8286938456,0.0976786397,0.6047090549,0.2195422909,0.2881385724
0.0485727841,0.9696082703,0.4047368590,0.7237040633,0.6767647483,0.1561630615,0.9322050999,0.0841307899,0.6690124307,0.4447324370,0.6370749236,0.9087309280,0.8496366524,0.1749823117,0.6380834925,0.2241256444,0.5132641077,0.0887598955,0.0592319478
0.1275647036,0.8835901492,0.0032145022,0.7918446307,0.0553280127,0.2967520792,0.8779915200,0.8175309109,0.7083836757,0.6456248851,0.3390357101,0.6302756130,0.6600066295,0.3894916039,0.0496862983,0.0525490668,0.4322637196,0.3349546886,0.0039642704
1.7171960502,0.6917358537,0.5057673061,0.5059516196,0.6823178602,0.1257389946,0.4351892361,0.8033507469,0.7032959441,0.0482962202,0.3129682360,0.8972232039,0.4634926740,0.7796079486,0.5950203095,0.7188479429,0.4916814537,0.8963857580,0.5573448082
-0.5339849157,0.8795430924,0.9597080073,0.5123685091,0.0096107091,0.5662340789,0.7085181549,0.9770871251,0.5752886115,0.0068141719,0.7838680398,0.2864753000,0.8443793675,0.2412147313,0.3805659693,0.7777886869,0.3914669531,0.1263425046,0.3479554993
1.8354653001,0.8398844225,0.3036193857,0.9132804040,0.7927486616,0.7040168482,0.8016212828,0.8436589565,0.9362164182,0.9227505050,0.1730406135,0.5288697844,0.9515861586,0.2698713578,0.1752977262,0.2449544313,0.9603234173,0.8077311297,0.9458131640
1.2537637880,0.2764908451,0.8050392800,0.8163291178,0.2856413696,0.5049752899,0.8439913467,0.6929161896,0.8086949293,0.6428077858,0.6565500450,0.4321546123,0.4309940868,0.8158519701,0.2918409148,0.6525935523,0.0506684750,0.4427708846,0.0812910231
0.9831616500,0.4837511160,0.3106880274,0.2440736440,0.3380294549,0.3400548163,0.6405941603,0.4284801925,0.5335120511,0.1081822343,0.3007385059,0.8830502619,0.8493062960,0.8081475083,0.0102532238,0.4990794865,0.4913867175,0.2822652156,0.6390474688
0.5634582000,0.0189476091,0.9948037398,0.3260988843,0.2843110687,0.6267560876,0.1339041384,0.6249846801,0.0824575927,0.2188638067,0.5164557946,0.8805899293,0.4240191105,0.9483453967,0.7723263143,0.4487648317,0.9707259465,0.2341895832,0.7866034487
1.0035088616,0.2025798736,0.1822497153,0.8808554758,0.8081151620,0.9952901612,0.9262476641,0.0929061661,0.7489487236,0.0054175789,0.8667125969,0.3783714972,0.9460216001,0.6576445785,0.2364671273,0.2211243306,0.5660494934,0.3604725373,0.1990268610
0.3193535815,0.0830152329,0.3897202470,0.9417657311,0.3875216345,0.1179379915,0.4386457323,0.1678583429,0.0946496434,0.7547440266,0.3374672667,0.3648992413,0.1619253110,0.9672230059,0.1565891643,0.0747369667,0.8163164118,0.6627084490,0.8838147522
1.9091035943,0.7655635944,0.7253625478,0.8317024720,0.3486497538,0.5797999117,0.3745049734,0.2606384895,0.0199736892,0.2103746019,0.3577664287,0.2225451358,0.9419225383,0.6990415633,0.4274177456,0.2408455684,0.4141003996,0.7926920362,0.7803507241
1.3624813510,0.2801430492,0.9947017882,0.4933432661,0.4616079150,0.5072921436,0.8680046914,0.8884848687,0.1965950638,0.9454806228,0.3207846253,0.2598410886,0.3686426459,0.3271786164,0.7808793332,0.5115718575,0.0644205769,0.9689330123,0.7959540071
1.5770379754,0.4496971077,0.1964890415,0.5649682509,0.2780772956,0.8449071607,0.7164930775,0.0478178261,0.1643838341,0.0286627508,0.2586366932,0.2454565785,0.2343466169,0.0639924902,0.3268388716,0.8749717629,0.6306274227,0.2167334843,0.1995509626
1.4101133560,0.5177020771,0.2220788070,0.1095288505,0.8885122540,0.2206974945,0.1128031917,0.8987621846,0.2922581631,0.2583573494,0.0733620418,0.4432180651,0.1743452604,0.2417447382,0.4085915870,0.9153473660,0.9024765537,0.7798699420,0.6999427392
1.5548535971,0.5297039478,0.3871492579,0.1949927127,0.4001371096,0.8453057246,0.1257741308,0.5172023690,0.4063431032,0.8509619793,0.9084109994,0.7362913440,0.6919120899,0.3448148403,0.9756785438,0.3561990788,0.3019774906,0.4788829081,0.6067239005
2.0007016673,0.4781541433,0.3052327717,0.7574865816,0.2416836732,0.7646846259,0.0877442412,0.2608009307,0.1292681791,0.9311655602,0.9591697842,0.4267051713,0.6016264179,0.4092579327,0.6494461418,0.7269739878,0.5430724045,0.6206148737,0.0317898726
0.7394012755,0.4577596772,0.1486427825,0.3188225123,0.8615017415,0.6613725023,0.7647179579,0.8328752055,0.7717521765,0.5133138464,0.2277924978,0.8076263221,0.0551782121,0.5961097379,0.9660171223,0.1290433681,0.6938964717,0.0114636127,0.4889176652
2.3101752738,0.4834982578,0.0076698121,0.9055955977,0.3618363795,0.1146490766,0.6801209223,0.2096980759,0.5650116997,0.4894445198,0.9574422109,0.1957245398,0.1289266693,0.8264064985,0.5624879780,0.5357946590,0.3570226369,0.5213234496,0.0964882895
0.6170720476,0.1244961584,0.0314739658,0.7305510904,0.0912875260,0.9990346704,0.8288068130,0.9191791247,0.0300562097,0.8117790288,0.5205445447,0.4011736811,0.8458469908,0.3500936727,0.4575311526,0.7977446679,0.8344131057,0.1084752240,0.8943502016
2.0304910120,0.8120655850,0.7229448458,0.9063201385,0.5638459115,0.9358217295,0.6751352000,0.6339303000,0.4783557538,0.2571789164,0.0594020136,0.9477599146,0.4376749942,0.2580270356,0.7557801963,0.7198886407,0.7011275708,0.3611180010,0.4805231272
-0.6290202970,0.8876337247,0.0531939982,0.3042394154,0.5409255996,0.8930391730,0.0735354724,0.6673578489,0.9092551631,0.4920952004,0.4753620137,0.0004903497,0.8640591011,0.2006840961,0.3905851410,0.7186386397,0.4316742586,0.3880809740,0.0540425488
0.7210745774,0.0767116538,0.6954015372,0.0932983165,0.0674953952,0.1401365567,0.3062536651,0.9585874173,0.7441907086,0.2097299152,0.0114456549,0.8027187674,0.1209205716,0.6866187877,0.0470888586,0.8320170985,0.1357249310,0.6375541115,0.5220339649
1.9713758876,0.5627463032,0.4703252047,0.6061991056,0.5521329380,0.6495974993,0.1316671414,0.0894492007,0.4705573466,0.7001381840,0.0570410689,0.2275624827,0.2311424880,0.5943125128,0.1996685609,0.2581320813,0.5725645107,0.4162785052,0.8693822274
2.0656074749,0.5323174033,0.6630674551,0.6799759596,0.1284867368,0.3219522728,0.4819122356,0.8140994655,0.0216864272,0.7064780884,0.7245508336,0.7926608814,0.3359489677,0.2135949476,0.7515449845,0.6262083268,0.2060777667,0.9683435186,0.0774586978
2.1928904949,0.4782139227,0.0909401328,0.8752769551,0.7949238079,0.3010055071,0.9121481197,0.2269923502,0.2860327792,0.9169740365,0.4012656829,0.3836399310,0.3329332860,0.2572233671,0.7023441753,0.2818538141,0.1660034294,0.7253993562,0.5224346847
1.2550440938,0.2625855565,0.5314897504,0.6389652944,0.6582636798,0.2564878065,0.2885399388,0.0287920749,0.1239556653,0.0866330272,0.5522704182,0.6504717104,0.4331454247,0.5551698858,0.8830872463,0.2361152594,0.5996386266,0.5247365587,0.7395652272
0.0268727633,0.0224132824,0.1453496797,0.9410157980,0.7714976103,0.5141079801,0.0853889544,0.5024483394,0.1213141048,0.4502173793,0.7199155821,0.7451873555,0.7572603014,0.6923696362,0.4666528226,0.8115054503,0.7980292468,0.7703191320,0.8891747435
2.0660777892,0.4445721134,0.2633593716,0.9082524339,0.4608632692,0.0340395960,0.4375482574,0.5415595060,0.8411227368,0.7945921922,0.5802222474,0.0116099719,0.5727662001,0.7136424315,0.9213187370,0.5699297261,0.1850759609,0.1721363437,0.9199335174
0.6670608321,0.1349604796,0.5867616068,0.7884108694,0.5428505670,0.5105133172,0.6881923435,0.8303190173,0.6038252940,0.9868929377,0.4754750069,0.3565508712,0.1706747859,0.8697954526,0.6343529204,0.8809742571,0.7624909920,0.1212252482,0.6324052182
1.6766630397,0.4931212430,0.4654038081,0.5879686344,0.2126697985,0.8333075561,0.9169778064,0.5010763843,0.1057023731,0.4694083919,0.1877073362,0.2897739852,0.8774622162,0.1272589693,0.1554130143,0.2574024617,0.4384465097,0.4484383965,0.9222672439
1.2925033942,0.4687138751,0.4812376366,0.4157866153,0.2545966074,0.5955748150,0.0142946009,0.7233152532,0.4872245957,0.6191636991,0.3881900980,0.5928360177,0.4823735504,0.0172126317,0.3368206223,0.6096970177,0.9709509221,0.2606809835,0.3207235601
1.2240679956,0.2763230918,0.8524838333,0.8170883930,0.4534001045,0.8915045560,0.4973455184,0.5848270033,0.9895803122,0.8739973450,0.7611366800,0.2017618003,0.6438422825,0.4610035059,0.3915409852,0.0474962458,0.6389321827,0.2941066639,0.2379523086
-0.2435162672,0.8549231454,0.4835536543,0.4514838087,0.7946881097,0.1147100965,0.9985058295,0.3731475376,0.3394807045,0.3794985392,0.8823447287,0.8352749266,0.4142027646,0.4612873582,0.9431605285,0.9574656013,0.0451812787,0.7163008738,0.4694476753
1.4400842218,0.5302695832,0.9181802800,0.1678472080,0.2529056028,0.7430857745,0.0214193919,0.4647579311,0.5236251230,0.5688162211,0.6828133281,0.5200122086,0.4631040564,0.9817659628,0.1261457436,0.4446887557,0.0385335600,0.9487857083,0.2754743029
1.8072229162,0.7519373886,0.0785597919,0.7892392288,0.5709477251,0.1354162122,0.5820125599,0.1898468176,0.0483695723,0.2774686858,0.4092837247,0.8183897554,0.0520520126,0.2614650268,0.3650467947,0.6821995684,0.7277714525,0.1551900209,0.8903445150
2.2398409942,0.5773123858,0.7869195033,0.8725312633,0.8269985740,0.8709988489,0.1116811419,0.4834824467,0.9589824108,0.6549060574,0.7124519451,0.8494646595,0.9253411274,0.2425582094,0.4113852067,0.3931810225,0.4687992163,0.2153978780,0.7995906999
2.0661200897,0.6264890437,0.6043766304,0.4542146959,0.7430597564,0.2113299370,0.3938909925,0.2398296190,0.2658085743,0.4583247297,0.2046495468,0.4891283147,0.3892279680,0.4476789684,0.6297446118,0.1206154702,0.8767748177,0.1052795015,0.7279780022
1.9233101901,0.5993665604,0.9437607976,0.1891542052,0.5746133031,0.2465938911,0.7272168699,0.6943923080,0.8391085544,0.2740707022,0.9702003448,0.9995925985,0.4128953965,0.6111363016,0.8532257595,0.0488920797,0.8997365035,0.1212783652,0.5305643077
-0.5257744506,0.8957464981,0.7992973566,0.5016128944,0.9919857434,0.7067893237,0.3745332998,0.4302837568,0.3015005632,0.7237157406,0.9445692165,0.9737967395,0.8574404083,0.8520273391,0.2207637930,0.5064309292,0.4141389617,0.7709598765,0.3027415859
1.6162913828,0.6937037233,0.8712360149,0.0821773749,0.3725256625,0.7916692160,0.8586530713,0.2567500190,0.4069040169,0.8819164164,0.6586949416,0.1114333219,0.9049787406,0.1527236223,0.2470676189,0.9467366792,0.1100664157,0.3586507906,0.8992896767
0.6093164733,0.3665793807,0.7469731824,0.2579458119,0.7557321423,0.1622237579,0.9118948231,0.9520437942,0.9492629484,0.3080471598,0.0897838944,0.6683512265,0.2429527577,0.4169245933,0.6543858239,0.1585337216,0.5942072353,0.0673929814,0.7699884365
2.1633044233,0.4616004968,0.5769081128,0.9896609267,0.7890542374,0.5885385370,0.8552085414,0.5044827423,0.8366641386,0.9283190213,0.4047618559,0.5049769857,0.5520898396,0.1311951766,0.4461607982,0.9897332801,0.9475909243,0.6649624809,0.4952362910
0.4594239028,0.9550911217,0.8461701034,0.8790264503,0.5313634599,0.4966783263,0.2509906098,0.5405577945,0.6542899588,0.7789279572,0.8462720250,0.6276072363,0.8234184351,0.8973177125,0.8481506144,0.3417567127,0.0355794244,0.2318022921,0.6304804287
2.5765567960,0.6627852993,0.3042670389,0.9145682034,0.2000656619,0.6615779012,0.1168409566,0.0078242128,0.8446194261,0.3246533268,0.1250060976,0.1806592810,0.6482244147,0.7567406727,0.6956748728,0.1891505315,0.2057209191,0.8823525191,0.8084307760
1.2200379253,0.3096544475,0.5408109590,0.2002612211,0.2266086090,0.6622070936,0.7961878134,0.9410282046,0.0020374509,0.0645446201,0.5370826790,0.7475609497,0.8437922658,0.0773645756,0.5996330014,0.9254643940,0.0327450622,0.2802480437,0.3628896027
1.0084525571,0.2084419429,0.4771647148,0.5131975297,0.7090546525,0.7761272843,0.7399722118,0.8216381443,0.4025128485,0.6219257439,0.6667191537,0.1676543652,0.9538331746,0.1550374270,0.7661231323,0.4520696897,0.5479670353,0.9366459019,0.4689508651
0.9728137474,0.2477017360,0.9905796260,0.9380257846,0.1816475249,0.5864862524,0.4917114769,0.2176686180,0.5882649336,0.5231076985,0.4868686912,0.0096632312,0.2370765788,0.2851818935,0.5346813602,0.1255984415,0.3838015008,0.7832234321,0.8846864487
0.8532259962,0.1635650645,0.2812271054,0.9596045289,0.7836736353,0.3700519486,0.4378076507,0.3025022589,0.3902373262,0.6736350488,0.5948434633,0.5000654247,0.6853134324,0.7362309404,0.1520923079,0.6486206330,0.7240485791,0.8802298987,0.3497275205
-0.0395436715,0.8468001416,0.8037885517,0.6928993148,0.0308944597,0.4448619333,0.1798552758,0.8840269048,0.4135423412,0.7143748409,0.8606536713,0.2103143532,0.5044371142,0.0176202449,0.8350340090,0.1643436466,0.7575186982,0.6245097042,0.0237030579
2.4135813798,0.6302358739,0.2337368145,0.8759886557,0.3201800748,0.2262273377,0.4956389120,0.4676296083,0.5934072517,0.9871507000,0.8290001128,0.2598746084,0.7413632009,0.9450397035,0.4546784166,0.7684367054,0.1204942900,0.3512503894,0.2178734474
1.0954997291,0.2511249867,0.6718529079,0.7763470519,0.6257190686,0.8757615934,0.6210882582,0.5950117967,0.3312289671,0.0493559504,0.9388399016,0.2396489545,0.1328388515,0.3973481977,0.8215646697,0.4086213027,0.4991897041,0.8458178959,0.7514980449
2.1888268423,0.7913249715,0.3352751216,0.9078155682,0.6947988083,0.6960712984,0.8636354405,0.2673022640,0.9115339694,0.2055343020,0.1885949355,0.6434700907,0.6810823279,0.0900385987,0.0933772160,0.1355720604,0.1483455942,0.1988324738,0.2292620725
1.3098579024,0.2908111442,0.5834648115,0.8504893397,0.9822301724,0.1200788270,0.9187987849,0.4678475000,0.9829571443,0.1465447703,0.4491562114,0.2615453250,0.1179302235,0.3371973208,0.0111349250,0.1936215962,0.0273596838,0.7379644876,0.7548381361
0.6106470019,0.2776111741,0.0768517245,0.2163851661,0.7947916665,0.2495205614,0.0011498174,0.2704394305,0.1472865807,0.0730534681,0.6436231763,0.1440812154,0.6070946389,0.6942047729,0.5327612666,0.6220429398,0.9397182476,0.4182971808,0.5121697466
1.9634632043,0.5766676487,0.3376181065,0.2965296429,0.9582877331,0.4268380592,0.6178097420,0.6648978947,0.8075384149,0.9256373046,0.3902315547,0.3841881077,0.6344793027,0.6675244493,0.2047109042,0.8263840996,0.4354964799,0.4777000117,0.7196454793
1.8444126049,0.4166776317,0.6670850303,0.9767937480,0.7797299836,0.7568373078,0.6011582407,0.8537970679,0.2755150495,0.5911029896,0.2305954811,0.8914682918,0.3902253915,0.5341243260,0.0139894512,0.2681528221,0.8790885778,0.5074322027,0.3116491221
0.1859193740,0.8044729360,0.2852898835,0.0905342586,0.6790292205,0.7413854728,0.0770726775,0.6981317677,0.8562358673,0.5158550037,0.4205277476,0.1788213893,0.2545058700,0.2128480176,0.8780492536,0.1669642546,0.7002031754,0.1261731698,0.5594135408
0.5953778170,0.7570674958,0.9631405022,0.1039071074,0.6818126528,0.1976686244,0.3381129795,0.1172845162,0.1074803207,0.3893077978,0.2584580889,0.6489694019,0.4150420113,0.2665108878,0.0288702128,0.4182739166,0.8605147293,0.0489369229,0.4192488509
2.0351439758,0.6501648612,0.7256528901,0.0134024669,0.7288251223,0.8130502687,0.6003232239,0.2139978378,0.3828489313,0.4248131248,0.9353265912,0.6856095961,0.3554680052,0.4473185608,0.5576632322,0.1028388744,0.5426508089,0.4400997400,0.9942891413
-0.0238701556,0.9786032590,0.7471105846,0.0058699923,0.8506401403,0.5715450402,0.2111380394,0.7653681384,0.1750655852,0.9728173484,0.6410145729,0.2665031307,0.9518631773,0.6738814000,0.5139675776,0.3034748077,0.5580000068,0.8943759491,0.7243811283
0.3196674733,0.0008686839,0.9792668546,0.4250979232,0.4429350028,0.3227501002,0.4558695324,0.8637371616,0.8868488031,0.1309137716,0.2827060040,0.8257157278,0.8064054121,0.1028003487,0.6102021401,0.6679227836,0.8247315746,0.6358157473,0.8030535054
2.0885663538,0.6116284634,0.8877718939,0.6081448573,0.4241833612,0.4561044938,0.3051786309,0.4505504855,0.7924323487,0.4876390181,0.0350978060,0.2830867887,0.2564598670,0.9103406684,0.8267048189,0.5293958780,0.7082095003,0.1842950905,0.3756834554
0.0066198899,0.9216318834,0.5561744580,0.7574886604,0.9800880059,0.2234595550,0.3512654258,0.7334402413,0.1428323157,0.8671791348,0.4313258321,0.8616039963,0.1475554880,0.7714991179,0.2703532523,0.4921343335,0.2283027086,0.8086634423,0.3728593801
2.1790931267,0.6063843877,0.8210979378,0.7554739334,0.3363237783,0.2717486832,0.5071057022,0.7845736601,0.5308922157,0.1714419793,0.6870933066,0.8550833569,0.5195690706,0.5998167383,0.2565961507,0.1443391735,0.2748431668,0.2349138164,0.3880818121
0.0849734669,0.0245097603,0.4860109755,0.6768093808,0.8820647808,0.2618984937,0.4799872502,0.6217437185,0.3632767960,0.9025078822,0.5132366082,0.3061323504,0.9165525161,0.1301125905,0.1368602724,0.7901584161,0.0346970154,0.5031326425,0.5989213432
-0.0665899415,0.8199895891,0.0785232367,0.3760124081,0.6330851722,0.3622492479,0.7882733163,0.0056553267,0.3974884302,0.8783297923,0.6629793897,0.3577050844,0.5270833068,0.7479108506,0.1766097316,0.4906634732,0.6517944661,0.1942845559,0.0841645091
0.5846508079,0.1370391227,0.0980866140,0.4081533582,0.2408032966,0.1500347581,0.2828289354,0.1949342560,0.1394738535,0.4112169305,0.6424546737,0.2707264390,0.0502636924,0.0186130789,0.6884252384,0.2710075665,0.1003537783,0.1510045775,0.1514595743
0.7592030806,0.0754469560,0.8042832122,0.2791584727,0.9956059507,0.0078032174,0.8325361298,0.4858378010,0.9473198419,0.8710527490,0.9337817986,0.1339311742,0.0737089821,0.8983688023,0.8844231490,0.6819224654,0.0642965055,0.3274681199,0.9604853120
0.1994760592,0.7964557417,0.6774528210,0.0102174969,0.6022704230,0.0805963386,0.9163091509,0.2589278443,0.1007574636,0.6943005729,0.2837528273,0.5885610636,0.2904277149,0.0283534180,0.0001458457,0.5688666350,0.1774219925,0.3288220371,0.3698566237
0.1630677948,0.9908339646,0.1753652131,0.0712391440,0.0022952547,0.2649527117,0.0804746422,0.0739310056,0.3678242656,0.9619431610,0.2506304618,0.1284291253,0.0788513381,0.6508802830,0.7950536315,0.0197868188,0.4883720236,0.3624159972,0.7182967651
2.1855558647,0.6451202295,0.4175485522,0.7447086000,0.7485450303,0.7509357943,0.7151284892,0.5954841111,0.8818216567,0.4195984955,0.7904952802,0.1871838554,0.5594826493,0.5143527191,0.4619623590,0.6954500067,0.3933959746,0.7642985886,0.4954972577
1.6980608594,0.7558497969,0.5207153203,0.7828618403,0.7225135145,0.4170755650,0.1444828890,0.9979155441,0.2463540815,0.9030345372,0.9501261789,0.4933428047,0.4772344854,0.9420042406,0.6457229420,0.6724818022,0.9094767376,0.2976774665,0.6895997274
-0.3507848712,0.8738913064,0.7660687945,0.2345874373,0.6451143296,0.2821441880,0.7539065048,0.2731020482,0.5517095257,0.8605967080,0.6651410717,0.9089062681,0.9130332875,0.9982909108,0.8866183871,0.3928311996,0.1676758981,0.1065799526,0.9004565341
1.2507248248,0.2612601771,0.7660066239,0.7470077850,0.4053466917,0.2065544904,0.4167978883,0.4711393815,0.1296764194,0.6878970705,0.6260203481,0.0269104102,0.7724958243,0.8007404234,0.5679477769,0.3670051973,0.4385910804,0.4201708194,0.9482803991
0.3021571681,0.0466382284,0.1123505553,0.8351918351,0.4589328834,0.1758714270,0.2800082603,0.2006983320,0.9319375339,0.9429424024,0.7633993096,0.7849559440,0.0849816313,0.1456043491,0.3958496817,0.5980775779,0.5973342986,0.0006730588,0.6923247231
1.2063261448,0.2302139766,0.8574710260,0.0687950949,0.5233408253,0.8463243666,0.0185034509,0.3041998458,0.3080388794,0.8235569828,0.5458764361,0.5112945649,0.6726816180,0.0290445722,0.9481740249,0.4024408439,0.4536011626,0.6802514276,0.1142631452
0.9146502966,0.1685838299,0.9174397459,0.5775603120,0.9540525183,0.7216910178,0.6593995966,0.5110481966,0.6077056476,0.2282079013,0.8118743554,0.3003003794,0.1053219240,0.1041634167,0.3535553328,0.7870818664,0.7938957790,0.7850555137,0.4050067469
0.3168104170,0.7971613097,0.5522612040,0.4234769348,0.2727568101,0.5755615352,0.4914308212,0.5376143771,0.2109288081,0.0681776756,0.1501764182,0.7261492641,0.1462417703,0.1087912495,0.5918677575,0.0610399918,0.1247163034,0.2503306524,0.0626541100
1.8196218820,0.3426177077,0.0449931361,0.9237272488,0.3275319016,0.9234151599,0.6112114178,0.6166664942,0.9362404564,0.7878982351,0.4810900232,0.7932077641,0.5197207477,0.6778579957,0.1773307562,0.1571478679,0.6737386645,0.3482493886,0.2165804152
2.5962006726,0.6721993903,0.5323499915,0.9859613798,0.4540009971,0.7907130250,0.6779104127,0.6932147290,0.3209137814,0.2324926950,0.3415312871,0.0770297343,0.3188436388,0.8767650198,0.9164134135,0.5870604705,0.4653510493,0.9633588893,0.5680815954
1.0610939545,0.2390177270,0.3367035480,0.1006044821,0.7441619321,0.0031873720,0.2038475735,0.2690539870,0.3556332873,0.3820995085,0.7968011998,0.4091625372,0.9682040347,0.3737853736,0.3783871160,0.2794079001,0.1149922085,0.6211755023,0.7255732534
0.1363865944,0.0309646164,0.5357724372,0.7920251784,0.1393953720,0.9814806940,0.0450942010,0.5438803118,0.0835195694,0.8882813569,0.1822129052,0.6203116749,0.9414194510,0.9046519102,0.2038212439,0.7639633494,0.8504493131,0.9654277825,0.8407096816
1.3823919178,0.7955406559,0.6750316211,0.7974707993,0.3115673088,0.3094726292,0.4370286254,0.4208116109,0.4603561361,0.4494270564,0.6389360856,0.2083361359,0.0795946068,0.9317762240,0.7162107454,0.6944711915,0.4764237794,0.2988328537,0.8181032506
1.8710615532,0.5534311080,0.5207253220,0.5522736190,0.2638069294,0.5189555745,0.2617132407,0.3504138997,0.0392577363,0.5300041667,0.2602719390,0.2866850338,0.3760687031,0.7077791391,0.6727927046,0.3894228636,0.2386826356,0.7484989653,0.1555652699
0.6193804591,0.9351784112,0.2759388210,0.8725765384,0.3560864493,0.0338184007,0.5296084484,0.3011826468,0.3509998349,0.6527009974,0.0635159598,0.0167429908,0.8353592442,0.6666579526,0.6267284022,0.4917947442,0.6741094022,0.3082781938,0.5339582440
0.8572906019,0.7529568238,0.6875908419,0.3135644839,0.0159247081,0.5448676771,0.2284320959,0.7230363498,0.7109824931,0.3075063821,0.5793311711,0.3497387498,0.6190566105,0.2187804215,0.0277268882,0.4255735355,0.7907163437,0.5487776523,0.7250847926
1.4226040778,0.3213661061,0.5724731644,0.8077860600,0.6789024596,0.5219629489,0.5044533658,0.7956344764,0.9733988006,0.5110877675,0.2331846430,0.6350110544,0.1998259191,0.8046945737,0.3378142436,0.4994686735,0.9865865902,0.4207073131,0.2548668981
2.1102531735,0.6014915811,0.3790691308,0.1834280387,0.9147570728,0.6886982610,0.3534455517,0.7823804653,0.5774010418,0.5556790044,0.5003593101,0.1814711104,0.9163216629,0.3813079027,0.0691173417,0.0609762450,0.0887683592,0.2611919729,0.8043136304
1.0975331368,0.1981756926,0.0387512141,0.9021323051,0.3711783007,0.1065095951,0.4352506339,0.8872226611,0.3436366279,0.0946171325,0.7769296506,0.1860390585,0.3703941706,0.8539069988,0.9113732487,0.7337697839,0.2782209753,0.4591994920,0.1615344602
0.6530049764,0.9429015394,0.4054516869,0.8698286673,0.3496866365,0.1799143046,0.5208230333,0.4865521240,0.5878734912,0.2259736124,0.8594111569,0.8970497157,0.7476363852,0.0370283073,0.8337169597,0.3046989346,0.2293570559,0.9207341574,0.0172716327
1.0926935987,0.3651752476,0.6726187694,0.3965569867,0.5756514325,0.4583633618,0.6349234880,0.9501252549,0.8327342184,0.5286377923,0.1368474165,0.6045783513,0.5220271544,0.9291006178,0.3879567531,0.9205024638,0.3401972225,0.1607059939,0.0425194634
2.3042029119,0.6872121353,0.5279800746,0.8268403645,0.8281287611,0.3458885945,0.7584454756,0.2364491241,0.9541736944,0.2105708686,0.0229144278,0.8173478286,0.9511390283,0.1345648055,0.2226532244,0.7504732219,0.2565029837,0.0602303946,0.2677121873
-0.1776415932,0.8576699870,0.4382873493,0.6430061277,0.1693313850,0.9467436478,0.3371172862,0.2575597285,0.5342719144,0.6994217530,0.3045303111,0.8990040778,0.7026569696,0.0831327107,0.0254732042,0.5610824890,0.5256866711,0.4374990644,0.5441022394
0.0990078376,0.0208960566,0.1737565359,0.9473107008,0.6320183975,0.0202442625,0.7476768260,0.1134695708,0.6603634593,0.4292694625,0.0401916179,0.7152959013,0.1553224975,0.7446954016,0.4399442720,0.8748962954,0.9570457648,0.9744555225,0.7965163391
0.1764685408,0.0130634239,0.5637365215,0.1291206567,0.5665820579,0.9378213712,0.2646235543,0.4895340440,0.4626357328,0.3233444100,0.9452001631,0.3111603823,0.2818250847,0.3623068659,0.4338385748,0.3928078717,0.5570451398,0.7074470348,0.0583366194
1.0299128698,0.4870066349,0.7993789077,0.0527837473,0.3724639583,0.3266686554,0.2917951486,0.8904970424,0.1898751490,0.8968934774,0.8851080120,0.4820125458,0.4672688182,0.6905748322,0.5757507545,0.8831762376,0.5471408322,0.6630605715,0.1099368561
1.0435002117,0.4312377413,0.9736844714,0.4231362356,0.0773822463,0.3704140724,0.6882829916,0.2743135348,0.8781175215,0.7378861712,0.7996281626,0.7548725332,0.3472856604,0.0549101815,0.0358660734,0.9376558891,0.9391697715,0.3634131986,0.3906193949
0.1458975387,0.0191001829,0.1019145929,0.4556288185,0.0416385271,0.9866592797,0.3072750162,0.7129095467,0.4988586904,0.5651305814,0.4309378171,0.9941175908,0.3604846989,0.0602467069,0.3053175236,0.7610368604,0.9749089949,0.7958131338,0.6858325382
2.1103078304,0.5536733454,0.7948620194,0.7667084262,0.1186696961,0.9425067469,0.5237087055,0.5959732036,0.6706862750,0.6770864077,0.1154772621,0.7597460983,0.3116660213,0.2328174032,0.5709974125,0.7952990108,0.2805485537,0.3255047522,0.3950107420
2.6586573535,0.7041497387,0.3974386845,0.9804817942,0.2913521002,0.7682655021,0.8548116094,0.7272334255,0.6146045880,0.2297996312,0.7174648370,0.9038884651,0.3639669309,0.5424878883,0.1108997495,0.3998873594,0.6440909980,0.5311810623,0.9565211397
1.4340374510,0.3087884259,0.4011534611,0.8232390534,0.5847332290,0.1719278575,0.2674536969,0.0814605864,0.4411971635,0.3909032104,0.9828740715,0.1876362862,0.9065906737,0.5786802088,0.6203206919,0.5715139042,0.4937657362,0.4833497871,0.0181081883
1.9661368238,0.4691397039,0.9680950183,0.7627001425,0.3418109637,0.5204575136,0.9538114837,0.5361674556,0.6943597994,0.3494530077,0.3846165129,0.5703511789,0.0144737799,0.1340404734,0.1156875236,0.2143462369,0.3908251479,0.3943950428,0.3896511291
1.3669762704,0.7796688220,0.5469869854,0.7694223427,0.2215921120,0.4057873956,0.9777863468,0.3198342761,0.1005137795,0.2987672127,0.1236542296,0.4816539786,0.5647606635,0.4416284020,0.5974772842,0.3709894999,0.4825201798,0.4742600593,0.8366569868
1.1247561967,0.2516414561,0.4227150128,0.4322065895,0.0263847787,0.9563587617,0.8756018281,0.1520377311,0.0001361402,0.1309478074,0.7707620676,0.3224482264,0.3651622536,0.0915837762,0.8925679316,0.6245613546,0.5278432318,0.6312842016,0.9942649466
0.8204283059,0.4523442496,0.3235037011,0.1541080997,0.6075698929,0.3553216590,0.7846741915,0.0560241933,0.6666233361,0.8553542810,0.0409524999,0.3351345349,0.9431849006,0.0149099243,0.9857669301,0.3942668015,0.6180300854,0.1653311952,0.5540277034
0.7347449652,0.7591316867,0.0962253330,0.5059638315,0.9012367178,0.1726916828,0.3641335205,0.5768249395,0.1821490247,0.9358868786,0.7503816503,0.5175384249,0.2326817324,0.8405188961,0.4997815978,0.0425906345,0.2477202862,0.5010269018,0.2093415944
0.4231947863,0.3490844325,0.2602004007,0.0603377500,0.8206773845,0.3536382804,0.7244218119,0.0752206793,0.6255440292,0.5557563625,0.4127414889,0.0677594116,0.1140638372,0.5605023082,0.0839160762,0.6311393661,0.4108573802,0.7756080610,0.8020376526
1.3903600914,0.5089835277,0.3852389271,0.3394869439,0.8467021013,0.6947791219,0.5020901276,0.7422749420,0.5302335992,0.4778964573,0.7224519252,0.1231564997,0.2585391665,0.0707032458,0.5759515346,0.1354235589,0.6561423682,0.7451613264,0.9708542669
-0.3002486183,0.8846572775,0.6481768891,0.6162177311,0.8562872409,0.1983146884,0.7964688913,0.7247258824,0.4692016510,0.3846230095,0.3772063033,0.0553258579,0.6467801467,0.0674145984,0.0209038426,0.4680621054,0.6381064090,0.9336183121,0.2863113742
1.3209817369,0.2845161014,0.3929034136,0.8402645793,0.8799000225,0.0593395457,0.4291454230,0.3651455969,0.1631217317,0.2080762876,0.6960329472,0.4583957175,0.7348612035,0.4961750445,0.7790819838,0.1705755252,0.3600990989,0.1636594400,0.0281187401
-0.1037459642,0.8282739141,0.5280456595,0.3441559603,0.6124058963,0.3044534777,0.0453540970,0.7324441327,0.8710084297,0.1334862886,0.4795810949,0.3234606119,0.6131962949,0.3587942757,0.0926180951,0.2740231110,0.6691748094,0.6582036193,0.9605840333
0.6978719225,0.1220050096,0.6902174869,0.5335874382,0.7174115932,0.9489871815,0.9760439602,0.1416319201,0.9878881893,0.5875169030,0.9884509594,0.0969755831,0.0447009097,0.7212383570,0.0897066248,0.9010383313,0.9486505066,0.3705914956,0.8330928552
1.6764498171,0.3805215523,0.6272725600,0.8332615400,0.3326363957,0.8212487633,0.2120897102,0.1376971952,0.8395603084,0.5240453568,0.8855768641,0.2020807317,0.0095769339,0.8921001281,0.1379158415,0.3518806510,0.6180266432,0.0098257404,0.5575719292
1.7485252741,0.5559366927,0.4766642187,0.3543652541,0.1648697627,0.3072171517,0.1724015179,0.1493335165,0.2346411133,0.9553745829,0.7667689102,0.9470642890,0.0441386548,0.9739609133,0.3829622899,0.5172523112,0.1906664235,0.2228359016,0.7408092298
1.1101177201,0.3580835067,0.4225711592,0.3765597816,0.8254519619,0.0102795064,0.4082365504,0.2890627177,0.4612604916,0.9942102391,0.2540280673,0.5738990367,0.5701973233,0.2480197558,0.6437493375,0.1406483503,0.7570152226,0.3737610043,0.9003569654
1.6756795095,0.6844644021,0.8116407992,0.1096331193,0.1667302064,0.3075144871,0.0129342971,0.2982883878,0.0917094374,0.1299566576,0.0322730533,0.6503021601,0.5856077544,0.7562589090,0.4882638538,0.0804298320,0.3499318961,0.9295607000,0.7311845978
2.1258819833,0.4782275147,0.5639517692,0.9577564661,0.9581290664,0.8371110399,0.6056113470,0.2493790536,0.1429564130,0.7070656046,0.2432732870,0.9507653621,0.5111194491,0.1532456137,0.0668332773,0.4188091074,0.4608896222,0.0060367766,0.0221334394
-0.5590320487,0.9189600574,0.0338163357,0.1377090594,0.1702984818,0.2147874562,0.9475615838,0.9736644946,0.9308411375,0.4343389503,0.0693326433,0.7399980090,0.5112742965,0.1345044268,0.0125254260,0.0093555521,0.7541004983,0.8527789309,0.0685092997
2.1620514483,0.6380430191,0.6498751237,0.6117738020,0.6486881114,0.5726432619,0.4895983327,0.8583314855,0.3569203268,0.6388870467,0.6488432711,0.9677735148,0.6822038161,0.5020845225,0.0708616300,0.7866431752,0.6668980051,0.8926402493,0.1894989987
-0.3814553264,0.8866231423,0.5208702863,0.2841691295,0.5745742114,0.0971502721,0.5610418570,0.3648821055,0.8845930633,0.6427596929,0.5578674978,0.8291791578,0.0110116970,0.6206094121,0.8887066954,0.3756799738,0.6998886235,0.8817608921,0.5592081494
-0.3541773919,0.9051846451,0.5052626669,0.5239641011,0.2432982499,0.9118854417,0.4771249480,0.8506969317,0.3787158948,0.9341417640,0.5606663032,0.4642314737,0.9310450718,0.4927463048,0.3541914239,0.3555581359,0.6391062594,0.1506407352,0.9160612420
1.0127676968,0.3009459011,0.3758777242,0.3013968771,0.1404859124,0.6152385280,0.2852047689,0.7991375409,0.1926470135,0.2486192106,0.0321535055,0.9972815051,0.8170503443,0.5006573668,0.2068657337,0.3810952493,0.7257598045,0.1143336089,0.2109333701
1.8923319496,0.6360973506,0.0418024945,0.2760437361,0.8912882183,0.7743416610,0.8264660101,0.7687228621,0.6868426069,0.3961538534,0.1064986241,0.6903787728,0.2009227751,0.2307955458,0.9900857453,0.0358313790,0.9169124734,0.0824589726,0.6995168279
1.8539029805,0.5582003626,0.2421671832,0.1593600062,0.8861993270,0.9141306404,0.1582156509,0.7323409999,0.1813952270,0.0131922425,0.8598944174,0.7709974805,0.2138754430,0.1016146174,0.5309420291,0.3211463413,0.1116947227,0.7302026564,0.4695848807
1.2628244699,0.7266261014,0.7223037792,0.2880340798,0.9240471797,0.8713528408,0.7876866400,0.1905325637,0.5854845390,0.0204667107,0.9710728387,0.1746439087,0.7853233915,0.2623816996,0.1575335701,0.1294988086,0.7183446838,0.8411337713,0.2367091539
0.6507847774,0.9863838986,0.5595188422,0.8890464080,0.8526657010,0.1368632719,0.2035671377,0.6267414617,0.0155385822,0.2173859104,0.8676083403,0.8369223790,0.5921150368,0.3779173613,0.0731666923,0.9964376234,0.2845214604,0.9614916066,0.4148332888
-0.1481058351,0.9603036750,0.6173430385,0.5304745066,0.5598726682,0.3876005522,0.3151511085,0.0874889012,0.2170952345,0.2560007659,0.9593719766,0.4806225351,0.0198194615,0.2597904430,0.5446738087,0.8898450179,0.2649864551,0.4851152966,0.9021348339
1.6797535953,0.6915412300,0.8077689141,0.5114437578,0.4686102328,0.5590094668,0.0416872973,0.6938371869,0.4555846440,0.5055960975,0.2148509913,0.6528779303,0.3190540345,0.3464920528,0.4059065486,0.6396904978,0.5061264584,0.2342351692,0.5466241208
1.0648117725,0.7447824790,0.5620006710,0.2736359680,0.5240941884,0.0431781586,0.0745269804,0.5928491257,0.7893417651,0.3205439572,0.2025986121,0.3561825261,0.2864975964,0.0598248098,0.2415512778,0.5157051100,0.8779499795,0.2119251583,0.7626273115
0.9456827196,0.9677179759,0.5817209217,0.9334305264,0.0193299737,0.9290555185,0.9761045247,0.0575859731,0.7953611806,0.6737615427,0.1532021010,0.7853827925,0.6275497400,0.1368657399,0.8257841891,0.8657146159,0.6006598108,0.0036856770,0.0156531804
-0.3628357632,0.8692547347,0.6810175951,0.5848551070,0.3385496170,0.5927324075,0.6214708848,0.4731530395,0.7973457280,0.6426743150,0.7642928247,0.6058026410,0.9471718892,0.5369728778,0.3961470822,0.8159413498,0.0821164505,0.1796038699,0.4158177240
2.0152604253,0.5721482242,0.7930502869,0.6071236745,0.9463436982,0.4370563267,0.6124784690,0.9992341416,0.1377204734,0.9736183789,0.3280822502,0.8775086707,0.4788757099,0.2327485118,0.7221404377,0.1511061082,0.1595455478,0.8083872011,0.4010399018
1.6402033833,0.7317327181,0.7613957990,0.6963498311,0.1556756275,0.2384949849,0.6193821572,0.9020109624,0.4328279241,0.2489326874,0.7733951799,0.5922485827,0.1947976211,0.1318380686,0.3541676479,0.7229012291,0.1536611957,0.8095781894,0.2358992430
0.1835841583,0.7938907455,0.0850787778,0.3089295025,0.5676101943,0.4420793584,0.9856515323,0.1672108453,0.7109467554,0.6982173798,0.3743091698,0.8823613171,0.6405205154,0.4958161282,0.1858375723,0.4034234441,0.7124254327,0.5844543576,0.5473782453
1.5123395846,0.7029323021,0.3727555532,0.2306291177,0.0115355373,0.0477478361,0.2263532467,0.6679860399,0.0585713235,0.0227291904,0.5821719382,0.0851487490,0.8870118953,0.5735325527,0.5479089816,0.2304976063,0.6797316567,0.2339230821,0.1849956138
1.6419668321,0.4128410723,0.6874081425,0.6449775242,0.6839126868,0.2449908030,0.4284639319,0.7590830046,0.0986500955,0.4600618510,0.7444364792,0.4371085001,0.0121887329,0.5760039335,0.9536517346,0.2761828664,0.4419926464,0.3580222386,0.4664126855
1.9237591411,0.4395066961,0.7543065998,0.8635822099,0.6727730098,0.1322969639,0.3031063367,0.8183510192,0.1556131193,0.9535096485,0.4517345662,0.2555337778,0.5676640445,0.6614482433,0.1861825441,0.6717850244,0.5019844533,0.6324889232,0.9968669391
2.0438263033,0.5686783469,0.4715031537,0.5339595432,0.9558791623,0.0839080840,0.5734934231,0.9739071972,0.7872256410,0.3914227920,0.1071279493,0.5794646014,0.2069688897,0.2558434319,0.6298063076,0.9094225864,0.7187256079,0.1667882072,0.9570415209
0.5235443287,0.0992893789,0.2036940645,0.4197874572,0.3051827939,0.6665457535,0.5179462002,0.7119358256,0.5266115371,0.4537134111,0.9424746278,0.8318168571,0.1675051042,0.1643355903,0.3742903619,0.1513791344,0.1732410505,0.4622940077,0.3726879756
0.7308948410,0.3739060631,0.3283379366,0.3145349593,0.2667792408,0.7953662634,0.0698514411,0.4214514354,0.8290454280,0.9151292729,0.6511480515,0.0043790210,0.4031603266,0.7575174359,0.7058205987,0.4757606127,0.5619263041,0.3581850505,0.4161439914
1.9729376794,0.3946179052,0.3091526525,0.9813779875,0.2918010482,0.7319945711,0.7099263909,0.0861739659,0.3824237879,0.8204249950,0.2989344414,0.2940165254,0.0034584827,0.0837707469,0.2635008509,0.8907219432,0.7931503275,0.8925537777,0.9235573602
0.2856244815,0.4219347373,0.1757736553,0.1929905988,0.1404002440,0.0677279297,0.9761582830,0.3663761445,0.4702518978,0.9859257700,0.4405706419,0.4979514860,0.4265324878,0.5035794594,0.6040582357,0.1886465788,0.0963133813,0.0183752778,0.6498536003
1.2310910088,0.5040244795,0.6479724476,0.0845119189,0.9667305860,0.1541709733,0.9346295635,0.0398873880,0.4770029203,0.6868692827,0.6223426785,0.4616174133,0.4523463354,0.3221936047,0.0647747323,0.6428909346,0.1236426512,0.1097492060,0.7857998165
0.1401250368,0.3892208431,0.0920004135,0.1454871343,0.7002677431,0.0838890850,0.0946231397,0.4055530831,0.3823170905,0.7750411425,0.5330896854,0.1604531017,0.0709078980,0.2434129517,0.1766799513,0.8819077182,0.4245089098,0.1998126862,0.3282507528
0.8541016344,0.3356970934,0.3894851135,0.2862030265,0.5879385208,0.4295542578,0.2865115005,0.5073093540,0.3191776973,0.6318507376,0.8806288129,0.1731301142,0.4700888443,0.3530244605,0.0423017491,0.3653394271,0.1533394646,0.1364129412,0.4252586691
0.9730872431,0.2224563087,0.4472015701,0.1336891022,0.1230257259,0.1238236453,0.5644978391,0.8731171734,0.4755978085,0.8840833707,0.0945523332,0.7806020060,0.6996539264,0.8541784233,0.6182661176,0.6584200612,0.4520452861,0.9175273232,0.9341594095
1.0020496621,0.1869708144,0.0797489909,0.7515303572,0.9990699161,0.9180110689,0.6156714306,0.6290143843,0.5024588073,0.8174276629,0.8946451059,0.8949498518,0.3878658498,0.0547907450,0.4865044279,0.3944282272,0.4044070691,0.6731753635,0.4753253840
0.2755374739,0.9998685815,0.6999304843,0.7116552489,0.7331593952,0.2999298811,0.8192206710,0.0146947833,0.8856019056,0.8645528295,0.9861203981,0.6626930929,0.9134762214,0.9870235854,0.6995898419,0.2973888365,0.8004839317,0.9515569682,0.0118191210
0.9859097265,0.1983533293,0.7641976703,0.6652874605,0.1981262992,0.4727360529,0.3749582821,0.1268672519,0.2758721475,0.5282200915,0.3752474254,0.8929666741,0.7448589046,0.7905544489,0.0055997135,0.5472043281,0.8885391771,0.0000942109,0.0295727160
0.5217971144,0.0968030979,0.5023705457,0.4795588286,0.3103834818,0.1987028026,0.6919870624,0.4355518189,0.9593462686,0.8332487384,0.8650025602,0.5627988722,0.9742274260,0.3178703367,0.0899074377,0.9299507066,0.0739528200,0.9202268949,0.6792096313
1.8257575730,0.5430940186,0.9147612426,0.5593188179,0.0072495880,0.1908165150,0.0346923038,0.5632887428,0.0956165744,0.4871379580,0.7579645273,0.6018873842,0.7419473076,0.3086744780,0.3522500042,0.5071934885,0.9781907640,0.2043652745,0.2633180655
0.7917563957,0.4757794229,0.8532081812,0.0389044721,0.5585226354,0.1428359571,0.9432794708,0.6604525876,0.5437408989,0.7724223841,0.1569100756,0.6058084524,0.1203515729,0.6830995559,0.9523247310,0.5253090314,0.5386390041,0.8795144102,0.8454449872
1.9620608653,0.6521094471,0.3473582872,0.4491468246,0.3710341925,0.4550776418,0.9513440615,0.6916544279,0.3192925644,0.2588212832,0.8581313380,0.9052354318,0.0767229808,0.7949407853,0.0679871058,0.8543848637,0.7910605551,0.0362430876,0.0134928256
1.9011158853,0.5666275993,0.4305047241,0.3672083294,0.5634981785,0.5444645605,0.9022677006,0.8304080087,0.8680860658,0.9788222777,0.5768508694,0.0497695186,0.2765920984,0.9215345666,0.4047488512,0.7431371626,0.8557043244,0.3944848627,0.0113960389
-0.6779051720,0.8723687764,0.0315247550,0.0419992220,0.3936258159,0.7749393718,0.6570388215,0.4966401277,0.7870601658,0.5383359120,0.5224544494,0.8039659790,0.1129609495,0.7738603061,0.6281620623,0.0188414456,0.0864924380,0.2817841123,0.1392348169
0.7065673068,0.7615791581,0.7595854507,0.0515801424,0.9532241133,0.6121466055,0.9407348955,0.1399248246,0.4376363144,0.9623568517,0.3887912611,0.9317216855,0.3991698870,0.9914250414,0.2278013340,0.0109093077,0.0345371618,0.4989717737,0.8847840551
2.0452049079,0.6064352428,0.2524703023,0.1623143349,0.6429096914,0.3064886097,0.9396692094,0.3747734205,0.9297466364,0.3979231348,0.7029583803,0.0722032386,0.6626828636,0.5476438705,0.7166617087,0.4135804832,0.4172827625,0.1210766322,0.7011132855
1.5943445343,0.5212570377,0.1176627683,0.4665104950,0.9756262180,0.7596738281,0.1707724822,0.6033079955,0.0415038975,0.9608666617,0.1208573585,0.3893990410,0.0696605570,0.7842719007,0.5303907371,0.4573353086,0.7231366767,0.1452344126,0.5725630574
1.0764989801,0.7418528146,0.4303105744,0.1543083987,0.8127961016,0.1552699674,0.1717358740,0.8407322129,0.8194665550,0.8238573215,0.0254153003,0.5156836197,0.7926317466,0.0802648039,0.3779842391,0.8347452621,0.2663572481,0.0267034091,0.4418915458
0.4357003463,0.0776075043,0.9794067073,0.7113994476,0.5332316671,0.3695170987,0.1539097908,0.5815805601,0.0693397166,0.7672786727,0.6365565235,0.6550688879,0.5744137510,0.9309836778,0.1277105880,0.3948166836,0.8336424574,0.0608967791,0.0724975127
2.0498545492,0.6397728207,0.7583864210,0.2143079794,0.6687770507,0.7753040772,0.5100159279,0.8959814118,0.1218938286,0.7721834881,0.0183076210,0.2008396428,0.3777871299,0.2634072091,0.6634422294,0.1914032237,0.1685109293,0.6385039734,0.8126395959
2.1289321215,0.5265002444,0.8322862903,0.9224160842,0.5329114967,0.2026373773,0.2633388820,0.4351643061,0.6305567178,0.5046011993,0.0752978701,0.8003688944,0.8385418100,0.5828589314,0.6870576819,0.9232501451,0.6118567196,0.4869781027,0.7864860377
0.1554466819,0.0304677720,0.5186372228,0.0827982112,0.2266682361,0.7827742141,0.6149016193,0.4970723179,0.5406143374,0.7718478011,0.7389200316,0.6860944588,0.1513572081,0.9467946060,0.3076033575,0.7392526611,0.8034885618,0.7554320279,0.4093909237
1.3060513199,0.4770408025,0.5420805560,0.0958002371,0.7463922354,0.6095024635,0.1412261649,0.9287903397,0.8018824889,0.0176715298,0.6876590120,0.4976115859,0.6912886633,0.8406683697,0.3894051022,0.8579690419,0.9587870787,0.3754965346,0.2577130195
1.5243170157,0.8587603025,0.8282395148,0.9197046326,0.2704512954,0.8407310117,0.6142035987,0.9469255217,0.2631567840,0.5984869589,0.6158773204,0.8890152715,0.0669612515,0.9570737370,0.2633131593,0.3592449872,0.2398764407,0.5773756914,0.2781373926
1.8426428764,0.5596343398,0.2276417618,0.0889333345,0.7089480839,0.2821830615,0.0751127241,0.5467561204,0.3418230159,0.3328880355,0.2160287897,0.9131462944,0.8844644679,0.4612122007,0.3149221179,0.4781787891,0.1309070407,0.5431294414,0.8879070689
1.2374379820,0.3422118924,0.1204260260,0.4983734636,0.3601409341,0.0850913290,0.6833997675,0.7428056349,0.0509385357,0.4895305475,0.9037297390,0.2176655862,0.5880571909,0.3250793466,0.3418285128,0.0828508386,0.8464680589,0.8571800821,0.9556244727
0.7217968261,0.8518033327,0.8671226744,0.8236693723,0.9932699046,0.6719419380,0.6946768121,0.2948331756,0.5453818110,0.3808640519,0.0565736411,0.8881184369,0.6305713610,0.8354171625,0.2059038977,0.5286977447,0.0506439020,0.2410099122,0.4988865533
0.1164912644,0.9973954207,0.1382760002,0.4510047668,0.6384444087,0.9201124192,0.1805105356,0.9528265570,0.3046520748,0.1706476283,0.8084992815,0.5709483903,0.6170013109,0.7986486645,0.0448083079,0.1053714892,0.0298063091,0.4165385239,0.9383536471
1.0054253358,0.7362178441,0.8507136429,0.0138007034,0.5944878798,0.4354090042,0.3287583213,0.6737620764,0.0688861860,0.4481622538,0.8023519365,0.0716705369,0.7775537070,0.5067324078,0.3475661156,0.7760991329,0.1008225824,0.3699790180,0.2362544899
2.5401798688,0.7144027259,0.5728936248,0.9637797401,0.8271760192,0.5128951542,0.5151030849,0.1675820803,0.5932893864,0.3352470854,0.5968121548,0.7490030283,0.7304047193,0.3420748101,0.7644567089,0.9009734632,0.0301826345,0.4575155267,0.2489705149
1.1158500569,0.2528279810,0.6984945819,0.7921173033,0.4232492513,0.7669484379,0.5773207793,0.3299195919,0.1150117922,0.2060951141,0.5760076594,0.2018983743,0.5776373532,0.0888952114,0.4934964798,0.0960136405,0.9291790754,0.4368806166,0.6004008300
0.0025331844,0.9402174164,0.3042030108,0.7631186059,0.6246454654,0.5342828431,0.7614213981,0.4601066340,0.4592985998,0.2545027219,0.6655370302,0.6546354998,0.5178998670,0.6276646854,0.3250598672,0.1442247105,0.1049756108,0.3256701461,0.0830500775
1.7368736003,0.3951830482,0.9696810228,0.9341808054,0.6703130112,0.5625041320,0.6316244976,0.6163510503,0.0001636766,0.7075672062,0.1849583479,0.2940559092,0.7662839576,0.7907618128,0.6190089008,0.9730212641,0.3877130819,0.9303334719,0.1417529292
2.0677500848,0.3790630425,0.0630648333,0.9312927510,0.8905010266,0.6317780349,0.6208460055,0.9278374556,0.8591433208,0.8848451026,0.3873118776,0.0427504728,0.3286532820,0.3573620636,0.7213309488,0.4780089758,0.4081882612,0.9763335989,0.8945189765
-0.3120205704,0.9441487983,0.1531562957,0.5426017862,0.9193870182,0.3863646363,0.2399980267,0.7315042710,0.5466983541,0.4298972481,0.5781348755,0.7987165635,0.4930734874,0.0828683942,0.1991994710,0.4179569103,0.5470166598,0.1511948725,0.4670654309
1.2103435018,0.2521253760,0.5304729409,0.9745562246,0.8933565158,0.9536858289,0.1880680769,0.7213898116,0.8105244341,0.5302579669,0.4492792632,0.9588324208,0.2129110747,0.7798993596,0.8168105316,0.9643712397,0.1828829810,0.1604227053,0.9177815245
2.3801957232,0.7243287544,0.9493806429,0.9949239322,0.1322543338,0.6572688547,0.7136070902,0.8175636592,0.6792014309,0.7247145381,0.0480895524,0.7060764901,0.0484310307,0.0947042915,0.6234305560,0.8705040865,0.4321111953,0.7693576757,0.8659848889
1.6518968614,0.7324921644,0.9714464213,0.7244757386,0.7174904943,0.4947872845,0.7998653358,0.8496392870,0.3844491523,0.0855489965,0.8143108675,0.9667967748,0.1755648544,0.9421640291,0.9064405271,0.0710716412,0.7503381276,0.9179936561,0.0465789894
0.2770719094,0.9948943539,0.8044851248,0.6793709945,0.5202729041,0.6572619295,0.9328194424,0.0799699958,0.7909298049,0.0059298389,0.5439046766,0.9010185209,0.7482969316,0.8576186265,0.7837130635,0.9361342976,0.7488552522,0.4533598545,0.1005390804
-0.3081590860,0.9506515366,0.8804323344,0.6195369600,0.9378265288,0.1369033167,0.0432424321,0.6073095113,0.0828590306,0.5350827207,0.7903011984,0.1249016108,0.9927976374,0.0751917379,0.4613710586,0.8399048463,0.0717795457,0.3046647105,0.9554244107
1.1197301604,0.2232381338,0.7592888854,0.7087366684,0.0823606929,0.3056740986,0.0464031148,0.8645394869,0.6184526550,0.4153651098,0.6808143213,0.7184758587,0.1490789014,0.3315303502,0.3834995737,0.8662322588,0.5936288114,0.5156691801,0.4663825717
2.0829390841,0.4896766650,0.8151015794,0.9890558686,0.4934593642,0.9738056470,0.8785327899,0.7358104417,0.4762151745,0.3162378470,0.5069854411,0.6799163571,0.7613269700,0.3249908154,0.6004513105,0.6584502347,0.0548185724,0.0899890060,0.9582829702
1.6653609774,0.3719631164,0.5927694842,0.7137878704,0.0885776478,0.9303918499,0.5401209842,0.7919416048,0.0425754334,0.7351786349,0.3170841801,0.1488639450,0.3029411965,0.8428111942,0.4674654398,0.0210417923,0.0615971052,0.7875896913,0.8570998362
0.1765061096,0.9852895558,0.5324835458,0.0718007704,0.9145890644,0.5617587037,0.9708402114,0.0542613707,0.0392847582,0.1913334652,0.3225647652,0.6608784406,0.9311786816,0.8933804187,0.9027022825,0.6409148978,0.0619513492,0.4499750039,0.6152078638
2.1477854105,0.6332179905,0.3818878575,0.1035709935,0.2735686842,0.9970366325,0.2267559463,0.4858399511,0.1542121987,0.2686898409,0.5939010650,0.7090804813,0.6612045800,0.7955103227,0.9109457326,0.3604825211,0.2066889894,0.6882127509,0.7950115060
0.7968518749,0.1158588860,0.5710072994,0.2680983081,0.6650697891,0.4311120813,0.4562484994,0.6668050375,0.3420506914,0.5587187772,0.9527192151,0.8646414778,0.2770726006,0.8873244667,0.5737241184,0.8324222582,0.8171576276,0.4906294449,0.9156741836
0.0258474001,0.0089538693,0.4478028736,0.4385729107,0.7046102508,0.8650673131,0.7565925995,0.2822419544,0.5183113840,0.7717242051,0.8757373691,0.7178340977,0.8065363111,0.1852633927,0.9204962472,0.0816276996,0.0513019890,0.6264522374,0.4579644849
0.3958137217,0.7900181499,0.6518259000,0.0500766143,0.9907969321,0.1820564177,0.7766865846,0.9504938396,0.0805498990,0.3604873561,0.8954808213,0.9218937079,0.5799035635,0.0201055959,0.8759655623,0.7188603910,0.3554179273,0.8798993729,0.1645308817
0.3140510387,0.0538945647,0.1468964581,0.5300585147,0.1274255499,0.4157579984,0.1952938336,0.3392345826,0.8964788625,0.3250597100,0.3833231951,0.7619292290,0.8625290566,0.5348420183,0.3252757672,0.8484020254,0.4411460111,0.4344363162,0.2707749434
0.6330644542,0.1207970801,0.4689125714,0.5891797387,0.4126666448,0.2039477133,0.1322057946,0.4524419638,0.3072103781,0.5187497148,0.2987723221,0.8678526823,0.3970981203,0.1697621876,0.3558538775,0.5421902489,0.0706251924,0.4431485969,0.2824660641
1.1281730768,0.7342937174,0.6744109556,0.0016319611,0.0446412072,0.2571022399,0.3099432699,0.5916262133,0.8174465661,0.8789203150,0.7345820049,0.9355228651,0.0492088483,0.6683966231,0.0022728835,0.5613396403,0.4728433211,0.4016875317,0.2503885832
1.2706403608,0.2648316073,0.5900502145,0.5943654694,0.7221862595,0.9501624005,0.0980232808,0.4043963248,0.2188135358,0.5850863959,0.8077422319,0.1152369958,0.4161069236,0.8374857944,0.2921123387,0.9712568239,0.4891974889,0.9859670499,0.4699778665
-0.1101812969,0.8305759108,0.7283433587,0.0922716209,0.3586275374,0.5787165827,0.0550814394,0.0332865093,0.6637232680,0.1693995999,0.3165183708,0.4890808110,0.1107758966,0.9569668901,0.4172999484,0.9907852869,0.8213968634,0.5460449629,0.4171154955
0.7755066252,0.1661931881,0.0850522331,0.4979402105,0.2494802901,0.6009170845,0.8000285877,0.7478809236,0.4946974619,0.3023524615,0.3878609710,0.7926786995,0.2223021985,0.9705739755,0.5589001227,0.5188326211,0.3345585426,0.8184477062,0.7651598598
-0.1707553557,0.0318415177,0.7498090943,0.9980672667,0.5686344674,0.0908084248,0.0479443980,0.1603139300,0.8450474254,0.6180726302,0.1875099397,0.9543867348,0.9347441983,0.1686149321,0.4875855441,0.4074005068,0.5670520266,0.9648691762,0.0648497921
0.0006896757,0.8298988008,0.2221672432,0.6107031930,0.5555008529,0.9147407703,0.0827588422,0.6155784709,0.2365676188,0.8114362004,0.2285890964,0.0955977031,0.4684828412,0.0176602803,0.9010442372,0.2068597945,0.2247235074,0.3144171341,0.7873403789
2.1474086058,0.6617842484,0.2392949483,0.6668608957,0.6924744014,0.0393179179,0.0651197659,0.9523490719,0.4074284292,0.1039165399,0.6890710604,0.9463647465,0.4855687232,0.7706058214,0.5364706652,0.5097943955,0.8197953178,0.1918959791,0.8214777694
0.6681856439,0.1039250534,0.6169382041,0.0088437167,0.3211596464,0.8664278966,0.4095758331,0.6495151562,0.1669785674,0.6510346953,0.9108103813,0.2534614860,0.7011373930,0.9975598202,0.2950419715,0.3863886467,0.5103018895,0.6939859577,0.7267601933
0.4098006627,0.7819871144,0.1788116085,0.3703600731,0.0550815921,0.6159217416,0.6210703195,0.2124845021,0.8708612761,0.2395914261,0.9744812795,0.6939236402,0.8190880552,0.1172129585,0.3748290894,0.8466907886,0.1446659734,0.3035716867,0.0903583758
2.8378552903,0.6748586309,0.0052740627,0.9365382181,0.7159859645,0.1067979713,0.2375975996,0.2987170341,0.9045277679,0.2299277271,0.5559815416,0.8920184016,0.1284164163,0.6131786077,0.9644383130,0.9767018275,0.4563431963,0.8954477879,0.1103362614
1.1427488706,0.9564492928,0.4111208543,0.9533614830,0.1069430092,0.1990266471,0.0860695887,0.7215002125,0.0994898677,0.1844328158,0.2726520825,0.1398855086,0.3413322671,0.8988018239,0.8053784722,0.9708971289,0.0126581241,0.2124384389,0.2614448972
1.5040311343,0.7011728789,0.7957835202,0.0031171267,0.2098798730,0.5636498073,0.1406620336,0.2958260468,0.9151455350,0.2055830619,0.4077725078,0.4372795312,0.2979490011,0.4769918702,0.0236512044,0.0734103314,0.7307389580,0.8505176391,0.4384640341
2.3035165720,0.6959000645,0.9125539557,0.9333526709,0.0452272560,0.0237668289,0.5667310636,0.5552016376,0.7028424757,0.4387431018,0.0367926793,0.0502860245,0.3641204946,0.4723934507,0.2514383751,0.9814077924,0.1047883666,0.1385721147,0.6357074282
2.2546180273,0.6082992939,0.6371982545,0.7174275334,0.0004808888,0.2697749897,0.9717166707,0.3387497330,0.9623085216,0.5262404278,0.4756050554,0.5633068099,0.4809847637,0.1852710580,0.8351205597,0.0913687499,0.8666485732,0.0587609579,0.6588885353
-0.0184518711,0.9738300175,0.3619577920,0.3458506957,0.5696177836,0.9333996550,0.1548831712,0.6481972958,0.2045886320,0.8575355402,0.2804392515,0.3172921048,0.1675880378,0.2595490023,0.7818047435,0.8359224135,0.7952597810,0.7266378179,0.1077678341
1.1555911314,0.2575579041,0.4323518166,0.0198672401,0.8043033689,0.0233367071,0.8814649185,0.1343587955,0.9675529591,0.9683405880,0.0649902511,0.8968764065,0.5019601665,0.7736637103,0.0946827573,0.2653960434,0.9369850583,0.5640237139,0.8650904652
2.0387204819,0.6240108026,0.8843107082,0.3428000249,0.1678314282,0.8903163977,0.7800165468,0.5947722274,0.3186556602,0.2348617659,0.0941479587,0.9108569113,0.1352679415,0.7823132948,0.7721860992,0.5386888715,0.8599975179,0.2467732762,0.6015947017
1.6728059971,0.4019110012,0.5964156039,0.6097950896,0.1231471375,0.9976802909,0.0014144013,0.2248825188,0.5776756345,0.6959976836,0.3929223055,0.5147106555,0.5585710284,0.0118887344,0.5734347272,0.9125395778,0.4561554491,0.3964683768,0.9554120820
2.1992429019,0.6008819517,0.8405599431,0.8195689395,0.7415374192,0.8135229412,0.5465583713,0.6764086010,0.9059528185,0.3159536840,0.7595353839,0.5756546504,0.9807953560,0.8767867569,0.8691012614,0.6325822375,0.1087854224,0.2158720283,0.6329695208
0.7768802729,0.4154617582,0.9839302225,0.3827425596,0.7057567968,0.2678182411,0.5687156782,0.9214582057,0.4578703023,0.3622988731,0.9851598087,0.4126976290,0.8402623778,0.2601348234,0.3114811657,0.8182666837,0.2806563428,0.1903493480,0.4855775045
2.4531663925,0.6649989302,0.6271586318,0.8752358790,0.0644977955,0.2000236840,0.0798527750,0.5006317211,0.7090674391,0.4515181709,0.2614303356,0.1342389465,0.8335320883,0.9477067145,0.3513841471,0.1599720778,0.2968046030,0.9402358150,0.5740611276
1.8714003567,0.6293130219,0.0238125524,0.2592822505,0.8964574643,0.2273911188,0.8491306033,0.9706680734,0.4053289385,0.0094379843,0.4704319854,0.8172515447,0.6694769068,0.2468877856,0.2224438299,0.7831909137,0.2133353575,0.8132015756,0.9357153859
1.4733414017,0.8189367065,0.5019112534,0.8467565266,0.1913114491,0.1263947799,0.6939370731,0.8965634866,0.0885664660,0.1459711777,0.6373601241,0.4224085812,0.6618010420,0.4610835242,0.2872338524,0.3322667740,0.3956166644,0.6221962184,0.1190350558
1.6646239561,0.5419665385,0.3489337589,0.4578979345,0.0989221319,0.8564975451,0.4261011978,0.5008433213,0.2376654570,0.3101247764,0.9046138527,0.2698283684,0.0390364977,0.0344481998,0.5560549907,0.2935572540,0.8716702846,0.5963235916,0.2466519590
0.5050113328,0.1145279543,0.2493622997,0.8016627066,0.7300787860,0.5011311777,0.0114464317,0.1999406314,0.9708093671,0.7685440396,0.3089771707,0.7776690385,0.3640117365,0.3216796888,0.7914150866,0.2773154830,0.9268471381,0.5636510313,0.1298731993
1.3460041204,0.3546010078,0.1285367035,0.5164719690,0.6929385748,0.7671732538,0.8795227438,0.9242210375,0.2974819016,0.7219969018,0.1057738892,0.0836849361,0.0767422815,0.3655590245,0.3162539932,0.7342823238,0.7223340922,0.6689656124,0.5919559883
1.2587672698,0.2740132722,0.5554608610,0.7115076047,0.0086323612,0.1323824346,0.4061061777,0.0129749739,0.2567228553,0.0085970480,0.7913802721,0.0629123924,0.7195527347,0.5191094569,0.7417048990,0.1273107662,0.1529344496,0.4158234618,0.5130707281
1.2264564007,0.1780184706,0.7575863388,0.1895125157,0.6972621622,0.8878921356,0.8042406796,0.9997292390,0.1046455593,0.0275484472,0.2024402241,0.7955500129,0.9180701218,0.1238235866,0.4342016952,0.9832175462,0.4596862142,0.4282631210,0.6283286289
1.8367743830,0.4508636087,0.5037886934,0.6403420411,0.2397095653,0.6484128194,0.0363444775,0.8513924523,0.0594583762,0.9009125440,0.0266228811,0.4771478607,0.7197660095,0.2484231392,0.4994342589,0.5948533822,0.7186583783,0.5657846145,0.5892302911
1.5716667015,0.5422250915,0.2252389032,0.1483436337,0.7080760228,0.0709278617,0.9150122939,0.9147764195,0.6191868509,0.7551068145,0.9735541326,0.1601106274,0.3867563799,0.1112034729,0.2723145820,0.7664410103,0.9055832589,0.6721894340,0.2702084619
1.3435028324,0.7208955139,0.2842429250,0.4559888567,0.6620659776,0.0817660182,0.6777390327,0.3521777992,0.9325604250,0.9831053244,0.9364412426,0.1860943943,0.8206027034,0.0250595989,0.1211756127,0.6094835785,0.0431568573,0.1456141399,0.0217516118
1.9248957677,0.6977534713,0.9089431917,0.7115709235,0.6509900218,0.9838520745,0.6005671606,0.8549745152,0.5696063081,0.5740791300,0.4583455447,0.4718407746,0.9521738603,0.0102062983,0.9574719952,0.9806022326,0.6466734516,0.2040166424,0.6714836675
0.2064642747,0.3627975927,0.9609891638,0.1889930567,0.2218650269,0.8572567474,0.0839647729,0.5254950347,0.8815978171,0.9842966716,0.9897050982,0.4755163371,0.5427067134,0.1417774705,0.3814085343,0.0926294689,0.5587389683,0.9288230580,0.0740245674
1.0078607384,0.3633446007,0.4493128281,0.2509787314,0.6948454186,0.2541108806,0.5921903202,0.8243864804,0.2345000112,0.9864068019,0.2921491717,0.3060490383,0.4486330410,0.2888806621,0.1536606085,0.9147614858,0.0463152174,0.2841805202,0.5505889348
0.7337512597,0.1155406533,0.0326047677,0.9679527912,0.5622579309,0.1749229263,0.4553887524,0.7164282550,0.0784217924,0.2278133966,0.4327411343,0.3481349986,0.4145402324,0.2534507860,0.4791519821,0.4141063778,0.7429028913,0.3268391536,0.2790361198
2.0978012732,0.6478033942,0.0146689521,0.6773041278,0.6169270747,0.2985517809,0.3557736965,0.5245883786,0.7898962979,0.3802240526,0.3322635478,0.4588063993,0.1198646394,0.8025090435,0.7066089495,0.3165365138,0.0968992533,0.8329438095,0.1523319936
0.5616333559,0.2938377235,0.8613027436,0.0301120995,0.5247300860,0.2414808312,0.5785676300,0.8918063060,0.0418823113,0.1729854334,0.8998154731,0.1092571394,0.4991070414,0.8294582291,0.5907227977,0.7282193452,0.9965103373,0.3979099044,0.7616568808
-0.0315981518,0.8116829112,0.7579640505,0.1021462013,0.2396689235,0.3019487375,0.0261283387,0.1195653869,0.5605781509,0.8778472147,0.6628461270,0.5423968322,0.2561003559,0.6902843205,0.5719270838,0.1533677019,0.9624346607,0.9814752335,0.6824319827
0.7857107117,0.1440504155,0.4604719655,0.2361430160,0.4060809605,0.0485770154,0.7933005323,0.7158304228,0.0468832893,0.3413127672,0.1259507481,0.7803790906,0.7349590388,0.6896846603,0.7607805057,0.5927410818,0.8020221491,0.9507131644,0.6314361242
2.3155782953,0.7578697332,0.5339709523,0.9163650784,0.3132605572,0.7105852088,0.2755124968,0.5229261184,0.1058752324,0.7331762445,0.0103673545,0.7430903404,0.0501421193,0.6233792116,0.1035255784,0.3946619590,0.8864701633,0.3152820524,0.4921603162
0.5526903955,0.1186620698,0.3274214779,0.0236070970,0.2760251166,0.0366986986,0.4106316795,0.0708083816,0.7396534255,0.4665530573,0.4822614895,0.2962999287,0.4839296395,0.2713719261,0.1007218839,0.6758973216,0.1814882763,0.4001976179,0.6447958096
0.0646375640,0.0155856336,0.2298817531,0.6728877730,0.6142863101,0.0345958874,0.9277137317,0.4770019280,0.6574354588,0.2539724820,0.1347285050,0.2746497217,0.4935647905,0.4074020411,0.3692391319,0.9627793031,0.7397748076,0.8369350100,0.7752680855
0.9113945484,0.2233362976,0.9656794151,0.8597198121,0.2624942461,0.6891077746,0.0990105479,0.0575403846,0.1576789552,0.6527421659,0.3907011516,0.4232321730,0.8355021986,0.2018328187,0.4490381698,0.7164433378,0.8948954977,0.3527260411,0.9281572854
1.7112392671,0.4016778880,0.7659697408,0.6226719330,0.2998987113,0.1711557854,0.1723036579,0.8623191642,0.6460024215,0.6865972007,0.6725279640,0.5268123850,0.3336862047,0.1459069247,0.0378788201,0.7281833038,0.9936833539,0.0877736975,0.6105286774
0.7108763452,0.1448093504,0.4110101370,0.3093624325,0.0881323763,0.0061705280,0.2902133766,0.3907578267,0.1427104817,0.1951437712,0.3625625522,0.7818596158,0.5934329216,0.9224958824,0.5704238799,0.3240640404,0.3426607909,0.0035187464,0.9976125790
2.4461684821,0.5427225190,0.2456577324,0.9899697118,0.0988312389,0.9310167225,0.6875037355,0.0361675085,0.3936084668,0.1121658294,0.1932274041,0.0793539042,0.9608580204,0.9544628807,0.4297272715,0.5600427357,0.0425040843,0.0722829622,0.2910620813
1.2284688405,0.3580313450,0.4228198140,0.4230613543,0.5848048154,0.0569365649,0.6522039289,0.3596747019,0.1279373353,0.3298154256,0.2910694468,0.9900528121,0.4303393578,0.2602034538,0.6643239975,0.8552833885,0.6352176174,0.0936164645,0.3651109214
1.1859878413,0.2589146661,0.7111843534,0.1315934015,0.9592163393,0.3331138027,0.2857391058,0.1314306928,0.8721059367,0.0677306159,0.6800437772,0.2536728358,0.1840280780,0.6363452336,0.1979442122,0.2279517021,0.9654874400,0.2554705418,0.1244981233
2.1176520628,0.6182891211,0.6709272354,0.0742201235,0.3726865579,0.4068382726,0.2168805328,0.9106367321,0.6325123985,0.4361141300,0.0003908823,0.2729428935,0.8264228309,0.6553837359,0.4449872939,0.0590696790,0.2259916582,0.3002782376,0.1288746758
0.9672183548,0.7672318099,0.7971632794,0.6692120825,0.7713124452,0.7807249127,0.5885938095,0.1391170369,0.8442576775,0.5668451124,0.4434343207,0.4355198163,0.0302796976,0.8585417458,0.1795702211,0.3558952481,0.2102868032,0.4262413616,0.8162070006
0.5034528995,0.7763797761,0.2235627509,0.4300045926,0.1204191584,0.0313411644,0.5575000134,0.0602244114,0.9375236126,0.0453882984,0.6321894999,0.0669883248,0.2185930111,0.3792311219,0.0231043438,0.3606489872,0.3216612113,0.4969294469,0.0674836699
2.1063961069,0.6164761131,0.2399095770,0.0530455571,0.8195647674,0.3067922088,0.6725154477,0.0067759495,0.4846221675,0.7831609793,0.1301979035,0.7923104022,0.0277397397,0.1850886586,0.6882740081,0.1771956503,0.4337645122,0.9268417195,0.2983631622
1.2318407590,0.4888372499,0.5923889081,0.0975308605,0.2940503291,0.3079843548,0.5425572736,0.4050891979,0.3527553922,0.8926435798,0.8152756676,0.9208734023,0.5855726040,0.7711391718,0.1436402251,0.2108556983,0.7780250882,0.0749122378,0.1821930130
2.1142249560,0.4505660365,0.1335635419,0.8715373017,0.3798029696,0.4233256472,0.7816144524,0.4880347345,0.9869831587,0.6280115408,0.0678314015,0.5033651006,0.3328648111,0.9761091855,0.7152961501,0.3004055069,0.6633205977,0.2917373491,0.0609806436
0.6130778758,0.7628036809,0.8762644009,0.3474241223,0.4961900297,0.1307113294,0.8328686840,0.0581848201,0.9370157409,0.2523339296,0.3941409901,0.0221243542,0.3461235511,0.2684808558,0.7770283299,0.9143724632,0.1332529882,0.7964402458,0.6605912693
0.9664005691,0.3358455623,0.1985034100,0.3854393301,0.1223459527,0.8894793473,0.0723861614,0.8295126297,0.3262673894,0.2114241260,0.0209098537,0.1628196239,0.0557794887,0.1298862560,0.3539642261,0.8606385229,0.3702261142,0.1904537848,0.8074154017
-0.2983730938,0.9396863471,0.3991642342,0.1576412046,0.0701339941,0.7969065610,0.4469119478,0.0975711446,0.1841396556,0.2794291113,0.2728070244,0.5499345452,0.4653526661,0.6151237677,0.4559122414,0.6993315488,0.8742614622,0.4637643209,0.0492980384
0.9162915729,0.1427614179,0.6629466648,0.0668397686,0.7977006707,0.6499976459,0.8921067911,0.1196910133,0.1205565927,0.3772176401,0.3543704142,0.1245207508,0.5411622564,0.9810065132,0.7544469825,0.9825879380,0.4018125059,0.0315191196,0.4906378131
0.1645500434,0.9412293135,0.9655641926,0.8325946429,0.2303253659,0.0832392451,0.4961151729,0.3763916650,0.5196072969,0.3229281871,0.7036123620,0.4821691667,0.3668050932,0.8446470911,0.2487702588,0.7354719486,0.7505462471,0.0284915997,0.6968601153
0.7316302053,0.1403946614,0.9377379530,0.6617015742,0.0612642692,0.6009005007,0.0311601643,0.7092831665,0.6031522004,0.7790139104,0.9675331386,0.8793070644,0.0330562039,0.7947557111,0.5921946252,0.2490698055,0.7482308924,0.0726145740,0.4174585100
1.4365018517,0.8050897706,0.9246189070,0.8442846426,0.5846933651,0.8162036148,0.7428977767,0.1096447038,0.7966485260,0.3390939013,0.6558135102,0.1916391563,0.8878570358,0.9407624382,0.7488978515,0.5044240479,0.4765938887,0.4351692806,0.9240696655
0.1859132281,0.8109218479,0.3675430130,0.5768219427,0.5807533524,0.3493926585,0.9292493488,0.6079072258,0.8683628278,0.5249462222,0.9569794063,0.8421985077,0.9573307960,0.4893067831,0.6401339155,0.7452954404,0.4118593500,0.8106651087,0.9263495791
0.5245350958,0.0859691356,0.5363453011,0.1266227416,0.3952408976,0.2100259314,0.3648378714,0.2179546565,0.1734864102,0.2824151804,0.4156207521,0.2566572633,0.6536037756,0.3580629880,0.2257261579,0.5732346336,0.4436009418,0.3776234601,0.7687906586
0.5122684020,0.1050900919,0.2168789517,0.7564968258,0.1105520619,0.8241220850,0.4289127424,0.9728999662,0.8737889315,0.5252394737,0.5544450814,0.8943926099,0.5190750128,0.2293998603,0.8866091166,0.8219624404,0.4588621800,0.7129581996,0.5534836169
-0.1497900753,0.9769964763,0.0496321940,0.4597832732,0.8370324963,0.2227867700,0.0316425613,0.9992397221,0.3319321703,0.3710476665,0.9493816101,0.1227409664,0.1624019059,0.8419274626,0.7468085633,0.6967969171,0.1246477902,0.7733785193,0.6268820888
-0.4326894470,0.9274302917,0.0748308222,0.6367116024,0.7350122778,0.6039392105,0.2205585755,0.0588474160,0.1716842909,0.1625908055,0.2200972030,0.7909026012,0.6071928187,0.9689564172,0.1872543781,0.6888405581,0.5243518307,0.8237472029,0.4863753757
1.4600128527,0.6971880193,0.9573816321,0.2932834210,0.8572413159,0.0196360347,0.3189403934,0.1271045684,0.2819355580,0.0665996387,0.1836934097,0.2306684539,0.9699107161,0.1115597747,0.1393775611,0.5312336531,0.5588899352,0.2293770234,0.0499852717
1.3617424875,0.2819895797,0.5886495201,0.8147892854,0.9032148952,0.9080451536,0.2614635078,0.0514028507,0.0590479836,0.1668152476,0.4974041439,0.8673260094,0.4720002452,0.8163267076,0.6529041257,0.6110060843,0.6858274738,0.9217391697,0.3787075180
1.6195611836,0.5417642355,0.7519097463,0.3247431576,0.7861455627,0.4313250683,0.4898273483,0.0075309983,0.9829233386,0.2818186017,0.9882345470,0.2942713564,0.5542492597,0.7554110626,0.7469337958,0.1692309065,0.5714635654,0.3886503911,0.3676645016
1.3022963705,0.4020718773,0.4526648096,0.4472558434,0.8536779958,0.6016988148,0.6087275003,0.6278585591,0.1534190462,0.6212324783,0.5898249121,0.9495029982,0.7951052794,0.5351243854,0.5168452419,0.5523750269,0.8094150654,0.1138944692,0.6876093377
0.0279605549,0.0808761258,0.8844469592,0.9480761418,0.3259521787,0.7851925370,0.6346414035,0.7667497027,0.8062310461,0.3872345069,0.7320672750,0.4546122684,0.7613873184,0.6687630562,0.1207643943,0.4520926401,0.3699134875,0.4549037979,0.5454944600
0.6094463911,0.0934002150,0.5761968352,0.0712829090,0.5183196954,0.2549418375,0.2325531571,0.6752644457,0.3605503687,0.3662102754,0.0962365824,0.8171287363,0.4788171212,0.7826865845,0.3386650220,0.2971780336,0.1055605502,0.4247981158,0.2606863409
0.6693359029,0.1410774418,0.8295646474,0.7315430460,0.7618315134,0.0133788089,0.9123543033,0.8219553984,0.8768492879,0.1694639359,0.7413421740,0.1968206111,0.9329717671,0.7244274449,0.1686605121,0.1337757798,0.4225929186,0.3220076766,0.5884224534
1.2919221988,0.2756975723,0.4916296086,0.7718240246,0.1160223177,0.3927372232,0.8962081506,0.6544263545,0.6650009816,0.2956579801,0.8307197885,0.9853298613,0.3004439877,0.9951375874,0.3439556724,0.8938366812,0.3146573581,0.8861700235,0.3796310112
2.0540913703,0.4491709203,0.3181919158,0.8515798120,0.7324803613,0.9412252791,0.3224663510,0.8227566567,0.7345499024,0.2234811814,0.2009488301,0.3155694972,0.7773208326,0.0386698308,0.4208892569,0.0440136469,0.1699080468,0.4178649645,0.8011105415
1.5275576092,0.6954759751,0.0000298987,0.5488878057,0.8138668174,0.4201822455,0.7300185939,0.7946404108,0.3459381723,0.7589351376,0.8642106509,0.8013510681,0.8466909832,0.4858185129,0.4062561413,0.4934356766,0.7533785012,0.1368854808,0.9467545079
1.5393275323,0.5221336579,0.4555387726,0.4354258648,0.5498462551,0.9088010573,0.4855144514,0.9013009068,0.6894720102,0.7664467736,0.5946426036,0.6195592088,0.8398439128,0.0321077071,0.9766651160,0.8190820349,0.7806292850,0.5300220002,0.2660963838
1.9213591363,0.6589128825,0.1769618033,0.3099345459,0.7409805363,0.4282229041,0.8377103789,0.2364038022,0.3002410575,0.6954986696,0.9029151178,0.0219484049,0.3645135865,0.1427524861,0.7941009534,0.3798932808,0.2501285424,0.1712334858,0.1840120926
2.0270981950,0.6043768183,0.3004624820,0.2438340758,0.5391049906,0.0699522571,0.0807776150,0.6937616389,0.5850530320,0.6106464150,0.1169161725,0.4878534567,0.5708331049,0.8098367649,0.6038326424,0.7901985348,0.9864463926,0.9576027845,0.7657529345
-0.4974387895,0.8690121986,0.8809748097,0.0289669194,0.3011541354,0.4251224233,0.6551739576,0.1303244774,0.0953380371,0.6217037289,0.7469970860,0.2981158615,0.5272154080,0.7374076525,0.5651474477,0.3817190277,0.4034582833,0.6338625643,0.6129601889
1.4521907133,0.5224346672,0.8087642785,0.2391085715,0.2443622681,0.4644910272,0.6128209774,0.0697835580,0.2686256124,0.9425673730,0.5217363562,0.0649535355,0.2000680023,0.7537248215,0.3343241095,0.6024272383,0.1999448181,0.8955231077,0.4676308332
1.9746221097,0.5089795117,0.7431313530,0.6396668856,0.0973414759,0.9949126729,0.2388246117,0.7823873247,0.5707290409,0.9968260559,0.0737764699,0.7362482228,0.1975384159,0.9205238115,0.5163872601,0.3296792632,0.3597865692,0.1021534992,0.4588363744
0.4780771801,0.0942956304,0.3932334010,0.7490792894,0.2924634523,0.9289237721,0.8956676202,0.7228315812,0.8676919906,0.0635973622,0.3774496566,0.3561662291,0.8037478993,0.8694552975,0.1480333376,0.9137474370,0.1013246212,0.7251870376,0.0982189895
2.0652251791,0.6148649859,0.3975611527,0.2658489519,0.9367714477,0.7998766005,0.0384210800,0.0030641366,0.2659289707,0.2556143989,0.8699875714,0.9183311599,0.3721371199,0.4549841650,0.5818149612,0.8558834767,0.5889367048,0.9891053249,0.6797615785
1.3287341270,0.4647563956,0.6592404317,0.4597181909,0.1580106422,0.4989373560,0.4724896943,0.1677464978,0.2551544247,0.8399761731,0.7215836505,0.3674857180,0.2910291307,0.2242628357,0.2851814799,0.6819966336,0.2547494544,0.2391071602,0.7038609974
-0.4276607691,0.9349100859,0.8120148945,0.5795712241,0.7517359300,0.6317594239,0.8827861695,0.0716330709,0.1225282312,0.5417118127,0.6281195153,0.4227490291,0.1916336985,0.5080483323,0.9391486327,0.3619484339,0.2208657812,0.2991389385,0.6395757987
1.0761934602,0.2428753953,0.9483829114,0.9029676093,0.6116062413,0.7643335643,0.8081173751,0.9465783008,0.5482765265,0.8631261036,0.7138502173,0.4118808048,0.9690977326,0.2381986350,0.7440793449,0.1433581161,0.9290646744,0.1008200304,0.7936480900
0.8698989892,0.1916475675,0.4084700234,0.1356217639,0.1087294817,0.9536579476,0.4568977380,0.8708506351,0.2600454117,0.1808441916,0.7905650842,0.0402752521,0.2093353830,0.0802335030,0.1788072710,0.2497111567,0.9861280246,0.8554344377,0.5201633266
0.8701967691,0.1754340718,0.8491188943,0.6268367785,0.5069990459,0.7414843810,0.3924042481,0.5714252001,0.7527211344,0.4109115410,0.5341532688,0.0263401875,0.6205262883,0.4539072936,0.2397648335,0.8918853329,0.4423794394,0.6017780110,0.0780114157
0.9077868299,0.2134019787,0.0291516476,0.3000035596,0.7120096656,0.4695153732,0.7393811189,0.9233672637,0.3791558425,0.8350599044,0.7356203436,0.1912284844,0.6677546522,0.5240012913,0.9003378391,0.9736617179,0.5279572058,0.8629399139,0.0999990028
1.8136994794,0.7528317558,0.8865788077,0.8185725844,0.2372408875,0.0325446776,0.1082398866,0.1980720265,0.6051480879,0.9920577484,0.3677014472,0.1514650497,0.8499859421,0.7013596210,0.9531856895,0.1978363035,0.9797290587,0.3967067228,0.2391569577
1.3469351352,0.4854450784,0.5597333500,0.1262445042,0.9703378527,0.3833585325,0.9370141965,0.6140443841,0.7331266567,0.0229776097,0.9559820102,0.2902488034,0.4083136307,0.7119571910,0.9082788632,0.7239733465,0.2850795921,0.9795072325,0.9255335710
1.9615129699,0.4761748786,0.7625476653,0.8214741097,0.6816648514,0.6706892052,0.7309408836,0.3479345419,0.1351394369,0.8909789124,0.8485692485,0.0608866217,0.4377460477,0.9494353479,0.9368633734,0.8080099711,0.3693349419,0.9616948147,0.0746860896
0.9821591987,0.1782530706,0.9070622010,0.4685251686,0.6085269881,0.2128166013,0.2425211056,0.5075812666,0.5625118043,0.8493365735,0.2662415493,0.5270249195,0.6325697677,0.2827194218,0.2332322682,0.0486537929,0.1706891337,0.1497672098,0.9892627763
1.1557875509,0.3813843014,0.4896595724,0.2071532136,0.8762142174,0.7712209073,0.8656627557,0.7181391783,0.8484983065,0.6152761751,0.4225928446,0.9305133280,0.7923485278,0.3320427279,0.7896204196,0.5188600329,0.8836209247,0.6040893857,0.7429112136
2.1886533853,0.4487747364,0.1252270592,0.9688198136,0.6079861539,0.6424058455,0.2637711519,0.1938401450,0.0474104272,0.0562411062,0.9912359137,0.4995252542,0.9490389791,0.9923916281,0.8593622401,0.0944410706,0.0673178373,0.3838934677,0.3632708673
1.6538034572,0.5593059907,0.9764470061,0.1160928701,0.7531432422,0.0619122218,0.4281345403,0.3246124810,0.8991750624,0.8374474765,0.1263180471,0.9967647702,0.9996597440,0.8574710244,0.2672606975,0.0558155283,0.7003524197,0.1636775470,0.7461299242
0.0755145295,0.0090531284,0.0920987242,0.7124676991,0.1333052085,0.9143602547,0.1126339138,0.7323014916,0.0364263604,0.3139334728,0.1227365324,0.2301387508,0.6751439486,0.3669135310,0.3670208082,0.9691103022,0.8567222052,0.1189958601,0.7448043266
2.1030661199,0.6304854999,0.3066419169,0.5143294201,0.6280176212,0.2093096399,0.3656597522,0.5287779366,0.3787883612,0.6532326881,0.2048536389,0.1217916175,0.2814947859,0.5693408597,0.1218249292,0.3771043622,0.3736207571,0.7540074170,0.8040267055
0.4129962940,0.7893375751,0.5898940066,0.4288999165,0.0717739477,0.9420979840,0.9380532070,0.0055807713,0.3677743048,0.7748429584,0.1583826742,0.4078946662,0.9680463987,0.6514457150,0.1359569930,0.8866541872,0.6143104016,0.4080412197,0.7508341257
2.0681286919,0.5433953677,0.9649896932,0.8295963142,0.2605073449,0.2079528427,0.3814101026,0.6160752445,0.6804792656,0.6440762735,0.2339666623,0.8437648428,0.9277692950,0.1558859331,0.7409091685,0.8563578046,0.2928559477,0.8636640062,0.6833680888
0.4146563966,0.3881623308,0.1587246497,0.2767402107,0.2066790070,0.1184918259,0.3194356443,0.3830231473,0.1398692175,0.0863486252,0.8123840537,0.4574772090,0.2532216228,0.4608326173,0.5587934288,0.2190619832,0.6425041174,0.4823536478,0.3587683163
2.0891503361,0.6556219178,0.4207518399,0.6128498027,0.5247179101,0.8897768480,0.0823712885,0.7330540574,0.4153324773,0.1080937884,0.9343464273,0.8850073885,0.8246583541,0.5054179445,0.7390122024,0.4077971432,0.2590154712,0.1414461509,0.9774740818
-0.4792263980,0.8877339775,0.3957163018,0.1006887441,0.2225263736,0.6170448292,0.3179483811,0.7951934292,0.1038015805,0.3392190355,0.6868338616,0.8539446928,0.2251206846,0.1105034052,0.1229652254,0.6883441982,0.4287008151,0.9681776008,0.2694821536
-0.2053108841,0.8354719703,0.8423081698,0.5634700946,0.5049243275,0.1847685770,0.5031704302,0.9186545819,0.7621515337,0.6492213227,0.0077846155,0.9993426134,0.1695107443,0.3385159663,0.6071180097,0.4264577281,0.8456514298,0.0646666565,0.0101129857
